14455-1492R-A6-T-A11	RS-GCF-003040715.1-NZ-PZDI01000109.1	96.690	1150	99	1148	0.0	1849	RS-GCF-003040715.1-NZ-PZDI01000109.1
14455-1492R-A6-T-A11	RS-GCF-003040695.1-NZ-PZDH01000066.1	96.690	1150	99	1148	0.0	1849	RS-GCF-003040695.1-NZ-PZDH01000066.1
14455-1492R-A6-T-A11	G008764015	96.690	1150	99	1148	0.0	1849	G008764015
14455-1492R-A6-T-A11	RS-GCF-016028295.1-NZ-CP065712.1--4	96.603	1150	99	1148	0.0	1845	RS-GCF-016028295.1-NZ-CP065712.1--4
14455-1492R-A6-T-A11	D83358	96.516	1150	99	1148	0.0	1840	D83358
14455-1492R-A6-T-A11	RS-GCF-016028295.1-NZ-CP065712.1	96.516	1150	99	1148	0.0	1837	RS-GCF-016028295.1-NZ-CP065712.1
14455-1492R-A6-T-A11	RS-GCF-016028295.1-NZ-CP065712.1--3	96.429	1150	99	1148	0.0	1832	RS-GCF-016028295.1-NZ-CP065712.1--3
14455-1492R-A6-T-A11	RS-GCF-016028295.1-NZ-CP065712.1--5	96.429	1150	99	1148	0.0	1829	RS-GCF-016028295.1-NZ-CP065712.1--5
14455-1492R-A6-T-A11	RS-GCF-016028295.1-NZ-CP065712.1--2	96.422	1150	99	1146	0.0	1825	RS-GCF-016028295.1-NZ-CP065712.1--2
14455-1492R-A6-T-A11	G000025085	95.819	1150	99	1148	0.0	1804	G000025085
14455-1492R-A6-T-A11	RS-GCF-001839345.1-NZ-KV840964.1	95.732	1150	99	1148	0.0	1800	RS-GCF-001839345.1-NZ-KV840964.1
14455-1492R-A6-T-A11	RS-GCF-009931395.1-NZ-CP038807.1--6	95.732	1150	99	1148	0.0	1800	RS-GCF-009931395.1-NZ-CP038807.1--6
14455-1492R-A6-T-A11	RS-GCF-009931395.1-NZ-CP038807.1--5	95.732	1150	99	1148	0.0	1800	RS-GCF-009931395.1-NZ-CP038807.1--5
14455-1492R-A6-T-A11	RS-GCF-001558815.2-NZ-CP014023.2--6	95.732	1150	99	1148	0.0	1800	RS-GCF-001558815.2-NZ-CP014023.2--6
14455-1492R-A6-T-A11	RS-GCF-001809105.1-NZ-KV795680.1	95.732	1150	99	1148	0.0	1800	RS-GCF-001809105.1-NZ-KV795680.1
14455-1492R-A6-T-A11	RS-GCF-002591215.1-NZ-CP023970.1	95.732	1150	99	1148	0.0	1800	RS-GCF-002591215.1-NZ-CP023970.1
14455-1492R-A6-T-A11	RS-GCF-001809965.1-NZ-KV799486.1	95.732	1150	99	1148	0.0	1800	RS-GCF-001809965.1-NZ-KV799486.1
14455-1492R-A6-T-A11	AB009941	95.732	1150	99	1148	0.0	1800	AB009941
14455-1492R-A6-T-A11	RS-GCF-001558775.1-NZ-CP014022.1--6	95.645	1150	99	1148	0.0	1795	RS-GCF-001558775.1-NZ-CP014022.1--6
14455-1492R-A6-T-A11	RS-GCF-001558815.2-NZ-CP014023.2	95.645	1150	99	1148	0.0	1795	RS-GCF-001558815.2-NZ-CP014023.2
14455-1492R-A6-T-A11	RS-GCF-002407165.1-NZ-CP023539.1--6	95.645	1150	99	1148	0.0	1795	RS-GCF-002407165.1-NZ-CP023539.1--6
14455-1492R-A6-T-A11	RS-GCF-016804245.1-NZ-CP060160.1	95.645	1150	99	1148	0.0	1795	RS-GCF-016804245.1-NZ-CP060160.1
14455-1492R-A6-T-A11	RS-GCF-900478255.1-NZ-LS483482.1--3	95.645	1150	99	1148	0.0	1795	RS-GCF-900478255.1-NZ-LS483482.1--3
14455-1492R-A6-T-A11	RS-GCF-900478255.1-NZ-LS483482.1	95.645	1150	99	1148	0.0	1795	RS-GCF-900478255.1-NZ-LS483482.1
14455-1492R-A6-T-A11	RS-GCF-000316075.2-NZ-KB373322.1--2	95.557	1150	99	1148	0.0	1791	RS-GCF-000316075.2-NZ-KB373322.1--2
14455-1492R-A6-T-A11	RS-GCF-008728815.1-NZ-CP041722.1--6	95.557	1150	99	1148	0.0	1791	RS-GCF-008728815.1-NZ-CP041722.1--6
14455-1492R-A6-T-A11	RS-GCF-008728755.1-NZ-CP041725.1--6	95.557	1150	99	1148	0.0	1791	RS-GCF-008728755.1-NZ-CP041725.1--6
14455-1492R-A6-T-A11	RS-GCF-008728795.1-NZ-CP041727.1--5	95.557	1150	99	1148	0.0	1791	RS-GCF-008728795.1-NZ-CP041727.1--5
14455-1492R-A6-T-A11	RS-GCF-900474705.1-NZ-LS483312.1	95.557	1150	99	1148	0.0	1791	RS-GCF-900474705.1-NZ-LS483312.1
14455-1492R-A6-T-A11	RS-GCF-000270465.1-NC-017353.1	95.557	1150	99	1148	0.0	1791	RS-GCF-000270465.1-NC-017353.1
14455-1492R-A6-T-A11	RS-GCF-002591215.1-NZ-CP023970.1--2	95.557	1150	99	1148	0.0	1791	RS-GCF-002591215.1-NZ-CP023970.1--2
14455-1492R-A6-T-A11	JX139845	95.557	1150	99	1148	0.0	1791	JX139845
14455-1492R-A6-T-A11	MJ005-barcode41-umi23030bins-ubs-10	95.557	1150	99	1148	0.0	1791	MJ005-barcode41-umi23030bins-ubs-10
14455-1492R-A6-T-A11	MJ006-2-barcode58-umi252049bins-ubs-3	95.557	1150	99	1148	0.0	1791	MJ006-2-barcode58-umi252049bins-ubs-3
14455-1492R-A6-T-A11	GB-GCA-900457655.1-UAUX01000006.1	95.474	1150	99	1149	0.0	1789	GB-GCA-900457655.1-UAUX01000006.1
14455-1492R-A6-T-A11	RS-GCF-000362065.1-NZ-KB821688.1--3	95.474	1150	99	1149	0.0	1789	RS-GCF-000362065.1-NZ-KB821688.1--3
14455-1492R-A6-T-A11	RS-GCF-003238755.1-NZ-PZXR01000044.1	95.474	1150	99	1149	0.0	1789	RS-GCF-003238755.1-NZ-PZXR01000044.1
14455-1492R-A6-T-A11	RS-GCF-003238915.1-NZ-PZSR01000087.1	95.474	1150	99	1149	0.0	1789	RS-GCF-003238915.1-NZ-PZSR01000087.1
14455-1492R-A6-T-A11	RS-GCF-003426145.1-NZ-CP031673.1--4	95.474	1150	99	1149	0.0	1789	RS-GCF-003426145.1-NZ-CP031673.1--4
14455-1492R-A6-T-A11	RS-GCF-003237575.1-NZ-PZVL01000059.1	95.474	1150	99	1149	0.0	1789	RS-GCF-003237575.1-NZ-PZVL01000059.1
14455-1492R-A6-T-A11	GB-GCA-015290965.1-CP063990.1--6	95.474	1150	99	1149	0.0	1789	GB-GCA-015290965.1-CP063990.1--6
14455-1492R-A6-T-A11	RS-GCF-000574785.1-NZ-KK066622.1	95.474	1150	99	1149	0.0	1789	RS-GCF-000574785.1-NZ-KK066622.1
14455-1492R-A6-T-A11	RS-GCF-002633845.1-NZ-CP017679.1	95.474	1150	99	1149	0.0	1789	RS-GCF-002633845.1-NZ-CP017679.1
14455-1492R-A6-T-A11	RS-GCF-014353525.1-NZ-JACSIH010000001.1	95.474	1150	99	1149	0.0	1789	RS-GCF-014353525.1-NZ-JACSIH010000001.1
14455-1492R-A6-T-A11	RS-GCF-900458345.1-NZ-UHCC01000004.1	95.474	1150	99	1149	0.0	1789	RS-GCF-900458345.1-NZ-UHCC01000004.1
14455-1492R-A6-T-A11	RS-GCF-001839145.1-NZ-KV840194.1	95.706	1150	99	1141	0.0	1787	RS-GCF-001839145.1-NZ-KV840194.1
14455-1492R-A6-T-A11	RS-GCF-002407165.1-NZ-CP023539.1	95.557	1150	99	1148	0.0	1787	RS-GCF-002407165.1-NZ-CP023539.1
14455-1492R-A6-T-A11	RS-GCF-004745855.1-NZ-SRLF01000044.1	95.470	1150	99	1148	0.0	1786	RS-GCF-004745855.1-NZ-SRLF01000044.1
14455-1492R-A6-T-A11	RS-GCF-900458665.1-NZ-UHDU01000001.1--6	95.470	1150	99	1148	0.0	1786	RS-GCF-900458665.1-NZ-UHDU01000001.1--6
14455-1492R-A6-T-A11	RS-GCF-008728775.1-NZ-CP041726.1--5	95.470	1150	99	1148	0.0	1786	RS-GCF-008728775.1-NZ-CP041726.1--5
14455-1492R-A6-T-A11	RS-GCF-008728815.1-NZ-CP041722.1--4	95.470	1150	99	1148	0.0	1786	RS-GCF-008728815.1-NZ-CP041722.1--4
14455-1492R-A6-T-A11	RS-GCF-001558815.2-NZ-CP014023.2--2	95.470	1150	99	1148	0.0	1786	RS-GCF-001558815.2-NZ-CP014023.2--2
14455-1492R-A6-T-A11	RS-GCF-900474705.1-NZ-LS483312.1--6	95.470	1150	99	1148	0.0	1786	RS-GCF-900474705.1-NZ-LS483312.1--6
14455-1492R-A6-T-A11	RS-GCF-003043015.1-NZ-PZIQ01000082.1	95.470	1150	99	1148	0.0	1786	RS-GCF-003043015.1-NZ-PZIQ01000082.1
14455-1492R-A6-T-A11	RS-GCF-003042515.1-NZ-PZIN01000065.1	95.470	1150	99	1148	0.0	1786	RS-GCF-003042515.1-NZ-PZIN01000065.1
14455-1492R-A6-T-A11	RS-GCF-018996905.1-NZ-JAHNUR010000021.1	95.470	1150	99	1148	0.0	1786	RS-GCF-018996905.1-NZ-JAHNUR010000021.1
14455-1492R-A6-T-A11	RS-GCF-003043755.1-NZ-PZIS01000096.1	95.470	1150	99	1148	0.0	1786	RS-GCF-003043755.1-NZ-PZIS01000096.1
14455-1492R-A6-T-A11	RS-GCF-003042535.1-NZ-PZIP01000064.1	95.470	1150	99	1148	0.0	1786	RS-GCF-003042535.1-NZ-PZIP01000064.1
14455-1492R-A6-T-A11	RS-GCF-003578045.1-NZ-QXSL01000097.1	95.470	1150	99	1148	0.0	1786	RS-GCF-003578045.1-NZ-QXSL01000097.1
14455-1492R-A6-T-A11	RS-GCF-900458335.1-NZ-UHCP01000002.1--6	95.296	1150	99	1148	0.0	1785	RS-GCF-900458335.1-NZ-UHCP01000002.1--6
14455-1492R-A6-T-A11	RS-GCF-000604685.1-NZ-KK093331.1	95.296	1150	99	1148	0.0	1785	RS-GCF-000604685.1-NZ-KK093331.1
14455-1492R-A6-T-A11	RS-GCF-003035445.1-NZ-PYZJ01000052.1	95.387	1150	99	1149	0.0	1784	RS-GCF-003035445.1-NZ-PYZJ01000052.1
14455-1492R-A6-T-A11	RS-GCF-900187055.1-NZ-LT906460.1--4	95.387	1150	99	1149	0.0	1784	RS-GCF-900187055.1-NZ-LT906460.1--4
14455-1492R-A6-T-A11	RS-GCF-017357005.1-NZ-CP071589.1--2	95.387	1150	99	1149	0.0	1784	RS-GCF-017357005.1-NZ-CP071589.1--2
14455-1492R-A6-T-A11	RS-GCF-017368755.1-NZ-JAFNLZ010000002.1	95.387	1150	99	1149	0.0	1784	RS-GCF-017368755.1-NZ-JAFNLZ010000002.1
14455-1492R-A6-T-A11	RS-GCF-003578115.1-NZ-QXSV01000197.1	95.387	1150	99	1149	0.0	1784	RS-GCF-003578115.1-NZ-QXSV01000197.1
14455-1492R-A6-T-A11	RS-GCF-900458435.1-NZ-UHCT01000001.1--4	95.387	1150	99	1149	0.0	1784	RS-GCF-900458435.1-NZ-UHCT01000001.1--4
14455-1492R-A6-T-A11	RS-GCF-900458435.1-NZ-UHCT01000001.1	95.387	1150	99	1149	0.0	1784	RS-GCF-900458435.1-NZ-UHCT01000001.1
14455-1492R-A6-T-A11	RS-GCF-001969635.1-NZ-LWAN01000180.1	95.387	1150	99	1149	0.0	1784	RS-GCF-001969635.1-NZ-LWAN01000180.1
14455-1492R-A6-T-A11	RS-GCF-001208665.1-NZ-CSPH01000033.1	95.387	1150	99	1149	0.0	1784	RS-GCF-001208665.1-NZ-CSPH01000033.1
14455-1492R-A6-T-A11	GB-GCA-000189435.3-CP024649.1--2	95.387	1150	99	1149	0.0	1784	GB-GCA-000189435.3-CP024649.1--2
14455-1492R-A6-T-A11	RS-GCF-003236895.1-NZ-PZTJ01000054.1	95.387	1150	99	1149	0.0	1784	RS-GCF-003236895.1-NZ-PZTJ01000054.1
14455-1492R-A6-T-A11	RS-GCF-000570035.1-NZ-KK039208.1	95.387	1150	99	1149	0.0	1784	RS-GCF-000570035.1-NZ-KK039208.1
14455-1492R-A6-T-A11	RS-GCF-000602105.1-NZ-JGGB01000005.1	95.387	1150	99	1149	0.0	1784	RS-GCF-000602105.1-NZ-JGGB01000005.1
14455-1492R-A6-T-A11	RS-GCF-001019205.2-NZ-CP026953.1	95.387	1150	99	1149	0.0	1784	RS-GCF-001019205.2-NZ-CP026953.1
14455-1492R-A6-T-A11	RS-GCF-000601825.1-NZ-JGFN01000020.1	95.387	1150	99	1149	0.0	1784	RS-GCF-000601825.1-NZ-JGFN01000020.1
14455-1492R-A6-T-A11	RS-GCF-000732805.1-NZ-AZMY01000070.1	95.387	1150	99	1149	0.0	1784	RS-GCF-000732805.1-NZ-AZMY01000070.1
14455-1492R-A6-T-A11	RS-GCF-000644615.1-NZ-KK235178.1	95.387	1150	99	1149	0.0	1784	RS-GCF-000644615.1-NZ-KK235178.1
14455-1492R-A6-T-A11	RS-GCF-000360925.1-NZ-KB821272.1--5	95.387	1150	99	1149	0.0	1784	RS-GCF-000360925.1-NZ-KB821272.1--5
14455-1492R-A6-T-A11	RS-GCF-001064135.1-NZ-JVOI01000179.1	95.387	1150	99	1149	0.0	1784	RS-GCF-001064135.1-NZ-JVOI01000179.1
14455-1492R-A6-T-A11	RS-GCF-000573045.1-NZ-KK047918.1--6	95.387	1150	99	1149	0.0	1784	RS-GCF-000573045.1-NZ-KK047918.1--6
14455-1492R-A6-T-A11	RS-GCF-000602645.1-NZ-JGHC01000009.1--2	95.387	1150	99	1149	0.0	1784	RS-GCF-000602645.1-NZ-JGHC01000009.1--2
14455-1492R-A6-T-A11	RS-GCF-000981205.1-NZ-LAKI01000029.1	95.387	1150	99	1149	0.0	1784	RS-GCF-000981205.1-NZ-LAKI01000029.1
14455-1492R-A6-T-A11	RS-GCF-000539355.1-NZ-KI974889.1	95.387	1150	99	1149	0.0	1784	RS-GCF-000539355.1-NZ-KI974889.1
14455-1492R-A6-T-A11	RS-GCF-000574045.1-NZ-KK064819.1	95.387	1150	99	1149	0.0	1784	RS-GCF-000574045.1-NZ-KK064819.1
14455-1492R-A6-T-A11	RS-GCF-000560025.1-NZ-KK022628.1	95.387	1150	99	1149	0.0	1784	RS-GCF-000560025.1-NZ-KK022628.1
14455-1492R-A6-T-A11	RS-GCF-000554625.1-NZ-KK008103.1	95.387	1150	99	1149	0.0	1784	RS-GCF-000554625.1-NZ-KK008103.1
14455-1492R-A6-T-A11	RS-GCF-018502005.1-NZ-CP075506.1--5	95.387	1150	99	1149	0.0	1784	RS-GCF-018502005.1-NZ-CP075506.1--5
14455-1492R-A6-T-A11	RS-GCF-900125965.1-NZ-FQIA01000001.1	95.387	1150	99	1149	0.0	1784	RS-GCF-900125965.1-NZ-FQIA01000001.1
14455-1492R-A6-T-A11	RS-GCF-001197715.1-NZ-CSSP01000032.1	95.387	1150	99	1149	0.0	1784	RS-GCF-001197715.1-NZ-CSSP01000032.1
14455-1492R-A6-T-A11	RS-GCF-008079405.1-NZ-VRNK01000095.1	95.387	1150	99	1149	0.0	1784	RS-GCF-008079405.1-NZ-VRNK01000095.1
14455-1492R-A6-T-A11	RS-GCF-009912915.1-NZ-CP047849.1--2	95.387	1150	99	1149	0.0	1784	RS-GCF-009912915.1-NZ-CP047849.1--2
14455-1492R-A6-T-A11	RS-GCF-000642275.1-NZ-KK230185.1--2	95.387	1150	99	1149	0.0	1784	RS-GCF-000642275.1-NZ-KK230185.1--2
14455-1492R-A6-T-A11	RS-GCF-900457405.1-NZ-UGZD01000003.1--5	95.387	1150	99	1149	0.0	1784	RS-GCF-900457405.1-NZ-UGZD01000003.1--5
14455-1492R-A6-T-A11	RS-GCF-003238075.1-NZ-PZUM01000001.1--2	95.387	1150	99	1149	0.0	1784	RS-GCF-003238075.1-NZ-PZUM01000001.1--2
14455-1492R-A6-T-A11	RS-GCF-000554345.1-NZ-KK007459.1	95.387	1150	99	1149	0.0	1784	RS-GCF-000554345.1-NZ-KK007459.1
14455-1492R-A6-T-A11	RS-GCF-900126375.1-NZ-FQJP01000013.1	95.387	1150	99	1149	0.0	1784	RS-GCF-900126375.1-NZ-FQJP01000013.1
14455-1492R-A6-T-A11	RS-GCF-008462245.1-NZ-CP040232.1--6	95.387	1150	99	1149	0.0	1784	RS-GCF-008462245.1-NZ-CP040232.1--6
14455-1492R-A6-T-A11	RS-GCF-003354805.1-NZ-CP022892.1--4	95.387	1150	99	1149	0.0	1784	RS-GCF-003354805.1-NZ-CP022892.1--4
14455-1492R-A6-T-A11	RS-GCF-000538975.1-NZ-KI974533.1	95.387	1150	99	1149	0.0	1784	RS-GCF-000538975.1-NZ-KI974533.1
14455-1492R-A6-T-A11	RS-GCF-000610845.1-NZ-KK099778.1--3	95.387	1150	99	1149	0.0	1784	RS-GCF-000610845.1-NZ-KK099778.1--3
14455-1492R-A6-T-A11	RS-GCF-000558665.1-NZ-KK019127.1--3	95.387	1150	99	1149	0.0	1784	RS-GCF-000558665.1-NZ-KK019127.1--3
14455-1492R-A6-T-A11	RS-GCF-003017355.1-NZ-NGNI01000001.1--5	95.387	1150	99	1149	0.0	1784	RS-GCF-003017355.1-NZ-NGNI01000001.1--5
14455-1492R-A6-T-A11	RS-GCF-000645855.1-NZ-KK237710.1--2	95.387	1150	99	1149	0.0	1784	RS-GCF-000645855.1-NZ-KK237710.1--2
14455-1492R-A6-T-A11	RS-GCF-000645855.1-NZ-KK237710.1	95.387	1150	99	1149	0.0	1784	RS-GCF-000645855.1-NZ-KK237710.1
14455-1492R-A6-T-A11	RS-GCF-000564735.1-NZ-KK032934.1	95.387	1150	99	1149	0.0	1784	RS-GCF-000564735.1-NZ-KK032934.1
14455-1492R-A6-T-A11	RS-GCF-000982105.1-NZ-LBIJ01000016.1	95.387	1150	99	1149	0.0	1784	RS-GCF-000982105.1-NZ-LBIJ01000016.1
14455-1492R-A6-T-A11	RS-GCF-000982105.1-NZ-LBIJ01000016.1	95.387	1150	99	1149	0.0	1784	RS-GCF-000982105.1-NZ-LBIJ01000016.1
14455-1492R-A6-T-A11	RS-GCF-000982105.1-NZ-LBIJ01000016.1	95.545	1150	95	1100	0.0	1717	RS-GCF-000982105.1-NZ-LBIJ01000016.1
14455-1492R-A6-T-A11	RS-GCF-001717705.1-NZ-CP016861.1--6	95.387	1150	99	1149	0.0	1784	RS-GCF-001717705.1-NZ-CP016861.1--6
14455-1492R-A6-T-A11	RS-GCF-000525565.1-NZ-KI966328.1--2	95.387	1150	99	1149	0.0	1784	RS-GCF-000525565.1-NZ-KI966328.1--2
14455-1492R-A6-T-A11	RS-GCF-002983355.1-NZ-PHWS01000029.1	95.387	1150	99	1149	0.0	1784	RS-GCF-002983355.1-NZ-PHWS01000029.1
14455-1492R-A6-T-A11	RS-GCF-900149275.1-NZ-FSRW01000024.1	95.387	1150	99	1149	0.0	1784	RS-GCF-900149275.1-NZ-FSRW01000024.1
14455-1492R-A6-T-A11	RS-GCF-009912155.1-NZ-CP047779.1--6	95.387	1150	99	1149	0.0	1784	RS-GCF-009912155.1-NZ-CP047779.1--6
14455-1492R-A6-T-A11	RS-GCF-000597005.1-NZ-JEUV01000001.1	95.387	1150	99	1149	0.0	1784	RS-GCF-000597005.1-NZ-JEUV01000001.1
14455-1492R-A6-T-A11	RS-GCF-000594865.1-NZ-JFSM01000008.1	95.387	1150	99	1149	0.0	1784	RS-GCF-000594865.1-NZ-JFSM01000008.1
14455-1492R-A6-T-A11	RS-GCF-900250305.1-NZ-OFUK01000031.1	95.387	1150	99	1149	0.0	1784	RS-GCF-900250305.1-NZ-OFUK01000031.1
14455-1492R-A6-T-A11	RS-GCF-000570455.1-NZ-KK040001.1	95.387	1150	99	1149	0.0	1784	RS-GCF-000570455.1-NZ-KK040001.1
14455-1492R-A6-T-A11	RS-GCF-000609525.1-NZ-KK099171.1--3	95.387	1150	99	1149	0.0	1784	RS-GCF-000609525.1-NZ-KK099171.1--3
14455-1492R-A6-T-A11	RS-GCF-004797195.1-NZ-CP038819.1	95.387	1150	99	1149	0.0	1784	RS-GCF-004797195.1-NZ-CP038819.1
14455-1492R-A6-T-A11	RS-GCF-001735645.1-NZ-MCID02000001.1	95.387	1150	99	1149	0.0	1784	RS-GCF-001735645.1-NZ-MCID02000001.1
14455-1492R-A6-T-A11	RS-GCF-000527915.1-NZ-KI966943.1--2	95.387	1150	99	1149	0.0	1784	RS-GCF-000527915.1-NZ-KI966943.1--2
14455-1492R-A6-T-A11	RS-GCF-000144955.1-NC-017338.1	95.387	1150	99	1149	0.0	1784	RS-GCF-000144955.1-NC-017338.1
14455-1492R-A6-T-A11	RS-GCF-000578115.1-NZ-KK070710.1	95.387	1150	99	1149	0.0	1784	RS-GCF-000578115.1-NZ-KK070710.1
14455-1492R-A6-T-A11	RS-GCF-000643555.1-NZ-KK232777.1	95.387	1150	99	1149	0.0	1784	RS-GCF-000643555.1-NZ-KK232777.1
14455-1492R-A6-T-A11	RS-GCF-000541395.1-NZ-KI977260.1	95.387	1150	99	1149	0.0	1784	RS-GCF-000541395.1-NZ-KI977260.1
14455-1492R-A6-T-A11	GB-GCA-015774835.1-CP065355.1--5	95.387	1150	99	1149	0.0	1784	GB-GCA-015774835.1-CP065355.1--5
14455-1492R-A6-T-A11	RS-GCF-002982535.1-NZ-PHVD01000037.1	95.387	1150	99	1149	0.0	1784	RS-GCF-002982535.1-NZ-PHVD01000037.1
14455-1492R-A6-T-A11	RS-GCF-000639075.1-NZ-KK223848.1	95.387	1150	99	1149	0.0	1784	RS-GCF-000639075.1-NZ-KK223848.1
14455-1492R-A6-T-A11	RS-GCF-000564815.1-NZ-KK033099.1	95.387	1150	99	1149	0.0	1784	RS-GCF-000564815.1-NZ-KK033099.1
14455-1492R-A6-T-A11	RS-GCF-009725595.1-NZ-WFHQ01000055.1	95.387	1150	99	1149	0.0	1784	RS-GCF-009725595.1-NZ-WFHQ01000055.1
14455-1492R-A6-T-A11	RS-GCF-001471675.2-NZ-LORT02000003.1--4	95.387	1150	99	1149	0.0	1784	RS-GCF-001471675.2-NZ-LORT02000003.1--4
14455-1492R-A6-T-A11	RS-GCF-000571775.1-NZ-KK042107.1	95.387	1150	99	1149	0.0	1784	RS-GCF-000571775.1-NZ-KK042107.1
14455-1492R-A6-T-A11	RS-GCF-000601785.1-NZ-JGFL01000025.1	95.387	1150	99	1149	0.0	1784	RS-GCF-000601785.1-NZ-JGFL01000025.1
14455-1492R-A6-T-A11	RS-GCF-000571515.1-NZ-KK041673.1	95.387	1150	99	1149	0.0	1784	RS-GCF-000571515.1-NZ-KK041673.1
14455-1492R-A6-T-A11	RS-GCF-000639875.1-NZ-KK225367.1	95.387	1150	99	1149	0.0	1784	RS-GCF-000639875.1-NZ-KK225367.1
14455-1492R-A6-T-A11	RS-GCF-900474575.1-NZ-LS483309.1--4	95.387	1150	99	1149	0.0	1784	RS-GCF-900474575.1-NZ-LS483309.1--4
14455-1492R-A6-T-A11	RS-GCF-002094085.1-NZ-MBTB01000022.1	95.387	1150	99	1149	0.0	1784	RS-GCF-002094085.1-NZ-MBTB01000022.1
14455-1492R-A6-T-A11	RS-GCF-000609105.1-NZ-KK099010.1	95.387	1150	99	1149	0.0	1784	RS-GCF-000609105.1-NZ-KK099010.1
14455-1492R-A6-T-A11	RS-GCF-001061075.1-NZ-JWBS01000100.1	95.387	1150	99	1149	0.0	1784	RS-GCF-001061075.1-NZ-JWBS01000100.1
14455-1492R-A6-T-A11	RS-GCF-900457955.1-NZ-UHBH01000002.1	95.387	1150	99	1149	0.0	1784	RS-GCF-900457955.1-NZ-UHBH01000002.1
14455-1492R-A6-T-A11	RS-GCF-002267125.1-NZ-LGWY01000075.1	95.387	1150	99	1149	0.0	1784	RS-GCF-002267125.1-NZ-LGWY01000075.1
14455-1492R-A6-T-A11	RS-GCF-014337075.1-NZ-CP060628.1--6	95.387	1150	99	1149	0.0	1784	RS-GCF-014337075.1-NZ-CP060628.1--6
14455-1492R-A6-T-A11	RS-GCF-000606725.1-NZ-KK096810.1	95.387	1150	99	1149	0.0	1784	RS-GCF-000606725.1-NZ-KK096810.1
14455-1492R-A6-T-A11	RS-GCF-000609305.1-NZ-KK099076.1--4	95.387	1150	99	1149	0.0	1784	RS-GCF-000609305.1-NZ-KK099076.1--4
14455-1492R-A6-T-A11	RS-GCF-001045975.1-NZ-LALM01000028.1	95.387	1150	99	1149	0.0	1784	RS-GCF-001045975.1-NZ-LALM01000028.1
14455-1492R-A6-T-A11	RS-GCF-000570215.1-NZ-KK039535.1	95.387	1150	99	1149	0.0	1784	RS-GCF-000570215.1-NZ-KK039535.1
14455-1492R-A6-T-A11	RS-GCF-000579975.1-NZ-KK073509.1	95.387	1150	99	1149	0.0	1784	RS-GCF-000579975.1-NZ-KK073509.1
14455-1492R-A6-T-A11	RS-GCF-000596905.1-NZ-JEUQ01000010.1	95.387	1150	99	1149	0.0	1784	RS-GCF-000596905.1-NZ-JEUQ01000010.1
14455-1492R-A6-T-A11	RS-GCF-018595915.1-NZ-JAGPWM010000024.1	95.387	1150	99	1149	0.0	1784	RS-GCF-018595915.1-NZ-JAGPWM010000024.1
14455-1492R-A6-T-A11	RS-GCF-003813705.1-NZ-RHFR01000043.1	95.387	1150	99	1149	0.0	1784	RS-GCF-003813705.1-NZ-RHFR01000043.1
14455-1492R-A6-T-A11	RS-GCF-003354885.1-NZ-CP022910.1--4	95.387	1150	99	1149	0.0	1784	RS-GCF-003354885.1-NZ-CP022910.1--4
14455-1492R-A6-T-A11	RS-GCF-000593725.1-NZ-JDGP01000011.1	95.387	1150	99	1149	0.0	1784	RS-GCF-000593725.1-NZ-JDGP01000011.1
14455-1492R-A6-T-A11	RS-GCF-900235985.1-NZ-OEMX01000029.1	95.387	1150	99	1149	0.0	1784	RS-GCF-900235985.1-NZ-OEMX01000029.1
14455-1492R-A6-T-A11	RS-GCF-003238155.1-NZ-PZUS01000064.1	95.387	1150	99	1149	0.0	1784	RS-GCF-003238155.1-NZ-PZUS01000064.1
14455-1492R-A6-T-A11	RS-GCF-900098335.1-NZ-FMQR01000037.1	95.387	1150	99	1149	0.0	1784	RS-GCF-900098335.1-NZ-FMQR01000037.1
14455-1492R-A6-T-A11	RS-GCF-000587315.1-NZ-KK075486.1	95.387	1150	99	1149	0.0	1784	RS-GCF-000587315.1-NZ-KK075486.1
14455-1492R-A6-T-A11	RS-GCF-000009585.1-NC-017333.1--6	95.387	1150	99	1149	0.0	1784	RS-GCF-000009585.1-NC-017333.1--6
14455-1492R-A6-T-A11	RS-GCF-014235205.1-NZ-JACJGS010000044.1	95.387	1150	99	1149	0.0	1784	RS-GCF-014235205.1-NZ-JACJGS010000044.1
14455-1492R-A6-T-A11	RS-GCF-001208805.1-NZ-CSCB01000016.1	95.387	1150	99	1149	0.0	1784	RS-GCF-001208805.1-NZ-CSCB01000016.1
14455-1492R-A6-T-A11	RS-GCF-000647275.1-NZ-KK240600.1	95.387	1150	99	1149	0.0	1784	RS-GCF-000647275.1-NZ-KK240600.1
14455-1492R-A6-T-A11	RS-GCF-000543485.1-NZ-KI981834.1	95.387	1150	99	1149	0.0	1784	RS-GCF-000543485.1-NZ-KI981834.1
14455-1492R-A6-T-A11	RS-GCF-019209765.1-NZ-JAHUTU010000012.1	95.387	1150	99	1149	0.0	1784	RS-GCF-019209765.1-NZ-JAHUTU010000012.1
14455-1492R-A6-T-A11	GB-GCA-018630415.1-JAGDNB010000030.1	95.387	1150	99	1149	0.0	1784	GB-GCA-018630415.1-JAGDNB010000030.1
14455-1492R-A6-T-A11	RS-GCF-000610945.1-NZ-KK099887.1	95.387	1150	99	1149	0.0	1784	RS-GCF-000610945.1-NZ-KK099887.1
14455-1492R-A6-T-A11	RS-GCF-000556585.1-NZ-KK013547.1	95.387	1150	99	1149	0.0	1784	RS-GCF-000556585.1-NZ-KK013547.1
14455-1492R-A6-T-A11	RS-GCF-000532935.1-NZ-KI972868.1	95.387	1150	99	1149	0.0	1784	RS-GCF-000532935.1-NZ-KI972868.1
14455-1492R-A6-T-A11	RS-GCF-000532935.1-NZ-KI972868.1	95.387	1150	99	1149	0.0	1784	RS-GCF-000532935.1-NZ-KI972868.1
14455-1492R-A6-T-A11	RS-GCF-000248875.1-NZ-AHVS01000002.1	95.387	1150	99	1149	0.0	1784	RS-GCF-000248875.1-NZ-AHVS01000002.1
14455-1492R-A6-T-A11	RS-GCF-000363745.1-NZ-KB822305.1	95.387	1150	99	1149	0.0	1784	RS-GCF-000363745.1-NZ-KB822305.1
14455-1492R-A6-T-A11	RS-GCF-000530635.1-NZ-KI971473.1	95.387	1150	99	1149	0.0	1784	RS-GCF-000530635.1-NZ-KI971473.1
14455-1492R-A6-T-A11	RS-GCF-000551305.1-NZ-KK000042.1	95.387	1150	99	1149	0.0	1784	RS-GCF-000551305.1-NZ-KK000042.1
14455-1492R-A6-T-A11	RS-GCF-000587655.1-NZ-KK075977.1	95.387	1150	99	1149	0.0	1784	RS-GCF-000587655.1-NZ-KK075977.1
14455-1492R-A6-T-A11	RS-GCF-000563955.1-NZ-KK031052.1	95.387	1150	99	1149	0.0	1784	RS-GCF-000563955.1-NZ-KK031052.1
14455-1492R-A6-T-A11	RS-GCF-001184325.1-NZ-LFEB02000021.1	95.387	1150	99	1149	0.0	1784	RS-GCF-001184325.1-NZ-LFEB02000021.1
14455-1492R-A6-T-A11	RS-GCF-000560845.1-NZ-KK024198.1	95.387	1150	99	1149	0.0	1784	RS-GCF-000560845.1-NZ-KK024198.1
14455-1492R-A6-T-A11	RS-GCF-001192075.1-NZ-CSLR01000048.1	95.387	1150	99	1149	0.0	1784	RS-GCF-001192075.1-NZ-CSLR01000048.1
14455-1492R-A6-T-A11	RS-GCF-000638735.1-NZ-KK223235.1	95.387	1150	99	1149	0.0	1784	RS-GCF-000638735.1-NZ-KK223235.1
14455-1492R-A6-T-A11	RS-GCF-000643575.1-NZ-KK232817.1--2	95.387	1150	99	1149	0.0	1784	RS-GCF-000643575.1-NZ-KK232817.1--2
14455-1492R-A6-T-A11	RS-GCF-000643975.1-NZ-KK233686.1--2	95.387	1150	99	1149	0.0	1784	RS-GCF-000643975.1-NZ-KK233686.1--2
14455-1492R-A6-T-A11	RS-GCF-000645175.1-NZ-KK236330.1--2	95.387	1150	99	1149	0.0	1784	RS-GCF-000645175.1-NZ-KK236330.1--2
14455-1492R-A6-T-A11	RS-GCF-017582155.1-NZ-JAGFCU010000083.1	95.387	1150	99	1149	0.0	1784	RS-GCF-017582155.1-NZ-JAGFCU010000083.1
14455-1492R-A6-T-A11	RS-GCF-000359925.1-NZ-KB820925.1--4	95.387	1150	99	1149	0.0	1784	RS-GCF-000359925.1-NZ-KB820925.1--4
14455-1492R-A6-T-A11	RS-GCF-900083455.1-NZ-FKXY01000002.1	95.387	1150	99	1149	0.0	1784	RS-GCF-900083455.1-NZ-FKXY01000002.1
14455-1492R-A6-T-A11	RS-GCF-000562345.1-NZ-KK027671.1	95.387	1150	99	1149	0.0	1784	RS-GCF-000562345.1-NZ-KK027671.1
14455-1492R-A6-T-A11	RS-GCF-002884555.1-NZ-PNGH01000029.1	95.387	1150	99	1149	0.0	1784	RS-GCF-002884555.1-NZ-PNGH01000029.1
14455-1492R-A6-T-A11	RS-GCF-002993865.1-NZ-CP027476.1--5	95.387	1150	99	1149	0.0	1784	RS-GCF-002993865.1-NZ-CP027476.1--5
14455-1492R-A6-T-A11	RS-GCF-000967405.1-NC-020537.1	95.387	1150	99	1149	0.0	1784	RS-GCF-000967405.1-NC-020537.1
14455-1492R-A6-T-A11	RS-GCF-900252215.1-NZ-OGBR01000015.1	95.387	1150	99	1149	0.0	1784	RS-GCF-900252215.1-NZ-OGBR01000015.1
14455-1492R-A6-T-A11	RS-GCF-000530445.1-NZ-KI971423.1	95.387	1150	99	1149	0.0	1784	RS-GCF-000530445.1-NZ-KI971423.1
14455-1492R-A6-T-A11	RS-GCF-003237975.1-NZ-PZRW01000023.1	95.387	1150	99	1149	0.0	1784	RS-GCF-003237975.1-NZ-PZRW01000023.1
14455-1492R-A6-T-A11	RS-GCF-001184335.1-NZ-LFEC02000008.1	95.387	1150	99	1149	0.0	1784	RS-GCF-001184335.1-NZ-LFEC02000008.1
14455-1492R-A6-T-A11	RS-GCF-000249015.1-NZ-AHVY01000002.1	95.387	1150	99	1149	0.0	1784	RS-GCF-000249015.1-NZ-AHVY01000002.1
14455-1492R-A6-T-A11	RS-GCF-000639695.1-NZ-KK225021.1--2	95.387	1150	99	1149	0.0	1784	RS-GCF-000639695.1-NZ-KK225021.1--2
14455-1492R-A6-T-A11	RS-GCF-000573145.1-NZ-KK062818.1	95.387	1150	99	1149	0.0	1784	RS-GCF-000573145.1-NZ-KK062818.1
14455-1492R-A6-T-A11	RS-GCF-900620245.1-NZ-LR130515.1--5	95.387	1150	99	1149	0.0	1784	RS-GCF-900620245.1-NZ-LR130515.1--5
14455-1492R-A6-T-A11	RS-GCF-000646055.1-NZ-KK238101.1	95.387	1150	99	1149	0.0	1784	RS-GCF-000646055.1-NZ-KK238101.1
14455-1492R-A6-T-A11	RS-GCF-000570175.1-NZ-KK039422.1	95.387	1150	99	1149	0.0	1784	RS-GCF-000570175.1-NZ-KK039422.1
14455-1492R-A6-T-A11	RS-GCF-900096745.1-NZ-LT615218.1--4	95.387	1150	99	1149	0.0	1784	RS-GCF-900096745.1-NZ-LT615218.1--4
14455-1492R-A6-T-A11	RS-GCF-000606525.1-NZ-KK096423.1	95.387	1150	99	1149	0.0	1784	RS-GCF-000606525.1-NZ-KK096423.1
14455-1492R-A6-T-A11	RS-GCF-009769095.1-NZ-CP043843.1--5	95.387	1150	99	1149	0.0	1784	RS-GCF-009769095.1-NZ-CP043843.1--5
14455-1492R-A6-T-A11	RS-GCF-001060135.1-NZ-JWGC01000142.1	95.387	1150	99	1149	0.0	1784	RS-GCF-001060135.1-NZ-JWGC01000142.1
14455-1492R-A6-T-A11	RS-GCF-000593745.1-NZ-JDGQ01000004.1	95.387	1150	99	1149	0.0	1784	RS-GCF-000593745.1-NZ-JDGQ01000004.1
14455-1492R-A6-T-A11	RS-GCF-003841415.1-NZ-RCOQ01000077.1	95.387	1150	99	1149	0.0	1784	RS-GCF-003841415.1-NZ-RCOQ01000077.1
14455-1492R-A6-T-A11	RS-GCF-000363805.1-NZ-KB822313.1	95.387	1150	99	1149	0.0	1784	RS-GCF-000363805.1-NZ-KB822313.1
14455-1492R-A6-T-A11	RS-GCF-003309905.1-NZ-PTAL01000021.1	95.387	1150	99	1149	0.0	1784	RS-GCF-003309905.1-NZ-PTAL01000021.1
14455-1492R-A6-T-A11	RS-GCF-009912115.1-NZ-CP047792.1	95.387	1150	99	1149	0.0	1784	RS-GCF-009912115.1-NZ-CP047792.1
14455-1492R-A6-T-A11	RS-GCF-000525105.1-NZ-KI966013.1--3	95.387	1150	99	1149	0.0	1784	RS-GCF-000525105.1-NZ-KI966013.1--3
14455-1492R-A6-T-A11	RS-GCF-900482605.1-NZ-UEKJ01000053.1	95.387	1150	99	1149	0.0	1784	RS-GCF-900482605.1-NZ-UEKJ01000053.1
14455-1492R-A6-T-A11	RS-GCF-000646695.1-NZ-KK239523.1	95.387	1150	99	1149	0.0	1784	RS-GCF-000646695.1-NZ-KK239523.1
14455-1492R-A6-T-A11	RS-GCF-000564275.1-NZ-KK031774.1	95.387	1150	99	1149	0.0	1784	RS-GCF-000564275.1-NZ-KK031774.1
14455-1492R-A6-T-A11	RS-GCF-001986135.1-NZ-CP019563.1	95.387	1150	99	1149	0.0	1784	RS-GCF-001986135.1-NZ-CP019563.1
14455-1492R-A6-T-A11	RS-GCF-002356675.1-NZ-AP014921.1	95.387	1150	99	1149	0.0	1784	RS-GCF-002356675.1-NZ-AP014921.1
14455-1492R-A6-T-A11	RS-GCF-002905355.1-NZ-LKSW01000020.1	95.387	1150	99	1149	0.0	1784	RS-GCF-002905355.1-NZ-LKSW01000020.1
14455-1492R-A6-T-A11	RS-GCF-000578355.1-NZ-KK071101.1	95.387	1150	99	1149	0.0	1784	RS-GCF-000578355.1-NZ-KK071101.1
14455-1492R-A6-T-A11	RS-GCF-000539235.1-NZ-KI974751.1	95.387	1150	99	1149	0.0	1784	RS-GCF-000539235.1-NZ-KI974751.1
14455-1492R-A6-T-A11	RS-GCF-000642935.1-NZ-KK231566.1--2	95.387	1150	99	1149	0.0	1784	RS-GCF-000642935.1-NZ-KK231566.1--2
14455-1492R-A6-T-A11	RS-GCF-000732825.1-NZ-AZJQ01000099.1	95.387	1150	99	1149	0.0	1784	RS-GCF-000732825.1-NZ-AZJQ01000099.1
14455-1492R-A6-T-A11	RS-GCF-001735655.2-NZ-CP025495.1--6	95.387	1150	99	1149	0.0	1784	RS-GCF-001735655.2-NZ-CP025495.1--6
14455-1492R-A6-T-A11	RS-GCF-010363815.1-NZ-JAAFLJ010000056.1	95.387	1150	99	1149	0.0	1784	RS-GCF-010363815.1-NZ-JAAFLJ010000056.1
14455-1492R-A6-T-A11	RS-GCF-000360105.1-NZ-KB820999.1--5	95.387	1150	99	1149	0.0	1784	RS-GCF-000360105.1-NZ-KB820999.1--5
14455-1492R-A6-T-A11	RS-GCF-006511635.1-NZ-SZZD01000062.1	95.387	1150	99	1149	0.0	1784	RS-GCF-006511635.1-NZ-SZZD01000062.1
14455-1492R-A6-T-A11	RS-GCF-001224705.1-NZ-CTWO01000006.1	95.387	1150	99	1149	0.0	1784	RS-GCF-001224705.1-NZ-CTWO01000006.1
14455-1492R-A6-T-A11	RS-GCF-002983175.1-NZ-PHWK01000019.1	95.387	1150	99	1149	0.0	1784	RS-GCF-002983175.1-NZ-PHWK01000019.1
14455-1492R-A6-T-A11	RS-GCF-000608205.1-NZ-KK098301.1--2	95.387	1150	99	1149	0.0	1784	RS-GCF-000608205.1-NZ-KK098301.1--2
14455-1492R-A6-T-A11	GB-GCA-900458205.1-UHCL01000003.1--4	95.387	1150	99	1149	0.0	1784	GB-GCA-900458205.1-UHCL01000003.1--4
14455-1492R-A6-T-A11	RS-GCF-000570275.1-NZ-KK039639.1	95.387	1150	99	1149	0.0	1784	RS-GCF-000570275.1-NZ-KK039639.1
14455-1492R-A6-T-A11	RS-GCF-000601665.1-NZ-JGFF01000001.1--2	95.387	1150	99	1149	0.0	1784	RS-GCF-000601665.1-NZ-JGFF01000001.1--2
14455-1492R-A6-T-A11	RS-GCF-000563875.1-NZ-KK030967.1	95.387	1150	99	1149	0.0	1784	RS-GCF-000563875.1-NZ-KK030967.1
14455-1492R-A6-T-A11	GB-GCA-015290965.1-CP063990.1--5	95.387	1150	99	1149	0.0	1784	GB-GCA-015290965.1-CP063990.1--5
14455-1492R-A6-T-A11	RS-GCF-000644255.1-NZ-KK234352.1--2	95.387	1150	99	1149	0.0	1784	RS-GCF-000644255.1-NZ-KK234352.1--2
14455-1492R-A6-T-A11	RS-GCF-003114335.1-NZ-BEYJ01000017.1	95.387	1150	99	1149	0.0	1784	RS-GCF-003114335.1-NZ-BEYJ01000017.1
14455-1492R-A6-T-A11	RS-GCF-003240215.1-NZ-PZXS01000055.1	95.387	1150	99	1149	0.0	1784	RS-GCF-003240215.1-NZ-PZXS01000055.1
14455-1492R-A6-T-A11	RS-GCF-001717645.1-NZ-CP016855.1	95.387	1150	99	1149	0.0	1784	RS-GCF-001717645.1-NZ-CP016855.1
14455-1492R-A6-T-A11	RS-GCF-003114015.1-NZ-BEYC01000022.1	95.387	1150	99	1149	0.0	1784	RS-GCF-003114015.1-NZ-BEYC01000022.1
14455-1492R-A6-T-A11	RS-GCF-000645955.1-NZ-KK237881.1	95.387	1150	99	1149	0.0	1784	RS-GCF-000645955.1-NZ-KK237881.1
14455-1492R-A6-T-A11	RS-GCF-000561585.1-NZ-KK025919.1	95.387	1150	99	1149	0.0	1784	RS-GCF-000561585.1-NZ-KK025919.1
14455-1492R-A6-T-A11	RS-GCF-000540635.1-NZ-KI976427.1	95.387	1150	99	1149	0.0	1784	RS-GCF-000540635.1-NZ-KI976427.1
14455-1492R-A6-T-A11	RS-GCF-018682195.1-NZ-JAEUDZ010000032.1	95.387	1150	99	1149	0.0	1784	RS-GCF-018682195.1-NZ-JAEUDZ010000032.1
14455-1492R-A6-T-A11	RS-GCF-000362125.1-NZ-KB821715.1	95.387	1150	99	1149	0.0	1784	RS-GCF-000362125.1-NZ-KB821715.1
14455-1492R-A6-T-A11	RS-GCF-000362465.1-NZ-KB821836.1--2	95.387	1150	99	1149	0.0	1784	RS-GCF-000362465.1-NZ-KB821836.1--2
14455-1492R-A6-T-A11	RS-GCF-000536935.1-NZ-JBIB01000003.1	95.387	1150	99	1149	0.0	1784	RS-GCF-000536935.1-NZ-JBIB01000003.1
14455-1492R-A6-T-A11	RS-GCF-008620175.1-NZ-AP020322.1--2	95.387	1150	99	1149	0.0	1784	RS-GCF-008620175.1-NZ-AP020322.1--2
14455-1492R-A6-T-A11	RS-GCF-009912975.1-NZ-CP047867.1--6	95.387	1150	99	1149	0.0	1784	RS-GCF-009912975.1-NZ-CP047867.1--6
14455-1492R-A6-T-A11	RS-GCF-001019295.2-NZ-JXZL02000005.1	95.387	1150	99	1149	0.0	1784	RS-GCF-001019295.2-NZ-JXZL02000005.1
14455-1492R-A6-T-A11	RS-GCF-000538275.1-NZ-KI973802.1	95.387	1150	99	1149	0.0	1784	RS-GCF-000538275.1-NZ-KI973802.1
14455-1492R-A6-T-A11	RS-GCF-000578555.1-NZ-KK071490.1	95.387	1150	99	1149	0.0	1784	RS-GCF-000578555.1-NZ-KK071490.1
14455-1492R-A6-T-A11	RS-GCF-900474565.1-NZ-LS483302.1--5	95.387	1150	99	1149	0.0	1784	RS-GCF-900474565.1-NZ-LS483302.1--5
14455-1492R-A6-T-A11	RS-GCF-900474565.1-NZ-LS483302.1--2	95.387	1150	99	1149	0.0	1784	RS-GCF-900474565.1-NZ-LS483302.1--2
14455-1492R-A6-T-A11	RS-GCF-900474565.1-NZ-LS483302.1	95.387	1150	99	1149	0.0	1784	RS-GCF-900474565.1-NZ-LS483302.1
14455-1492R-A6-T-A11	RS-GCF-001062455.1-NZ-JVWU01000155.1	95.387	1150	99	1149	0.0	1784	RS-GCF-001062455.1-NZ-JVWU01000155.1
14455-1492R-A6-T-A11	GB-GCA-000564875.1-AYXU01000245.1	95.387	1150	99	1149	0.0	1784	GB-GCA-000564875.1-AYXU01000245.1
14455-1492R-A6-T-A11	RS-GCF-001297295.1-NZ-LFMG01000028.1	95.387	1150	99	1149	0.0	1784	RS-GCF-001297295.1-NZ-LFMG01000028.1
14455-1492R-A6-T-A11	RS-GCF-000638595.1-NZ-KK222948.1	95.387	1150	99	1149	0.0	1784	RS-GCF-000638595.1-NZ-KK222948.1
14455-1492R-A6-T-A11	RS-GCF-000606865.1-NZ-KK097095.1	95.387	1150	99	1149	0.0	1784	RS-GCF-000606865.1-NZ-KK097095.1
14455-1492R-A6-T-A11	RS-GCF-009912375.1-NZ-CP047828.1	95.387	1150	99	1149	0.0	1784	RS-GCF-009912375.1-NZ-CP047828.1
14455-1492R-A6-T-A11	RS-GCF-000639975.1-NZ-KK225626.1	95.387	1150	99	1149	0.0	1784	RS-GCF-000639975.1-NZ-KK225626.1
14455-1492R-A6-T-A11	RS-GCF-000571375.1-NZ-KK041417.1--2	95.387	1150	99	1149	0.0	1784	RS-GCF-000571375.1-NZ-KK041417.1--2
14455-1492R-A6-T-A11	RS-GCF-000571375.1-NZ-KK041417.1	95.387	1150	99	1149	0.0	1784	RS-GCF-000571375.1-NZ-KK041417.1
14455-1492R-A6-T-A11	RS-GCF-000284895.1-NZ-BAEA01000046.1	95.387	1150	99	1149	0.0	1784	RS-GCF-000284895.1-NZ-BAEA01000046.1
14455-1492R-A6-T-A11	RS-GCF-000545645.1-NZ-KI986945.1	95.387	1150	99	1149	0.0	1784	RS-GCF-000545645.1-NZ-KI986945.1
14455-1492R-A6-T-A11	RS-GCF-000644995.1-NZ-KK235973.1--2	95.387	1150	99	1149	0.0	1784	RS-GCF-000644995.1-NZ-KK235973.1--2
14455-1492R-A6-T-A11	RS-GCF-003031465.1-NZ-CP020544.1--6	95.387	1150	99	1149	0.0	1784	RS-GCF-003031465.1-NZ-CP020544.1--6
14455-1492R-A6-T-A11	RS-GCF-900457415.1-NZ-UHAA01000001.1--6	95.387	1150	99	1149	0.0	1784	RS-GCF-900457415.1-NZ-UHAA01000001.1--6
14455-1492R-A6-T-A11	RS-GCF-900457415.1-NZ-UHAA01000001.1--5	95.387	1150	99	1149	0.0	1784	RS-GCF-900457415.1-NZ-UHAA01000001.1--5
14455-1492R-A6-T-A11	RS-GCF-011007275.1-NZ-WBTI01000036.1	95.387	1150	99	1149	0.0	1784	RS-GCF-011007275.1-NZ-WBTI01000036.1
14455-1492R-A6-T-A11	RS-GCF-000645435.1-NZ-KK236829.1	95.387	1150	99	1149	0.0	1784	RS-GCF-000645435.1-NZ-KK236829.1
14455-1492R-A6-T-A11	RS-GCF-000525125.1-NZ-KI966039.1	95.387	1150	99	1149	0.0	1784	RS-GCF-000525125.1-NZ-KI966039.1
14455-1492R-A6-T-A11	RS-GCF-001611475.1-NZ-LSAN01000058.1	95.387	1150	99	1149	0.0	1784	RS-GCF-001611475.1-NZ-LSAN01000058.1
14455-1492R-A6-T-A11	RS-GCF-000364105.1-NZ-KB822376.1--2	95.387	1150	99	1149	0.0	1784	RS-GCF-000364105.1-NZ-KB822376.1--2
14455-1492R-A6-T-A11	RS-GCF-000643035.1-NZ-KK231738.1	95.387	1150	99	1149	0.0	1784	RS-GCF-000643035.1-NZ-KK231738.1
14455-1492R-A6-T-A11	RS-GCF-000637455.1-NZ-KK220768.1	95.387	1150	99	1149	0.0	1784	RS-GCF-000637455.1-NZ-KK220768.1
14455-1492R-A6-T-A11	RS-GCF-009799545.1-NZ-WTUK01000032.1	95.387	1150	99	1149	0.0	1784	RS-GCF-009799545.1-NZ-WTUK01000032.1
14455-1492R-A6-T-A11	RS-GCF-000361545.1-NZ-KB821479.1	95.387	1150	99	1149	0.0	1784	RS-GCF-000361545.1-NZ-KB821479.1
14455-1492R-A6-T-A11	RS-GCF-002273385.1-NZ-LKWI01000095.1	95.387	1150	99	1149	0.0	1784	RS-GCF-002273385.1-NZ-LKWI01000095.1
14455-1492R-A6-T-A11	RS-GCF-000642895.1-NZ-KK231468.1	95.387	1150	99	1149	0.0	1784	RS-GCF-000642895.1-NZ-KK231468.1
14455-1492R-A6-T-A11	RS-GCF-000642895.1-NZ-KK231482.1--2	95.387	1150	99	1149	0.0	1784	RS-GCF-000642895.1-NZ-KK231482.1--2
14455-1492R-A6-T-A11	RS-GCF-000642895.1-NZ-KK231482.1	95.387	1150	99	1149	0.0	1784	RS-GCF-000642895.1-NZ-KK231482.1
14455-1492R-A6-T-A11	RS-GCF-000571795.1-NZ-KK042136.1	95.387	1150	99	1149	0.0	1784	RS-GCF-000571795.1-NZ-KK042136.1
14455-1492R-A6-T-A11	RS-GCF-003114635.1-NZ-BEYN01000028.1	95.387	1150	99	1149	0.0	1784	RS-GCF-003114635.1-NZ-BEYN01000028.1
14455-1492R-A6-T-A11	RS-GCF-000607645.1-NZ-KK097936.1	95.387	1150	99	1149	0.0	1784	RS-GCF-000607645.1-NZ-KK097936.1
14455-1492R-A6-T-A11	RS-GCF-000564155.1-NZ-KK031453.1	95.387	1150	99	1149	0.0	1784	RS-GCF-000564155.1-NZ-KK031453.1
14455-1492R-A6-T-A11	RS-GCF-003354645.1-NZ-CP022897.1--6	95.387	1150	99	1149	0.0	1784	RS-GCF-003354645.1-NZ-CP022897.1--6
14455-1492R-A6-T-A11	RS-GCF-003354645.1-NZ-CP022897.1--4	95.387	1150	99	1149	0.0	1784	RS-GCF-003354645.1-NZ-CP022897.1--4
14455-1492R-A6-T-A11	RS-GCF-900458105.1-NZ-UHCF01000001.1	95.387	1150	99	1149	0.0	1784	RS-GCF-900458105.1-NZ-UHCF01000001.1
14455-1492R-A6-T-A11	RS-GCF-008619795.1-NZ-AP020316.1--6	95.387	1150	99	1149	0.0	1784	RS-GCF-008619795.1-NZ-AP020316.1--6
14455-1492R-A6-T-A11	RS-GCF-014334435.1-NZ-CP060598.1--5	95.387	1150	99	1149	0.0	1784	RS-GCF-014334435.1-NZ-CP060598.1--5
14455-1492R-A6-T-A11	RS-GCF-000574245.1-NZ-KK065390.1	95.387	1150	99	1149	0.0	1784	RS-GCF-000574245.1-NZ-KK065390.1
14455-1492R-A6-T-A11	RS-GCF-001229905.1-NZ-CTWY01000037.1	95.387	1150	99	1149	0.0	1784	RS-GCF-001229905.1-NZ-CTWY01000037.1
14455-1492R-A6-T-A11	RS-GCF-000637115.1-NZ-KK220030.1	95.387	1150	99	1149	0.0	1784	RS-GCF-000637115.1-NZ-KK220030.1
14455-1492R-A6-T-A11	RS-GCF-000594165.1-NZ-JDZB01000001.1	95.387	1150	99	1149	0.0	1784	RS-GCF-000594165.1-NZ-JDZB01000001.1
14455-1492R-A6-T-A11	RS-GCF-000646795.1-NZ-KK239711.1	95.387	1150	99	1149	0.0	1784	RS-GCF-000646795.1-NZ-KK239711.1
14455-1492R-A6-T-A11	RS-GCF-000646795.1-NZ-KK239720.1--2	95.387	1150	99	1149	0.0	1784	RS-GCF-000646795.1-NZ-KK239720.1--2
14455-1492R-A6-T-A11	RS-GCF-000544825.1-NZ-KI985145.1--2	95.387	1150	99	1149	0.0	1784	RS-GCF-000544825.1-NZ-KI985145.1--2
14455-1492R-A6-T-A11	RS-GCF-016065215.1-NZ-CP065857.1--6	95.387	1150	99	1149	0.0	1784	RS-GCF-016065215.1-NZ-CP065857.1--6
14455-1492R-A6-T-A11	RS-GCF-000587275.1-NZ-KK075445.1	95.387	1150	99	1149	0.0	1784	RS-GCF-000587275.1-NZ-KK075445.1
14455-1492R-A6-T-A11	RS-GCF-000644975.1-NZ-KK235911.1--2	95.387	1150	99	1149	0.0	1784	RS-GCF-000644975.1-NZ-KK235911.1--2
14455-1492R-A6-T-A11	RS-GCF-000570815.1-NZ-KK040627.1	95.387	1150	99	1149	0.0	1784	RS-GCF-000570815.1-NZ-KK040627.1
14455-1492R-A6-T-A11	RS-GCF-012274745.1-NZ-SJAW01000005.1	95.387	1150	99	1149	0.0	1784	RS-GCF-012274745.1-NZ-SJAW01000005.1
14455-1492R-A6-T-A11	RS-GCF-001239705.1-NZ-CTWV01000044.1	95.387	1150	99	1149	0.0	1784	RS-GCF-001239705.1-NZ-CTWV01000044.1
14455-1492R-A6-T-A11	RS-GCF-000562715.1-NZ-KK028472.1	95.387	1150	99	1149	0.0	1784	RS-GCF-000562715.1-NZ-KK028472.1
14455-1492R-A6-T-A11	RS-GCF-003017635.1-NZ-NGNL01000001.1--6	95.387	1150	99	1149	0.0	1784	RS-GCF-003017635.1-NZ-NGNL01000001.1--6
14455-1492R-A6-T-A11	RS-GCF-000562735.1-NZ-KK028525.1	95.387	1150	99	1149	0.0	1784	RS-GCF-000562735.1-NZ-KK028525.1
14455-1492R-A6-T-A11	RS-GCF-000569475.1-NZ-KK038440.1--2	95.387	1150	99	1149	0.0	1784	RS-GCF-000569475.1-NZ-KK038440.1--2
14455-1492R-A6-T-A11	RS-GCF-000361685.1-NZ-KB821506.1--2	95.387	1150	99	1149	0.0	1784	RS-GCF-000361685.1-NZ-KB821506.1--2
14455-1492R-A6-T-A11	RS-GCF-901542495.1-NZ-CABEIE010000001.1--5	95.387	1150	99	1149	0.0	1784	RS-GCF-901542495.1-NZ-CABEIE010000001.1--5
14455-1492R-A6-T-A11	RS-GCF-000362885.1-NZ-KB822042.1	95.387	1150	99	1149	0.0	1784	RS-GCF-000362885.1-NZ-KB822042.1
14455-1492R-A6-T-A11	RS-GCF-002124245.1-NZ-NDSU01000038.1	95.387	1150	99	1149	0.0	1784	RS-GCF-002124245.1-NZ-NDSU01000038.1
14455-1492R-A6-T-A11	RS-GCF-000604645.1-NZ-KK093160.1	95.387	1150	99	1149	0.0	1784	RS-GCF-000604645.1-NZ-KK093160.1
14455-1492R-A6-T-A11	RS-GCF-003185005.1-NZ-CP028470.1--6	95.387	1150	99	1149	0.0	1784	RS-GCF-003185005.1-NZ-CP028470.1--6
14455-1492R-A6-T-A11	RS-GCF-017581425.1-NZ-JAGFCN010000020.1	95.387	1150	99	1149	0.0	1784	RS-GCF-017581425.1-NZ-JAGFCN010000020.1
14455-1492R-A6-T-A11	RS-GCF-000636355.1-NZ-KK218492.1--2	95.387	1150	99	1149	0.0	1784	RS-GCF-000636355.1-NZ-KK218492.1--2
14455-1492R-A6-T-A11	RS-GCF-000646455.1-NZ-KK238971.1--2	95.387	1150	99	1149	0.0	1784	RS-GCF-000646455.1-NZ-KK238971.1--2
14455-1492R-A6-T-A11	RS-GCF-000557105.1-NZ-KK014929.1--2	95.387	1150	99	1149	0.0	1784	RS-GCF-000557105.1-NZ-KK014929.1--2
14455-1492R-A6-T-A11	RS-GCF-900081205.1-NZ-FKPL01000014.1	95.387	1150	99	1149	0.0	1784	RS-GCF-900081205.1-NZ-FKPL01000014.1
14455-1492R-A6-T-A11	RS-GCF-000604485.1-NZ-KK092323.1	95.387	1150	99	1149	0.0	1784	RS-GCF-000604485.1-NZ-KK092323.1
14455-1492R-A6-T-A11	RS-GCF-005153985.1-NZ-CP039759.1--6	95.387	1150	99	1149	0.0	1784	RS-GCF-005153985.1-NZ-CP039759.1--6
14455-1492R-A6-T-A11	RS-GCF-014334415.1-NZ-CP060597.1--4	95.387	1150	99	1149	0.0	1784	RS-GCF-014334415.1-NZ-CP060597.1--4
14455-1492R-A6-T-A11	RS-GCF-001224505.1-NZ-CTYT01000013.1	95.387	1150	99	1149	0.0	1784	RS-GCF-001224505.1-NZ-CTYT01000013.1
14455-1492R-A6-T-A11	RS-GCF-000579735.1-NZ-KK073204.1	95.387	1150	99	1149	0.0	1784	RS-GCF-000579735.1-NZ-KK073204.1
14455-1492R-A6-T-A11	RS-GCF-000605125.1-NZ-KK094219.1	95.387	1150	99	1149	0.0	1784	RS-GCF-000605125.1-NZ-KK094219.1
14455-1492R-A6-T-A11	RS-GCF-001515765.1-NZ-CP012012.1--3	95.387	1150	99	1149	0.0	1784	RS-GCF-001515765.1-NZ-CP012012.1--3
14455-1492R-A6-T-A11	RS-GCF-000602305.1-NZ-JGGL01000002.1	95.387	1150	99	1149	0.0	1784	RS-GCF-000602305.1-NZ-JGGL01000002.1
14455-1492R-A6-T-A11	RS-GCF-003029665.1-NZ-CP020553.1--6	95.387	1150	99	1149	0.0	1784	RS-GCF-003029665.1-NZ-CP020553.1--6
14455-1492R-A6-T-A11	RS-GCF-000641775.1-NZ-KK229093.1--2	95.387	1150	99	1149	0.0	1784	RS-GCF-000641775.1-NZ-KK229093.1--2
14455-1492R-A6-T-A11	RS-GCF-018502145.1-NZ-CP075510.1--6	95.387	1150	99	1149	0.0	1784	RS-GCF-018502145.1-NZ-CP075510.1--6
14455-1492R-A6-T-A11	RS-GCF-009739675.1-NZ-CP033982.1--5	95.387	1150	99	1149	0.0	1784	RS-GCF-009739675.1-NZ-CP033982.1--5
14455-1492R-A6-T-A11	RS-GCF-001469015.1-NZ-LNOO01000048.1	95.387	1150	99	1149	0.0	1784	RS-GCF-001469015.1-NZ-LNOO01000048.1
14455-1492R-A6-T-A11	RS-GCF-000638895.1-NZ-KK223501.1--2	95.387	1150	99	1149	0.0	1784	RS-GCF-000638895.1-NZ-KK223501.1--2
14455-1492R-A6-T-A11	RS-GCF-004026165.1-NZ-CP035005.1--5	95.387	1150	99	1149	0.0	1784	RS-GCF-004026165.1-NZ-CP035005.1--5
14455-1492R-A6-T-A11	RS-GCF-000643095.1-NZ-KK231896.1	95.387	1150	99	1149	0.0	1784	RS-GCF-000643095.1-NZ-KK231896.1
14455-1492R-A6-T-A11	RS-GCF-000643095.1-NZ-KK231870.1	95.387	1150	99	1149	0.0	1784	RS-GCF-000643095.1-NZ-KK231870.1
14455-1492R-A6-T-A11	RS-GCF-000683115.1-NZ-JIIT01000002.1	95.387	1150	99	1149	0.0	1784	RS-GCF-000683115.1-NZ-JIIT01000002.1
14455-1492R-A6-T-A11	RS-GCF-000683115.1-NZ-JIIT01000022.1--2	95.387	1150	99	1149	0.0	1784	RS-GCF-000683115.1-NZ-JIIT01000022.1--2
14455-1492R-A6-T-A11	RS-GCF-000563395.1-NZ-KK029830.1	95.387	1150	99	1149	0.0	1784	RS-GCF-000563395.1-NZ-KK029830.1
14455-1492R-A6-T-A11	RS-GCF-000606925.1-NZ-KK097194.1	95.387	1150	99	1149	0.0	1784	RS-GCF-000606925.1-NZ-KK097194.1
14455-1492R-A6-T-A11	RS-GCF-002904815.1-NZ-LKOB01000023.1	95.387	1150	99	1149	0.0	1784	RS-GCF-002904815.1-NZ-LKOB01000023.1
14455-1492R-A6-T-A11	RS-GCF-000571615.1-NZ-KK041845.1	95.387	1150	99	1149	0.0	1784	RS-GCF-000571615.1-NZ-KK041845.1
14455-1492R-A6-T-A11	RS-GCF-000607925.1-NZ-KK098148.1	95.387	1150	99	1149	0.0	1784	RS-GCF-000607925.1-NZ-KK098148.1
14455-1492R-A6-T-A11	GB-GCA-014696975.1-CP051484.1--5	95.387	1150	99	1149	0.0	1784	GB-GCA-014696975.1-CP051484.1--5
14455-1492R-A6-T-A11	RS-GCF-018999165.1-NZ-JAHNHV010000034.1	95.387	1150	99	1149	0.0	1784	RS-GCF-018999165.1-NZ-JAHNHV010000034.1
14455-1492R-A6-T-A11	RS-GCF-003038335.1-NZ-PYEU01000002.1	95.387	1150	99	1149	0.0	1784	RS-GCF-003038335.1-NZ-PYEU01000002.1
14455-1492R-A6-T-A11	RS-GCF-000539055.1-NZ-KI974599.1	95.387	1150	99	1149	0.0	1784	RS-GCF-000539055.1-NZ-KI974599.1
14455-1492R-A6-T-A11	RS-GCF-000539055.1-NZ-KI974601.1	95.387	1150	99	1149	0.0	1784	RS-GCF-000539055.1-NZ-KI974601.1
14455-1492R-A6-T-A11	RS-GCF-001046075.1-NZ-LALW01000031.1	95.387	1150	99	1149	0.0	1784	RS-GCF-001046075.1-NZ-LALW01000031.1
14455-1492R-A6-T-A11	RS-GCF-002982635.1-NZ-PHVI01000033.1	95.387	1150	99	1149	0.0	1784	RS-GCF-002982635.1-NZ-PHVI01000033.1
14455-1492R-A6-T-A11	RS-GCF-003075955.1-NZ-QDHR01000101.1	95.387	1150	99	1149	0.0	1784	RS-GCF-003075955.1-NZ-QDHR01000101.1
14455-1492R-A6-T-A11	RS-GCF-000594125.1-NZ-JDYZ01000005.1	95.387	1150	99	1149	0.0	1784	RS-GCF-000594125.1-NZ-JDYZ01000005.1
14455-1492R-A6-T-A11	RS-GCF-000595985.1-NZ-JFQP01000048.1	95.387	1150	99	1149	0.0	1784	RS-GCF-000595985.1-NZ-JFQP01000048.1
14455-1492R-A6-T-A11	RS-GCF-000527715.1-NZ-KI966478.1	95.387	1150	99	1149	0.0	1784	RS-GCF-000527715.1-NZ-KI966478.1
14455-1492R-A6-T-A11	RS-GCF-000572745.1-NZ-KK047826.1	95.387	1150	99	1149	0.0	1784	RS-GCF-000572745.1-NZ-KK047826.1
14455-1492R-A6-T-A11	RS-GCF-001235465.1-NZ-CTYU01000017.1	95.387	1150	99	1149	0.0	1784	RS-GCF-001235465.1-NZ-CTYU01000017.1
14455-1492R-A6-T-A11	RS-GCF-000570995.1-NZ-KK040828.1	95.387	1150	99	1149	0.0	1784	RS-GCF-000570995.1-NZ-KK040828.1
14455-1492R-A6-T-A11	RS-GCF-017798245.1-NZ-CP060278.1--3	95.387	1150	99	1149	0.0	1784	RS-GCF-017798245.1-NZ-CP060278.1--3
14455-1492R-A6-T-A11	RS-GCF-000772025.1-NZ-CP009554.1--4	95.387	1150	99	1149	0.0	1784	RS-GCF-000772025.1-NZ-CP009554.1--4
14455-1492R-A6-T-A11	RS-GCF-004137035.1-NZ-RBAZ01000041.1	95.387	1150	99	1149	0.0	1784	RS-GCF-004137035.1-NZ-RBAZ01000041.1
14455-1492R-A6-T-A11	RS-GCF-000578475.1-NZ-KK071342.1	95.387	1150	99	1149	0.0	1784	RS-GCF-000578475.1-NZ-KK071342.1
14455-1492R-A6-T-A11	RS-GCF-004328315.1-NZ-SJEQ01000010.1	95.387	1150	99	1149	0.0	1784	RS-GCF-004328315.1-NZ-SJEQ01000010.1
14455-1492R-A6-T-A11	RS-GCF-000541235.1-NZ-KI977056.1	95.387	1150	99	1149	0.0	1784	RS-GCF-000541235.1-NZ-KI977056.1
14455-1492R-A6-T-A11	RS-GCF-001224885.1-NZ-CTXS01000010.1	95.387	1150	99	1149	0.0	1784	RS-GCF-001224885.1-NZ-CTXS01000010.1
14455-1492R-A6-T-A11	RS-GCF-000639955.1-NZ-KK225615.1--2	95.387	1150	99	1149	0.0	1784	RS-GCF-000639955.1-NZ-KK225615.1--2
14455-1492R-A6-T-A11	RS-GCF-008079625.1-NZ-VRNS01000005.1	95.387	1150	99	1149	0.0	1784	RS-GCF-008079625.1-NZ-VRNS01000005.1
14455-1492R-A6-T-A11	RS-GCF-000187145.1-NZ-GL638161.1	95.387	1150	99	1149	0.0	1784	RS-GCF-000187145.1-NZ-GL638161.1
14455-1492R-A6-T-A11	RS-GCF-000569815.1-NZ-KK038919.1--2	95.387	1150	99	1149	0.0	1784	RS-GCF-000569815.1-NZ-KK038919.1--2
14455-1492R-A6-T-A11	RS-GCF-000563795.1-NZ-KK030747.1	95.387	1150	99	1149	0.0	1784	RS-GCF-000563795.1-NZ-KK030747.1
14455-1492R-A6-T-A11	RS-GCF-000609005.1-NZ-KK098914.1--2	95.387	1150	99	1149	0.0	1784	RS-GCF-000609005.1-NZ-KK098914.1--2
14455-1492R-A6-T-A11	RS-GCF-000683295.1-NZ-JIKK01000027.1	95.387	1150	99	1149	0.0	1784	RS-GCF-000683295.1-NZ-JIKK01000027.1
14455-1492R-A6-T-A11	RS-GCF-003114655.1-NZ-BEYO01000040.1	95.387	1150	99	1149	0.0	1784	RS-GCF-003114655.1-NZ-BEYO01000040.1
14455-1492R-A6-T-A11	RS-GCF-002786465.1-NZ-CP022290.1--2	95.387	1150	99	1149	0.0	1784	RS-GCF-002786465.1-NZ-CP022290.1--2
14455-1492R-A6-T-A11	RS-GCF-000527735.1-NZ-KI966561.1	95.387	1150	99	1149	0.0	1784	RS-GCF-000527735.1-NZ-KI966561.1
14455-1492R-A6-T-A11	RS-GCF-000580015.1-NZ-KK073581.1--2	95.387	1150	99	1149	0.0	1784	RS-GCF-000580015.1-NZ-KK073581.1--2
14455-1492R-A6-T-A11	RS-GCF-000580015.1-NZ-KK073581.1	95.387	1150	99	1149	0.0	1784	RS-GCF-000580015.1-NZ-KK073581.1
14455-1492R-A6-T-A11	GB-GCA-017088185.1-CP070989.1--2	95.387	1150	99	1149	0.0	1784	GB-GCA-017088185.1-CP070989.1--2
14455-1492R-A6-T-A11	RS-GCF-018682255.1-NZ-JAEUDX010000031.1	95.387	1150	99	1149	0.0	1784	RS-GCF-018682255.1-NZ-JAEUDX010000031.1
14455-1492R-A6-T-A11	RS-GCF-000550665.1-NZ-KI998601.1	95.387	1150	99	1149	0.0	1784	RS-GCF-000550665.1-NZ-KI998601.1
14455-1492R-A6-T-A11	RS-GCF-001060535.1-NZ-JVZK01000072.1	95.387	1150	99	1149	0.0	1784	RS-GCF-001060535.1-NZ-JVZK01000072.1
14455-1492R-A6-T-A11	G001233785	95.387	1150	99	1149	0.0	1784	G001233785
14455-1492R-A6-T-A11	AY727530	95.387	1150	99	1149	0.0	1784	AY727530
14455-1492R-A6-T-A11	MK121623	95.387	1150	99	1149	0.0	1784	MK121623
14455-1492R-A6-T-A11	EU727181	95.387	1150	99	1149	0.0	1784	EU727181
14455-1492R-A6-T-A11	MJ032-2-barcode69-umi1404bins-ubs-169	95.387	1150	99	1149	0.0	1784	MJ032-2-barcode69-umi1404bins-ubs-169
14455-1492R-A6-T-A11	MJ005-barcode25-umi523bins-ubs-123	95.387	1150	99	1149	0.0	1784	MJ005-barcode25-umi523bins-ubs-123
14455-1492R-A6-T-A11	MJ006-1-barcode39-umi101304bins-ubs-4	95.387	1150	99	1149	0.0	1784	MJ006-1-barcode39-umi101304bins-ubs-4
14455-1492R-A6-T-A11	RS-GCF-000572905.1-NZ-KK047876.1--2	95.478	1150	99	1150	0.0	1783	RS-GCF-000572905.1-NZ-KK047876.1--2
14455-1492R-A6-T-A11	RS-GCF-900458665.1-NZ-UHDU01000001.1	95.391	1150	99	1150	0.0	1783	RS-GCF-900458665.1-NZ-UHDU01000001.1
14455-1492R-A6-T-A11	RS-GCF-002407165.1-NZ-CP023539.1--2	95.470	1150	99	1148	0.0	1783	RS-GCF-002407165.1-NZ-CP023539.1--2
14455-1492R-A6-T-A11	RS-GCF-900636255.1-NZ-LR134242.1	95.304	1150	99	1150	0.0	1783	RS-GCF-900636255.1-NZ-LR134242.1
14455-1492R-A6-T-A11	RS-GCF-007666805.1-NZ-VDPX01000022.1	95.304	1150	99	1150	0.0	1783	RS-GCF-007666805.1-NZ-VDPX01000022.1
14455-1492R-A6-T-A11	RS-GCF-000494875.1-NC-022737.1--2	95.304	1150	99	1150	0.0	1783	RS-GCF-000494875.1-NC-022737.1--2
14455-1492R-A6-T-A11	RS-GCF-900636265.1-NZ-LR134244.1--6	95.304	1150	99	1150	0.0	1783	RS-GCF-900636265.1-NZ-LR134244.1--6
14455-1492R-A6-T-A11	RS-GCF-000540455.1-NZ-KI976226.1	95.383	1150	99	1148	0.0	1783	RS-GCF-000540455.1-NZ-KI976226.1
14455-1492R-A6-T-A11	RS-GCF-000645535.1-NZ-KK237062.1	95.383	1150	99	1148	0.0	1783	RS-GCF-000645535.1-NZ-KK237062.1
14455-1492R-A6-T-A11	RS-GCF-900457955.1-NZ-UHBH01000002.1--4	95.391	1150	99	1150	0.0	1783	RS-GCF-900457955.1-NZ-UHBH01000002.1--4
14455-1492R-A6-T-A11	RS-GCF-000543165.1-NZ-KI979112.1	95.383	1150	99	1148	0.0	1783	RS-GCF-000543165.1-NZ-KI979112.1
14455-1492R-A6-T-A11	RS-GCF-000594065.1-NZ-JDYW01000001.1--2	95.383	1150	99	1148	0.0	1783	RS-GCF-000594065.1-NZ-JDYW01000001.1--2
14455-1492R-A6-T-A11	G001045675	95.304	1150	99	1150	0.0	1783	G001045675
14455-1492R-A6-T-A11	MJ030-2-barcode71-umi4718bins-ubs-69	95.304	1150	99	1150	0.0	1783	MJ030-2-barcode71-umi4718bins-ubs-69
14455-1492R-A6-T-A11	RS-GCF-002931555.1-NZ-PSTZ01000013.1	95.383	1150	99	1148	0.0	1782	RS-GCF-002931555.1-NZ-PSTZ01000013.1
14455-1492R-A6-T-A11	RS-GCF-900458825.1-NZ-UHDO01000001.1--3	95.383	1150	99	1148	0.0	1782	RS-GCF-900458825.1-NZ-UHDO01000001.1--3
14455-1492R-A6-T-A11	RS-GCF-017893095.1-NZ-JAESMI010000148.1	95.383	1150	99	1148	0.0	1782	RS-GCF-017893095.1-NZ-JAESMI010000148.1
14455-1492R-A6-T-A11	RS-GCF-003042555.1-NZ-PZIO01000037.1	95.383	1150	99	1148	0.0	1782	RS-GCF-003042555.1-NZ-PZIO01000037.1
14455-1492R-A6-T-A11	RS-GCF-001921685.1-NZ-MSFF01000012.1	95.383	1150	99	1148	0.0	1782	RS-GCF-001921685.1-NZ-MSFF01000012.1
14455-1492R-A6-T-A11	RS-GCF-003579635.1-NZ-QXVP01000018.1	95.383	1150	99	1148	0.0	1782	RS-GCF-003579635.1-NZ-QXVP01000018.1
14455-1492R-A6-T-A11	RS-GCF-013364435.1-NZ-CP054883.1--5	95.383	1150	99	1148	0.0	1782	RS-GCF-013364435.1-NZ-CP054883.1--5
14455-1492R-A6-T-A11	RS-GCF-013267575.1-NZ-CP054006.1--4	95.383	1150	99	1148	0.0	1782	RS-GCF-013267575.1-NZ-CP054006.1--4
14455-1492R-A6-T-A11	RS-GCF-001808085.1-NZ-KV792045.1	95.383	1150	99	1148	0.0	1782	RS-GCF-001808085.1-NZ-KV792045.1
14455-1492R-A6-T-A11	RS-GCF-900458635.1-NZ-UHDM01000002.1--4	95.383	1150	99	1148	0.0	1782	RS-GCF-900458635.1-NZ-UHDM01000002.1--4
14455-1492R-A6-T-A11	RS-GCF-002954105.1-NZ-CP014107.1--6	95.383	1150	99	1148	0.0	1782	RS-GCF-002954105.1-NZ-CP014107.1--6
14455-1492R-A6-T-A11	RS-GCF-001811375.1-NZ-KV804601.1	95.383	1150	99	1148	0.0	1782	RS-GCF-001811375.1-NZ-KV804601.1
14455-1492R-A6-T-A11	RS-GCF-900458745.1-NZ-UHDX01000002.1--5	95.383	1150	99	1148	0.0	1782	RS-GCF-900458745.1-NZ-UHDX01000002.1--5
14455-1492R-A6-T-A11	RS-GCF-001813045.1-NZ-KV811436.1	95.383	1150	99	1148	0.0	1782	RS-GCF-001813045.1-NZ-KV811436.1
14455-1492R-A6-T-A11	RS-GCF-001876445.1-NZ-LWJO01000064.1	95.383	1150	99	1148	0.0	1782	RS-GCF-001876445.1-NZ-LWJO01000064.1
14455-1492R-A6-T-A11	RS-GCF-001809305.1-NZ-KV796868.1	95.383	1150	99	1148	0.0	1782	RS-GCF-001809305.1-NZ-KV796868.1
14455-1492R-A6-T-A11	RS-GCF-016428605.1-NZ-JAELVP010000027.1	95.383	1150	99	1148	0.0	1782	RS-GCF-016428605.1-NZ-JAELVP010000027.1
14455-1492R-A6-T-A11	RS-GCF-001072965.1-NZ-JVHB01000001.1	95.383	1150	99	1148	0.0	1782	RS-GCF-001072965.1-NZ-JVHB01000001.1
14455-1492R-A6-T-A11	RS-GCF-003042345.1-NZ-PZHY01000095.1	95.383	1150	99	1148	0.0	1782	RS-GCF-003042345.1-NZ-PZHY01000095.1
14455-1492R-A6-T-A11	RS-GCF-001807795.1-NZ-KV790884.1	95.383	1150	99	1148	0.0	1782	RS-GCF-001807795.1-NZ-KV790884.1
14455-1492R-A6-T-A11	RS-GCF-012273435.1-NZ-CP050982.1	95.383	1150	99	1148	0.0	1782	RS-GCF-012273435.1-NZ-CP050982.1
14455-1492R-A6-T-A11	RS-GCF-004329075.1-NZ-SCHG01000034.1	95.383	1150	99	1148	0.0	1782	RS-GCF-004329075.1-NZ-SCHG01000034.1
14455-1492R-A6-T-A11	RS-GCF-001070475.1-NZ-JVVE01000085.1	95.383	1150	99	1148	0.0	1782	RS-GCF-001070475.1-NZ-JVVE01000085.1
14455-1492R-A6-T-A11	RS-GCF-001810265.1-NZ-KV800489.1	95.383	1150	99	1148	0.0	1782	RS-GCF-001810265.1-NZ-KV800489.1
14455-1492R-A6-T-A11	RS-GCF-001808125.1-NZ-KV792232.1	95.383	1150	99	1148	0.0	1782	RS-GCF-001808125.1-NZ-KV792232.1
14455-1492R-A6-T-A11	RS-GCF-000763725.1-NZ-JQHA01000040.1	95.383	1150	99	1148	0.0	1782	RS-GCF-000763725.1-NZ-JQHA01000040.1
14455-1492R-A6-T-A11	RS-GCF-015070445.1-NZ-JADCSR010000087.1	95.383	1150	99	1148	0.0	1782	RS-GCF-015070445.1-NZ-JADCSR010000087.1
14455-1492R-A6-T-A11	RS-GCF-001072095.1-NZ-JVMX01000045.1	95.383	1150	99	1148	0.0	1782	RS-GCF-001072095.1-NZ-JVMX01000045.1
14455-1492R-A6-T-A11	RS-GCF-000981145.1-NZ-LAKG01000073.1	95.383	1150	99	1148	0.0	1782	RS-GCF-000981145.1-NZ-LAKG01000073.1
14455-1492R-A6-T-A11	RS-GCF-001836865.1-NZ-KV830698.1	95.383	1150	99	1148	0.0	1782	RS-GCF-001836865.1-NZ-KV830698.1
14455-1492R-A6-T-A11	GB-GCA-001471285.2-LORN02000015.1	95.383	1150	99	1148	0.0	1782	GB-GCA-001471285.2-LORN02000015.1
14455-1492R-A6-T-A11	RS-GCF-903969765.1-NZ-CAJCFZ010000016.1	95.383	1150	99	1148	0.0	1782	RS-GCF-903969765.1-NZ-CAJCFZ010000016.1
14455-1492R-A6-T-A11	RS-GCF-001705085.1-NZ-JRAX01000123.1	95.383	1150	99	1148	0.0	1782	RS-GCF-001705085.1-NZ-JRAX01000123.1
14455-1492R-A6-T-A11	RS-GCF-001611955.1-NZ-CP013911.1--5	95.383	1150	99	1148	0.0	1782	RS-GCF-001611955.1-NZ-CP013911.1--5
14455-1492R-A6-T-A11	RS-GCF-007677695.1-NZ-VEDE01000061.1	95.383	1150	99	1148	0.0	1782	RS-GCF-007677695.1-NZ-VEDE01000061.1
14455-1492R-A6-T-A11	RS-GCF-001237685.1-NZ-CUDO01000020.1	95.383	1150	99	1148	0.0	1782	RS-GCF-001237685.1-NZ-CUDO01000020.1
14455-1492R-A6-T-A11	RS-GCF-000247125.1-NZ-AHLF01000032.1	95.383	1150	99	1148	0.0	1782	RS-GCF-000247125.1-NZ-AHLF01000032.1
14455-1492R-A6-T-A11	RS-GCF-001622495.1-NZ-LWCW01000070.1	95.383	1150	99	1148	0.0	1782	RS-GCF-001622495.1-NZ-LWCW01000070.1
14455-1492R-A6-T-A11	RS-GCF-001659125.1-NZ-LYSH01000037.1	95.383	1150	99	1148	0.0	1782	RS-GCF-001659125.1-NZ-LYSH01000037.1
14455-1492R-A6-T-A11	RS-GCF-001622445.1-NZ-LWBW01000018.1	95.383	1150	99	1148	0.0	1782	RS-GCF-001622445.1-NZ-LWBW01000018.1
14455-1492R-A6-T-A11	RS-GCF-003979975.1-NZ-LUBS01000131.1	95.383	1150	99	1148	0.0	1782	RS-GCF-003979975.1-NZ-LUBS01000131.1
14455-1492R-A6-T-A11	RS-GCF-001070565.1-NZ-JVSY01000107.1	95.383	1150	99	1148	0.0	1782	RS-GCF-001070565.1-NZ-JVSY01000107.1
14455-1492R-A6-T-A11	RS-GCF-001465385.1-NZ-JRVP01000053.1	95.383	1150	99	1148	0.0	1782	RS-GCF-001465385.1-NZ-JRVP01000053.1
14455-1492R-A6-T-A11	RS-GCF-009897365.1-NZ-SHFF01000044.1	95.383	1150	99	1148	0.0	1782	RS-GCF-009897365.1-NZ-SHFF01000044.1
14455-1492R-A6-T-A11	RS-GCF-001622835.1-NZ-LWBG01000080.1	95.383	1150	99	1148	0.0	1782	RS-GCF-001622835.1-NZ-LWBG01000080.1
14455-1492R-A6-T-A11	RS-GCF-001658785.1-NZ-LXRV01000011.1	95.383	1150	99	1148	0.0	1782	RS-GCF-001658785.1-NZ-LXRV01000011.1
14455-1492R-A6-T-A11	RS-GCF-003980055.1-NZ-LUBM01000100.1	95.383	1150	99	1148	0.0	1782	RS-GCF-003980055.1-NZ-LUBM01000100.1
14455-1492R-A6-T-A11	RS-GCF-011306775.1-NZ-CP043781.1	95.383	1150	99	1148	0.0	1782	RS-GCF-011306775.1-NZ-CP043781.1
14455-1492R-A6-T-A11	RS-GCF-001659475.1-NZ-LYWF01000028.1	95.383	1150	99	1148	0.0	1782	RS-GCF-001659475.1-NZ-LYWF01000028.1
14455-1492R-A6-T-A11	RS-GCF-001658715.1-NZ-LXRX01000037.1	95.383	1150	99	1148	0.0	1782	RS-GCF-001658715.1-NZ-LXRX01000037.1
14455-1492R-A6-T-A11	RS-GCF-011307475.1-NZ-CP043792.1--6	95.383	1150	99	1148	0.0	1782	RS-GCF-011307475.1-NZ-CP043792.1--6
14455-1492R-A6-T-A11	RS-GCF-003980155.1-NZ-LUBV01000051.1	95.383	1150	99	1148	0.0	1782	RS-GCF-003980155.1-NZ-LUBV01000051.1
14455-1492R-A6-T-A11	RS-GCF-001658535.1-NZ-LYQA01000020.1	95.383	1150	99	1148	0.0	1782	RS-GCF-001658535.1-NZ-LYQA01000020.1
14455-1492R-A6-T-A11	RS-GCF-006094375.1-NZ-CP035288.1	95.383	1150	99	1148	0.0	1782	RS-GCF-006094375.1-NZ-CP035288.1
14455-1492R-A6-T-A11	RS-GCF-003980205.1-NZ-MNBF01000052.1	95.383	1150	99	1148	0.0	1782	RS-GCF-003980205.1-NZ-MNBF01000052.1
14455-1492R-A6-T-A11	RS-GCF-003979985.1-NZ-LUBT01000109.1	95.383	1150	99	1148	0.0	1782	RS-GCF-003979985.1-NZ-LUBT01000109.1
14455-1492R-A6-T-A11	RS-GCF-003859985.1-NZ-RQYG01000064.1	95.383	1150	99	1148	0.0	1782	RS-GCF-003859985.1-NZ-RQYG01000064.1
14455-1492R-A6-T-A11	RS-GCF-900205795.1-NZ-OAOB01000025.1	95.383	1150	99	1148	0.0	1782	RS-GCF-900205795.1-NZ-OAOB01000025.1
14455-1492R-A6-T-A11	RS-GCF-002215535.1-NZ-CP022247.1--6	95.383	1150	99	1148	0.0	1782	RS-GCF-002215535.1-NZ-CP022247.1--6
14455-1492R-A6-T-A11	RS-GCF-000705075.1-NZ-JMID01000002.1	95.383	1150	99	1148	0.0	1782	RS-GCF-000705075.1-NZ-JMID01000002.1
14455-1492R-A6-T-A11	GB-GCA-001658655.1-LXRP01000038.1	95.383	1150	99	1148	0.0	1782	GB-GCA-001658655.1-LXRP01000038.1
14455-1492R-A6-T-A11	RS-GCF-003980195.1-NZ-LUBX01000012.1	95.383	1150	99	1148	0.0	1782	RS-GCF-003980195.1-NZ-LUBX01000012.1
14455-1492R-A6-T-A11	RS-GCF-001072885.1-NZ-JVHR01000007.1	95.383	1150	99	1148	0.0	1782	RS-GCF-001072885.1-NZ-JVHR01000007.1
14455-1492R-A6-T-A11	GB-GCA-003687755.1-RDFC01000075.1	95.383	1150	99	1148	0.0	1782	GB-GCA-003687755.1-RDFC01000075.1
14455-1492R-A6-T-A11	RS-GCF-006742205.1-NZ-AP019721.1--6	95.383	1150	99	1148	0.0	1782	RS-GCF-006742205.1-NZ-AP019721.1--6
14455-1492R-A6-T-A11	RS-GCF-001662985.1-NZ-LYYX01000031.1	95.383	1150	99	1148	0.0	1782	RS-GCF-001662985.1-NZ-LYYX01000031.1
14455-1492R-A6-T-A11	RS-GCF-001658625.1-NZ-LXRQ01000031.1	95.383	1150	99	1148	0.0	1782	RS-GCF-001658625.1-NZ-LXRQ01000031.1
14455-1492R-A6-T-A11	RS-GCF-000011925.1-NC-002976.3--3	95.383	1150	99	1148	0.0	1782	RS-GCF-000011925.1-NC-002976.3--3
14455-1492R-A6-T-A11	RS-GCF-900149265.1-NZ-FSRX01000021.1	95.300	1150	99	1149	0.0	1782	RS-GCF-900149265.1-NZ-FSRX01000021.1
14455-1492R-A6-T-A11	RS-GCF-018502005.1-NZ-CP075506.1--6	95.300	1150	99	1149	0.0	1782	RS-GCF-018502005.1-NZ-CP075506.1--6
14455-1492R-A6-T-A11	RS-GCF-002303825.1-NZ-LLBF01000016.1	95.300	1150	99	1149	0.0	1782	RS-GCF-002303825.1-NZ-LLBF01000016.1
14455-1492R-A6-T-A11	RS-GCF-002983335.1-NZ-PHWR01000026.1	95.300	1150	99	1149	0.0	1782	RS-GCF-002983335.1-NZ-PHWR01000026.1
14455-1492R-A6-T-A11	RS-GCF-003991015.1-NZ-CP029474.1--3	95.383	1150	99	1148	0.0	1782	RS-GCF-003991015.1-NZ-CP029474.1--3
14455-1492R-A6-T-A11	RS-GCF-003724015.1-NZ-RBVO01000016.1	95.300	1150	99	1149	0.0	1782	RS-GCF-003724015.1-NZ-RBVO01000016.1
14455-1492R-A6-T-A11	RS-GCF-007827105.1-NZ-CP042048.1--3	95.300	1150	99	1149	0.0	1782	RS-GCF-007827105.1-NZ-CP042048.1--3
14455-1492R-A6-T-A11	RS-GCF-007827105.1-NZ-CP042048.1	95.300	1150	99	1149	0.0	1782	RS-GCF-007827105.1-NZ-CP042048.1
14455-1492R-A6-T-A11	G008763925	95.383	1150	99	1148	0.0	1782	G008763925
14455-1492R-A6-T-A11	G008349105	95.383	1150	99	1148	0.0	1782	G008349105
14455-1492R-A6-T-A11	G000245655	95.383	1150	99	1148	0.0	1782	G000245655
14455-1492R-A6-T-A11	G000183685	95.383	1150	99	1148	0.0	1782	G000183685
14455-1492R-A6-T-A11	G000009865	95.383	1150	99	1148	0.0	1782	G000009865
14455-1492R-A6-T-A11	MT586030	95.383	1150	99	1148	0.0	1782	MT586030
14455-1492R-A6-T-A11	AB009935	95.383	1150	99	1148	0.0	1782	AB009935
14455-1492R-A6-T-A11	D83363	95.383	1150	99	1148	0.0	1782	D83363
14455-1492R-A6-T-A11	AB009937	95.383	1150	99	1148	0.0	1782	AB009937
14455-1492R-A6-T-A11	MJ005-barcode41-umi10095bins-ubs-21	95.383	1150	99	1148	0.0	1782	MJ005-barcode41-umi10095bins-ubs-21
14455-1492R-A6-T-A11	MJ005-barcode41-umi18767bins-ubs-13	95.383	1150	99	1148	0.0	1782	MJ005-barcode41-umi18767bins-ubs-13
14455-1492R-A6-T-A11	MJ005-barcode42-umi19192bins-ubs-11	95.383	1150	99	1148	0.0	1782	MJ005-barcode42-umi19192bins-ubs-11
14455-1492R-A6-T-A11	MJ006-1-barcode27-umi62770bins-ubs-9	95.383	1150	99	1148	0.0	1782	MJ006-1-barcode27-umi62770bins-ubs-9
14455-1492R-A6-T-A11	MJ006-1-barcode27-umi141267bins-ubs-3	95.383	1150	99	1148	0.0	1782	MJ006-1-barcode27-umi141267bins-ubs-3
14455-1492R-A6-T-A11	MJ006-1-barcode27-umi155401bins-ubs-3	95.383	1150	99	1148	0.0	1782	MJ006-1-barcode27-umi155401bins-ubs-3
14455-1492R-A6-T-A11	MJ006-2-barcode55-umi16504bins-ubs-15	95.383	1150	99	1148	0.0	1782	MJ006-2-barcode55-umi16504bins-ubs-15
14455-1492R-A6-T-A11	MJ006-1-barcode26-umi45094bins-ubs-10	95.383	1150	99	1148	0.0	1782	MJ006-1-barcode26-umi45094bins-ubs-10
14455-1492R-A6-T-A11	MJ006-1-barcode37-umi124932bins-ubs-4	95.383	1150	99	1148	0.0	1782	MJ006-1-barcode37-umi124932bins-ubs-4
14455-1492R-A6-T-A11	MJ006-1-barcode41-umi79423bins-ubs-5	95.383	1150	99	1148	0.0	1782	MJ006-1-barcode41-umi79423bins-ubs-5
14455-1492R-A6-T-A11	RS-GCF-900125915.1-NZ-FQHW01000004.1	95.300	1150	99	1149	0.0	1781	RS-GCF-900125915.1-NZ-FQHW01000004.1
14455-1492R-A6-T-A11	RS-GCF-900457725.1-NZ-UAUW01000003.1	95.379	1150	99	1147	0.0	1781	RS-GCF-900457725.1-NZ-UAUW01000003.1
14455-1492R-A6-T-A11	RS-GCF-000596885.1-NZ-JEUP01000010.1	95.209	1150	99	1148	0.0	1781	RS-GCF-000596885.1-NZ-JEUP01000010.1
14455-1492R-A6-T-A11	RS-GCF-000530545.1-NZ-KI971450.1	95.379	1150	99	1147	0.0	1781	RS-GCF-000530545.1-NZ-KI971450.1
14455-1492R-A6-T-A11	RS-GCF-000636515.1-NZ-KK218794.1	95.209	1150	99	1148	0.0	1781	RS-GCF-000636515.1-NZ-KK218794.1
14455-1492R-A6-T-A11	RS-GCF-000636995.1-NZ-KK219785.1--2	95.379	1150	99	1147	0.0	1781	RS-GCF-000636995.1-NZ-KK219785.1--2
14455-1492R-A6-T-A11	RS-GCF-900187055.1-NZ-LT906460.1--5	95.300	1150	99	1149	0.0	1780	RS-GCF-900187055.1-NZ-LT906460.1--5
14455-1492R-A6-T-A11	GB-GCA-900186985.1-LT906447.1--3	95.300	1150	99	1149	0.0	1780	GB-GCA-900186985.1-LT906447.1--3
14455-1492R-A6-T-A11	RS-GCF-900636685.1-NZ-LR134304.1--6	95.300	1150	99	1149	0.0	1780	RS-GCF-900636685.1-NZ-LR134304.1--6
14455-1492R-A6-T-A11	RS-GCF-014877095.1-NZ-JADAMT010000037.1	95.300	1150	99	1149	0.0	1780	RS-GCF-014877095.1-NZ-JADAMT010000037.1
14455-1492R-A6-T-A11	RS-GCF-003035765.1-NZ-PYZI01000031.1	95.300	1150	99	1149	0.0	1780	RS-GCF-003035765.1-NZ-PYZI01000031.1
