14454-1492R-B6-C8	KP027419	93.511	1230	84	1048	0.0	1526	KP027419
14454-1492R-B6-C8	RS-GCF-001955975.1-NZ-MRTF01000019.1	91.928	1230	85	1053	0.0	1454	RS-GCF-001955975.1-NZ-MRTF01000019.1
14454-1492R-B6-C8	RS-GCF-003590055.1-NZ-CP032412.1--6	91.928	1230	85	1053	0.0	1454	RS-GCF-003590055.1-NZ-CP032412.1--6
14454-1492R-B6-C8	RS-GCF-001633025.1-NZ-LWMH01000001.1--7	91.935	1230	85	1054	0.0	1452	RS-GCF-001633025.1-NZ-LWMH01000001.1--7
14454-1492R-B6-C8	RS-GCF-014863545.1-NZ-CP062260.1--6	92.057	1230	84	1045	0.0	1452	RS-GCF-014863545.1-NZ-CP062260.1--6
14454-1492R-B6-C8	RS-GCF-000024685.1-NC-013406.1--8	91.912	1230	85	1051	0.0	1451	RS-GCF-000024685.1-NC-013406.1--8
14454-1492R-B6-C8	RS-GCF-000024685.1-NC-013406.1--7	91.912	1230	85	1051	0.0	1451	RS-GCF-000024685.1-NC-013406.1--7
14454-1492R-B6-C8	GQ303568	92.095	1230	84	1050	0.0	1451	GQ303568
14454-1492R-B6-C8	RS-GCF-002573715.1-NZ-PDHM01000011.1	91.833	1230	85	1053	0.0	1450	RS-GCF-002573715.1-NZ-PDHM01000011.1
14454-1492R-B6-C8	RS-GCF-001860525.1-NZ-JFOM01000042.1	91.833	1230	85	1053	0.0	1450	RS-GCF-001860525.1-NZ-JFOM01000042.1
14454-1492R-B6-C8	RS-GCF-002803325.1-NZ-MKZM01000016.1	91.962	1230	84	1045	0.0	1448	RS-GCF-002803325.1-NZ-MKZM01000016.1
14454-1492R-B6-C8	RS-GCF-001633025.1-NZ-LWMH01000001.1--6	91.841	1230	85	1054	0.0	1448	RS-GCF-001633025.1-NZ-LWMH01000001.1--6
14454-1492R-B6-C8	RS-GCF-000024685.1-NC-013406.1	91.962	1230	84	1045	0.0	1448	RS-GCF-000024685.1-NC-013406.1
14454-1492R-B6-C8	RS-GCF-014863545.1-NZ-CP062260.1--7	91.962	1230	84	1045	0.0	1448	RS-GCF-014863545.1-NZ-CP062260.1--7
14454-1492R-B6-C8	RS-GCF-002407025.1-NZ-NXFP01000014.1	91.962	1230	84	1045	0.0	1448	RS-GCF-002407025.1-NZ-NXFP01000014.1
14454-1492R-B6-C8	MJ010-1-barcode26-umi127631bins-ubs-4	91.841	1230	85	1054	0.0	1448	MJ010-1-barcode26-umi127631bins-ubs-4
14454-1492R-B6-C8	LN651195	91.920	1230	84	1052	0.0	1447	LN651195
14454-1492R-B6-C8	MJ010-1-barcode26-umi99775bins-ubs-6	91.817	1230	85	1051	0.0	1446	MJ010-1-barcode26-umi99775bins-ubs-6
14454-1492R-B6-C8	MJ010-1-barcode26-umi121455bins-ubs-4	91.817	1230	85	1051	0.0	1446	MJ010-1-barcode26-umi121455bins-ubs-4
14454-1492R-B6-C8	KF923806	91.935	1230	85	1054	0.0	1445	KF923806
14454-1492R-B6-C8	RS-GCF-001633025.1-NZ-LWMH01000001.1--5	91.825	1230	85	1052	0.0	1444	RS-GCF-001633025.1-NZ-LWMH01000001.1--5
14454-1492R-B6-C8	RS-GCF-000024685.1-NC-013406.1--4	91.794	1230	84	1048	0.0	1444	RS-GCF-000024685.1-NC-013406.1--4
14454-1492R-B6-C8	AB073188	91.866	1230	84	1045	0.0	1444	AB073188
14454-1492R-B6-C8	RS-GCF-018917385.1-NZ-JAHLOL010000031.1	91.746	1230	85	1054	0.0	1443	RS-GCF-018917385.1-NZ-JAHLOL010000031.1
14454-1492R-B6-C8	RS-GCF-009377295.1-NZ-VXLF01000027.1	91.746	1230	85	1054	0.0	1443	RS-GCF-009377295.1-NZ-VXLF01000027.1
14454-1492R-B6-C8	RS-GCF-003184205.1-NZ-CP020866.1--6	91.746	1230	85	1054	0.0	1443	RS-GCF-003184205.1-NZ-CP020866.1--6
14454-1492R-B6-C8	RS-GCF-014863545.1-NZ-CP062260.1	91.866	1230	84	1045	0.0	1443	RS-GCF-014863545.1-NZ-CP062260.1
14454-1492R-B6-C8	RS-GCF-003590055.1-NZ-CP032412.1	91.866	1230	84	1045	0.0	1443	RS-GCF-003590055.1-NZ-CP032412.1
14454-1492R-B6-C8	MJ010-1-barcode26-umi162490bins-ubs-3	91.746	1230	85	1054	0.0	1443	MJ010-1-barcode26-umi162490bins-ubs-3
14454-1492R-B6-C8	MJ010-1-barcode26-umi72045bins-ubs-9	91.746	1230	85	1054	0.0	1443	MJ010-1-barcode26-umi72045bins-ubs-9
14454-1492R-B6-C8	MJ006-2-barcode59-umi155245bins-ubs-3	91.746	1230	85	1054	0.0	1443	MJ006-2-barcode59-umi155245bins-ubs-3
14454-1492R-B6-C8	RS-GCF-900177425.1-NZ-LT840184.1	92.148	1230	85	1057	0.0	1442	RS-GCF-900177425.1-NZ-LT840184.1
14454-1492R-B6-C8	RS-GCF-001633025.1-NZ-LWMH01000001.1--4	91.874	1230	84	1046	0.0	1442	RS-GCF-001633025.1-NZ-LWMH01000001.1--4
14454-1492R-B6-C8	RS-GCF-003184205.1-NZ-CP020866.1--2	91.874	1230	84	1046	0.0	1442	RS-GCF-003184205.1-NZ-CP020866.1--2
14454-1492R-B6-C8	RS-GCF-001955865.1-NZ-MRTT01000088.1	91.874	1230	84	1046	0.0	1442	RS-GCF-001955865.1-NZ-MRTT01000088.1
14454-1492R-B6-C8	RS-GCF-000193415.1-NZ-ADHJ01000002.1	91.874	1230	84	1046	0.0	1442	RS-GCF-000193415.1-NZ-ADHJ01000002.1
14454-1492R-B6-C8	G001632305	91.874	1230	84	1046	0.0	1442	G001632305
14454-1492R-B6-C8	KC835079	91.920	1230	85	1052	0.0	1442	KC835079
14454-1492R-B6-C8	FN556467	92.148	1230	85	1057	0.0	1442	FN556467
14454-1492R-B6-C8	MJ030-1-barcode25-umi34551bins-ubs-15	92.148	1230	85	1057	0.0	1442	MJ030-1-barcode25-umi34551bins-ubs-15
14454-1492R-B6-C8	MJ010-1-barcode26-umi135227bins-ubs-4	91.651	1230	85	1054	0.0	1439	MJ010-1-barcode26-umi135227bins-ubs-4
14454-1492R-B6-C8	MJ010-1-barcode26-umi125392bins-ubs-4	91.651	1230	85	1054	0.0	1439	MJ010-1-barcode26-umi125392bins-ubs-4
14454-1492R-B6-C8	MJ010-1-barcode26-umi49744bins-ubs-13	91.651	1230	85	1054	0.0	1439	MJ010-1-barcode26-umi49744bins-ubs-13
14454-1492R-B6-C8	MJ010-1-barcode26-umi73718bins-ubs-10	91.651	1230	85	1054	0.0	1439	MJ010-1-barcode26-umi73718bins-ubs-10
14454-1492R-B6-C8	G000230915	91.722	1230	85	1051	0.0	1438	G000230915
14454-1492R-B6-C8	RS-GCF-002897295.1-NZ-BEXF01000069.1	91.778	1230	84	1046	0.0	1437	RS-GCF-002897295.1-NZ-BEXF01000069.1
14454-1492R-B6-C8	RS-GCF-015326965.1-NZ-CP017659.1--5	91.778	1230	84	1046	0.0	1437	RS-GCF-015326965.1-NZ-CP017659.1--5
14454-1492R-B6-C8	RS-GCF-001633025.1-NZ-LWMH01000001.1	91.778	1230	84	1046	0.0	1437	RS-GCF-001633025.1-NZ-LWMH01000001.1
14454-1492R-B6-C8	RS-GCF-003590055.1-NZ-CP032412.1--3	91.778	1230	84	1046	0.0	1437	RS-GCF-003590055.1-NZ-CP032412.1--3
14454-1492R-B6-C8	AB073189	91.786	1230	84	1047	0.0	1436	AB073189
14454-1492R-B6-C8	RS-GCF-015326965.1-NZ-CP017659.1--4	91.635	1230	85	1052	0.0	1435	RS-GCF-015326965.1-NZ-CP017659.1--4
14454-1492R-B6-C8	RS-GCF-015326965.1-NZ-CP017659.1--3	91.635	1230	85	1052	0.0	1435	RS-GCF-015326965.1-NZ-CP017659.1--3
14454-1492R-B6-C8	RS-GCF-000024685.1-NC-013406.1--6	91.635	1230	85	1052	0.0	1435	RS-GCF-000024685.1-NC-013406.1--6
14454-1492R-B6-C8	MJ010-1-barcode26-umi143797bins-ubs-4	91.635	1230	85	1052	0.0	1435	MJ010-1-barcode26-umi143797bins-ubs-4
14454-1492R-B6-C8	MJ010-1-barcode26-umi101572bins-ubs-6	91.635	1230	85	1052	0.0	1435	MJ010-1-barcode26-umi101572bins-ubs-6
14454-1492R-B6-C8	RS-GCF-015326965.1-NZ-CP017659.1	91.556	1230	85	1054	0.0	1434	RS-GCF-015326965.1-NZ-CP017659.1
14454-1492R-B6-C8	RS-GCF-003269305.1-NZ-QLYT01000048.1	91.556	1230	85	1054	0.0	1434	RS-GCF-003269305.1-NZ-QLYT01000048.1
14454-1492R-B6-C8	RS-GCF-003184205.1-NZ-CP020866.1--8	91.556	1230	85	1054	0.0	1434	RS-GCF-003184205.1-NZ-CP020866.1--8
14454-1492R-B6-C8	MJ010-1-barcode26-umi119111bins-ubs-5	91.556	1230	85	1054	0.0	1434	MJ010-1-barcode26-umi119111bins-ubs-5
14454-1492R-B6-C8	MJ010-1-barcode26-umi55881bins-ubs-13	91.556	1230	85	1054	0.0	1434	MJ010-1-barcode26-umi55881bins-ubs-13
14454-1492R-B6-C8	RS-GCF-000987955.1-NZ-LAZU01000005.1	92.080	1230	84	1048	0.0	1433	RS-GCF-000987955.1-NZ-LAZU01000005.1
14454-1492R-B6-C8	RS-GCF-015326965.1-NZ-CP017659.1--2	91.683	1230	84	1046	0.0	1433	RS-GCF-015326965.1-NZ-CP017659.1--2
14454-1492R-B6-C8	AY257868	91.635	1230	85	1052	0.0	1432	AY257868
14454-1492R-B6-C8	MJ010-1-barcode26-umi84724bins-ubs-7	91.461	1230	85	1054	0.0	1430	MJ010-1-barcode26-umi84724bins-ubs-7
14454-1492R-B6-C8	RS-GCF-002741055.1-NZ-CP016809.1--2	91.532	1230	85	1051	0.0	1429	RS-GCF-002741055.1-NZ-CP016809.1--2
14454-1492R-B6-C8	KF583881	91.445	1230	85	1052	0.0	1426	KF583881
14454-1492R-B6-C8	MJ030-2-barcode65-umi41643bins-ubs-19	91.469	1230	85	1055	0.0	1425	MJ030-2-barcode65-umi41643bins-ubs-19
14454-1492R-B6-C8	EU888513	91.777	1230	85	1058	0.0	1422	EU888513
14454-1492R-B6-C8	RS-GCF-018919145.1-NZ-JAHLQJ010000046.1	91.374	1230	85	1055	0.0	1420	RS-GCF-018919145.1-NZ-JAHLQJ010000046.1
14454-1492R-B6-C8	AB979873	91.500	1230	84	1047	0.0	1418	AB979873
14454-1492R-B6-C8	RS-GCF-002741055.1-NZ-CP016809.1--9	91.246	1230	85	1051	0.0	1416	RS-GCF-002741055.1-NZ-CP016809.1--9
14454-1492R-B6-C8	RS-GCF-002741055.1-NZ-CP016809.1--4	91.246	1230	85	1051	0.0	1416	RS-GCF-002741055.1-NZ-CP016809.1--4
14454-1492R-B6-C8	RS-GCF-001996445.1-NZ-MRVI01000003.1	91.168	1230	85	1053	0.0	1415	RS-GCF-001996445.1-NZ-MRVI01000003.1
14454-1492R-B6-C8	RS-GCF-018207515.1-NZ-CP073365.1--4	91.082	1230	85	1054	0.0	1412	RS-GCF-018207515.1-NZ-CP073365.1--4
14454-1492R-B6-C8	MJ030-2-barcode65-umi8866bins-ubs-52	91.263	1230	85	1053	0.0	1412	MJ030-2-barcode65-umi8866bins-ubs-52
14454-1492R-B6-C8	RS-GCF-001996445.1-NZ-MRVI01000003.1--2	91.151	1230	85	1051	0.0	1411	RS-GCF-001996445.1-NZ-MRVI01000003.1--2
14454-1492R-B6-C8	AJ318909	91.366	1230	85	1054	0.0	1411	AJ318909
14454-1492R-B6-C8	KP745129	91.151	1230	85	1051	0.0	1411	KP745129
14454-1492R-B6-C8	AB819817	91.485	1230	85	1057	0.0	1410	AB819817
14454-1492R-B6-C8	RS-GCF-002741055.1-NZ-CP016809.1--8	91.160	1230	85	1052	0.0	1409	RS-GCF-002741055.1-NZ-CP016809.1--8
14454-1492R-B6-C8	G001373415	91.706	1230	84	1049	0.0	1409	G001373415
14454-1492R-B6-C8	RS-GCF-018207515.1-NZ-CP073365.1--9	91.065	1230	85	1052	0.0	1408	RS-GCF-018207515.1-NZ-CP073365.1--9
14454-1492R-B6-C8	KX530777	90.970	1230	85	1052	0.0	1405	KX530777
14454-1492R-B6-C8	RS-GCF-000758665.1-NZ-CP009285.1	90.970	1230	85	1052	0.0	1404	RS-GCF-000758665.1-NZ-CP009285.1
14454-1492R-B6-C8	RS-GCF-018207515.1-NZ-CP073365.1--5	90.970	1230	85	1052	0.0	1404	RS-GCF-018207515.1-NZ-CP073365.1--5
14454-1492R-B6-C8	MJ030-1-barcode49-umi17167bins-ubs-28	91.073	1230	85	1053	0.0	1403	MJ030-1-barcode49-umi17167bins-ubs-28
14454-1492R-B6-C8	MJ007-1-barcode38-umi41245bins-ubs-3	91.469	1230	85	1055	0.0	1403	MJ007-1-barcode38-umi41245bins-ubs-3
14454-1492R-B6-C8	RS-GCF-017582705.1-NZ-JAGFIP010000034.1	91.246	1230	84	1051	0.0	1401	RS-GCF-017582705.1-NZ-JAGFIP010000034.1
14454-1492R-B6-C8	RS-GCF-005577435.1-NZ-CP040396.1--9	91.246	1230	84	1051	0.0	1401	RS-GCF-005577435.1-NZ-CP040396.1--9
14454-1492R-B6-C8	RS-GCF-005577435.1-NZ-CP040396.1--5	91.246	1230	84	1051	0.0	1401	RS-GCF-005577435.1-NZ-CP040396.1--5
14454-1492R-B6-C8	RS-GCF-005577435.1-NZ-CP040396.1	91.246	1230	84	1051	0.0	1401	RS-GCF-005577435.1-NZ-CP040396.1
14454-1492R-B6-C8	MG994973	91.246	1230	84	1051	0.0	1401	MG994973
14454-1492R-B6-C8	GB-GCA-900766135.1-CAAFUF010000026.1	91.073	1230	85	1053	0.0	1399	GB-GCA-900766135.1-CAAFUF010000026.1
14454-1492R-B6-C8	RS-GCF-000758605.1-NZ-CP009282.1--10	90.875	1230	85	1052	0.0	1399	RS-GCF-000758605.1-NZ-CP009282.1--10
14454-1492R-B6-C8	RS-GCF-018207515.1-NZ-CP073365.1--10	90.875	1230	85	1052	0.0	1399	RS-GCF-018207515.1-NZ-CP073365.1--10
14454-1492R-B6-C8	RS-GCF-018207515.1-NZ-CP073365.1--3	90.875	1230	85	1052	0.0	1399	RS-GCF-018207515.1-NZ-CP073365.1--3
14454-1492R-B6-C8	RS-GCF-000758565.1-NZ-CP009280.1--10	90.875	1230	85	1052	0.0	1399	RS-GCF-000758565.1-NZ-CP009280.1--10
14454-1492R-B6-C8	GQ423056	90.892	1230	85	1054	0.0	1399	GQ423056
14454-1492R-B6-C8	MJ034-1-barcode30-umi27085bins-ubs-4	91.073	1230	85	1053	0.0	1399	MJ034-1-barcode30-umi27085bins-ubs-4
14454-1492R-B6-C8	RS-GCF-000758605.1-NZ-CP009282.1--7	90.797	1230	85	1054	0.0	1398	RS-GCF-000758605.1-NZ-CP009282.1--7
14454-1492R-B6-C8	RS-GCF-009725205.1-NZ-WNZY01000044.1	91.176	1230	85	1054	0.0	1398	RS-GCF-009725205.1-NZ-WNZY01000044.1
14454-1492R-B6-C8	RS-GCF-014947195.2-NZ-JADCNN020000046.1	91.176	1230	85	1054	0.0	1398	RS-GCF-014947195.2-NZ-JADCNN020000046.1
14454-1492R-B6-C8	RS-GCF-000758565.1-NZ-CP009280.1--7	90.797	1230	85	1054	0.0	1398	RS-GCF-000758565.1-NZ-CP009280.1--7
14454-1492R-B6-C8	RS-GCF-003994465.1-NZ-RZNX01000019.1	91.013	1230	84	1046	0.0	1397	RS-GCF-003994465.1-NZ-RZNX01000019.1
14454-1492R-B6-C8	MH551482	91.013	1230	84	1046	0.0	1397	MH551482
14454-1492R-B6-C8	RS-GCF-001315125.1-NZ-BAZT01000055.1	90.892	1230	85	1054	0.0	1396	RS-GCF-001315125.1-NZ-BAZT01000055.1
14454-1492R-B6-C8	RS-GCF-902376025.1-NZ-CABKWC010000004.1--6	90.875	1230	85	1052	0.0	1396	RS-GCF-902376025.1-NZ-CABKWC010000004.1--6
14454-1492R-B6-C8	RS-GCF-902376025.1-NZ-CABKWC010000004.1--4	90.875	1230	85	1052	0.0	1396	RS-GCF-902376025.1-NZ-CABKWC010000004.1--4
14454-1492R-B6-C8	G900086655	90.875	1230	85	1052	0.0	1396	G900086655
14454-1492R-B6-C8	G000576305	90.892	1230	85	1054	0.0	1396	G000576305
14454-1492R-B6-C8	RS-GCF-000758605.1-NZ-CP009282.1--9	90.779	1230	85	1052	0.0	1395	RS-GCF-000758605.1-NZ-CP009282.1--9
14454-1492R-B6-C8	RS-GCF-005577435.1-NZ-CP040396.1--8	91.292	1230	84	1045	0.0	1395	RS-GCF-005577435.1-NZ-CP040396.1--8
14454-1492R-B6-C8	RS-GCF-001956105.1-NZ-MRTL01000014.1	90.779	1230	85	1052	0.0	1395	RS-GCF-001956105.1-NZ-MRTL01000014.1
14454-1492R-B6-C8	RS-GCF-000758565.1-NZ-CP009280.1--8	90.779	1230	85	1052	0.0	1395	RS-GCF-000758565.1-NZ-CP009280.1--8
14454-1492R-B6-C8	MJ010-1-barcode26-umi85882bins-ubs-7	90.779	1230	85	1052	0.0	1395	MJ010-1-barcode26-umi85882bins-ubs-7
14454-1492R-B6-C8	RS-GCF-000758605.1-NZ-CP009282.1	90.822	1230	84	1046	0.0	1392	RS-GCF-000758605.1-NZ-CP009282.1
14454-1492R-B6-C8	RS-GCF-000758565.1-NZ-CP009280.1--2	90.822	1230	84	1046	0.0	1392	RS-GCF-000758565.1-NZ-CP009280.1--2
14454-1492R-B6-C8	MT105334	90.589	1230	85	1052	0.0	1391	MT105334
14454-1492R-B6-C8	RS-GCF-000758625.1-NZ-CP009283.1--2	90.684	1230	85	1052	0.0	1390	RS-GCF-000758625.1-NZ-CP009283.1--2
14454-1492R-B6-C8	RS-GCF-000758625.1-NZ-CP009283.1	90.684	1230	85	1052	0.0	1390	RS-GCF-000758625.1-NZ-CP009283.1
14454-1492R-B6-C8	RS-GCF-001957005.1-NZ-MRTY01000074.1	90.684	1230	85	1052	0.0	1390	RS-GCF-001957005.1-NZ-MRTY01000074.1
14454-1492R-B6-C8	RS-GCF-000758565.1-NZ-CP009280.1--9	90.684	1230	85	1052	0.0	1390	RS-GCF-000758565.1-NZ-CP009280.1--9
14454-1492R-B6-C8	RS-GCF-002272015.1-NZ-NPBY01000122.1	90.806	1230	85	1055	0.0	1389	RS-GCF-002272015.1-NZ-NPBY01000122.1
14454-1492R-B6-C8	KM978206	90.788	1230	85	1053	0.0	1389	KM978206
14454-1492R-B6-C8	RS-GCF-007858415.1-NZ-CP042272.1--12	90.658	1230	84	1049	0.0	1388	RS-GCF-007858415.1-NZ-CP042272.1--12
14454-1492R-B6-C8	RS-GCF-001619755.1-NZ-LQQX01000147.1	90.658	1230	84	1049	0.0	1388	RS-GCF-001619755.1-NZ-LQQX01000147.1
14454-1492R-B6-C8	RS-GCF-002872435.1-NZ-CP025696.1--7	90.711	1230	85	1055	0.0	1388	RS-GCF-002872435.1-NZ-CP025696.1--7
14454-1492R-B6-C8	RS-GCF-003856555.1-NZ-CP034141.1--8	90.711	1230	85	1055	0.0	1388	RS-GCF-003856555.1-NZ-CP034141.1--8
14454-1492R-B6-C8	RS-GCF-003856555.1-NZ-CP034141.1--6	90.711	1230	85	1055	0.0	1388	RS-GCF-003856555.1-NZ-CP034141.1--6
14454-1492R-B6-C8	RS-GCF-014854715.1-NZ-CP029370.1--5	90.711	1230	85	1055	0.0	1388	RS-GCF-014854715.1-NZ-CP029370.1--5
14454-1492R-B6-C8	RS-GCF-900454545.1-NZ-UATJ01000013.1	90.658	1230	84	1049	0.0	1388	RS-GCF-900454545.1-NZ-UATJ01000013.1
14454-1492R-B6-C8	AY323612	90.892	1230	85	1054	0.0	1388	AY323612
14454-1492R-B6-C8	RS-GCF-003856555.1-NZ-CP034141.1--11	90.762	1230	84	1050	0.0	1388	RS-GCF-003856555.1-NZ-CP034141.1--11
14454-1492R-B6-C8	RS-GCF-001049835.1-NZ-CVPD01000001.1--11	90.762	1230	84	1050	0.0	1388	RS-GCF-001049835.1-NZ-CVPD01000001.1--11
14454-1492R-B6-C8	RS-GCF-014854715.1-NZ-CP029370.1--12	90.762	1230	84	1050	0.0	1388	RS-GCF-014854715.1-NZ-CP029370.1--12
14454-1492R-B6-C8	RS-GCF-014854715.1-NZ-CP029370.1--10	90.762	1230	84	1050	0.0	1388	RS-GCF-014854715.1-NZ-CP029370.1--10
14454-1492R-B6-C8	RS-GCF-000237325.1-NC-017542.1--12	90.762	1230	84	1050	0.0	1388	RS-GCF-000237325.1-NC-017542.1--12
14454-1492R-B6-C8	RS-GCF-002894925.1-NZ-POVT01000032.1	90.762	1230	84	1050	0.0	1388	RS-GCF-002894925.1-NZ-POVT01000032.1
14454-1492R-B6-C8	RS-GCF-900454525.1-NZ-UGSC01000001.1--4	90.762	1230	84	1050	0.0	1388	RS-GCF-900454525.1-NZ-UGSC01000001.1--4
14454-1492R-B6-C8	AB245384	90.883	1230	85	1053	0.0	1387	AB245384
14454-1492R-B6-C8	RS-GCF-003931855.1-NZ-CP034248.1--4	90.607	1230	85	1054	0.0	1386	RS-GCF-003931855.1-NZ-CP034248.1--4
14454-1492R-B6-C8	RS-GCF-000758625.1-NZ-CP009283.1--7	90.589	1230	85	1052	0.0	1386	RS-GCF-000758625.1-NZ-CP009283.1--7
14454-1492R-B6-C8	RS-GCF-000758645.1-NZ-CP009284.1--8	90.589	1230	85	1052	0.0	1386	RS-GCF-000758645.1-NZ-CP009284.1--8
14454-1492R-B6-C8	RS-GCF-000758645.1-NZ-CP009284.1--7	90.589	1230	85	1052	0.0	1386	RS-GCF-000758645.1-NZ-CP009284.1--7
14454-1492R-B6-C8	RS-GCF-000758645.1-NZ-CP009284.1--6	90.589	1230	85	1052	0.0	1386	RS-GCF-000758645.1-NZ-CP009284.1--6
14454-1492R-B6-C8	RS-GCF-000758645.1-NZ-CP009284.1--4	90.589	1230	85	1052	0.0	1386	RS-GCF-000758645.1-NZ-CP009284.1--4
14454-1492R-B6-C8	RS-GCF-000758645.1-NZ-CP009284.1--3	90.589	1230	85	1052	0.0	1386	RS-GCF-000758645.1-NZ-CP009284.1--3
14454-1492R-B6-C8	AB769168	90.607	1230	85	1054	0.0	1386	AB769168
14454-1492R-B6-C8	RS-GCF-007858415.1-NZ-CP042272.1--5	90.512	1230	85	1054	0.0	1385	RS-GCF-007858415.1-NZ-CP042272.1--5
14454-1492R-B6-C8	RS-GCF-014854715.1-NZ-CP029370.1--6	90.512	1230	85	1054	0.0	1385	RS-GCF-014854715.1-NZ-CP029370.1--6
14454-1492R-B6-C8	RS-GCF-014854715.1-NZ-CP029370.1--4	90.512	1230	85	1054	0.0	1385	RS-GCF-014854715.1-NZ-CP029370.1--4
14454-1492R-B6-C8	RS-GCF-014854715.1-NZ-CP029370.1--3	90.512	1230	85	1054	0.0	1385	RS-GCF-014854715.1-NZ-CP029370.1--3
14454-1492R-B6-C8	RS-GCF-014854715.1-NZ-CP029370.1--2	90.512	1230	85	1054	0.0	1385	RS-GCF-014854715.1-NZ-CP029370.1--2
14454-1492R-B6-C8	RS-GCF-000819665.1-NZ-CP010268.1--2	90.512	1230	85	1054	0.0	1385	RS-GCF-000819665.1-NZ-CP010268.1--2
14454-1492R-B6-C8	RS-GCF-900454525.1-NZ-UGSC01000001.1	90.512	1230	85	1054	0.0	1385	RS-GCF-900454525.1-NZ-UGSC01000001.1
14454-1492R-B6-C8	RS-GCF-001049835.1-NZ-CVPD01000001.1--5	90.616	1230	85	1055	0.0	1384	RS-GCF-001049835.1-NZ-CVPD01000001.1--5
14454-1492R-B6-C8	RS-GCF-014854715.1-NZ-CP029370.1--8	90.562	1230	84	1049	0.0	1384	RS-GCF-014854715.1-NZ-CP029370.1--8
14454-1492R-B6-C8	RS-GCF-000237325.1-NC-017542.1--5	90.616	1230	85	1055	0.0	1384	RS-GCF-000237325.1-NC-017542.1--5
14454-1492R-B6-C8	RS-GCF-000819665.1-NZ-CP010268.1--9	90.616	1230	85	1055	0.0	1384	RS-GCF-000819665.1-NZ-CP010268.1--9
14454-1492R-B6-C8	RS-GCF-003428495.1-NZ-QVPU01000089.1	90.562	1230	84	1049	0.0	1384	RS-GCF-003428495.1-NZ-QVPU01000089.1
14454-1492R-B6-C8	RS-GCF-903797665.1-NZ-CAIGJZ010000116.1	90.562	1230	84	1049	0.0	1384	RS-GCF-903797665.1-NZ-CAIGJZ010000116.1
14454-1492R-B6-C8	RS-GCF-000597985.1-NZ-CP006872.1--4	90.616	1230	85	1055	0.0	1384	RS-GCF-000597985.1-NZ-CP006872.1--4
14454-1492R-B6-C8	RS-GCF-000785455.1-NZ-CP009909.1--10	90.562	1230	84	1049	0.0	1384	RS-GCF-000785455.1-NZ-CP009909.1--10
14454-1492R-B6-C8	RS-GCF-000785455.1-NZ-CP009909.1--7	90.562	1230	84	1049	0.0	1384	RS-GCF-000785455.1-NZ-CP009909.1--7
14454-1492R-B6-C8	RS-GCF-000785455.1-NZ-CP009909.1--6	90.562	1230	84	1049	0.0	1384	RS-GCF-000785455.1-NZ-CP009909.1--6
14454-1492R-B6-C8	RS-GCF-000785455.1-NZ-CP009909.1--4	90.562	1230	84	1049	0.0	1384	RS-GCF-000785455.1-NZ-CP009909.1--4
14454-1492R-B6-C8	RS-GCF-000785455.1-NZ-CP009909.1--2	90.562	1230	84	1049	0.0	1384	RS-GCF-000785455.1-NZ-CP009909.1--2
14454-1492R-B6-C8	MH842737	90.562	1230	84	1049	0.0	1384	MH842737
14454-1492R-B6-C8	RS-GCF-002872435.1-NZ-CP025696.1--11	90.667	1230	84	1050	0.0	1383	RS-GCF-002872435.1-NZ-CP025696.1--11
14454-1492R-B6-C8	RS-GCF-000237325.1-NC-017542.1--6	90.667	1230	84	1050	0.0	1383	RS-GCF-000237325.1-NC-017542.1--6
14454-1492R-B6-C8	RS-GCF-000237325.1-NC-017542.1--2	90.667	1230	84	1050	0.0	1383	RS-GCF-000237325.1-NC-017542.1--2
14454-1492R-B6-C8	RS-GCF-001955935.1-NZ-MRTC01000044.1	90.667	1230	84	1050	0.0	1383	RS-GCF-001955935.1-NZ-MRTC01000044.1
14454-1492R-B6-C8	RS-GCF-001874425.3-NZ-CP017968.3--10	90.667	1230	84	1050	0.0	1383	RS-GCF-001874425.3-NZ-CP017968.3--10
14454-1492R-B6-C8	RS-GCF-001874425.3-NZ-CP017968.3--2	90.667	1230	84	1050	0.0	1383	RS-GCF-001874425.3-NZ-CP017968.3--2
14454-1492R-B6-C8	RS-GCF-001272655.2-NZ-CP011512.1--12	90.667	1230	84	1050	0.0	1383	RS-GCF-001272655.2-NZ-CP011512.1--12
14454-1492R-B6-C8	RS-GCF-001272655.2-NZ-CP011512.1--6	90.667	1230	84	1050	0.0	1383	RS-GCF-001272655.2-NZ-CP011512.1--6
14454-1492R-B6-C8	RS-GCF-001874405.2-NZ-CP017967.2--8	90.667	1230	84	1050	0.0	1383	RS-GCF-001874405.2-NZ-CP017967.2--8
14454-1492R-B6-C8	RS-GCF-001874405.2-NZ-CP017967.2--6	90.667	1230	84	1050	0.0	1383	RS-GCF-001874405.2-NZ-CP017967.2--6
14454-1492R-B6-C8	RS-GCF-001874405.2-NZ-CP017967.2--5	90.667	1230	84	1050	0.0	1383	RS-GCF-001874405.2-NZ-CP017967.2--5
14454-1492R-B6-C8	RS-GCF-001922145.1-NZ-CP011420.1--10	90.667	1230	84	1050	0.0	1383	RS-GCF-001922145.1-NZ-CP011420.1--10
14454-1492R-B6-C8	RS-GCF-001922145.1-NZ-CP011420.1--2	90.667	1230	84	1050	0.0	1383	RS-GCF-001922145.1-NZ-CP011420.1--2
14454-1492R-B6-C8	RS-GCF-001922145.1-NZ-CP011420.1	90.667	1230	84	1050	0.0	1383	RS-GCF-001922145.1-NZ-CP011420.1
14454-1492R-B6-C8	RS-GCF-017833155.1-NZ-JAFIBS010000001.1--11	90.667	1230	84	1050	0.0	1383	RS-GCF-017833155.1-NZ-JAFIBS010000001.1--11
14454-1492R-B6-C8	RS-GCF-017833155.1-NZ-JAFIBS010000001.1--9	90.667	1230	84	1050	0.0	1383	RS-GCF-017833155.1-NZ-JAFIBS010000001.1--9
14454-1492R-B6-C8	RS-GCF-900406265.2-NZ-OXKC02000021.1	90.667	1230	84	1050	0.0	1383	RS-GCF-900406265.2-NZ-OXKC02000021.1
14454-1492R-B6-C8	RS-GCF-000597985.1-NZ-CP006872.1	90.667	1230	84	1050	0.0	1383	RS-GCF-000597985.1-NZ-CP006872.1
14454-1492R-B6-C8	RS-GCF-015710975.1-NZ-CP049783.1--2	90.667	1230	84	1050	0.0	1383	RS-GCF-015710975.1-NZ-CP049783.1--2
14454-1492R-B6-C8	G000164985	90.667	1230	84	1050	0.0	1383	G000164985
14454-1492R-B6-C8	AF021924	90.625	1230	85	1056	0.0	1383	AF021924
14454-1492R-B6-C8	AY323608	90.684	1230	85	1052	0.0	1383	AY323608
14454-1492R-B6-C8	RS-GCF-003991425.1-NZ-CP034346.1--3	90.788	1230	85	1053	0.0	1382	RS-GCF-003991425.1-NZ-CP034346.1--3
14454-1492R-B6-C8	RS-GCF-003991425.1-NZ-CP034346.1--2	90.788	1230	85	1053	0.0	1382	RS-GCF-003991425.1-NZ-CP034346.1--2
14454-1492R-B6-C8	RS-GCF-003931855.1-NZ-CP034248.1--5	90.589	1230	85	1052	0.0	1382	RS-GCF-003931855.1-NZ-CP034248.1--5
14454-1492R-B6-C8	RS-GCF-001874405.2-NZ-CP017967.2--9	90.771	1230	84	1051	0.0	1382	RS-GCF-001874405.2-NZ-CP017967.2--9
14454-1492R-B6-C8	RS-GCF-003991425.1-NZ-CP034346.1--10	90.711	1230	85	1055	0.0	1381	RS-GCF-003991425.1-NZ-CP034346.1--10
14454-1492R-B6-C8	KJ005124	90.693	1230	85	1053	0.0	1381	KJ005124
14454-1492R-B6-C8	KC800716	90.512	1230	85	1054	0.0	1381	KC800716
14454-1492R-B6-C8	RS-GCF-007858415.1-NZ-CP042272.1--9	90.417	1230	85	1054	0.0	1380	RS-GCF-007858415.1-NZ-CP042272.1--9
14454-1492R-B6-C8	RS-GCF-007858415.1-NZ-CP042272.1--7	90.417	1230	85	1054	0.0	1380	RS-GCF-007858415.1-NZ-CP042272.1--7
14454-1492R-B6-C8	RS-GCF-001049835.1-NZ-CVPD01000001.1--7	90.417	1230	85	1054	0.0	1380	RS-GCF-001049835.1-NZ-CVPD01000001.1--7
14454-1492R-B6-C8	RS-GCF-000237325.1-NC-017542.1--14	90.417	1230	85	1054	0.0	1380	RS-GCF-000237325.1-NC-017542.1--14
14454-1492R-B6-C8	RS-GCF-000819665.1-NZ-CP010268.1--11	90.417	1230	85	1054	0.0	1380	RS-GCF-000819665.1-NZ-CP010268.1--11
14454-1492R-B6-C8	RS-GCF-007858415.1-NZ-CP042272.1--13	90.467	1230	84	1049	0.0	1379	RS-GCF-007858415.1-NZ-CP042272.1--13
14454-1492R-B6-C8	RS-GCF-007858415.1-NZ-CP042272.1--11	90.467	1230	84	1049	0.0	1379	RS-GCF-007858415.1-NZ-CP042272.1--11
14454-1492R-B6-C8	RS-GCF-007858415.1-NZ-CP042272.1--4	90.467	1230	84	1049	0.0	1379	RS-GCF-007858415.1-NZ-CP042272.1--4
14454-1492R-B6-C8	RS-GCF-003856555.1-NZ-CP034141.1--9	90.467	1230	84	1049	0.0	1379	RS-GCF-003856555.1-NZ-CP034141.1--9
14454-1492R-B6-C8	RS-GCF-003856555.1-NZ-CP034141.1--2	90.467	1230	84	1049	0.0	1379	RS-GCF-003856555.1-NZ-CP034141.1--2
14454-1492R-B6-C8	RS-GCF-000237325.1-NC-017542.1--8	90.467	1230	84	1049	0.0	1379	RS-GCF-000237325.1-NC-017542.1--8
14454-1492R-B6-C8	RS-GCF-000237325.1-NC-017542.1--3	90.467	1230	84	1049	0.0	1379	RS-GCF-000237325.1-NC-017542.1--3
14454-1492R-B6-C8	RS-GCF-000819665.1-NZ-CP010268.1--13	90.467	1230	84	1049	0.0	1379	RS-GCF-000819665.1-NZ-CP010268.1--13
14454-1492R-B6-C8	RS-GCF-014692735.1-NZ-CP061172.1--9	90.521	1230	85	1055	0.0	1379	RS-GCF-014692735.1-NZ-CP061172.1--9
14454-1492R-B6-C8	RS-GCF-001874425.3-NZ-CP017968.3--4	90.467	1230	84	1049	0.0	1379	RS-GCF-001874425.3-NZ-CP017968.3--4
14454-1492R-B6-C8	RS-GCF-001874425.3-NZ-CP017968.3	90.467	1230	84	1049	0.0	1379	RS-GCF-001874425.3-NZ-CP017968.3
14454-1492R-B6-C8	RS-GCF-001272655.2-NZ-CP011512.1--8	90.467	1230	84	1049	0.0	1379	RS-GCF-001272655.2-NZ-CP011512.1--8
14454-1492R-B6-C8	RS-GCF-001272655.2-NZ-CP011512.1--7	90.467	1230	84	1049	0.0	1379	RS-GCF-001272655.2-NZ-CP011512.1--7
14454-1492R-B6-C8	RS-GCF-001272655.2-NZ-CP011512.1--2	90.467	1230	84	1049	0.0	1379	RS-GCF-001272655.2-NZ-CP011512.1--2
14454-1492R-B6-C8	RS-GCF-001719045.1-NZ-CP015423.1--9	90.467	1230	84	1049	0.0	1379	RS-GCF-001719045.1-NZ-CP015423.1--9
14454-1492R-B6-C8	RS-GCF-001874405.2-NZ-CP017967.2--7	90.467	1230	84	1049	0.0	1379	RS-GCF-001874405.2-NZ-CP017967.2--7
14454-1492R-B6-C8	RS-GCF-001874405.2-NZ-CP017967.2--3	90.467	1230	84	1049	0.0	1379	RS-GCF-001874405.2-NZ-CP017967.2--3
14454-1492R-B6-C8	RS-GCF-001874405.2-NZ-CP017967.2	90.467	1230	84	1049	0.0	1379	RS-GCF-001874405.2-NZ-CP017967.2
14454-1492R-B6-C8	RS-GCF-000507205.3-NC-023037.2--7	90.467	1230	84	1049	0.0	1379	RS-GCF-000507205.3-NC-023037.2--7
14454-1492R-B6-C8	RS-GCF-001922145.1-NZ-CP011420.1--12	90.467	1230	84	1049	0.0	1379	RS-GCF-001922145.1-NZ-CP011420.1--12
14454-1492R-B6-C8	RS-GCF-001922145.1-NZ-CP011420.1--9	90.467	1230	84	1049	0.0	1379	RS-GCF-001922145.1-NZ-CP011420.1--9
14454-1492R-B6-C8	RS-GCF-001922145.1-NZ-CP011420.1--7	90.467	1230	84	1049	0.0	1379	RS-GCF-001922145.1-NZ-CP011420.1--7
14454-1492R-B6-C8	RS-GCF-001922145.1-NZ-CP011420.1--4	90.467	1230	84	1049	0.0	1379	RS-GCF-001922145.1-NZ-CP011420.1--4
14454-1492R-B6-C8	RS-GCF-000146875.3-NC-014483.2--8	90.467	1230	84	1049	0.0	1379	RS-GCF-000146875.3-NC-014483.2--8
14454-1492R-B6-C8	RS-GCF-000146875.3-NC-014483.2--6	90.467	1230	84	1049	0.0	1379	RS-GCF-000146875.3-NC-014483.2--6
14454-1492R-B6-C8	RS-GCF-000146875.3-NC-014483.2--5	90.467	1230	84	1049	0.0	1379	RS-GCF-000146875.3-NC-014483.2--5
14454-1492R-B6-C8	RS-GCF-000146875.3-NC-014483.2--4	90.467	1230	84	1049	0.0	1379	RS-GCF-000146875.3-NC-014483.2--4
14454-1492R-B6-C8	RS-GCF-000146875.3-NC-014483.2--2	90.467	1230	84	1049	0.0	1379	RS-GCF-000146875.3-NC-014483.2--2
14454-1492R-B6-C8	RS-GCF-017833155.1-NZ-JAFIBS010000001.1--6	90.467	1230	84	1049	0.0	1379	RS-GCF-017833155.1-NZ-JAFIBS010000001.1--6
14454-1492R-B6-C8	RS-GCF-017833155.1-NZ-JAFIBS010000001.1	90.467	1230	84	1049	0.0	1379	RS-GCF-017833155.1-NZ-JAFIBS010000001.1
14454-1492R-B6-C8	RS-GCF-001956225.1-NZ-MRTU01000002.1--2	90.467	1230	84	1049	0.0	1379	RS-GCF-001956225.1-NZ-MRTU01000002.1--2
14454-1492R-B6-C8	RS-GCF-001956155.1-NZ-MRTN01000002.1	90.467	1230	84	1049	0.0	1379	RS-GCF-001956155.1-NZ-MRTN01000002.1
14454-1492R-B6-C8	RS-GCF-000785455.1-NZ-CP009909.1	90.467	1230	84	1049	0.0	1379	RS-GCF-000785455.1-NZ-CP009909.1
14454-1492R-B6-C8	RS-GCF-015710975.1-NZ-CP049784.1	90.467	1230	84	1049	0.0	1379	RS-GCF-015710975.1-NZ-CP049784.1
14454-1492R-B6-C8	RS-GCF-015710975.1-NZ-CP049783.1--7	90.467	1230	84	1049	0.0	1379	RS-GCF-015710975.1-NZ-CP049783.1--7
14454-1492R-B6-C8	RS-GCF-000758545.1-NZ-CP009279.1--8	90.535	1230	84	1046	0.0	1379	RS-GCF-000758545.1-NZ-CP009279.1--8
14454-1492R-B6-C8	RS-GCF-003856555.1-NZ-CP034141.1--4	90.571	1230	84	1050	0.0	1379	RS-GCF-003856555.1-NZ-CP034141.1--4
14454-1492R-B6-C8	RS-GCF-017833155.1-NZ-JAFIBS010000001.1--10	90.571	1230	84	1050	0.0	1379	RS-GCF-017833155.1-NZ-JAFIBS010000001.1--10
14454-1492R-B6-C8	KP965581	90.512	1230	85	1054	0.0	1379	KP965581
14454-1492R-B6-C8	RS-GCF-003991425.1-NZ-CP034346.1--6	90.693	1230	85	1053	0.0	1378	RS-GCF-003991425.1-NZ-CP034346.1--6
14454-1492R-B6-C8	RS-GCF-002021565.1-NZ-MSZX01000035.1	90.494	1230	85	1052	0.0	1378	RS-GCF-002021565.1-NZ-MSZX01000035.1
14454-1492R-B6-C8	RS-GCF-003931855.1-NZ-CP034248.1--2	90.494	1230	85	1052	0.0	1378	RS-GCF-003931855.1-NZ-CP034248.1--2
14454-1492R-B6-C8	RS-GCF-003931855.1-NZ-CP034248.1	90.494	1230	85	1052	0.0	1378	RS-GCF-003931855.1-NZ-CP034248.1
14454-1492R-B6-C8	RS-GCF-000507205.3-NC-023037.2--12	90.476	1230	84	1050	0.0	1378	RS-GCF-000507205.3-NC-023037.2--12
14454-1492R-B6-C8	RS-GCF-000507205.3-NC-023037.2--10	90.476	1230	84	1050	0.0	1378	RS-GCF-000507205.3-NC-023037.2--10
14454-1492R-B6-C8	RS-GCF-000507205.3-NC-023037.2--6	90.476	1230	84	1050	0.0	1378	RS-GCF-000507205.3-NC-023037.2--6
14454-1492R-B6-C8	RS-GCF-000507205.3-NC-023037.2--5	90.476	1230	84	1050	0.0	1378	RS-GCF-000507205.3-NC-023037.2--5
14454-1492R-B6-C8	RS-GCF-000507205.3-NC-023037.2--4	90.476	1230	84	1050	0.0	1378	RS-GCF-000507205.3-NC-023037.2--4
14454-1492R-B6-C8	RS-GCF-000507205.3-NC-023037.2--3	90.476	1230	84	1050	0.0	1378	RS-GCF-000507205.3-NC-023037.2--3
14454-1492R-B6-C8	RS-GCF-003991425.1-NZ-CP034346.1--8	90.616	1230	85	1055	0.0	1377	RS-GCF-003991425.1-NZ-CP034346.1--8
14454-1492R-B6-C8	RS-GCF-003991425.1-NZ-CP034346.1--7	90.616	1230	85	1055	0.0	1377	RS-GCF-003991425.1-NZ-CP034346.1--7
14454-1492R-B6-C8	RS-GCF-902375825.1-NZ-CABKVL010000014.1	90.797	1230	85	1054	0.0	1377	RS-GCF-902375825.1-NZ-CABKVL010000014.1
14454-1492R-B6-C8	RS-GCF-007858415.1-NZ-CP042272.1--10	90.323	1230	85	1054	0.0	1376	RS-GCF-007858415.1-NZ-CP042272.1--10
14454-1492R-B6-C8	RS-GCF-007858415.1-NZ-CP042272.1	90.323	1230	85	1054	0.0	1376	RS-GCF-007858415.1-NZ-CP042272.1
14454-1492R-B6-C8	RS-GCF-000237325.1-NC-017542.1--13	90.323	1230	85	1054	0.0	1376	RS-GCF-000237325.1-NC-017542.1--13
14454-1492R-B6-C8	DQ023221	90.702	1230	85	1054	0.0	1376	DQ023221
14454-1492R-B6-C8	AB073192	90.390	1230	85	1051	0.0	1376	AB073192
14454-1492R-B6-C8	GB-GCA-016887665.1-JAFEHC010000053.1	90.390	1230	85	1051	0.0	1375	GB-GCA-016887665.1-JAFEHC010000053.1
14454-1492R-B6-C8	RS-GCF-003856555.1-NZ-CP034141.1--12	90.372	1230	84	1049	0.0	1375	RS-GCF-003856555.1-NZ-CP034141.1--12
14454-1492R-B6-C8	RS-GCF-003856555.1-NZ-CP034141.1--10	90.372	1230	84	1049	0.0	1375	RS-GCF-003856555.1-NZ-CP034141.1--10
14454-1492R-B6-C8	RS-GCF-000237325.1-NC-017542.1--11	90.372	1230	84	1049	0.0	1375	RS-GCF-000237325.1-NC-017542.1--11
14454-1492R-B6-C8	RS-GCF-014692735.1-NZ-CP061172.1--14	90.372	1230	84	1049	0.0	1375	RS-GCF-014692735.1-NZ-CP061172.1--14
14454-1492R-B6-C8	RS-GCF-014692735.1-NZ-CP061172.1--12	90.372	1230	84	1049	0.0	1375	RS-GCF-014692735.1-NZ-CP061172.1--12
14454-1492R-B6-C8	RS-GCF-014692735.1-NZ-CP061172.1--10	90.372	1230	84	1049	0.0	1375	RS-GCF-014692735.1-NZ-CP061172.1--10
14454-1492R-B6-C8	RS-GCF-014692735.1-NZ-CP061172.1--8	90.372	1230	84	1049	0.0	1375	RS-GCF-014692735.1-NZ-CP061172.1--8
14454-1492R-B6-C8	RS-GCF-014692735.1-NZ-CP061172.1--6	90.372	1230	84	1049	0.0	1375	RS-GCF-014692735.1-NZ-CP061172.1--6
14454-1492R-B6-C8	RS-GCF-014692735.1-NZ-CP061172.1--2	90.372	1230	84	1049	0.0	1375	RS-GCF-014692735.1-NZ-CP061172.1--2
14454-1492R-B6-C8	RS-GCF-014692735.1-NZ-CP061172.1	90.372	1230	84	1049	0.0	1375	RS-GCF-014692735.1-NZ-CP061172.1
14454-1492R-B6-C8	RS-GCF-001719045.1-NZ-CP015423.1--8	90.372	1230	84	1049	0.0	1375	RS-GCF-001719045.1-NZ-CP015423.1--8
14454-1492R-B6-C8	RS-GCF-001719045.1-NZ-CP015423.1--7	90.372	1230	84	1049	0.0	1375	RS-GCF-001719045.1-NZ-CP015423.1--7
14454-1492R-B6-C8	RS-GCF-001719045.1-NZ-CP015423.1--3	90.372	1230	84	1049	0.0	1375	RS-GCF-001719045.1-NZ-CP015423.1--3
14454-1492R-B6-C8	RS-GCF-001719045.1-NZ-CP015423.1	90.372	1230	84	1049	0.0	1375	RS-GCF-001719045.1-NZ-CP015423.1
14454-1492R-B6-C8	RS-GCF-014706575.1-NZ-CP048794.1--3	90.372	1230	84	1049	0.0	1375	RS-GCF-014706575.1-NZ-CP048794.1--3
14454-1492R-B6-C8	RS-GCF-001922145.1-NZ-CP011420.1--13	90.571	1230	84	1050	0.0	1375	RS-GCF-001922145.1-NZ-CP011420.1--13
14454-1492R-B6-C8	RS-GCF-000146875.3-NC-014483.2--10	90.372	1230	84	1049	0.0	1375	RS-GCF-000146875.3-NC-014483.2--10
14454-1492R-B6-C8	RS-GCF-002894905.1-NZ-POVS01000002.1	90.372	1230	84	1049	0.0	1375	RS-GCF-002894905.1-NZ-POVS01000002.1
14454-1492R-B6-C8	RS-GCF-900454525.1-NZ-UGSC01000001.1--3	90.427	1230	85	1055	0.0	1375	RS-GCF-900454525.1-NZ-UGSC01000001.1--3
14454-1492R-B6-C8	RS-GCF-000443225.1-NZ-ATSZ01000024.1	90.390	1230	85	1051	0.0	1375	RS-GCF-000443225.1-NZ-ATSZ01000024.1
14454-1492R-B6-C8	G000236805	90.372	1230	84	1049	0.0	1375	G000236805
14454-1492R-B6-C8	AJ320494	90.372	1230	84	1049	0.0	1375	AJ320494
14454-1492R-B6-C8	MJ034-1-barcode48-umi27243bins-ubs-4	90.390	1230	85	1051	0.0	1375	MJ034-1-barcode48-umi27243bins-ubs-4
14454-1492R-B6-C8	MJ010-1-barcode26-umi43035bins-ubs-16	90.372	1230	84	1049	0.0	1375	MJ010-1-barcode26-umi43035bins-ubs-16
14454-1492R-B6-C8	MJ030-2-barcode65-umi13430bins-ubs-43	90.372	1230	84	1049	0.0	1375	MJ030-2-barcode65-umi13430bins-ubs-43
14454-1492R-B6-C8	MJ030-1-barcode25-umi94052bins-ubs-4	90.372	1230	84	1049	0.0	1375	MJ030-1-barcode25-umi94052bins-ubs-4
14454-1492R-B6-C8	RS-GCF-000758585.1-NZ-CP009281.1--6	90.440	1230	84	1046	0.0	1374	RS-GCF-000758585.1-NZ-CP009281.1--6
14454-1492R-B6-C8	RS-GCF-001955535.1-NZ-MPVN01000021.1	90.494	1230	85	1052	0.0	1374	RS-GCF-001955535.1-NZ-MPVN01000021.1
14454-1492R-B6-C8	RS-GCF-002224835.1-NZ-MBRK01000001.1--2	90.295	1230	85	1051	0.0	1374	RS-GCF-002224835.1-NZ-MBRK01000001.1--2
14454-1492R-B6-C8	RS-GCF-002224835.1-NZ-MBRK01000001.1	90.295	1230	85	1051	0.0	1374	RS-GCF-002224835.1-NZ-MBRK01000001.1
14454-1492R-B6-C8	RS-GCF-001719045.1-NZ-CP015423.1--11	90.476	1230	84	1050	0.0	1374	RS-GCF-001719045.1-NZ-CP015423.1--11
14454-1492R-B6-C8	EU081509	90.399	1230	85	1052	0.0	1374	EU081509
14454-1492R-B6-C8	RS-GCF-000758545.1-NZ-CP009279.1--6	90.544	1230	84	1047	0.0	1373	RS-GCF-000758545.1-NZ-CP009279.1--6
14454-1492R-B6-C8	RS-GCF-000758545.1-NZ-CP009279.1--3	90.544	1230	84	1047	0.0	1373	RS-GCF-000758545.1-NZ-CP009279.1--3
14454-1492R-B6-C8	G001275645	90.814	1230	85	1056	0.0	1373	G001275645
14454-1492R-B6-C8	MK490988	90.399	1230	85	1052	0.0	1373	MK490988
14454-1492R-B6-C8	RS-GCF-902375655.1-NZ-CABKUV010000006.1	90.323	1230	85	1054	0.0	1372	RS-GCF-902375655.1-NZ-CABKUV010000006.1
14454-1492R-B6-C8	RS-GCF-002872435.1-NZ-CP025696.1--6	90.228	1230	85	1054	0.0	1371	RS-GCF-002872435.1-NZ-CP025696.1--6
14454-1492R-B6-C8	RS-GCF-900155685.1-NZ-LT732548.1--2	90.530	1230	85	1056	0.0	1370	RS-GCF-900155685.1-NZ-LT732548.1--2
14454-1492R-B6-C8	RS-GCF-009664365.1-NZ-CP044310.1--10	90.295	1230	85	1051	0.0	1370	RS-GCF-009664365.1-NZ-CP044310.1--10
14454-1492R-B6-C8	RS-GCF-009664365.1-NZ-CP044310.1--8	90.295	1230	85	1051	0.0	1370	RS-GCF-009664365.1-NZ-CP044310.1--8
14454-1492R-B6-C8	RS-GCF-015143645.1-NZ-WYEV01000030.1	90.295	1230	85	1051	0.0	1370	RS-GCF-015143645.1-NZ-WYEV01000030.1
14454-1492R-B6-C8	RS-GCF-001719045.1-NZ-CP015423.1--4	90.276	1230	84	1049	0.0	1370	RS-GCF-001719045.1-NZ-CP015423.1--4
14454-1492R-B6-C8	RS-GCF-001719045.1-NZ-CP015423.1--2	90.276	1230	84	1049	0.0	1370	RS-GCF-001719045.1-NZ-CP015423.1--2
14454-1492R-B6-C8	RS-GCF-000146875.3-NC-014483.2--9	90.276	1230	84	1049	0.0	1370	RS-GCF-000146875.3-NC-014483.2--9
14454-1492R-B6-C8	RS-GCF-900454545.1-NZ-UATJ01000047.1--3	90.276	1230	84	1049	0.0	1370	RS-GCF-900454545.1-NZ-UATJ01000047.1--3
14454-1492R-B6-C8	RS-GCF-900454545.1-NZ-UATJ01000041.1	90.276	1230	84	1049	0.0	1370	RS-GCF-900454545.1-NZ-UATJ01000041.1
14454-1492R-B6-C8	RS-GCF-900454525.1-NZ-UGSC01000001.1--10	90.276	1230	84	1049	0.0	1370	RS-GCF-900454525.1-NZ-UGSC01000001.1--10
14454-1492R-B6-C8	RS-GCF-004135365.1-NZ-CP035492.1--2	90.200	1230	85	1051	0.0	1370	RS-GCF-004135365.1-NZ-CP035492.1--2
14454-1492R-B6-C8	RS-GCF-000758585.1-NZ-CP009281.1--7	90.344	1230	84	1046	0.0	1370	RS-GCF-000758585.1-NZ-CP009281.1--7
14454-1492R-B6-C8	RS-GCF-000758545.1-NZ-CP009279.1--4	90.344	1230	84	1046	0.0	1370	RS-GCF-000758545.1-NZ-CP009279.1--4
14454-1492R-B6-C8	RS-GCF-014303795.1-NZ-CP060293.1--5	90.200	1230	85	1051	0.0	1370	RS-GCF-014303795.1-NZ-CP060293.1--5
14454-1492R-B6-C8	RS-GCF-014303795.1-NZ-CP060293.1--3	90.200	1230	85	1051	0.0	1370	RS-GCF-014303795.1-NZ-CP060293.1--3
14454-1492R-B6-C8	RS-GCF-014303795.1-NZ-CP060293.1--2	90.200	1230	85	1051	0.0	1370	RS-GCF-014303795.1-NZ-CP060293.1--2
14454-1492R-B6-C8	RS-GCF-003386155.1-NZ-QRDU01000016.1	90.200	1230	85	1051	0.0	1370	RS-GCF-003386155.1-NZ-QRDU01000016.1
14454-1492R-B6-C8	RS-GCF-002224835.1-NZ-MBRK01000001.1--5	90.200	1230	85	1051	0.0	1370	RS-GCF-002224835.1-NZ-MBRK01000001.1--5
14454-1492R-B6-C8	RS-GCF-900454545.1-NZ-UATJ01000047.1--2	90.381	1230	84	1050	0.0	1370	RS-GCF-900454545.1-NZ-UATJ01000047.1--2
14454-1492R-B6-C8	RS-GCF-002893885.1-NZ-CP025957.1--12	90.381	1230	84	1050	0.0	1370	RS-GCF-002893885.1-NZ-CP025957.1--12
14454-1492R-B6-C8	RS-GCF-002893885.1-NZ-CP025957.1--9	90.381	1230	84	1050	0.0	1370	RS-GCF-002893885.1-NZ-CP025957.1--9
14454-1492R-B6-C8	RS-GCF-900454525.1-NZ-UGSC01000001.1--9	90.381	1230	84	1050	0.0	1370	RS-GCF-900454525.1-NZ-UGSC01000001.1--9
14454-1492R-B6-C8	AJ575658	90.200	1230	85	1051	0.0	1370	AJ575658
14454-1492R-B6-C8	RS-GCF-004916975.1-NZ-STGQ01000002.1	90.304	1230	85	1052	0.0	1369	RS-GCF-004916975.1-NZ-STGQ01000002.1
14454-1492R-B6-C8	RS-GCF-004135365.1-NZ-CP035492.1--9	90.304	1230	85	1052	0.0	1369	RS-GCF-004135365.1-NZ-CP035492.1--9
14454-1492R-B6-C8	RS-GCF-004135365.1-NZ-CP035492.1--4	90.304	1230	85	1052	0.0	1369	RS-GCF-004135365.1-NZ-CP035492.1--4
14454-1492R-B6-C8	RS-GCF-004135365.1-NZ-CP035492.1	90.304	1230	85	1052	0.0	1369	RS-GCF-004135365.1-NZ-CP035492.1
14454-1492R-B6-C8	RS-GCF-000612505.1-NZ-CP004078.1--6	90.304	1230	85	1052	0.0	1369	RS-GCF-000612505.1-NZ-CP004078.1--6
14454-1492R-B6-C8	RS-GCF-000758545.1-NZ-CP009279.1--10	90.449	1230	84	1047	0.0	1369	RS-GCF-000758545.1-NZ-CP009279.1--10
14454-1492R-B6-C8	RS-GCF-000758545.1-NZ-CP009279.1	90.449	1230	84	1047	0.0	1369	RS-GCF-000758545.1-NZ-CP009279.1
14454-1492R-B6-C8	RS-GCF-008370385.1-NZ-VTZR01000035.1	90.449	1230	84	1047	0.0	1369	RS-GCF-008370385.1-NZ-VTZR01000035.1
14454-1492R-B6-C8	RS-GCF-900454525.1-NZ-UGSC01000001.1--14	90.449	1230	84	1047	0.0	1369	RS-GCF-900454525.1-NZ-UGSC01000001.1--14
14454-1492R-B6-C8	RS-GCF-900454525.1-NZ-UGSC01000001.1--6	90.485	1230	84	1051	0.0	1369	RS-GCF-900454525.1-NZ-UGSC01000001.1--6
14454-1492R-B6-C8	RS-GCF-003813765.1-NZ-RPDG01000113.1	90.485	1230	84	1051	0.0	1369	RS-GCF-003813765.1-NZ-RPDG01000113.1
14454-1492R-B6-C8	FJ178001	90.304	1230	85	1052	0.0	1369	FJ178001
14454-1492R-B6-C8	AY208751	90.304	1230	85	1052	0.0	1369	AY208751
14454-1492R-B6-C8	KX900571	90.503	1230	85	1053	0.0	1369	KX900571
14454-1492R-B6-C8	RS-GCF-000757885.1-NZ-JQCR01000002.1	90.209	1230	85	1052	0.0	1368	RS-GCF-000757885.1-NZ-JQCR01000002.1
14454-1492R-B6-C8	RS-GCF-000758525.1-NZ-CP009241.1--7	90.209	1230	85	1052	0.0	1368	RS-GCF-000758525.1-NZ-CP009241.1--7
14454-1492R-B6-C8	RS-GCF-902375655.1-NZ-CABKUV010000007.1	90.228	1230	85	1054	0.0	1368	RS-GCF-902375655.1-NZ-CABKUV010000007.1
14454-1492R-B6-C8	RS-GCF-902375655.1-NZ-CABKUV010000009.1--2	90.228	1230	85	1054	0.0	1368	RS-GCF-902375655.1-NZ-CABKUV010000009.1--2
14454-1492R-B6-C8	RS-GCF-902375655.1-NZ-CABKUV010000009.1	90.228	1230	85	1054	0.0	1368	RS-GCF-902375655.1-NZ-CABKUV010000009.1
14454-1492R-B6-C8	RS-GCF-016624415.1-NZ-JACVTM010000023.1	90.190	1230	85	1050	0.0	1368	RS-GCF-016624415.1-NZ-JACVTM010000023.1
14454-1492R-B6-C8	G001403875	90.228	1230	85	1054	0.0	1368	G001403875
14454-1492R-B6-C8	LN881615	90.228	1230	85	1054	0.0	1368	LN881615
14454-1492R-B6-C8	MJ033-1-barcode39-umi30444bins-ubs-7	90.209	1230	85	1052	0.0	1368	MJ033-1-barcode39-umi30444bins-ubs-7
14454-1492R-B6-C8	MJ033-1-barcode39-umi34871bins-ubs-5	90.209	1230	85	1052	0.0	1368	MJ033-1-barcode39-umi34871bins-ubs-5
14454-1492R-B6-C8	MJ030-2-barcode65-umi13921bins-ubs-41	90.209	1230	85	1052	0.0	1368	MJ030-2-barcode65-umi13921bins-ubs-41
14454-1492R-B6-C8	RS-GCF-902375905.1-NZ-CABKVY010000013.1	90.313	1230	85	1053	0.0	1367	RS-GCF-902375905.1-NZ-CABKVY010000013.1
14454-1492R-B6-C8	RS-GCF-000612505.1-NZ-CP004078.1--4	90.313	1230	85	1053	0.0	1367	RS-GCF-000612505.1-NZ-CP004078.1--4
14454-1492R-B6-C8	MJ007-1-barcode38-umi44284bins-ubs-3	90.476	1230	84	1050	0.0	1367	MJ007-1-barcode38-umi44284bins-ubs-3
14454-1492R-B6-C8	RS-GCF-900155685.1-NZ-LT732547.1	90.436	1230	85	1056	0.0	1366	RS-GCF-900155685.1-NZ-LT732547.1
14454-1492R-B6-C8	RS-GCF-900454545.1-NZ-UATJ01000046.1	90.181	1230	84	1049	0.0	1366	RS-GCF-900454545.1-NZ-UATJ01000046.1
14454-1492R-B6-C8	RS-GCF-900454545.1-NZ-UATJ01000047.1	90.181	1230	84	1049	0.0	1366	RS-GCF-900454545.1-NZ-UATJ01000047.1
14454-1492R-B6-C8	RS-GCF-900454545.1-NZ-UATJ01000024.1	90.181	1230	84	1049	0.0	1366	RS-GCF-900454545.1-NZ-UATJ01000024.1
14454-1492R-B6-C8	RS-GCF-000597985.1-NZ-CP006872.1--9	90.181	1230	84	1049	0.0	1366	RS-GCF-000597985.1-NZ-CP006872.1--9
14454-1492R-B6-C8	RS-GCF-002893885.1-NZ-CP025957.1--4	90.181	1230	84	1049	0.0	1366	RS-GCF-002893885.1-NZ-CP025957.1--4
14454-1492R-B6-C8	RS-GCF-900454525.1-NZ-UGSC01000001.1--12	90.181	1230	84	1049	0.0	1366	RS-GCF-900454525.1-NZ-UGSC01000001.1--12
14454-1492R-B6-C8	RS-GCF-900454525.1-NZ-UGSC01000001.1--11	90.181	1230	84	1049	0.0	1366	RS-GCF-900454525.1-NZ-UGSC01000001.1--11
14454-1492R-B6-C8	RS-GCF-000785455.1-NZ-CP009909.1--14	90.181	1230	84	1049	0.0	1366	RS-GCF-000785455.1-NZ-CP009909.1--14
14454-1492R-B6-C8	RS-GCF-000785455.1-NZ-CP009909.1--13	90.181	1230	84	1049	0.0	1366	RS-GCF-000785455.1-NZ-CP009909.1--13
14454-1492R-B6-C8	RS-GCF-000785455.1-NZ-CP009909.1--12	90.181	1230	84	1049	0.0	1366	RS-GCF-000785455.1-NZ-CP009909.1--12
14454-1492R-B6-C8	RS-GCF-000735775.1-NZ-JNCB01000011.1--2	90.181	1230	84	1049	0.0	1366	RS-GCF-000735775.1-NZ-JNCB01000011.1--2
14454-1492R-B6-C8	RS-GCF-000735775.1-NZ-JNCB01000009.1--4	90.181	1230	84	1049	0.0	1366	RS-GCF-000735775.1-NZ-JNCB01000009.1--4
14454-1492R-B6-C8	RS-GCF-000735775.1-NZ-JNCB01000009.1	90.181	1230	84	1049	0.0	1366	RS-GCF-000735775.1-NZ-JNCB01000009.1
14454-1492R-B6-C8	RS-GCF-000735775.1-NZ-JNCB01000008.1--2	90.181	1230	84	1049	0.0	1366	RS-GCF-000735775.1-NZ-JNCB01000008.1--2
14454-1492R-B6-C8	RS-GCF-009363115.1-NZ-CP045298.1--8	90.286	1230	84	1050	0.0	1365	RS-GCF-009363115.1-NZ-CP045298.1--8
14454-1492R-B6-C8	RS-GCF-009363115.1-NZ-CP045298.1--7	90.286	1230	84	1050	0.0	1365	RS-GCF-009363115.1-NZ-CP045298.1--7
14454-1492R-B6-C8	RS-GCF-009363115.1-NZ-CP045298.1--2	90.286	1230	84	1050	0.0	1365	RS-GCF-009363115.1-NZ-CP045298.1--2
14454-1492R-B6-C8	RS-GCF-018604145.1-NZ-CP075889.1--6	90.105	1230	85	1051	0.0	1365	RS-GCF-018604145.1-NZ-CP075889.1--6
14454-1492R-B6-C8	RS-GCF-018604145.1-NZ-CP075889.1--3	90.105	1230	85	1051	0.0	1365	RS-GCF-018604145.1-NZ-CP075889.1--3
14454-1492R-B6-C8	RS-GCF-018604145.1-NZ-CP075889.1	90.105	1230	85	1051	0.0	1365	RS-GCF-018604145.1-NZ-CP075889.1
14454-1492R-B6-C8	RS-GCF-014303795.1-NZ-CP060293.1	90.105	1230	85	1051	0.0	1365	RS-GCF-014303795.1-NZ-CP060293.1
14454-1492R-B6-C8	RS-GCF-009363095.1-NZ-CP045295.1--9	90.105	1230	85	1051	0.0	1365	RS-GCF-009363095.1-NZ-CP045295.1--9
14454-1492R-B6-C8	RS-GCF-009363095.1-NZ-CP045295.1	90.105	1230	85	1051	0.0	1365	RS-GCF-009363095.1-NZ-CP045295.1
14454-1492R-B6-C8	RS-GCF-902386945.1-NZ-LR698998.1--8	90.249	1230	84	1046	0.0	1365	RS-GCF-902386945.1-NZ-LR698998.1--8
14454-1492R-B6-C8	RS-GCF-902386945.1-NZ-LR698998.1--4	90.249	1230	84	1046	0.0	1365	RS-GCF-902386945.1-NZ-LR698998.1--4
14454-1492R-B6-C8	RS-GCF-002893885.1-NZ-CP025957.1--8	90.286	1230	84	1050	0.0	1365	RS-GCF-002893885.1-NZ-CP025957.1--8
14454-1492R-B6-C8	RS-GCF-006274405.1-NZ-CP040829.1--4	90.286	1230	84	1050	0.0	1365	RS-GCF-006274405.1-NZ-CP040829.1--4
14454-1492R-B6-C8	RS-GCF-002264395.1-NZ-NFVA01000205.1	90.353	1230	84	1047	0.0	1364	RS-GCF-002264395.1-NZ-NFVA01000205.1
14454-1492R-B6-C8	RS-GCF-000597985.1-NZ-CP006872.1--6	90.390	1230	84	1051	0.0	1364	RS-GCF-000597985.1-NZ-CP006872.1--6
14454-1492R-B6-C8	HQ257247	90.209	1230	85	1052	0.0	1364	HQ257247
14454-1492R-B6-C8	MJ009-1-barcode27-umi54164bins-ubs-8	90.209	1230	85	1052	0.0	1364	MJ009-1-barcode27-umi54164bins-ubs-8
14454-1492R-B6-C8	MJ009-1-barcode27-umi101726bins-ubs-3	90.209	1230	85	1052	0.0	1364	MJ009-1-barcode27-umi101726bins-ubs-3
14454-1492R-B6-C8	MJ009-1-barcode27-umi26426bins-ubs-14	90.209	1230	85	1052	0.0	1364	MJ009-1-barcode27-umi26426bins-ubs-14
14454-1492R-B6-C8	MJ009-1-barcode27-umi37602bins-ubs-9	90.209	1230	85	1052	0.0	1364	MJ009-1-barcode27-umi37602bins-ubs-9
14454-1492R-B6-C8	RS-GCF-000758525.1-NZ-CP009241.1--6	90.114	1230	85	1052	0.0	1363	RS-GCF-000758525.1-NZ-CP009241.1--6
14454-1492R-B6-C8	RS-GCF-000758525.1-NZ-CP009241.1--5	90.114	1230	85	1052	0.0	1363	RS-GCF-000758525.1-NZ-CP009241.1--5
14454-1492R-B6-C8	RS-GCF-000612505.1-NZ-CP004078.1--5	90.313	1230	85	1053	0.0	1363	RS-GCF-000612505.1-NZ-CP004078.1--5
14454-1492R-B6-C8	AJ633647	90.114	1230	85	1052	0.0	1363	AJ633647
14454-1492R-B6-C8	MJ033-1-barcode39-umi35196bins-ubs-5	90.114	1230	85	1052	0.0	1363	MJ033-1-barcode39-umi35196bins-ubs-5
14454-1492R-B6-C8	MJ033-1-barcode39-umi39669bins-ubs-3	90.114	1230	85	1052	0.0	1363	MJ033-1-barcode39-umi39669bins-ubs-3
14454-1492R-B6-C8	MJ007-1-barcode38-umi39069bins-ubs-3	90.276	1230	84	1049	0.0	1363	MJ007-1-barcode38-umi39069bins-ubs-3
14454-1492R-B6-C8	MJ007-1-barcode38-umi30757bins-ubs-5	90.276	1230	84	1049	0.0	1363	MJ007-1-barcode38-umi30757bins-ubs-5
14454-1492R-B6-C8	MJ007-1-barcode38-umi41856bins-ubs-3	90.276	1230	84	1049	0.0	1363	MJ007-1-barcode38-umi41856bins-ubs-3
14454-1492R-B6-C8	MJ007-1-barcode38-umi15187bins-ubs-16	90.276	1230	84	1049	0.0	1363	MJ007-1-barcode38-umi15187bins-ubs-16
14454-1492R-B6-C8	MJ030-2-barcode65-umi15873bins-ubs-36	90.512	1230	85	1054	0.0	1363	MJ030-2-barcode65-umi15873bins-ubs-36
14454-1492R-B6-C8	RS-GCF-001447315.1-NZ-CP013203.1--5	90.038	1230	85	1054	0.0	1362	RS-GCF-001447315.1-NZ-CP013203.1--5
14454-1492R-B6-C8	RS-GCF-014858585.1-NZ-SLTL01000086.1	90.038	1230	85	1054	0.0	1362	RS-GCF-014858585.1-NZ-SLTL01000086.1
14454-1492R-B6-C8	RS-GCF-001719045.1-NZ-CP015423.1--14	90.181	1230	84	1049	0.0	1362	RS-GCF-001719045.1-NZ-CP015423.1--14
14454-1492R-B6-C8	RS-GCF-001719045.1-NZ-CP015423.1--13	90.181	1230	84	1049	0.0	1362	RS-GCF-001719045.1-NZ-CP015423.1--13
14454-1492R-B6-C8	G006542765	90.218	1230	85	1053	0.0	1362	G006542765
14454-1492R-B6-C8	KY674516	90.218	1230	85	1053	0.0	1362	KY674516
14454-1492R-B6-C8	MJ007-1-barcode38-umi24841bins-ubs-7	90.381	1230	84	1050	0.0	1362	MJ007-1-barcode38-umi24841bins-ubs-7
14454-1492R-B6-C8	RS-GCF-000235585.1-NC-016641.1--8	90.086	1230	84	1049	0.0	1361	RS-GCF-000235585.1-NC-016641.1--8
14454-1492R-B6-C8	RS-GCF-000235585.1-NC-016641.1--6	90.086	1230	84	1049	0.0	1361	RS-GCF-000235585.1-NC-016641.1--6
14454-1492R-B6-C8	RS-GCF-000235585.1-NC-016641.1--5	90.086	1230	84	1049	0.0	1361	RS-GCF-000235585.1-NC-016641.1--5
14454-1492R-B6-C8	RS-GCF-000235585.1-NC-016641.1--2	90.086	1230	84	1049	0.0	1361	RS-GCF-000235585.1-NC-016641.1--2
14454-1492R-B6-C8	RS-GCF-000235585.1-NC-016641.1	90.086	1230	84	1049	0.0	1361	RS-GCF-000235585.1-NC-016641.1
14454-1492R-B6-C8	RS-GCF-009363115.1-NZ-CP045298.1--3	90.086	1230	84	1049	0.0	1361	RS-GCF-009363115.1-NZ-CP045298.1--3
14454-1492R-B6-C8	RS-GCF-009363115.1-NZ-CP045298.1	90.086	1230	84	1049	0.0	1361	RS-GCF-009363115.1-NZ-CP045298.1
14454-1492R-B6-C8	RS-GCF-001447315.1-NZ-CP013203.1--7	90.086	1230	84	1049	0.0	1361	RS-GCF-001447315.1-NZ-CP013203.1--7
14454-1492R-B6-C8	RS-GCF-002872435.1-NZ-CP025696.1--15	90.086	1230	84	1049	0.0	1361	RS-GCF-002872435.1-NZ-CP025696.1--15
14454-1492R-B6-C8	RS-GCF-014854715.1-NZ-CP029370.1--14	90.142	1230	85	1055	0.0	1361	RS-GCF-014854715.1-NZ-CP029370.1--14
14454-1492R-B6-C8	RS-GCF-900454525.1-NZ-UGSC01000001.1--8	90.086	1230	84	1049	0.0	1361	RS-GCF-900454525.1-NZ-UGSC01000001.1--8
14454-1492R-B6-C8	AY741810	90.521	1230	85	1055	0.0	1361	AY741810
14454-1492R-B6-C8	AF391124	90.086	1230	84	1049	0.0	1361	AF391124
14454-1492R-B6-C8	KF479658	90.485	1230	84	1051	0.0	1361	KF479658
14454-1492R-B6-C8	RS-GCF-018604145.1-NZ-CP075889.1--4	90.010	1230	85	1051	0.0	1361	RS-GCF-018604145.1-NZ-CP075889.1--4
14454-1492R-B6-C8	RS-GCF-002893885.1-NZ-CP025957.1	90.190	1230	84	1050	0.0	1361	RS-GCF-002893885.1-NZ-CP025957.1
14454-1492R-B6-C8	AJ345023	90.010	1230	85	1051	0.0	1361	AJ345023
14454-1492R-B6-C8	AY751754	90.010	1230	85	1051	0.0	1361	AY751754
14454-1492R-B6-C8	AJ011322	90.019	1230	85	1052	0.0	1361	AJ011322
14454-1492R-B6-C8	RS-GCF-018966525.1-NZ-CP076607.1--4	90.114	1230	85	1052	0.0	1360	RS-GCF-018966525.1-NZ-CP076607.1--4
14454-1492R-B6-C8	RS-GCF-000612505.1-NZ-CP004078.1--3	90.114	1230	85	1052	0.0	1360	RS-GCF-000612505.1-NZ-CP004078.1--3
14454-1492R-B6-C8	RS-GCF-000612505.1-NZ-CP004078.1--2	90.114	1230	85	1052	0.0	1360	RS-GCF-000612505.1-NZ-CP004078.1--2
14454-1492R-B6-C8	RS-GCF-009664365.1-NZ-CP044310.1--2	90.313	1230	85	1053	0.0	1360	RS-GCF-009664365.1-NZ-CP044310.1--2
14454-1492R-B6-C8	RS-GCF-000785455.1-NZ-CP009909.1--11	90.095	1230	84	1050	0.0	1360	RS-GCF-000785455.1-NZ-CP009909.1--11
14454-1492R-B6-C8	RS-GCF-015710975.1-NZ-CP049783.1--5	90.295	1230	84	1051	0.0	1360	RS-GCF-015710975.1-NZ-CP049783.1--5
14454-1492R-B6-C8	AB567661	90.114	1230	85	1052	0.0	1360	AB567661
14454-1492R-B6-C8	KC625558	90.258	1230	84	1047	0.0	1360	KC625558
14454-1492R-B6-C8	GQ985395	90.114	1230	85	1052	0.0	1360	GQ985395
14454-1492R-B6-C8	DQ338444	90.114	1230	85	1052	0.0	1360	DQ338444
14454-1492R-B6-C8	KX017285	90.114	1230	85	1052	0.0	1360	KX017285
14454-1492R-B6-C8	AY427832	90.313	1230	85	1053	0.0	1360	AY427832
14454-1492R-B6-C8	MJ030-2-barcode65-umi69931bins-ubs-12	90.114	1230	85	1052	0.0	1360	MJ030-2-barcode65-umi69931bins-ubs-12
14454-1492R-B6-C8	RS-GCF-000758665.1-NZ-CP009285.1--9	90.019	1230	85	1052	0.0	1359	RS-GCF-000758665.1-NZ-CP009285.1--9
14454-1492R-B6-C8	RS-GCF-009363095.1-NZ-CP045295.1--3	90.218	1230	85	1053	0.0	1359	RS-GCF-009363095.1-NZ-CP045295.1--3
14454-1492R-B6-C8	KF425513	90.417	1230	85	1054	0.0	1359	KF425513
14454-1492R-B6-C8	MJ007-1-barcode38-umi52566bins-ubs-3	90.181	1230	84	1049	0.0	1359	MJ007-1-barcode38-umi52566bins-ubs-3
14454-1492R-B6-C8	MJ007-1-barcode38-umi42684bins-ubs-3	90.181	1230	84	1049	0.0	1359	MJ007-1-barcode38-umi42684bins-ubs-3
14454-1492R-B6-C8	MJ007-1-barcode38-umi43678bins-ubs-3	90.181	1230	84	1049	0.0	1359	MJ007-1-barcode38-umi43678bins-ubs-3
14454-1492R-B6-C8	RS-GCF-900069005.2-NZ-LN831277.1--2	90.323	1230	85	1054	0.0	1358	RS-GCF-900069005.2-NZ-LN831277.1--2
14454-1492R-B6-C8	RS-GCF-001447315.1-NZ-CP013203.1--9	89.943	1230	85	1054	0.0	1358	RS-GCF-001447315.1-NZ-CP013203.1--9
14454-1492R-B6-C8	RS-GCF-008084145.1-NZ-VSDO01000003.1	90.427	1230	85	1055	0.0	1357	RS-GCF-008084145.1-NZ-VSDO01000003.1
14454-1492R-B6-C8	RS-GCF-009363115.1-NZ-CP045298.1--5	89.990	1230	84	1049	0.0	1357	RS-GCF-009363115.1-NZ-CP045298.1--5
14454-1492R-B6-C8	RS-GCF-900069005.2-NZ-LN831273.1	90.427	1230	85	1055	0.0	1357	RS-GCF-900069005.2-NZ-LN831273.1
14454-1492R-B6-C8	RS-GCF-003856555.1-NZ-CP034141.1--14	89.990	1230	84	1049	0.0	1357	RS-GCF-003856555.1-NZ-CP034141.1--14
14454-1492R-B6-C8	RS-GCF-014905155.1-NZ-JAACZY010000060.1	89.990	1230	84	1049	0.0	1357	RS-GCF-014905155.1-NZ-JAACZY010000060.1
14454-1492R-B6-C8	KP899807	90.190	1230	84	1050	0.0	1357	KP899807
14454-1492R-B6-C8	RS-GCF-000758665.1-NZ-CP009285.1--6	90.057	1230	84	1046	0.0	1356	RS-GCF-000758665.1-NZ-CP009285.1--6
14454-1492R-B6-C8	RS-GCF-000758525.1-NZ-CP009241.1--2	90.057	1230	84	1046	0.0	1356	RS-GCF-000758525.1-NZ-CP009241.1--2
14454-1492R-B6-C8	RS-GCF-000758525.1-NZ-CP009241.1	90.057	1230	84	1046	0.0	1356	RS-GCF-000758525.1-NZ-CP009241.1
14454-1492R-B6-C8	RS-GCF-018604145.1-NZ-CP075889.1--8	89.914	1230	85	1051	0.0	1356	RS-GCF-018604145.1-NZ-CP075889.1--8
14454-1492R-B6-C8	RS-GCF-018604145.1-NZ-CP075889.1--7	89.914	1230	85	1051	0.0	1356	RS-GCF-018604145.1-NZ-CP075889.1--7
14454-1492R-B6-C8	RS-GCF-014303795.1-NZ-CP060293.1--8	89.914	1230	85	1051	0.0	1356	RS-GCF-014303795.1-NZ-CP060293.1--8
14454-1492R-B6-C8	RS-GCF-001956185.1-NZ-MRTP01000005.1	89.914	1230	85	1051	0.0	1356	RS-GCF-001956185.1-NZ-MRTP01000005.1
14454-1492R-B6-C8	RS-GCF-001954595.1-NZ-MPTN01000094.1	90.057	1230	84	1046	0.0	1356	RS-GCF-001954595.1-NZ-MPTN01000094.1
14454-1492R-B6-C8	RS-GCF-902386945.1-NZ-LR698998.1--2	90.057	1230	84	1046	0.0	1356	RS-GCF-902386945.1-NZ-LR698998.1--2
14454-1492R-B6-C8	RS-GCF-003952225.1-NZ-CP034437.1--4	90.019	1230	85	1052	0.0	1355	RS-GCF-003952225.1-NZ-CP034437.1--4
14454-1492R-B6-C8	RS-GCF-003952225.1-NZ-CP034437.1--3	90.019	1230	85	1052	0.0	1355	RS-GCF-003952225.1-NZ-CP034437.1--3
14454-1492R-B6-C8	RS-GCF-018966525.1-NZ-CP076607.1--6	90.019	1230	85	1052	0.0	1355	RS-GCF-018966525.1-NZ-CP076607.1--6
14454-1492R-B6-C8	RS-GCF-009664365.1-NZ-CP044310.1	90.218	1230	85	1053	0.0	1355	RS-GCF-009664365.1-NZ-CP044310.1
14454-1492R-B6-C8	RS-GCF-900454545.1-NZ-UATJ01000009.1	90.200	1230	84	1051	0.0	1355	RS-GCF-900454545.1-NZ-UATJ01000009.1
14454-1492R-B6-C8	KX132137	90.019	1230	85	1052	0.0	1355	KX132137
14454-1492R-B6-C8	MJ033-1-barcode34-umi37342bins-ubs-4	90.218	1230	85	1053	0.0	1355	MJ033-1-barcode34-umi37342bins-ubs-4
14454-1492R-B6-C8	MJ009-1-barcode27-umi90205bins-ubs-3	90.019	1230	85	1052	0.0	1355	MJ009-1-barcode27-umi90205bins-ubs-3
14454-1492R-B6-C8	MJ009-1-barcode27-umi46024bins-ubs-7	90.019	1230	85	1052	0.0	1355	MJ009-1-barcode27-umi46024bins-ubs-7
14454-1492R-B6-C8	MJ009-1-barcode27-umi20388bins-ubs-18	90.019	1230	85	1052	0.0	1355	MJ009-1-barcode27-umi20388bins-ubs-18
14454-1492R-B6-C8	MJ009-1-barcode27-umi32663bins-ubs-12	90.019	1230	85	1052	0.0	1355	MJ009-1-barcode27-umi32663bins-ubs-12
14454-1492R-B6-C8	MJ009-1-barcode27-umi34587bins-ubs-10	90.019	1230	85	1052	0.0	1355	MJ009-1-barcode27-umi34587bins-ubs-10
14454-1492R-B6-C8	MJ020-1-barcode41-umi76941bins-ubs-5	90.019	1230	85	1052	0.0	1355	MJ020-1-barcode41-umi76941bins-ubs-5
14454-1492R-B6-C8	RS-GCF-000757885.1-NZ-JQCR01000003.1	89.924	1230	85	1052	0.0	1354	RS-GCF-000757885.1-NZ-JQCR01000003.1
14454-1492R-B6-C8	RS-GCF-001517085.1-NZ-LRAC01000105.1	89.924	1230	85	1052	0.0	1354	RS-GCF-001517085.1-NZ-LRAC01000105.1
14454-1492R-B6-C8	RS-GCF-000758665.1-NZ-CP009285.1--4	89.924	1230	85	1052	0.0	1354	RS-GCF-000758665.1-NZ-CP009285.1--4
14454-1492R-B6-C8	G001421015	90.123	1230	85	1053	0.0	1354	G001421015
14454-1492R-B6-C8	JN256679	89.924	1230	85	1052	0.0	1354	JN256679
14454-1492R-B6-C8	EF212893	90.123	1230	85	1053	0.0	1354	EF212893
14454-1492R-B6-C8	MJ007-1-barcode38-umi35812bins-ubs-5	90.086	1230	84	1049	0.0	1354	MJ007-1-barcode38-umi35812bins-ubs-5
14454-1492R-B6-C8	MJ030-2-barcode65-umi11299bins-ubs-48	90.323	1230	85	1054	0.0	1354	MJ030-2-barcode65-umi11299bins-ubs-48
14454-1492R-B6-C8	GQ355277	90.028	1230	85	1053	0.0	1353	GQ355277
14454-1492R-B6-C8	MJ009-1-barcode27-umi18704bins-ubs-21	90.028	1230	85	1053	0.0	1353	MJ009-1-barcode27-umi18704bins-ubs-21
14454-1492R-B6-C8	HM212646	90.332	1230	85	1055	0.0	1352	HM212646
14454-1492R-B6-C8	AF273740	90.000	1230	84	1050	0.0	1352	AF273740
14454-1492R-B6-C8	RS-GCF-003863965.1-NZ-RRCN01000001.1--4	90.237	1230	85	1055	0.0	1352	RS-GCF-003863965.1-NZ-RRCN01000001.1--4
14454-1492R-B6-C8	RS-GCF-003863965.1-NZ-RRCN01000001.1--2	90.237	1230	85	1055	0.0	1352	RS-GCF-003863965.1-NZ-RRCN01000001.1--2
14454-1492R-B6-C8	RS-GCF-003863965.1-NZ-RRCN01000001.1	90.237	1230	85	1055	0.0	1352	RS-GCF-003863965.1-NZ-RRCN01000001.1
14454-1492R-B6-C8	RS-GCF-000758665.1-NZ-CP009285.1--3	89.962	1230	84	1046	0.0	1352	RS-GCF-000758665.1-NZ-CP009285.1--3
14454-1492R-B6-C8	RS-GCF-009664365.1-NZ-CP044310.1--4	90.019	1230	85	1052	0.0	1352	RS-GCF-009664365.1-NZ-CP044310.1--4
14454-1492R-B6-C8	RS-GCF-009664365.1-NZ-CP044310.1--3	90.019	1230	85	1052	0.0	1352	RS-GCF-009664365.1-NZ-CP044310.1--3
14454-1492R-B6-C8	RS-GCF-001954575.1-NZ-MPTH01000001.1	89.962	1230	84	1046	0.0	1352	RS-GCF-001954575.1-NZ-MPTH01000001.1
14454-1492R-B6-C8	RS-GCF-001954535.1-NZ-MPTJ01000004.1	89.962	1230	84	1046	0.0	1352	RS-GCF-001954535.1-NZ-MPTJ01000004.1
14454-1492R-B6-C8	RS-GCF-006274405.1-NZ-CP040829.1--10	90.000	1230	84	1050	0.0	1352	RS-GCF-006274405.1-NZ-CP040829.1--10
14454-1492R-B6-C8	KY674517	89.962	1230	84	1046	0.0	1352	KY674517
14454-1492R-B6-C8	RS-GCF-004916975.1-NZ-STGQ01000002.1--3	89.924	1230	85	1052	0.0	1351	RS-GCF-004916975.1-NZ-STGQ01000002.1--3
14454-1492R-B6-C8	RS-GCF-004916975.1-NZ-STGQ01000002.1--2	89.924	1230	85	1052	0.0	1351	RS-GCF-004916975.1-NZ-STGQ01000002.1--2
14454-1492R-B6-C8	RS-GCF-000993825.1-NZ-CP011114.1--8	89.924	1230	85	1052	0.0	1351	RS-GCF-000993825.1-NZ-CP011114.1--8
14454-1492R-B6-C8	RS-GCF-000993825.1-NZ-CP011114.1--5	89.924	1230	85	1052	0.0	1351	RS-GCF-000993825.1-NZ-CP011114.1--5
14454-1492R-B6-C8	RS-GCF-000993825.1-NZ-CP011114.1--3	89.924	1230	85	1052	0.0	1351	RS-GCF-000993825.1-NZ-CP011114.1--3
14454-1492R-B6-C8	RS-GCF-001954425.1-NZ-MPTC01000001.1	90.067	1230	84	1047	0.0	1351	RS-GCF-001954425.1-NZ-MPTC01000001.1
14454-1492R-B6-C8	RS-GCF-000758585.1-NZ-CP009281.1--9	90.067	1230	84	1047	0.0	1351	RS-GCF-000758585.1-NZ-CP009281.1--9
14454-1492R-B6-C8	RS-GCF-000758585.1-NZ-CP009281.1--3	90.067	1230	84	1047	0.0	1351	RS-GCF-000758585.1-NZ-CP009281.1--3
