14455-1492R-B4-B-D1	RS-GCF-003040715.1-NZ-PZDI01000109.1	93.879	1259	91	1160	0.0	1701	RS-GCF-003040715.1-NZ-PZDI01000109.1
14455-1492R-B4-B-D1	G008764015	93.879	1259	91	1160	0.0	1701	G008764015
14455-1492R-B4-B-D1	RS-GCF-016028295.1-NZ-CP065712.1--4	94.686	1259	89	1129	0.0	1700	RS-GCF-016028295.1-NZ-CP065712.1--4
14455-1492R-B4-B-D1	RS-GCF-003040695.1-NZ-PZDH01000066.1	93.793	1259	91	1160	0.0	1697	RS-GCF-003040695.1-NZ-PZDH01000066.1
14455-1492R-B4-B-D1	D83358	93.707	1259	91	1160	0.0	1692	D83358
14455-1492R-B4-B-D1	RS-GCF-016028295.1-NZ-CP065712.1	93.707	1259	91	1160	0.0	1689	RS-GCF-016028295.1-NZ-CP065712.1
14455-1492R-B4-B-D1	RS-GCF-016028295.1-NZ-CP065712.1--3	93.621	1259	91	1160	0.0	1684	RS-GCF-016028295.1-NZ-CP065712.1--3
14455-1492R-B4-B-D1	RS-GCF-016028295.1-NZ-CP065712.1--5	93.621	1259	91	1160	0.0	1681	RS-GCF-016028295.1-NZ-CP065712.1--5
14455-1492R-B4-B-D1	RS-GCF-016028295.1-NZ-CP065712.1--2	94.420	1259	89	1129	0.0	1680	RS-GCF-016028295.1-NZ-CP065712.1--2
14455-1492R-B4-B-D1	G000025085	93.977	1259	89	1129	0.0	1664	G000025085
14455-1492R-B4-B-D1	RS-GCF-001839345.1-NZ-KV840964.1	93.888	1259	89	1129	0.0	1660	RS-GCF-001839345.1-NZ-KV840964.1
14455-1492R-B4-B-D1	RS-GCF-001558775.1-NZ-CP014022.1--6	93.888	1259	89	1129	0.0	1660	RS-GCF-001558775.1-NZ-CP014022.1--6
14455-1492R-B4-B-D1	RS-GCF-008728815.1-NZ-CP041722.1--6	93.888	1259	89	1129	0.0	1660	RS-GCF-008728815.1-NZ-CP041722.1--6
14455-1492R-B4-B-D1	RS-GCF-001839145.1-NZ-KV840194.1	93.888	1259	89	1129	0.0	1660	RS-GCF-001839145.1-NZ-KV840194.1
14455-1492R-B4-B-D1	RS-GCF-001558815.2-NZ-CP014023.2	93.888	1259	89	1129	0.0	1660	RS-GCF-001558815.2-NZ-CP014023.2
14455-1492R-B4-B-D1	RS-GCF-001809105.1-NZ-KV795680.1	93.888	1259	89	1129	0.0	1660	RS-GCF-001809105.1-NZ-KV795680.1
14455-1492R-B4-B-D1	RS-GCF-900478255.1-NZ-LS483482.1--3	93.888	1259	89	1129	0.0	1660	RS-GCF-900478255.1-NZ-LS483482.1--3
14455-1492R-B4-B-D1	RS-GCF-001809965.1-NZ-KV799486.1	93.888	1259	89	1129	0.0	1660	RS-GCF-001809965.1-NZ-KV799486.1
14455-1492R-B4-B-D1	AB009941	93.888	1259	89	1129	0.0	1660	AB009941
14455-1492R-B4-B-D1	RS-GCF-016804245.1-NZ-CP060160.1	94.086	1259	88	1116	0.0	1656	RS-GCF-016804245.1-NZ-CP060160.1
14455-1492R-B4-B-D1	RS-GCF-002591215.1-NZ-CP023970.1	94.086	1259	88	1116	0.0	1656	RS-GCF-002591215.1-NZ-CP023970.1
14455-1492R-B4-B-D1	RS-GCF-009931395.1-NZ-CP038807.1--6	93.800	1259	89	1129	0.0	1655	RS-GCF-009931395.1-NZ-CP038807.1--6
14455-1492R-B4-B-D1	RS-GCF-009931395.1-NZ-CP038807.1--5	93.800	1259	89	1129	0.0	1655	RS-GCF-009931395.1-NZ-CP038807.1--5
14455-1492R-B4-B-D1	RS-GCF-001558815.2-NZ-CP014023.2--6	93.800	1259	89	1129	0.0	1655	RS-GCF-001558815.2-NZ-CP014023.2--6
14455-1492R-B4-B-D1	RS-GCF-002407165.1-NZ-CP023539.1--6	93.800	1259	89	1129	0.0	1655	RS-GCF-002407165.1-NZ-CP023539.1--6
14455-1492R-B4-B-D1	RS-GCF-900478255.1-NZ-LS483482.1	93.800	1259	89	1129	0.0	1655	RS-GCF-900478255.1-NZ-LS483482.1
14455-1492R-B4-B-D1	MJ006-2-barcode58-umi252049bins-ubs-3	93.800	1259	89	1129	0.0	1655	MJ006-2-barcode58-umi252049bins-ubs-3
14455-1492R-B4-B-D1	RS-GCF-002591215.1-NZ-CP023970.1--2	93.996	1259	88	1116	0.0	1652	RS-GCF-002591215.1-NZ-CP023970.1--2
14455-1492R-B4-B-D1	RS-GCF-008728775.1-NZ-CP041726.1--5	93.711	1259	89	1129	0.0	1651	RS-GCF-008728775.1-NZ-CP041726.1--5
14455-1492R-B4-B-D1	RS-GCF-001558815.2-NZ-CP014023.2--2	93.711	1259	89	1129	0.0	1651	RS-GCF-001558815.2-NZ-CP014023.2--2
14455-1492R-B4-B-D1	RS-GCF-008728795.1-NZ-CP041727.1--5	93.711	1259	89	1129	0.0	1651	RS-GCF-008728795.1-NZ-CP041727.1--5
14455-1492R-B4-B-D1	RS-GCF-900474705.1-NZ-LS483312.1--6	93.711	1259	89	1129	0.0	1651	RS-GCF-900474705.1-NZ-LS483312.1--6
14455-1492R-B4-B-D1	RS-GCF-900474705.1-NZ-LS483312.1	93.711	1259	89	1129	0.0	1651	RS-GCF-900474705.1-NZ-LS483312.1
14455-1492R-B4-B-D1	RS-GCF-000270465.1-NC-017353.1	93.711	1259	89	1129	0.0	1651	RS-GCF-000270465.1-NC-017353.1
14455-1492R-B4-B-D1	RS-GCF-002407165.1-NZ-CP023539.1	93.996	1259	88	1116	0.0	1648	RS-GCF-002407165.1-NZ-CP023539.1
14455-1492R-B4-B-D1	RS-GCF-900458435.1-NZ-UHCT01000001.1--4	93.623	1259	89	1129	0.0	1646	RS-GCF-900458435.1-NZ-UHCT01000001.1--4
14455-1492R-B4-B-D1	RS-GCF-900458435.1-NZ-UHCT01000001.1	93.623	1259	89	1129	0.0	1646	RS-GCF-900458435.1-NZ-UHCT01000001.1
14455-1492R-B4-B-D1	RS-GCF-000316075.2-NZ-KB373322.1--2	93.623	1259	89	1129	0.0	1646	RS-GCF-000316075.2-NZ-KB373322.1--2
14455-1492R-B4-B-D1	RS-GCF-008728815.1-NZ-CP041722.1--4	93.623	1259	89	1129	0.0	1646	RS-GCF-008728815.1-NZ-CP041722.1--4
14455-1492R-B4-B-D1	RS-GCF-008728755.1-NZ-CP041725.1--6	93.623	1259	89	1129	0.0	1646	RS-GCF-008728755.1-NZ-CP041725.1--6
14455-1492R-B4-B-D1	EU727181	93.623	1259	89	1129	0.0	1646	EU727181
14455-1492R-B4-B-D1	RS-GCF-002407165.1-NZ-CP023539.1--2	93.907	1259	88	1116	0.0	1644	RS-GCF-002407165.1-NZ-CP023539.1--2
14455-1492R-B4-B-D1	RS-GCF-900636255.1-NZ-LR134242.1	93.817	1259	88	1116	0.0	1643	RS-GCF-900636255.1-NZ-LR134242.1
14455-1492R-B4-B-D1	RS-GCF-007666805.1-NZ-VDPX01000022.1	93.817	1259	88	1116	0.0	1643	RS-GCF-007666805.1-NZ-VDPX01000022.1
14455-1492R-B4-B-D1	RS-GCF-900636265.1-NZ-LR134244.1--6	93.817	1259	88	1116	0.0	1643	RS-GCF-900636265.1-NZ-LR134244.1--6
14455-1492R-B4-B-D1	RS-GCF-003578045.1-NZ-QXSL01000097.1	93.817	1259	88	1116	0.0	1643	RS-GCF-003578045.1-NZ-QXSL01000097.1
14455-1492R-B4-B-D1	RS-GCF-002786535.1-NZ-CP022291.1--6	93.817	1259	88	1116	0.0	1643	RS-GCF-002786535.1-NZ-CP022291.1--6
14455-1492R-B4-B-D1	RS-GCF-003426145.1-NZ-CP031673.1--4	93.817	1259	88	1116	0.0	1643	RS-GCF-003426145.1-NZ-CP031673.1--4
14455-1492R-B4-B-D1	RS-GCF-002442975.1-NZ-CP020741.1--4	93.817	1259	88	1116	0.0	1643	RS-GCF-002442975.1-NZ-CP020741.1--4
14455-1492R-B4-B-D1	GB-GCA-015290965.1-CP063990.1--6	93.817	1259	88	1116	0.0	1643	GB-GCA-015290965.1-CP063990.1--6
14455-1492R-B4-B-D1	RS-GCF-000604685.1-NZ-KK093331.1	93.817	1259	88	1116	0.0	1643	RS-GCF-000604685.1-NZ-KK093331.1
14455-1492R-B4-B-D1	RS-GCF-000543165.1-NZ-KI979112.1	93.817	1259	88	1116	0.0	1643	RS-GCF-000543165.1-NZ-KI979112.1
14455-1492R-B4-B-D1	RS-GCF-002633845.1-NZ-CP017679.1	93.817	1259	88	1116	0.0	1643	RS-GCF-002633845.1-NZ-CP017679.1
14455-1492R-B4-B-D1	RS-GCF-000545745.1-NZ-KI987178.1--2	93.666	1259	88	1121	0.0	1643	RS-GCF-000545745.1-NZ-KI987178.1--2
14455-1492R-B4-B-D1	RS-GCF-900458345.1-NZ-UHCC01000004.1	93.817	1259	88	1116	0.0	1643	RS-GCF-900458345.1-NZ-UHCC01000004.1
14455-1492R-B4-B-D1	RS-GCF-000594065.1-NZ-JDYW01000001.1--2	93.817	1259	88	1116	0.0	1643	RS-GCF-000594065.1-NZ-JDYW01000001.1--2
14455-1492R-B4-B-D1	G001045675	93.817	1259	88	1116	0.0	1643	G001045675
14455-1492R-B4-B-D1	MJ030-2-barcode71-umi4718bins-ubs-69	93.817	1259	88	1116	0.0	1643	MJ030-2-barcode71-umi4718bins-ubs-69
14455-1492R-B4-B-D1	GB-GCA-900186985.1-LT906447.1--3	93.534	1259	89	1129	0.0	1642	GB-GCA-900186985.1-LT906447.1--3
14455-1492R-B4-B-D1	RS-GCF-003578115.1-NZ-QXSV01000197.1	93.534	1259	89	1129	0.0	1642	RS-GCF-003578115.1-NZ-QXSV01000197.1
14455-1492R-B4-B-D1	RS-GCF-001014685.1-NZ-LAQN01000053.1	93.534	1259	89	1129	0.0	1642	RS-GCF-001014685.1-NZ-LAQN01000053.1
14455-1492R-B4-B-D1	RS-GCF-016724565.1-NZ-CP068073.1	93.534	1259	89	1129	0.0	1642	RS-GCF-016724565.1-NZ-CP068073.1
14455-1492R-B4-B-D1	RS-GCF-016724665.1-NZ-CP068079.1--6	93.534	1259	89	1129	0.0	1642	RS-GCF-016724665.1-NZ-CP068079.1--6
14455-1492R-B4-B-D1	RS-GCF-000009405.1-NC-012121.1--2	93.534	1259	89	1129	0.0	1642	RS-GCF-000009405.1-NC-012121.1--2
14455-1492R-B4-B-D1	RS-GCF-900458365.1-NZ-UHCY01000001.1--3	93.534	1259	89	1129	0.0	1642	RS-GCF-900458365.1-NZ-UHCY01000001.1--3
14455-1492R-B4-B-D1	RS-GCF-900458365.1-NZ-UHCY01000001.1--2	93.534	1259	89	1129	0.0	1642	RS-GCF-900458365.1-NZ-UHCY01000001.1--2
14455-1492R-B4-B-D1	RS-GCF-016028275.1-NZ-CP065711.1--3	93.534	1259	89	1129	0.0	1642	RS-GCF-016028275.1-NZ-CP065711.1--3
14455-1492R-B4-B-D1	G001618885	93.534	1259	89	1129	0.0	1642	G001618885
14455-1492R-B4-B-D1	JX139845	93.534	1259	89	1129	0.0	1642	JX139845
14455-1492R-B4-B-D1	MK121623	93.534	1259	89	1129	0.0	1642	MK121623
14455-1492R-B4-B-D1	Y15750	93.534	1259	89	1129	0.0	1642	Y15750
14455-1492R-B4-B-D1	MJ005-barcode41-umi23030bins-ubs-10	93.534	1259	89	1129	0.0	1642	MJ005-barcode41-umi23030bins-ubs-10
14455-1492R-B4-B-D1	RS-GCF-002215535.1-NZ-CP022247.1--6	93.019	1259	90	1146	0.0	1641	RS-GCF-002215535.1-NZ-CP022247.1--6
14455-1492R-B4-B-D1	RS-GCF-000248755.1-NZ-AHVF01000004.1	93.638	1259	88	1116	0.0	1641	RS-GCF-000248755.1-NZ-AHVF01000004.1
14455-1492R-B4-B-D1	L37603	93.728	1259	88	1116	0.0	1640	L37603
14455-1492R-B4-B-D1	RS-GCF-900187055.1-NZ-LT906460.1--4	93.728	1259	88	1116	0.0	1638	RS-GCF-900187055.1-NZ-LT906460.1--4
14455-1492R-B4-B-D1	RS-GCF-017357005.1-NZ-CP071589.1--2	93.728	1259	88	1116	0.0	1638	RS-GCF-017357005.1-NZ-CP071589.1--2
14455-1492R-B4-B-D1	RS-GCF-017368755.1-NZ-JAFNLZ010000002.1	93.728	1259	88	1116	0.0	1638	RS-GCF-017368755.1-NZ-JAFNLZ010000002.1
14455-1492R-B4-B-D1	RS-GCF-001074135.1-NZ-JUVB01000002.1	93.728	1259	88	1116	0.0	1638	RS-GCF-001074135.1-NZ-JUVB01000002.1
14455-1492R-B4-B-D1	RS-GCF-016751935.1-NZ-JAEPJP010000001.1--3	93.728	1259	88	1116	0.0	1638	RS-GCF-016751935.1-NZ-JAEPJP010000001.1--3
14455-1492R-B4-B-D1	RS-GCF-003580525.1-NZ-QYJH01000242.1	93.728	1259	88	1116	0.0	1638	RS-GCF-003580525.1-NZ-QYJH01000242.1
14455-1492R-B4-B-D1	RS-GCF-007833855.1-NZ-CP038242.1--5	93.728	1259	88	1116	0.0	1638	RS-GCF-007833855.1-NZ-CP038242.1--5
14455-1492R-B4-B-D1	RS-GCF-000494875.1-NC-022737.1--2	93.728	1259	88	1116	0.0	1638	RS-GCF-000494875.1-NC-022737.1--2
14455-1492R-B4-B-D1	RS-GCF-900636265.1-NZ-LR134244.1	93.728	1259	88	1116	0.0	1638	RS-GCF-900636265.1-NZ-LR134244.1
14455-1492R-B4-B-D1	RS-GCF-017898045.1-NZ-JAGMUP010000001.1--6	93.728	1259	88	1116	0.0	1638	RS-GCF-017898045.1-NZ-JAGMUP010000001.1--6
14455-1492R-B4-B-D1	RS-GCF-003571725.1-NZ-CP032159.1	93.728	1259	88	1116	0.0	1638	RS-GCF-003571725.1-NZ-CP032159.1
14455-1492R-B4-B-D1	RS-GCF-001969635.1-NZ-LWAN01000180.1	93.728	1259	88	1116	0.0	1638	RS-GCF-001969635.1-NZ-LWAN01000180.1
14455-1492R-B4-B-D1	RS-GCF-012273435.1-NZ-CP050982.1--2	93.728	1259	88	1116	0.0	1638	RS-GCF-012273435.1-NZ-CP050982.1--2
14455-1492R-B4-B-D1	RS-GCF-001659315.1-NZ-LYVT01000015.1	93.728	1259	88	1116	0.0	1638	RS-GCF-001659315.1-NZ-LYVT01000015.1
14455-1492R-B4-B-D1	RS-GCF-000247125.1-NZ-AHLF01000032.1	93.728	1259	88	1116	0.0	1638	RS-GCF-000247125.1-NZ-AHLF01000032.1
14455-1492R-B4-B-D1	RS-GCF-001622495.1-NZ-LWCW01000070.1	93.728	1259	88	1116	0.0	1638	RS-GCF-001622495.1-NZ-LWCW01000070.1
14455-1492R-B4-B-D1	RS-GCF-001659125.1-NZ-LYSH01000037.1	93.728	1259	88	1116	0.0	1638	RS-GCF-001659125.1-NZ-LYSH01000037.1
14455-1492R-B4-B-D1	RS-GCF-001622445.1-NZ-LWBW01000018.1	93.728	1259	88	1116	0.0	1638	RS-GCF-001622445.1-NZ-LWBW01000018.1
14455-1492R-B4-B-D1	RS-GCF-003979975.1-NZ-LUBS01000131.1	93.728	1259	88	1116	0.0	1638	RS-GCF-003979975.1-NZ-LUBS01000131.1
14455-1492R-B4-B-D1	RS-GCF-001070565.1-NZ-JVSY01000107.1	93.728	1259	88	1116	0.0	1638	RS-GCF-001070565.1-NZ-JVSY01000107.1
14455-1492R-B4-B-D1	RS-GCF-001465385.1-NZ-JRVP01000053.1	93.728	1259	88	1116	0.0	1638	RS-GCF-001465385.1-NZ-JRVP01000053.1
14455-1492R-B4-B-D1	RS-GCF-009897365.1-NZ-SHFF01000044.1	93.728	1259	88	1116	0.0	1638	RS-GCF-009897365.1-NZ-SHFF01000044.1
14455-1492R-B4-B-D1	RS-GCF-001622835.1-NZ-LWBG01000080.1	93.728	1259	88	1116	0.0	1638	RS-GCF-001622835.1-NZ-LWBG01000080.1
14455-1492R-B4-B-D1	RS-GCF-001658785.1-NZ-LXRV01000011.1	93.728	1259	88	1116	0.0	1638	RS-GCF-001658785.1-NZ-LXRV01000011.1
14455-1492R-B4-B-D1	RS-GCF-003980055.1-NZ-LUBM01000100.1	93.728	1259	88	1116	0.0	1638	RS-GCF-003980055.1-NZ-LUBM01000100.1
14455-1492R-B4-B-D1	RS-GCF-011306775.1-NZ-CP043781.1	93.728	1259	88	1116	0.0	1638	RS-GCF-011306775.1-NZ-CP043781.1
14455-1492R-B4-B-D1	RS-GCF-001659475.1-NZ-LYWF01000028.1	93.728	1259	88	1116	0.0	1638	RS-GCF-001659475.1-NZ-LYWF01000028.1
14455-1492R-B4-B-D1	RS-GCF-008922385.1-NZ-WBQK01000040.1	93.728	1259	88	1116	0.0	1638	RS-GCF-008922385.1-NZ-WBQK01000040.1
14455-1492R-B4-B-D1	RS-GCF-008922375.1-NZ-WBQL01000044.1	93.728	1259	88	1116	0.0	1638	RS-GCF-008922375.1-NZ-WBQL01000044.1
14455-1492R-B4-B-D1	RS-GCF-001658715.1-NZ-LXRX01000037.1	93.728	1259	88	1116	0.0	1638	RS-GCF-001658715.1-NZ-LXRX01000037.1
14455-1492R-B4-B-D1	RS-GCF-003980155.1-NZ-LUBV01000051.1	93.728	1259	88	1116	0.0	1638	RS-GCF-003980155.1-NZ-LUBV01000051.1
14455-1492R-B4-B-D1	RS-GCF-001658535.1-NZ-LYQA01000020.1	93.728	1259	88	1116	0.0	1638	RS-GCF-001658535.1-NZ-LYQA01000020.1
14455-1492R-B4-B-D1	RS-GCF-000410915.1-NZ-ARWU01000102.1	93.728	1259	88	1116	0.0	1638	RS-GCF-000410915.1-NZ-ARWU01000102.1
14455-1492R-B4-B-D1	RS-GCF-006094375.1-NZ-CP035288.1	93.728	1259	88	1116	0.0	1638	RS-GCF-006094375.1-NZ-CP035288.1
14455-1492R-B4-B-D1	RS-GCF-003980205.1-NZ-MNBF01000052.1	93.728	1259	88	1116	0.0	1638	RS-GCF-003980205.1-NZ-MNBF01000052.1
14455-1492R-B4-B-D1	RS-GCF-003979985.1-NZ-LUBT01000109.1	93.728	1259	88	1116	0.0	1638	RS-GCF-003979985.1-NZ-LUBT01000109.1
14455-1492R-B4-B-D1	RS-GCF-003859985.1-NZ-RQYG01000064.1	93.728	1259	88	1116	0.0	1638	RS-GCF-003859985.1-NZ-RQYG01000064.1
14455-1492R-B4-B-D1	RS-GCF-900205795.1-NZ-OAOB01000025.1	93.728	1259	88	1116	0.0	1638	RS-GCF-900205795.1-NZ-OAOB01000025.1
14455-1492R-B4-B-D1	RS-GCF-000705075.1-NZ-JMID01000002.1	93.728	1259	88	1116	0.0	1638	RS-GCF-000705075.1-NZ-JMID01000002.1
14455-1492R-B4-B-D1	RS-GCF-009769125.1-NZ-CP043847.1--6	93.728	1259	88	1116	0.0	1638	RS-GCF-009769125.1-NZ-CP043847.1--6
14455-1492R-B4-B-D1	RS-GCF-003980195.1-NZ-LUBX01000012.1	93.728	1259	88	1116	0.0	1638	RS-GCF-003980195.1-NZ-LUBX01000012.1
14455-1492R-B4-B-D1	RS-GCF-001072885.1-NZ-JVHR01000007.1	93.728	1259	88	1116	0.0	1638	RS-GCF-001072885.1-NZ-JVHR01000007.1
14455-1492R-B4-B-D1	GB-GCA-003687755.1-RDFC01000075.1	93.728	1259	88	1116	0.0	1638	GB-GCA-003687755.1-RDFC01000075.1
14455-1492R-B4-B-D1	RS-GCF-001662985.1-NZ-LYYX01000031.1	93.728	1259	88	1116	0.0	1638	RS-GCF-001662985.1-NZ-LYYX01000031.1
14455-1492R-B4-B-D1	RS-GCF-001658625.1-NZ-LXRQ01000031.1	93.728	1259	88	1116	0.0	1638	RS-GCF-001658625.1-NZ-LXRQ01000031.1
14455-1492R-B4-B-D1	RS-GCF-000011925.1-NC-002976.3--3	93.728	1259	88	1116	0.0	1638	RS-GCF-000011925.1-NC-002976.3--3
14455-1492R-B4-B-D1	RS-GCF-000572525.1-NZ-KK047723.1--3	93.728	1259	88	1116	0.0	1638	RS-GCF-000572525.1-NZ-KK047723.1--3
14455-1492R-B4-B-D1	RS-GCF-001208665.1-NZ-CSPH01000033.1	93.728	1259	88	1116	0.0	1638	RS-GCF-001208665.1-NZ-CSPH01000033.1
14455-1492R-B4-B-D1	GB-GCA-000189435.3-CP024649.1--2	93.728	1259	88	1116	0.0	1638	GB-GCA-000189435.3-CP024649.1--2
14455-1492R-B4-B-D1	RS-GCF-000540455.1-NZ-KI976226.1	93.728	1259	88	1116	0.0	1638	RS-GCF-000540455.1-NZ-KI976226.1
14455-1492R-B4-B-D1	RS-GCF-003236895.1-NZ-PZTJ01000054.1	93.728	1259	88	1116	0.0	1638	RS-GCF-003236895.1-NZ-PZTJ01000054.1
14455-1492R-B4-B-D1	RS-GCF-000644915.1-NZ-KK235775.1--2	93.728	1259	88	1116	0.0	1638	RS-GCF-000644915.1-NZ-KK235775.1--2
14455-1492R-B4-B-D1	RS-GCF-000570035.1-NZ-KK039208.1	93.728	1259	88	1116	0.0	1638	RS-GCF-000570035.1-NZ-KK039208.1
14455-1492R-B4-B-D1	RS-GCF-000602105.1-NZ-JGGB01000005.1	93.728	1259	88	1116	0.0	1638	RS-GCF-000602105.1-NZ-JGGB01000005.1
14455-1492R-B4-B-D1	RS-GCF-000573125.1-NZ-KK048020.1	93.728	1259	88	1116	0.0	1638	RS-GCF-000573125.1-NZ-KK048020.1
14455-1492R-B4-B-D1	RS-GCF-001019205.2-NZ-CP026953.1	93.728	1259	88	1116	0.0	1638	RS-GCF-001019205.2-NZ-CP026953.1
14455-1492R-B4-B-D1	RS-GCF-000601825.1-NZ-JGFN01000020.1	93.728	1259	88	1116	0.0	1638	RS-GCF-000601825.1-NZ-JGFN01000020.1
14455-1492R-B4-B-D1	RS-GCF-000732805.1-NZ-AZMY01000070.1	93.728	1259	88	1116	0.0	1638	RS-GCF-000732805.1-NZ-AZMY01000070.1
14455-1492R-B4-B-D1	RS-GCF-000360925.1-NZ-KB821272.1--5	93.728	1259	88	1116	0.0	1638	RS-GCF-000360925.1-NZ-KB821272.1--5
14455-1492R-B4-B-D1	RS-GCF-001064135.1-NZ-JVOI01000179.1	93.728	1259	88	1116	0.0	1638	RS-GCF-001064135.1-NZ-JVOI01000179.1
14455-1492R-B4-B-D1	RS-GCF-000573045.1-NZ-KK047918.1--6	93.728	1259	88	1116	0.0	1638	RS-GCF-000573045.1-NZ-KK047918.1--6
14455-1492R-B4-B-D1	RS-GCF-000602645.1-NZ-JGHC01000009.1--2	93.728	1259	88	1116	0.0	1638	RS-GCF-000602645.1-NZ-JGHC01000009.1--2
14455-1492R-B4-B-D1	RS-GCF-000981205.1-NZ-LAKI01000029.1	93.728	1259	88	1116	0.0	1638	RS-GCF-000981205.1-NZ-LAKI01000029.1
14455-1492R-B4-B-D1	RS-GCF-000539355.1-NZ-KI974889.1	93.728	1259	88	1116	0.0	1638	RS-GCF-000539355.1-NZ-KI974889.1
14455-1492R-B4-B-D1	RS-GCF-009937785.1-NZ-CP047809.1--4	93.728	1259	88	1116	0.0	1638	RS-GCF-009937785.1-NZ-CP047809.1--4
14455-1492R-B4-B-D1	RS-GCF-008693765.1-NZ-CP044106.1--6	93.728	1259	88	1116	0.0	1638	RS-GCF-008693765.1-NZ-CP044106.1--6
14455-1492R-B4-B-D1	RS-GCF-000574045.1-NZ-KK064819.1	93.728	1259	88	1116	0.0	1638	RS-GCF-000574045.1-NZ-KK064819.1
14455-1492R-B4-B-D1	RS-GCF-000554625.1-NZ-KK008103.1	93.728	1259	88	1116	0.0	1638	RS-GCF-000554625.1-NZ-KK008103.1
14455-1492R-B4-B-D1	RS-GCF-018502005.1-NZ-CP075506.1--5	93.728	1259	88	1116	0.0	1638	RS-GCF-018502005.1-NZ-CP075506.1--5
14455-1492R-B4-B-D1	RS-GCF-900125965.1-NZ-FQIA01000001.1	93.728	1259	88	1116	0.0	1638	RS-GCF-900125965.1-NZ-FQIA01000001.1
14455-1492R-B4-B-D1	RS-GCF-001197715.1-NZ-CSSP01000032.1	93.728	1259	88	1116	0.0	1638	RS-GCF-001197715.1-NZ-CSSP01000032.1
14455-1492R-B4-B-D1	RS-GCF-008079405.1-NZ-VRNK01000095.1	93.728	1259	88	1116	0.0	1638	RS-GCF-008079405.1-NZ-VRNK01000095.1
14455-1492R-B4-B-D1	RS-GCF-009660935.1-NZ-WJSV01000036.1	93.728	1259	88	1116	0.0	1638	RS-GCF-009660935.1-NZ-WJSV01000036.1
14455-1492R-B4-B-D1	RS-GCF-003238075.1-NZ-PZUM01000001.1--2	93.728	1259	88	1116	0.0	1638	RS-GCF-003238075.1-NZ-PZUM01000001.1--2
14455-1492R-B4-B-D1	RS-GCF-000554345.1-NZ-KK007459.1	93.728	1259	88	1116	0.0	1638	RS-GCF-000554345.1-NZ-KK007459.1
14455-1492R-B4-B-D1	RS-GCF-900126375.1-NZ-FQJP01000013.1	93.728	1259	88	1116	0.0	1638	RS-GCF-900126375.1-NZ-FQJP01000013.1
14455-1492R-B4-B-D1	RS-GCF-008462245.1-NZ-CP040232.1--6	93.728	1259	88	1116	0.0	1638	RS-GCF-008462245.1-NZ-CP040232.1--6
14455-1492R-B4-B-D1	RS-GCF-003354805.1-NZ-CP022892.1--4	93.728	1259	88	1116	0.0	1638	RS-GCF-003354805.1-NZ-CP022892.1--4
14455-1492R-B4-B-D1	RS-GCF-000538975.1-NZ-KI974533.1	93.728	1259	88	1116	0.0	1638	RS-GCF-000538975.1-NZ-KI974533.1
14455-1492R-B4-B-D1	RS-GCF-000610845.1-NZ-KK099778.1--3	93.728	1259	88	1116	0.0	1638	RS-GCF-000610845.1-NZ-KK099778.1--3
14455-1492R-B4-B-D1	RS-GCF-000558665.1-NZ-KK019127.1--3	93.728	1259	88	1116	0.0	1638	RS-GCF-000558665.1-NZ-KK019127.1--3
14455-1492R-B4-B-D1	RS-GCF-017329085.1-NZ-CP071352.1--5	93.728	1259	88	1116	0.0	1638	RS-GCF-017329085.1-NZ-CP071352.1--5
14455-1492R-B4-B-D1	RS-GCF-003017355.1-NZ-NGNI01000001.1--5	93.728	1259	88	1116	0.0	1638	RS-GCF-003017355.1-NZ-NGNI01000001.1--5
14455-1492R-B4-B-D1	RS-GCF-000564735.1-NZ-KK032934.1	93.728	1259	88	1116	0.0	1638	RS-GCF-000564735.1-NZ-KK032934.1
14455-1492R-B4-B-D1	RS-GCF-000982105.1-NZ-LBIJ01000016.1	93.728	1259	88	1116	0.0	1638	RS-GCF-000982105.1-NZ-LBIJ01000016.1
14455-1492R-B4-B-D1	RS-GCF-000982105.1-NZ-LBIJ01000016.1	93.728	1259	88	1116	0.0	1638	RS-GCF-000982105.1-NZ-LBIJ01000016.1
14455-1492R-B4-B-D1	RS-GCF-000982105.1-NZ-LBIJ01000016.1	93.728	1259	88	1116	0.0	1638	RS-GCF-000982105.1-NZ-LBIJ01000016.1
14455-1492R-B4-B-D1	RS-GCF-003952625.1-NZ-CP034441.1--6	93.728	1259	88	1116	0.0	1638	RS-GCF-003952625.1-NZ-CP034441.1--6
14455-1492R-B4-B-D1	RS-GCF-000362525.1-NZ-KB821863.1	93.728	1259	88	1116	0.0	1638	RS-GCF-000362525.1-NZ-KB821863.1
14455-1492R-B4-B-D1	RS-GCF-001656075.1-NZ-CP015646.1--3	93.728	1259	88	1116	0.0	1638	RS-GCF-001656075.1-NZ-CP015646.1--3
14455-1492R-B4-B-D1	RS-GCF-000525565.1-NZ-KI966328.1--2	93.728	1259	88	1116	0.0	1638	RS-GCF-000525565.1-NZ-KI966328.1--2
14455-1492R-B4-B-D1	RS-GCF-002983355.1-NZ-PHWS01000029.1	93.728	1259	88	1116	0.0	1638	RS-GCF-002983355.1-NZ-PHWS01000029.1
14455-1492R-B4-B-D1	RS-GCF-900149275.1-NZ-FSRW01000024.1	93.728	1259	88	1116	0.0	1638	RS-GCF-900149275.1-NZ-FSRW01000024.1
14455-1492R-B4-B-D1	RS-GCF-009912155.1-NZ-CP047779.1--6	93.728	1259	88	1116	0.0	1638	RS-GCF-009912155.1-NZ-CP047779.1--6
14455-1492R-B4-B-D1	RS-GCF-000597005.1-NZ-JEUV01000001.1	93.728	1259	88	1116	0.0	1638	RS-GCF-000597005.1-NZ-JEUV01000001.1
14455-1492R-B4-B-D1	RS-GCF-000579695.1-NZ-KK073169.1--2	93.728	1259	88	1116	0.0	1638	RS-GCF-000579695.1-NZ-KK073169.1--2
14455-1492R-B4-B-D1	RS-GCF-000594865.1-NZ-JFSM01000008.1	93.728	1259	88	1116	0.0	1638	RS-GCF-000594865.1-NZ-JFSM01000008.1
14455-1492R-B4-B-D1	RS-GCF-900457565.1-NZ-UGZV01000001.1--5	93.728	1259	88	1116	0.0	1638	RS-GCF-900457565.1-NZ-UGZV01000001.1--5
14455-1492R-B4-B-D1	RS-GCF-900250305.1-NZ-OFUK01000031.1	93.728	1259	88	1116	0.0	1638	RS-GCF-900250305.1-NZ-OFUK01000031.1
14455-1492R-B4-B-D1	RS-GCF-000570455.1-NZ-KK040001.1	93.728	1259	88	1116	0.0	1638	RS-GCF-000570455.1-NZ-KK040001.1
14455-1492R-B4-B-D1	RS-GCF-004797195.1-NZ-CP038819.1	93.728	1259	88	1116	0.0	1638	RS-GCF-004797195.1-NZ-CP038819.1
14455-1492R-B4-B-D1	RS-GCF-000144955.1-NC-017338.1	93.728	1259	88	1116	0.0	1638	RS-GCF-000144955.1-NC-017338.1
14455-1492R-B4-B-D1	RS-GCF-000578115.1-NZ-KK070710.1	93.728	1259	88	1116	0.0	1638	RS-GCF-000578115.1-NZ-KK070710.1
14455-1492R-B4-B-D1	RS-GCF-002904635.1-NZ-NGVP01000079.1	93.728	1259	88	1116	0.0	1638	RS-GCF-002904635.1-NZ-NGVP01000079.1
14455-1492R-B4-B-D1	RS-GCF-000541395.1-NZ-KI977260.1	93.728	1259	88	1116	0.0	1638	RS-GCF-000541395.1-NZ-KI977260.1
14455-1492R-B4-B-D1	RS-GCF-002982535.1-NZ-PHVD01000037.1	93.728	1259	88	1116	0.0	1638	RS-GCF-002982535.1-NZ-PHVD01000037.1
14455-1492R-B4-B-D1	RS-GCF-000564815.1-NZ-KK033099.1	93.728	1259	88	1116	0.0	1638	RS-GCF-000564815.1-NZ-KK033099.1
14455-1492R-B4-B-D1	RS-GCF-009725595.1-NZ-WFHQ01000055.1	93.728	1259	88	1116	0.0	1638	RS-GCF-009725595.1-NZ-WFHQ01000055.1
14455-1492R-B4-B-D1	RS-GCF-001471675.2-NZ-LORT02000003.1--4	93.728	1259	88	1116	0.0	1638	RS-GCF-001471675.2-NZ-LORT02000003.1--4
14455-1492R-B4-B-D1	RS-GCF-000571775.1-NZ-KK042107.1	93.728	1259	88	1116	0.0	1638	RS-GCF-000571775.1-NZ-KK042107.1
14455-1492R-B4-B-D1	RS-GCF-000601785.1-NZ-JGFL01000025.1	93.728	1259	88	1116	0.0	1638	RS-GCF-000601785.1-NZ-JGFL01000025.1
14455-1492R-B4-B-D1	RS-GCF-001019255.2-NZ-CP026968.1--7	93.728	1259	88	1116	0.0	1638	RS-GCF-001019255.2-NZ-CP026968.1--7
14455-1492R-B4-B-D1	RS-GCF-000571515.1-NZ-KK041673.1	93.728	1259	88	1116	0.0	1638	RS-GCF-000571515.1-NZ-KK041673.1
14455-1492R-B4-B-D1	RS-GCF-000639875.1-NZ-KK225367.1	93.728	1259	88	1116	0.0	1638	RS-GCF-000639875.1-NZ-KK225367.1
14455-1492R-B4-B-D1	RS-GCF-900474575.1-NZ-LS483309.1--5	93.728	1259	88	1116	0.0	1638	RS-GCF-900474575.1-NZ-LS483309.1--5
14455-1492R-B4-B-D1	RS-GCF-900474575.1-NZ-LS483309.1--4	93.728	1259	88	1116	0.0	1638	RS-GCF-900474575.1-NZ-LS483309.1--4
14455-1492R-B4-B-D1	RS-GCF-002094085.1-NZ-MBTB01000022.1	93.728	1259	88	1116	0.0	1638	RS-GCF-002094085.1-NZ-MBTB01000022.1
14455-1492R-B4-B-D1	RS-GCF-000609105.1-NZ-KK099010.1	93.728	1259	88	1116	0.0	1638	RS-GCF-000609105.1-NZ-KK099010.1
14455-1492R-B4-B-D1	RS-GCF-001061075.1-NZ-JWBS01000100.1	93.728	1259	88	1116	0.0	1638	RS-GCF-001061075.1-NZ-JWBS01000100.1
14455-1492R-B4-B-D1	RS-GCF-900457725.1-NZ-UAUW01000003.1	93.728	1259	88	1116	0.0	1638	RS-GCF-900457725.1-NZ-UAUW01000003.1
14455-1492R-B4-B-D1	RS-GCF-002267125.1-NZ-LGWY01000075.1	93.728	1259	88	1116	0.0	1638	RS-GCF-002267125.1-NZ-LGWY01000075.1
14455-1492R-B4-B-D1	RS-GCF-014337075.1-NZ-CP060628.1--6	93.728	1259	88	1116	0.0	1638	RS-GCF-014337075.1-NZ-CP060628.1--6
14455-1492R-B4-B-D1	RS-GCF-000638415.1-NZ-KK222637.1	93.728	1259	88	1116	0.0	1638	RS-GCF-000638415.1-NZ-KK222637.1
14455-1492R-B4-B-D1	RS-GCF-000606725.1-NZ-KK096810.1	93.728	1259	88	1116	0.0	1638	RS-GCF-000606725.1-NZ-KK096810.1
14455-1492R-B4-B-D1	RS-GCF-001227925.1-NZ-CTUS01000001.1	93.728	1259	88	1116	0.0	1638	RS-GCF-001227925.1-NZ-CTUS01000001.1
14455-1492R-B4-B-D1	RS-GCF-000609305.1-NZ-KK099076.1--4	93.728	1259	88	1116	0.0	1638	RS-GCF-000609305.1-NZ-KK099076.1--4
14455-1492R-B4-B-D1	RS-GCF-008620055.1-NZ-AP020320.1--2	93.728	1259	88	1116	0.0	1638	RS-GCF-008620055.1-NZ-AP020320.1--2
14455-1492R-B4-B-D1	RS-GCF-001045975.1-NZ-LALM01000028.1	93.728	1259	88	1116	0.0	1638	RS-GCF-001045975.1-NZ-LALM01000028.1
14455-1492R-B4-B-D1	RS-GCF-000570215.1-NZ-KK039535.1	93.728	1259	88	1116	0.0	1638	RS-GCF-000570215.1-NZ-KK039535.1
14455-1492R-B4-B-D1	RS-GCF-000579975.1-NZ-KK073509.1	93.728	1259	88	1116	0.0	1638	RS-GCF-000579975.1-NZ-KK073509.1
14455-1492R-B4-B-D1	RS-GCF-000596905.1-NZ-JEUQ01000010.1	93.728	1259	88	1116	0.0	1638	RS-GCF-000596905.1-NZ-JEUQ01000010.1
14455-1492R-B4-B-D1	RS-GCF-018595915.1-NZ-JAGPWM010000024.1	93.728	1259	88	1116	0.0	1638	RS-GCF-018595915.1-NZ-JAGPWM010000024.1
14455-1492R-B4-B-D1	RS-GCF-003813705.1-NZ-RHFR01000043.1	93.728	1259	88	1116	0.0	1638	RS-GCF-003813705.1-NZ-RHFR01000043.1
14455-1492R-B4-B-D1	RS-GCF-003354885.1-NZ-CP022910.1--4	93.728	1259	88	1116	0.0	1638	RS-GCF-003354885.1-NZ-CP022910.1--4
14455-1492R-B4-B-D1	RS-GCF-000593725.1-NZ-JDGP01000011.1	93.728	1259	88	1116	0.0	1638	RS-GCF-000593725.1-NZ-JDGP01000011.1
14455-1492R-B4-B-D1	RS-GCF-900235985.1-NZ-OEMX01000029.1	93.728	1259	88	1116	0.0	1638	RS-GCF-900235985.1-NZ-OEMX01000029.1
14455-1492R-B4-B-D1	RS-GCF-003238155.1-NZ-PZUS01000064.1	93.728	1259	88	1116	0.0	1638	RS-GCF-003238155.1-NZ-PZUS01000064.1
14455-1492R-B4-B-D1	RS-GCF-900098335.1-NZ-FMQR01000037.1	93.728	1259	88	1116	0.0	1638	RS-GCF-900098335.1-NZ-FMQR01000037.1
14455-1492R-B4-B-D1	RS-GCF-000587315.1-NZ-KK075486.1	93.728	1259	88	1116	0.0	1638	RS-GCF-000587315.1-NZ-KK075486.1
14455-1492R-B4-B-D1	RS-GCF-000009585.1-NC-017333.1--6	93.728	1259	88	1116	0.0	1638	RS-GCF-000009585.1-NC-017333.1--6
14455-1492R-B4-B-D1	RS-GCF-014235205.1-NZ-JACJGS010000044.1	93.728	1259	88	1116	0.0	1638	RS-GCF-014235205.1-NZ-JACJGS010000044.1
14455-1492R-B4-B-D1	RS-GCF-000647275.1-NZ-KK240600.1	93.728	1259	88	1116	0.0	1638	RS-GCF-000647275.1-NZ-KK240600.1
14455-1492R-B4-B-D1	RS-GCF-000543485.1-NZ-KI981834.1	93.728	1259	88	1116	0.0	1638	RS-GCF-000543485.1-NZ-KI981834.1
14455-1492R-B4-B-D1	RS-GCF-019209765.1-NZ-JAHUTU010000012.1	93.728	1259	88	1116	0.0	1638	RS-GCF-019209765.1-NZ-JAHUTU010000012.1
14455-1492R-B4-B-D1	RS-GCF-000746505.1-NZ-CP007499.1--5	93.728	1259	88	1116	0.0	1638	RS-GCF-000746505.1-NZ-CP007499.1--5
14455-1492R-B4-B-D1	RS-GCF-001228725.1-NZ-CTYW01000191.1	93.728	1259	88	1116	0.0	1638	RS-GCF-001228725.1-NZ-CTYW01000191.1
14455-1492R-B4-B-D1	GB-GCA-018630415.1-JAGDNB010000030.1	93.728	1259	88	1116	0.0	1638	GB-GCA-018630415.1-JAGDNB010000030.1
14455-1492R-B4-B-D1	RS-GCF-000556585.1-NZ-KK013547.1	93.728	1259	88	1116	0.0	1638	RS-GCF-000556585.1-NZ-KK013547.1
14455-1492R-B4-B-D1	RS-GCF-000532935.1-NZ-KI972868.1	93.728	1259	88	1116	0.0	1638	RS-GCF-000532935.1-NZ-KI972868.1
14455-1492R-B4-B-D1	RS-GCF-000532935.1-NZ-KI972868.1	93.728	1259	88	1116	0.0	1638	RS-GCF-000532935.1-NZ-KI972868.1
14455-1492R-B4-B-D1	RS-GCF-000248875.1-NZ-AHVS01000002.1	93.728	1259	88	1116	0.0	1638	RS-GCF-000248875.1-NZ-AHVS01000002.1
14455-1492R-B4-B-D1	RS-GCF-000363745.1-NZ-KB822305.1	93.728	1259	88	1116	0.0	1638	RS-GCF-000363745.1-NZ-KB822305.1
14455-1492R-B4-B-D1	RS-GCF-000551305.1-NZ-KK000042.1	93.728	1259	88	1116	0.0	1638	RS-GCF-000551305.1-NZ-KK000042.1
14455-1492R-B4-B-D1	RS-GCF-000587655.1-NZ-KK075977.1	93.728	1259	88	1116	0.0	1638	RS-GCF-000587655.1-NZ-KK075977.1
14455-1492R-B4-B-D1	RS-GCF-000563955.1-NZ-KK031052.1	93.728	1259	88	1116	0.0	1638	RS-GCF-000563955.1-NZ-KK031052.1
14455-1492R-B4-B-D1	RS-GCF-001184325.1-NZ-LFEB02000021.1	93.728	1259	88	1116	0.0	1638	RS-GCF-001184325.1-NZ-LFEB02000021.1
14455-1492R-B4-B-D1	RS-GCF-000560845.1-NZ-KK024198.1	93.728	1259	88	1116	0.0	1638	RS-GCF-000560845.1-NZ-KK024198.1
14455-1492R-B4-B-D1	RS-GCF-001192075.1-NZ-CSLR01000048.1	93.728	1259	88	1116	0.0	1638	RS-GCF-001192075.1-NZ-CSLR01000048.1
14455-1492R-B4-B-D1	RS-GCF-000712685.1-NZ-JOPZ01000046.1	93.728	1259	88	1116	0.0	1638	RS-GCF-000712685.1-NZ-JOPZ01000046.1
14455-1492R-B4-B-D1	RS-GCF-000359925.1-NZ-KB820925.1--4	93.728	1259	88	1116	0.0	1638	RS-GCF-000359925.1-NZ-KB820925.1--4
14455-1492R-B4-B-D1	RS-GCF-900083455.1-NZ-FKXY01000002.1	93.728	1259	88	1116	0.0	1638	RS-GCF-900083455.1-NZ-FKXY01000002.1
14455-1492R-B4-B-D1	RS-GCF-000638115.1-NZ-KK222002.1	93.728	1259	88	1116	0.0	1638	RS-GCF-000638115.1-NZ-KK222002.1
14455-1492R-B4-B-D1	RS-GCF-002884555.1-NZ-PNGH01000029.1	93.728	1259	88	1116	0.0	1638	RS-GCF-002884555.1-NZ-PNGH01000029.1
14455-1492R-B4-B-D1	RS-GCF-000610205.1-NZ-KK099449.1	93.817	1259	88	1116	0.0	1638	RS-GCF-000610205.1-NZ-KK099449.1
14455-1492R-B4-B-D1	RS-GCF-002993865.1-NZ-CP027476.1--5	93.728	1259	88	1116	0.0	1638	RS-GCF-002993865.1-NZ-CP027476.1--5
14455-1492R-B4-B-D1	RS-GCF-000967405.1-NC-020537.1	93.728	1259	88	1116	0.0	1638	RS-GCF-000967405.1-NC-020537.1
14455-1492R-B4-B-D1	RS-GCF-000360885.1-NZ-KB821251.1--5	93.728	1259	88	1116	0.0	1638	RS-GCF-000360885.1-NZ-KB821251.1--5
14455-1492R-B4-B-D1	RS-GCF-900252215.1-NZ-OGBR01000015.1	93.728	1259	88	1116	0.0	1638	RS-GCF-900252215.1-NZ-OGBR01000015.1
14455-1492R-B4-B-D1	GB-GCA-900457985.1-UHAO01000001.1--3	93.728	1259	88	1116	0.0	1638	GB-GCA-900457985.1-UHAO01000001.1--3
14455-1492R-B4-B-D1	RS-GCF-003237975.1-NZ-PZRW01000023.1	93.728	1259	88	1116	0.0	1638	RS-GCF-003237975.1-NZ-PZRW01000023.1
14455-1492R-B4-B-D1	RS-GCF-001184335.1-NZ-LFEC02000008.1	93.728	1259	88	1116	0.0	1638	RS-GCF-001184335.1-NZ-LFEC02000008.1
14455-1492R-B4-B-D1	RS-GCF-000249015.1-NZ-AHVY01000002.1	93.728	1259	88	1116	0.0	1638	RS-GCF-000249015.1-NZ-AHVY01000002.1
14455-1492R-B4-B-D1	RS-GCF-900620245.1-NZ-LR130515.1--5	93.728	1259	88	1116	0.0	1638	RS-GCF-900620245.1-NZ-LR130515.1--5
14455-1492R-B4-B-D1	GB-GCA-000452885.1-ARPA01000003.1	93.728	1259	88	1116	0.0	1638	GB-GCA-000452885.1-ARPA01000003.1
14455-1492R-B4-B-D1	RS-GCF-000646055.1-NZ-KK238101.1	93.728	1259	88	1116	0.0	1638	RS-GCF-000646055.1-NZ-KK238101.1
14455-1492R-B4-B-D1	RS-GCF-000570175.1-NZ-KK039422.1	93.728	1259	88	1116	0.0	1638	RS-GCF-000570175.1-NZ-KK039422.1
14455-1492R-B4-B-D1	RS-GCF-000606525.1-NZ-KK096423.1	93.728	1259	88	1116	0.0	1638	RS-GCF-000606525.1-NZ-KK096423.1
14455-1492R-B4-B-D1	RS-GCF-009769095.1-NZ-CP043843.1--5	93.728	1259	88	1116	0.0	1638	RS-GCF-009769095.1-NZ-CP043843.1--5
14455-1492R-B4-B-D1	RS-GCF-000530545.1-NZ-KI971450.1	93.728	1259	88	1116	0.0	1638	RS-GCF-000530545.1-NZ-KI971450.1
14455-1492R-B4-B-D1	RS-GCF-001060135.1-NZ-JWGC01000142.1	93.728	1259	88	1116	0.0	1638	RS-GCF-001060135.1-NZ-JWGC01000142.1
14455-1492R-B4-B-D1	RS-GCF-000608365.1-NZ-KK098405.1--4	93.728	1259	88	1116	0.0	1638	RS-GCF-000608365.1-NZ-KK098405.1--4
14455-1492R-B4-B-D1	RS-GCF-000593745.1-NZ-JDGQ01000004.1	93.728	1259	88	1116	0.0	1638	RS-GCF-000593745.1-NZ-JDGQ01000004.1
14455-1492R-B4-B-D1	RS-GCF-003841415.1-NZ-RCOQ01000077.1	93.728	1259	88	1116	0.0	1638	RS-GCF-003841415.1-NZ-RCOQ01000077.1
14455-1492R-B4-B-D1	RS-GCF-000363805.1-NZ-KB822313.1	93.728	1259	88	1116	0.0	1638	RS-GCF-000363805.1-NZ-KB822313.1
14455-1492R-B4-B-D1	RS-GCF-003309905.1-NZ-PTAL01000021.1	93.728	1259	88	1116	0.0	1638	RS-GCF-003309905.1-NZ-PTAL01000021.1
14455-1492R-B4-B-D1	RS-GCF-009912115.1-NZ-CP047792.1	93.728	1259	88	1116	0.0	1638	RS-GCF-009912115.1-NZ-CP047792.1
14455-1492R-B4-B-D1	RS-GCF-900482605.1-NZ-UEKJ01000053.1	93.728	1259	88	1116	0.0	1638	RS-GCF-900482605.1-NZ-UEKJ01000053.1
14455-1492R-B4-B-D1	RS-GCF-000646695.1-NZ-KK239523.1	93.728	1259	88	1116	0.0	1638	RS-GCF-000646695.1-NZ-KK239523.1
14455-1492R-B4-B-D1	RS-GCF-001986135.1-NZ-CP019563.1	93.728	1259	88	1116	0.0	1638	RS-GCF-001986135.1-NZ-CP019563.1
14455-1492R-B4-B-D1	RS-GCF-002905355.1-NZ-LKSW01000020.1	93.728	1259	88	1116	0.0	1638	RS-GCF-002905355.1-NZ-LKSW01000020.1
14455-1492R-B4-B-D1	RS-GCF-000574005.1-NZ-KK064735.1	93.728	1259	88	1116	0.0	1638	RS-GCF-000574005.1-NZ-KK064735.1
14455-1492R-B4-B-D1	RS-GCF-000539235.1-NZ-KI974751.1	93.728	1259	88	1116	0.0	1638	RS-GCF-000539235.1-NZ-KI974751.1
14455-1492R-B4-B-D1	RS-GCF-000732825.1-NZ-AZJQ01000099.1	93.728	1259	88	1116	0.0	1638	RS-GCF-000732825.1-NZ-AZJQ01000099.1
14455-1492R-B4-B-D1	RS-GCF-000551085.1-NZ-KI999415.1	93.728	1259	88	1116	0.0	1638	RS-GCF-000551085.1-NZ-KI999415.1
14455-1492R-B4-B-D1	RS-GCF-000360105.1-NZ-KB820999.1--5	93.728	1259	88	1116	0.0	1638	RS-GCF-000360105.1-NZ-KB820999.1--5
14455-1492R-B4-B-D1	RS-GCF-000577045.1-NZ-KK070249.1--2	93.728	1259	88	1116	0.0	1638	RS-GCF-000577045.1-NZ-KK070249.1--2
14455-1492R-B4-B-D1	RS-GCF-006511635.1-NZ-SZZD01000062.1	93.728	1259	88	1116	0.0	1638	RS-GCF-006511635.1-NZ-SZZD01000062.1
14455-1492R-B4-B-D1	RS-GCF-001224705.1-NZ-CTWO01000006.1	93.728	1259	88	1116	0.0	1638	RS-GCF-001224705.1-NZ-CTWO01000006.1
14455-1492R-B4-B-D1	RS-GCF-002983175.1-NZ-PHWK01000019.1	93.728	1259	88	1116	0.0	1638	RS-GCF-002983175.1-NZ-PHWK01000019.1
14455-1492R-B4-B-D1	RS-GCF-000647255.1-NZ-KK240564.1	93.728	1259	88	1116	0.0	1638	RS-GCF-000647255.1-NZ-KK240564.1
14455-1492R-B4-B-D1	RS-GCF-000608205.1-NZ-KK098301.1--2	93.728	1259	88	1116	0.0	1638	RS-GCF-000608205.1-NZ-KK098301.1--2
14455-1492R-B4-B-D1	RS-GCF-000607545.1-NZ-KK097877.1--2	93.728	1259	88	1116	0.0	1638	RS-GCF-000607545.1-NZ-KK097877.1--2
14455-1492R-B4-B-D1	RS-GCF-000570275.1-NZ-KK039639.1	93.728	1259	88	1116	0.0	1638	RS-GCF-000570275.1-NZ-KK039639.1
14455-1492R-B4-B-D1	RS-GCF-000601665.1-NZ-JGFF01000001.1--2	93.728	1259	88	1116	0.0	1638	RS-GCF-000601665.1-NZ-JGFF01000001.1--2
14455-1492R-B4-B-D1	GB-GCA-015290965.1-CP063990.1--5	93.728	1259	88	1116	0.0	1638	GB-GCA-015290965.1-CP063990.1--5
14455-1492R-B4-B-D1	RS-GCF-002916535.1-NZ-PNPB01000027.1	93.728	1259	88	1116	0.0	1638	RS-GCF-002916535.1-NZ-PNPB01000027.1
14455-1492R-B4-B-D1	RS-GCF-003114335.1-NZ-BEYJ01000017.1	93.728	1259	88	1116	0.0	1638	RS-GCF-003114335.1-NZ-BEYJ01000017.1
14455-1492R-B4-B-D1	RS-GCF-003111745.1-NZ-CP029172.1--2	93.728	1259	88	1116	0.0	1638	RS-GCF-003111745.1-NZ-CP029172.1--2
14455-1492R-B4-B-D1	RS-GCF-000637135.1-NZ-KK220091.1	93.728	1259	88	1116	0.0	1638	RS-GCF-000637135.1-NZ-KK220091.1
14455-1492R-B4-B-D1	RS-GCF-001717645.1-NZ-CP016855.1	93.728	1259	88	1116	0.0	1638	RS-GCF-001717645.1-NZ-CP016855.1
14455-1492R-B4-B-D1	RS-GCF-001515705.1-NZ-CP012018.1--3	93.728	1259	88	1116	0.0	1638	RS-GCF-001515705.1-NZ-CP012018.1--3
14455-1492R-B4-B-D1	RS-GCF-003114015.1-NZ-BEYC01000022.1	93.728	1259	88	1116	0.0	1638	RS-GCF-003114015.1-NZ-BEYC01000022.1
14455-1492R-B4-B-D1	RS-GCF-000645955.1-NZ-KK237881.1	93.728	1259	88	1116	0.0	1638	RS-GCF-000645955.1-NZ-KK237881.1
14455-1492R-B4-B-D1	RS-GCF-000540635.1-NZ-KI976427.1	93.728	1259	88	1116	0.0	1638	RS-GCF-000540635.1-NZ-KI976427.1
14455-1492R-B4-B-D1	RS-GCF-018682195.1-NZ-JAEUDZ010000032.1	93.728	1259	88	1116	0.0	1638	RS-GCF-018682195.1-NZ-JAEUDZ010000032.1
14455-1492R-B4-B-D1	RS-GCF-000362125.1-NZ-KB821715.1	93.728	1259	88	1116	0.0	1638	RS-GCF-000362125.1-NZ-KB821715.1
14455-1492R-B4-B-D1	RS-GCF-000362465.1-NZ-KB821836.1--2	93.728	1259	88	1116	0.0	1638	RS-GCF-000362465.1-NZ-KB821836.1--2
14455-1492R-B4-B-D1	RS-GCF-000252405.1-NZ-AIDT01000040.1	93.728	1259	88	1116	0.0	1638	RS-GCF-000252405.1-NZ-AIDT01000040.1
14455-1492R-B4-B-D1	RS-GCF-008620175.1-NZ-AP020322.1--2	93.728	1259	88	1116	0.0	1638	RS-GCF-008620175.1-NZ-AP020322.1--2
14455-1492R-B4-B-D1	RS-GCF-009912975.1-NZ-CP047867.1--6	93.728	1259	88	1116	0.0	1638	RS-GCF-009912975.1-NZ-CP047867.1--6
14455-1492R-B4-B-D1	RS-GCF-000573745.1-NZ-KK064187.1	93.728	1259	88	1116	0.0	1638	RS-GCF-000573745.1-NZ-KK064187.1
14455-1492R-B4-B-D1	RS-GCF-000683075.1-NZ-JIIN01000033.1	93.728	1259	88	1116	0.0	1638	RS-GCF-000683075.1-NZ-JIIN01000033.1
14455-1492R-B4-B-D1	RS-GCF-001019295.2-NZ-JXZL02000005.1	93.728	1259	88	1116	0.0	1638	RS-GCF-001019295.2-NZ-JXZL02000005.1
14455-1492R-B4-B-D1	RS-GCF-000605145.1-NZ-KK094242.1	93.728	1259	88	1116	0.0	1638	RS-GCF-000605145.1-NZ-KK094242.1
14455-1492R-B4-B-D1	RS-GCF-000538275.1-NZ-KI973802.1	93.728	1259	88	1116	0.0	1638	RS-GCF-000538275.1-NZ-KI973802.1
14455-1492R-B4-B-D1	RS-GCF-000578555.1-NZ-KK071490.1	93.728	1259	88	1116	0.0	1638	RS-GCF-000578555.1-NZ-KK071490.1
14455-1492R-B4-B-D1	RS-GCF-900474565.1-NZ-LS483302.1--2	93.728	1259	88	1116	0.0	1638	RS-GCF-900474565.1-NZ-LS483302.1--2
14455-1492R-B4-B-D1	RS-GCF-900474565.1-NZ-LS483302.1	93.728	1259	88	1116	0.0	1638	RS-GCF-900474565.1-NZ-LS483302.1
14455-1492R-B4-B-D1	RS-GCF-001062455.1-NZ-JVWU01000155.1	93.728	1259	88	1116	0.0	1638	RS-GCF-001062455.1-NZ-JVWU01000155.1
14455-1492R-B4-B-D1	GB-GCA-000564875.1-AYXU01000245.1	93.728	1259	88	1116	0.0	1638	GB-GCA-000564875.1-AYXU01000245.1
14455-1492R-B4-B-D1	RS-GCF-001297295.1-NZ-LFMG01000028.1	93.728	1259	88	1116	0.0	1638	RS-GCF-001297295.1-NZ-LFMG01000028.1
14455-1492R-B4-B-D1	RS-GCF-000638595.1-NZ-KK222948.1	93.728	1259	88	1116	0.0	1638	RS-GCF-000638595.1-NZ-KK222948.1
14455-1492R-B4-B-D1	RS-GCF-000606865.1-NZ-KK097095.1	93.728	1259	88	1116	0.0	1638	RS-GCF-000606865.1-NZ-KK097095.1
14455-1492R-B4-B-D1	RS-GCF-009912375.1-NZ-CP047828.1	93.728	1259	88	1116	0.0	1638	RS-GCF-009912375.1-NZ-CP047828.1
14455-1492R-B4-B-D1	RS-GCF-000639975.1-NZ-KK225626.1	93.728	1259	88	1116	0.0	1638	RS-GCF-000639975.1-NZ-KK225626.1
14455-1492R-B4-B-D1	RS-GCF-000571375.1-NZ-KK041417.1--2	93.728	1259	88	1116	0.0	1638	RS-GCF-000571375.1-NZ-KK041417.1--2
14455-1492R-B4-B-D1	RS-GCF-000571375.1-NZ-KK041417.1	93.728	1259	88	1116	0.0	1638	RS-GCF-000571375.1-NZ-KK041417.1
14455-1492R-B4-B-D1	RS-GCF-000284895.1-NZ-BAEA01000046.1	93.728	1259	88	1116	0.0	1638	RS-GCF-000284895.1-NZ-BAEA01000046.1
14455-1492R-B4-B-D1	RS-GCF-000545645.1-NZ-KI986945.1	93.728	1259	88	1116	0.0	1638	RS-GCF-000545645.1-NZ-KI986945.1
14455-1492R-B4-B-D1	RS-GCF-003031465.1-NZ-CP020544.1--6	93.728	1259	88	1116	0.0	1638	RS-GCF-003031465.1-NZ-CP020544.1--6
14455-1492R-B4-B-D1	RS-GCF-000574645.1-NZ-KK066294.1	93.728	1259	88	1116	0.0	1638	RS-GCF-000574645.1-NZ-KK066294.1
14455-1492R-B4-B-D1	RS-GCF-011007275.1-NZ-WBTI01000036.1	93.728	1259	88	1116	0.0	1638	RS-GCF-011007275.1-NZ-WBTI01000036.1
14455-1492R-B4-B-D1	RS-GCF-000645435.1-NZ-KK236829.1	93.728	1259	88	1116	0.0	1638	RS-GCF-000645435.1-NZ-KK236829.1
14455-1492R-B4-B-D1	RS-GCF-000525125.1-NZ-KI966039.1	93.728	1259	88	1116	0.0	1638	RS-GCF-000525125.1-NZ-KI966039.1
14455-1492R-B4-B-D1	RS-GCF-001611475.1-NZ-LSAN01000058.1	93.728	1259	88	1116	0.0	1638	RS-GCF-001611475.1-NZ-LSAN01000058.1
14455-1492R-B4-B-D1	RS-GCF-000364105.1-NZ-KB822376.1--2	93.728	1259	88	1116	0.0	1638	RS-GCF-000364105.1-NZ-KB822376.1--2
14455-1492R-B4-B-D1	RS-GCF-000643035.1-NZ-KK231738.1	93.728	1259	88	1116	0.0	1638	RS-GCF-000643035.1-NZ-KK231738.1
14455-1492R-B4-B-D1	RS-GCF-000637455.1-NZ-KK220768.1	93.728	1259	88	1116	0.0	1638	RS-GCF-000637455.1-NZ-KK220768.1
14455-1492R-B4-B-D1	RS-GCF-009799545.1-NZ-WTUK01000032.1	93.728	1259	88	1116	0.0	1638	RS-GCF-009799545.1-NZ-WTUK01000032.1
14455-1492R-B4-B-D1	RS-GCF-000361545.1-NZ-KB821479.1	93.728	1259	88	1116	0.0	1638	RS-GCF-000361545.1-NZ-KB821479.1
14455-1492R-B4-B-D1	RS-GCF-002273385.1-NZ-LKWI01000095.1	93.728	1259	88	1116	0.0	1638	RS-GCF-002273385.1-NZ-LKWI01000095.1
14455-1492R-B4-B-D1	RS-GCF-000642895.1-NZ-KK231468.1	93.728	1259	88	1116	0.0	1638	RS-GCF-000642895.1-NZ-KK231468.1
14455-1492R-B4-B-D1	RS-GCF-000571795.1-NZ-KK042136.1	93.728	1259	88	1116	0.0	1638	RS-GCF-000571795.1-NZ-KK042136.1
14455-1492R-B4-B-D1	RS-GCF-000649105.1-NZ-JHUH01000058.1	93.728	1259	88	1116	0.0	1638	RS-GCF-000649105.1-NZ-JHUH01000058.1
14455-1492R-B4-B-D1	RS-GCF-003114635.1-NZ-BEYN01000028.1	93.728	1259	88	1116	0.0	1638	RS-GCF-003114635.1-NZ-BEYN01000028.1
14455-1492R-B4-B-D1	RS-GCF-000607645.1-NZ-KK097936.1	93.728	1259	88	1116	0.0	1638	RS-GCF-000607645.1-NZ-KK097936.1
14455-1492R-B4-B-D1	RS-GCF-900457625.1-NZ-UGZZ01000001.1--6	93.728	1259	88	1116	0.0	1638	RS-GCF-900457625.1-NZ-UGZZ01000001.1--6
14455-1492R-B4-B-D1	RS-GCF-000360045.1-NZ-KB820976.1--6	93.728	1259	88	1116	0.0	1638	RS-GCF-000360045.1-NZ-KB820976.1--6
14455-1492R-B4-B-D1	RS-GCF-000564155.1-NZ-KK031453.1	93.728	1259	88	1116	0.0	1638	RS-GCF-000564155.1-NZ-KK031453.1
14455-1492R-B4-B-D1	RS-GCF-900458105.1-NZ-UHCF01000001.1	93.728	1259	88	1116	0.0	1638	RS-GCF-900458105.1-NZ-UHCF01000001.1
14455-1492R-B4-B-D1	RS-GCF-008619795.1-NZ-AP020316.1--6	93.728	1259	88	1116	0.0	1638	RS-GCF-008619795.1-NZ-AP020316.1--6
14455-1492R-B4-B-D1	RS-GCF-014334435.1-NZ-CP060598.1--5	93.728	1259	88	1116	0.0	1638	RS-GCF-014334435.1-NZ-CP060598.1--5
14455-1492R-B4-B-D1	RS-GCF-000574245.1-NZ-KK065390.1	93.728	1259	88	1116	0.0	1638	RS-GCF-000574245.1-NZ-KK065390.1
14455-1492R-B4-B-D1	RS-GCF-001229905.1-NZ-CTWY01000037.1	93.728	1259	88	1116	0.0	1638	RS-GCF-001229905.1-NZ-CTWY01000037.1
14455-1492R-B4-B-D1	RS-GCF-000637115.1-NZ-KK220030.1	93.728	1259	88	1116	0.0	1638	RS-GCF-000637115.1-NZ-KK220030.1
14455-1492R-B4-B-D1	RS-GCF-000594165.1-NZ-JDZB01000001.1	93.728	1259	88	1116	0.0	1638	RS-GCF-000594165.1-NZ-JDZB01000001.1
14455-1492R-B4-B-D1	RS-GCF-001465755.1-NZ-CP013621.1--6	93.728	1259	88	1116	0.0	1638	RS-GCF-001465755.1-NZ-CP013621.1--6
14455-1492R-B4-B-D1	RS-GCF-000555265.1-NZ-KK009952.1--2	93.728	1259	88	1116	0.0	1638	RS-GCF-000555265.1-NZ-KK009952.1--2
14455-1492R-B4-B-D1	RS-GCF-000646795.1-NZ-KK239711.1	93.728	1259	88	1116	0.0	1638	RS-GCF-000646795.1-NZ-KK239711.1
14455-1492R-B4-B-D1	RS-GCF-000544825.1-NZ-KI985145.1--2	93.728	1259	88	1116	0.0	1638	RS-GCF-000544825.1-NZ-KI985145.1--2
14455-1492R-B4-B-D1	RS-GCF-900457385.1-NZ-UGZX01000001.1--5	93.728	1259	88	1116	0.0	1638	RS-GCF-900457385.1-NZ-UGZX01000001.1--5
14455-1492R-B4-B-D1	RS-GCF-016065215.1-NZ-CP065857.1--6	93.728	1259	88	1116	0.0	1638	RS-GCF-016065215.1-NZ-CP065857.1--6
14455-1492R-B4-B-D1	RS-GCF-000587275.1-NZ-KK075445.1	93.728	1259	88	1116	0.0	1638	RS-GCF-000587275.1-NZ-KK075445.1
14455-1492R-B4-B-D1	RS-GCF-012274745.1-NZ-SJAW01000005.1	93.728	1259	88	1116	0.0	1638	RS-GCF-012274745.1-NZ-SJAW01000005.1
14455-1492R-B4-B-D1	RS-GCF-001239705.1-NZ-CTWV01000044.1	93.728	1259	88	1116	0.0	1638	RS-GCF-001239705.1-NZ-CTWV01000044.1
14455-1492R-B4-B-D1	RS-GCF-000562715.1-NZ-KK028472.1	93.728	1259	88	1116	0.0	1638	RS-GCF-000562715.1-NZ-KK028472.1
14455-1492R-B4-B-D1	RS-GCF-003017635.1-NZ-NGNL01000001.1--6	93.728	1259	88	1116	0.0	1638	RS-GCF-003017635.1-NZ-NGNL01000001.1--6
14455-1492R-B4-B-D1	RS-GCF-000562735.1-NZ-KK028525.1	93.728	1259	88	1116	0.0	1638	RS-GCF-000562735.1-NZ-KK028525.1
14455-1492R-B4-B-D1	RS-GCF-000569475.1-NZ-KK038440.1--2	93.728	1259	88	1116	0.0	1638	RS-GCF-000569475.1-NZ-KK038440.1--2
14455-1492R-B4-B-D1	RS-GCF-000361685.1-NZ-KB821506.1--2	93.728	1259	88	1116	0.0	1638	RS-GCF-000361685.1-NZ-KB821506.1--2
14455-1492R-B4-B-D1	RS-GCF-901542495.1-NZ-CABEIE010000001.1--5	93.728	1259	88	1116	0.0	1638	RS-GCF-901542495.1-NZ-CABEIE010000001.1--5
14455-1492R-B4-B-D1	RS-GCF-000362885.1-NZ-KB822042.1	93.728	1259	88	1116	0.0	1638	RS-GCF-000362885.1-NZ-KB822042.1
14455-1492R-B4-B-D1	RS-GCF-002124245.1-NZ-NDSU01000038.1	93.728	1259	88	1116	0.0	1638	RS-GCF-002124245.1-NZ-NDSU01000038.1
14455-1492R-B4-B-D1	RS-GCF-000576925.1-NZ-KK070163.1	93.728	1259	88	1116	0.0	1638	RS-GCF-000576925.1-NZ-KK070163.1
14455-1492R-B4-B-D1	RS-GCF-017581425.1-NZ-JAGFCN010000020.1	93.728	1259	88	1116	0.0	1638	RS-GCF-017581425.1-NZ-JAGFCN010000020.1
14455-1492R-B4-B-D1	RS-GCF-000171455.1-NZ-ABFB01000067.1	93.728	1259	88	1116	0.0	1638	RS-GCF-000171455.1-NZ-ABFB01000067.1
14455-1492R-B4-B-D1	RS-GCF-000557105.1-NZ-KK014929.1--2	93.728	1259	88	1116	0.0	1638	RS-GCF-000557105.1-NZ-KK014929.1--2
14455-1492R-B4-B-D1	RS-GCF-900081205.1-NZ-FKPL01000014.1	93.728	1259	88	1116	0.0	1638	RS-GCF-900081205.1-NZ-FKPL01000014.1
14455-1492R-B4-B-D1	RS-GCF-000604485.1-NZ-KK092323.1	93.728	1259	88	1116	0.0	1638	RS-GCF-000604485.1-NZ-KK092323.1
14455-1492R-B4-B-D1	RS-GCF-014334415.1-NZ-CP060597.1--4	93.728	1259	88	1116	0.0	1638	RS-GCF-014334415.1-NZ-CP060597.1--4
14455-1492R-B4-B-D1	RS-GCF-000574405.1-NZ-KK065712.1	93.728	1259	88	1116	0.0	1638	RS-GCF-000574405.1-NZ-KK065712.1
14455-1492R-B4-B-D1	RS-GCF-000636415.1-NZ-KK218615.1	93.728	1259	88	1116	0.0	1638	RS-GCF-000636415.1-NZ-KK218615.1
14455-1492R-B4-B-D1	RS-GCF-003813385.1-NZ-RHFX01000062.1	93.728	1259	88	1116	0.0	1638	RS-GCF-003813385.1-NZ-RHFX01000062.1
14455-1492R-B4-B-D1	RS-GCF-001224505.1-NZ-CTYT01000013.1	93.728	1259	88	1116	0.0	1638	RS-GCF-001224505.1-NZ-CTYT01000013.1
14455-1492R-B4-B-D1	RS-GCF-000579735.1-NZ-KK073204.1	93.728	1259	88	1116	0.0	1638	RS-GCF-000579735.1-NZ-KK073204.1
14455-1492R-B4-B-D1	RS-GCF-000605125.1-NZ-KK094219.1	93.728	1259	88	1116	0.0	1638	RS-GCF-000605125.1-NZ-KK094219.1
14455-1492R-B4-B-D1	RS-GCF-001515765.1-NZ-CP012012.1--3	93.728	1259	88	1116	0.0	1638	RS-GCF-001515765.1-NZ-CP012012.1--3
14455-1492R-B4-B-D1	RS-GCF-003029665.1-NZ-CP020553.1--6	93.728	1259	88	1116	0.0	1638	RS-GCF-003029665.1-NZ-CP020553.1--6
14455-1492R-B4-B-D1	RS-GCF-000540935.1-NZ-KI976723.1	93.728	1259	88	1116	0.0	1638	RS-GCF-000540935.1-NZ-KI976723.1
14455-1492R-B4-B-D1	RS-GCF-000540935.1-NZ-KI976724.1	93.728	1259	88	1116	0.0	1638	RS-GCF-000540935.1-NZ-KI976724.1
14455-1492R-B4-B-D1	RS-GCF-009739675.1-NZ-CP033982.1--5	93.728	1259	88	1116	0.0	1638	RS-GCF-009739675.1-NZ-CP033982.1--5
14455-1492R-B4-B-D1	RS-GCF-001469015.1-NZ-LNOO01000048.1	93.728	1259	88	1116	0.0	1638	RS-GCF-001469015.1-NZ-LNOO01000048.1
14455-1492R-B4-B-D1	RS-GCF-000643215.1-NZ-KK232058.1	93.728	1259	88	1116	0.0	1638	RS-GCF-000643215.1-NZ-KK232058.1
14455-1492R-B4-B-D1	RS-GCF-000636995.1-NZ-KK219785.1--2	93.728	1259	88	1116	0.0	1638	RS-GCF-000636995.1-NZ-KK219785.1--2
14455-1492R-B4-B-D1	RS-GCF-000683115.1-NZ-JIIT01000002.1	93.728	1259	88	1116	0.0	1638	RS-GCF-000683115.1-NZ-JIIT01000002.1
14455-1492R-B4-B-D1	RS-GCF-000563395.1-NZ-KK029830.1	93.728	1259	88	1116	0.0	1638	RS-GCF-000563395.1-NZ-KK029830.1
14455-1492R-B4-B-D1	RS-GCF-002904815.1-NZ-LKOB01000023.1	93.728	1259	88	1116	0.0	1638	RS-GCF-002904815.1-NZ-LKOB01000023.1
14455-1492R-B4-B-D1	RS-GCF-000571615.1-NZ-KK041845.1	93.728	1259	88	1116	0.0	1638	RS-GCF-000571615.1-NZ-KK041845.1
14455-1492R-B4-B-D1	RS-GCF-000607925.1-NZ-KK098148.1	93.728	1259	88	1116	0.0	1638	RS-GCF-000607925.1-NZ-KK098148.1
14455-1492R-B4-B-D1	GB-GCA-014696975.1-CP051484.1--5	93.728	1259	88	1116	0.0	1638	GB-GCA-014696975.1-CP051484.1--5
14455-1492R-B4-B-D1	RS-GCF-018999165.1-NZ-JAHNHV010000034.1	93.728	1259	88	1116	0.0	1638	RS-GCF-018999165.1-NZ-JAHNHV010000034.1
14455-1492R-B4-B-D1	RS-GCF-003038335.1-NZ-PYEU01000002.1	93.728	1259	88	1116	0.0	1638	RS-GCF-003038335.1-NZ-PYEU01000002.1
14455-1492R-B4-B-D1	RS-GCF-003236955.1-NZ-PZTO01000022.1	93.728	1259	88	1116	0.0	1638	RS-GCF-003236955.1-NZ-PZTO01000022.1
14455-1492R-B4-B-D1	RS-GCF-000539055.1-NZ-KI974599.1	93.728	1259	88	1116	0.0	1638	RS-GCF-000539055.1-NZ-KI974599.1
14455-1492R-B4-B-D1	RS-GCF-001046075.1-NZ-LALW01000031.1	93.728	1259	88	1116	0.0	1638	RS-GCF-001046075.1-NZ-LALW01000031.1
14455-1492R-B4-B-D1	RS-GCF-000360205.1-NZ-KB821038.1--4	93.728	1259	88	1116	0.0	1638	RS-GCF-000360205.1-NZ-KB821038.1--4
14455-1492R-B4-B-D1	RS-GCF-002982635.1-NZ-PHVI01000033.1	93.728	1259	88	1116	0.0	1638	RS-GCF-002982635.1-NZ-PHVI01000033.1
14455-1492R-B4-B-D1	RS-GCF-003075955.1-NZ-QDHR01000101.1	93.728	1259	88	1116	0.0	1638	RS-GCF-003075955.1-NZ-QDHR01000101.1
14455-1492R-B4-B-D1	RS-GCF-000594125.1-NZ-JDYZ01000005.1	93.728	1259	88	1116	0.0	1638	RS-GCF-000594125.1-NZ-JDYZ01000005.1
14455-1492R-B4-B-D1	RS-GCF-000527715.1-NZ-KI966478.1	93.728	1259	88	1116	0.0	1638	RS-GCF-000527715.1-NZ-KI966478.1
14455-1492R-B4-B-D1	RS-GCF-000572745.1-NZ-KK047826.1	93.728	1259	88	1116	0.0	1638	RS-GCF-000572745.1-NZ-KK047826.1
14455-1492R-B4-B-D1	RS-GCF-003813395.1-NZ-RHDY01000049.1	93.728	1259	88	1116	0.0	1638	RS-GCF-003813395.1-NZ-RHDY01000049.1
14455-1492R-B4-B-D1	RS-GCF-001235465.1-NZ-CTYU01000017.1	93.728	1259	88	1116	0.0	1638	RS-GCF-001235465.1-NZ-CTYU01000017.1
14455-1492R-B4-B-D1	RS-GCF-000570995.1-NZ-KK040828.1	93.728	1259	88	1116	0.0	1638	RS-GCF-000570995.1-NZ-KK040828.1
14455-1492R-B4-B-D1	RS-GCF-017798245.1-NZ-CP060278.1--3	93.728	1259	88	1116	0.0	1638	RS-GCF-017798245.1-NZ-CP060278.1--3
14455-1492R-B4-B-D1	RS-GCF-000772025.1-NZ-CP009554.1--4	93.728	1259	88	1116	0.0	1638	RS-GCF-000772025.1-NZ-CP009554.1--4
14455-1492R-B4-B-D1	RS-GCF-004137035.1-NZ-RBAZ01000041.1	93.728	1259	88	1116	0.0	1638	RS-GCF-004137035.1-NZ-RBAZ01000041.1
14455-1492R-B4-B-D1	RS-GCF-000578475.1-NZ-KK071342.1	93.728	1259	88	1116	0.0	1638	RS-GCF-000578475.1-NZ-KK071342.1
14455-1492R-B4-B-D1	RS-GCF-004328315.1-NZ-SJEQ01000010.1	93.728	1259	88	1116	0.0	1638	RS-GCF-004328315.1-NZ-SJEQ01000010.1
14455-1492R-B4-B-D1	RS-GCF-000541235.1-NZ-KI977056.1	93.728	1259	88	1116	0.0	1638	RS-GCF-000541235.1-NZ-KI977056.1
14455-1492R-B4-B-D1	RS-GCF-001224885.1-NZ-CTXS01000010.1	93.728	1259	88	1116	0.0	1638	RS-GCF-001224885.1-NZ-CTXS01000010.1
14455-1492R-B4-B-D1	RS-GCF-008079625.1-NZ-VRNS01000005.1	93.728	1259	88	1116	0.0	1638	RS-GCF-008079625.1-NZ-VRNS01000005.1
14455-1492R-B4-B-D1	RS-GCF-000187145.1-NZ-GL638161.1	93.728	1259	88	1116	0.0	1638	RS-GCF-000187145.1-NZ-GL638161.1
14455-1492R-B4-B-D1	RS-GCF-000569815.1-NZ-KK038919.1--2	93.728	1259	88	1116	0.0	1638	RS-GCF-000569815.1-NZ-KK038919.1--2
14455-1492R-B4-B-D1	RS-GCF-000563795.1-NZ-KK030747.1	93.728	1259	88	1116	0.0	1638	RS-GCF-000563795.1-NZ-KK030747.1
14455-1492R-B4-B-D1	RS-GCF-003114655.1-NZ-BEYO01000040.1	93.728	1259	88	1116	0.0	1638	RS-GCF-003114655.1-NZ-BEYO01000040.1
14455-1492R-B4-B-D1	RS-GCF-002786465.1-NZ-CP022290.1--2	93.728	1259	88	1116	0.0	1638	RS-GCF-002786465.1-NZ-CP022290.1--2
14455-1492R-B4-B-D1	RS-GCF-000580015.1-NZ-KK073581.1--2	93.728	1259	88	1116	0.0	1638	RS-GCF-000580015.1-NZ-KK073581.1--2
14455-1492R-B4-B-D1	RS-GCF-000580015.1-NZ-KK073581.1	93.728	1259	88	1116	0.0	1638	RS-GCF-000580015.1-NZ-KK073581.1
14455-1492R-B4-B-D1	RS-GCF-018682255.1-NZ-JAEUDX010000031.1	93.728	1259	88	1116	0.0	1638	RS-GCF-018682255.1-NZ-JAEUDX010000031.1
14455-1492R-B4-B-D1	RS-GCF-000550665.1-NZ-KI998601.1	93.728	1259	88	1116	0.0	1638	RS-GCF-000550665.1-NZ-KI998601.1
14455-1492R-B4-B-D1	RS-GCF-001060535.1-NZ-JVZK01000072.1	93.728	1259	88	1116	0.0	1638	RS-GCF-001060535.1-NZ-JVZK01000072.1
14455-1492R-B4-B-D1	G008763925	93.728	1259	88	1116	0.0	1638	G008763925
14455-1492R-B4-B-D1	G008349105	93.728	1259	88	1116	0.0	1638	G008349105
14455-1492R-B4-B-D1	G001233785	93.728	1259	88	1116	0.0	1638	G001233785
14455-1492R-B4-B-D1	G000332735	93.728	1259	88	1116	0.0	1638	G000332735
14455-1492R-B4-B-D1	G000245655	93.728	1259	88	1116	0.0	1638	G000245655
14455-1492R-B4-B-D1	AB009944	93.728	1259	88	1116	0.0	1638	AB009944
14455-1492R-B4-B-D1	AB009935	93.728	1259	88	1116	0.0	1638	AB009935
14455-1492R-B4-B-D1	D83363	93.728	1259	88	1116	0.0	1638	D83363
14455-1492R-B4-B-D1	AB009937	93.728	1259	88	1116	0.0	1638	AB009937
14455-1492R-B4-B-D1	AY727530	93.728	1259	88	1116	0.0	1638	AY727530
14455-1492R-B4-B-D1	MJ010-1-barcode30-umi51029bins-ubs-13	93.728	1259	88	1116	0.0	1638	MJ010-1-barcode30-umi51029bins-ubs-13
14455-1492R-B4-B-D1	MJ007-2-barcode55-umi2482bins-ubs-195	93.728	1259	88	1116	0.0	1638	MJ007-2-barcode55-umi2482bins-ubs-195
14455-1492R-B4-B-D1	MJ005-barcode25-umi523bins-ubs-123	93.728	1259	88	1116	0.0	1638	MJ005-barcode25-umi523bins-ubs-123
14455-1492R-B4-B-D1	MJ006-1-barcode27-umi62770bins-ubs-9	93.728	1259	88	1116	0.0	1638	MJ006-1-barcode27-umi62770bins-ubs-9
14455-1492R-B4-B-D1	MJ006-1-barcode39-umi101304bins-ubs-4	93.728	1259	88	1116	0.0	1638	MJ006-1-barcode39-umi101304bins-ubs-4
14455-1492R-B4-B-D1	RS-GCF-003035445.1-NZ-PYZJ01000052.1	93.446	1259	89	1129	0.0	1637	RS-GCF-003035445.1-NZ-PYZJ01000052.1
14455-1492R-B4-B-D1	RS-GCF-003970555.1-NZ-RXXA01000019.1	93.446	1259	89	1129	0.0	1637	RS-GCF-003970555.1-NZ-RXXA01000019.1
14455-1492R-B4-B-D1	RS-GCF-900458665.1-NZ-UHDU01000001.1--6	93.446	1259	89	1129	0.0	1637	RS-GCF-900458665.1-NZ-UHDU01000001.1--6
14455-1492R-B4-B-D1	RS-GCF-003035725.1-NZ-PYZH01000134.1	93.446	1259	89	1129	0.0	1637	RS-GCF-003035725.1-NZ-PYZH01000134.1
14455-1492R-B4-B-D1	RS-GCF-900458355.1-NZ-UHCZ01000002.1--3	93.446	1259	89	1129	0.0	1637	RS-GCF-900458355.1-NZ-UHCZ01000002.1--3
14455-1492R-B4-B-D1	RS-GCF-001922405.1-NZ-CP018776.1--2	93.446	1259	89	1129	0.0	1637	RS-GCF-001922405.1-NZ-CP018776.1--2
14455-1492R-B4-B-D1	RS-GCF-016724665.1-NZ-CP068079.1--2	93.446	1259	89	1129	0.0	1637	RS-GCF-016724665.1-NZ-CP068079.1--2
14455-1492R-B4-B-D1	RS-GCF-001276205.1-NZ-LISV01000021.1	93.446	1259	89	1129	0.0	1637	RS-GCF-001276205.1-NZ-LISV01000021.1
14455-1492R-B4-B-D1	RS-GCF-900458365.1-NZ-UHCY01000001.1--4	93.446	1259	89	1129	0.0	1637	RS-GCF-900458365.1-NZ-UHCY01000001.1--4
14455-1492R-B4-B-D1	RS-GCF-900458385.1-NZ-UHCW01000005.1--5	93.638	1259	88	1116	0.0	1637	RS-GCF-900458385.1-NZ-UHCW01000005.1--5
14455-1492R-B4-B-D1	RS-GCF-003042515.1-NZ-PZIN01000065.1	93.446	1259	89	1129	0.0	1637	RS-GCF-003042515.1-NZ-PZIN01000065.1
14455-1492R-B4-B-D1	RS-GCF-018996905.1-NZ-JAHNUR010000021.1	93.446	1259	89	1129	0.0	1637	RS-GCF-018996905.1-NZ-JAHNUR010000021.1
14455-1492R-B4-B-D1	RS-GCF-003043755.1-NZ-PZIS01000096.1	93.446	1259	89	1129	0.0	1637	RS-GCF-003043755.1-NZ-PZIS01000096.1
14455-1492R-B4-B-D1	RS-GCF-003042535.1-NZ-PZIP01000064.1	93.446	1259	89	1129	0.0	1637	RS-GCF-003042535.1-NZ-PZIP01000064.1
14455-1492R-B4-B-D1	RS-GCF-000759555.1-NZ-CP009046.1	93.733	1259	88	1117	0.0	1637	RS-GCF-000759555.1-NZ-CP009046.1
14455-1492R-B4-B-D1	AB233329	93.446	1259	89	1129	0.0	1637	AB233329
14455-1492R-B4-B-D1	RS-GCF-900457955.1-NZ-UHBH01000002.1--4	93.733	1259	88	1117	0.0	1636	RS-GCF-900457955.1-NZ-UHBH01000002.1--4
14455-1492R-B4-B-D1	RS-GCF-002356675.1-NZ-AP014921.1	93.733	1259	88	1117	0.0	1636	RS-GCF-002356675.1-NZ-AP014921.1
14455-1492R-B4-B-D1	RS-GCF-000636355.1-NZ-KK218492.1--2	93.722	1259	88	1115	0.0	1636	RS-GCF-000636355.1-NZ-KK218492.1--2
14455-1492R-B4-B-D1	RS-GCF-002983335.1-NZ-PHWR01000026.1	93.638	1259	88	1116	0.0	1636	RS-GCF-002983335.1-NZ-PHWR01000026.1
14455-1492R-B4-B-D1	RS-GCF-003724015.1-NZ-RBVO01000016.1	93.638	1259	88	1116	0.0	1636	RS-GCF-003724015.1-NZ-RBVO01000016.1
14455-1492R-B4-B-D1	RS-GCF-007827105.1-NZ-CP042048.1--3	93.638	1259	88	1116	0.0	1636	RS-GCF-007827105.1-NZ-CP042048.1--3
14455-1492R-B4-B-D1	RS-GCF-007827105.1-NZ-CP042048.1	93.638	1259	88	1116	0.0	1636	RS-GCF-007827105.1-NZ-CP042048.1
14455-1492R-B4-B-D1	RS-GCF-016026915.1-NZ-CP065656.1--2	93.728	1259	88	1116	0.0	1635	RS-GCF-016026915.1-NZ-CP065656.1--2
14455-1492R-B4-B-D1	RS-GCF-009912455.1-NZ-CP047787.1--6	94.022	1259	87	1104	0.0	1635	RS-GCF-009912455.1-NZ-CP047787.1--6
14455-1492R-B4-B-D1	RS-GCF-000362925.1-NZ-KB822060.1--2	94.022	1259	87	1104	0.0	1635	RS-GCF-000362925.1-NZ-KB822060.1--2
14455-1492R-B4-B-D1	RS-GCF-007998145.1-NZ-CP042650.1--6	93.638	1259	88	1116	0.0	1635	RS-GCF-007998145.1-NZ-CP042650.1--6
14455-1492R-B4-B-D1	RS-GCF-900187055.1-NZ-LT906460.1--5	93.638	1259	88	1116	0.0	1634	RS-GCF-900187055.1-NZ-LT906460.1--5
14455-1492R-B4-B-D1	RS-GCF-002931555.1-NZ-PSTZ01000013.1	93.638	1259	88	1116	0.0	1634	RS-GCF-002931555.1-NZ-PSTZ01000013.1
14455-1492R-B4-B-D1	RS-GCF-900458665.1-NZ-UHDU01000001.1	93.369	1259	89	1131	0.0	1634	RS-GCF-900458665.1-NZ-UHDU01000001.1
14455-1492R-B4-B-D1	RS-GCF-900636685.1-NZ-LR134304.1--6	93.638	1259	88	1116	0.0	1634	RS-GCF-900636685.1-NZ-LR134304.1--6
14455-1492R-B4-B-D1	RS-GCF-014877095.1-NZ-JADAMT010000037.1	93.638	1259	88	1116	0.0	1634	RS-GCF-014877095.1-NZ-JADAMT010000037.1
14455-1492R-B4-B-D1	RS-GCF-900458815.1-NZ-UHDZ01000001.1	93.638	1259	88	1116	0.0	1634	RS-GCF-900458815.1-NZ-UHDZ01000001.1
14455-1492R-B4-B-D1	RS-GCF-003966585.1-NZ-AP018585.1	93.638	1259	88	1116	0.0	1634	RS-GCF-003966585.1-NZ-AP018585.1
14455-1492R-B4-B-D1	RS-GCF-018916935.1-NZ-JAHLNS010000012.1	93.638	1259	88	1116	0.0	1634	RS-GCF-018916935.1-NZ-JAHLNS010000012.1
14455-1492R-B4-B-D1	RS-GCF-013267715.1-NZ-CP054017.1--5	93.638	1259	88	1116	0.0	1634	RS-GCF-013267715.1-NZ-CP054017.1--5
14455-1492R-B4-B-D1	RS-GCF-013267715.1-NZ-CP054017.1--3	93.638	1259	88	1116	0.0	1634	RS-GCF-013267715.1-NZ-CP054017.1--3
14455-1492R-B4-B-D1	RS-GCF-003043235.1-NZ-PZEZ01000134.1	93.638	1259	88	1116	0.0	1634	RS-GCF-003043235.1-NZ-PZEZ01000134.1
14455-1492R-B4-B-D1	RS-GCF-017086425.1-NZ-CP070964.1	93.638	1259	88	1116	0.0	1634	RS-GCF-017086425.1-NZ-CP070964.1
14455-1492R-B4-B-D1	RS-GCF-002442915.1-NZ-CP017463.1--5	93.638	1259	88	1116	0.0	1634	RS-GCF-002442915.1-NZ-CP017463.1--5
14455-1492R-B4-B-D1	RS-GCF-002442915.1-NZ-CP017463.1--3	93.638	1259	88	1116	0.0	1634	RS-GCF-002442915.1-NZ-CP017463.1--3
14455-1492R-B4-B-D1	RS-GCF-016725285.1-NZ-CP068219.1--4	93.638	1259	88	1116	0.0	1634	RS-GCF-016725285.1-NZ-CP068219.1--4
14455-1492R-B4-B-D1	RS-GCF-007814825.1-NZ-CP031280.1--5	93.638	1259	88	1116	0.0	1634	RS-GCF-007814825.1-NZ-CP031280.1--5
14455-1492R-B4-B-D1	RS-GCF-016888605.1-NZ-JAFEKM010000002.1--4	93.638	1259	88	1116	0.0	1634	RS-GCF-016888605.1-NZ-JAFEKM010000002.1--4
14455-1492R-B4-B-D1	RS-GCF-016888605.1-NZ-JAFEKM010000001.1	93.638	1259	88	1116	0.0	1634	RS-GCF-016888605.1-NZ-JAFEKM010000001.1
14455-1492R-B4-B-D1	RS-GCF-016599795.1-NZ-CP067014.1--6	93.638	1259	88	1116	0.0	1634	RS-GCF-016599795.1-NZ-CP067014.1--6
14455-1492R-B4-B-D1	RS-GCF-016599795.1-NZ-CP067014.1--5	93.638	1259	88	1116	0.0	1634	RS-GCF-016599795.1-NZ-CP067014.1--5
14455-1492R-B4-B-D1	RS-GCF-016725205.1-NZ-CP068216.1--4	93.638	1259	88	1116	0.0	1634	RS-GCF-016725205.1-NZ-CP068216.1--4
14455-1492R-B4-B-D1	RS-GCF-003580755.1-NZ-QXVU01000093.1	93.638	1259	88	1116	0.0	1634	RS-GCF-003580755.1-NZ-QXVU01000093.1
14455-1492R-B4-B-D1	RS-GCF-900636255.1-NZ-LR134242.1--6	93.638	1259	88	1116	0.0	1634	RS-GCF-900636255.1-NZ-LR134242.1--6
14455-1492R-B4-B-D1	RS-GCF-017898045.1-NZ-JAGMUP010000001.1	93.638	1259	88	1116	0.0	1634	RS-GCF-017898045.1-NZ-JAGMUP010000001.1
14455-1492R-B4-B-D1	RS-GCF-001073835.1-NZ-JUYG01000048.1	93.638	1259	88	1116	0.0	1634	RS-GCF-001073835.1-NZ-JUYG01000048.1
14455-1492R-B4-B-D1	RS-GCF-013267675.1-NZ-CP053957.1--5	93.638	1259	88	1116	0.0	1634	RS-GCF-013267675.1-NZ-CP053957.1--5
14455-1492R-B4-B-D1	RS-GCF-901482635.1-NZ-CABEEX010000003.1--6	93.638	1259	88	1116	0.0	1634	RS-GCF-901482635.1-NZ-CABEEX010000003.1--6
14455-1492R-B4-B-D1	RS-GCF-015274185.1-NZ-JACGPS010000019.1	93.638	1259	88	1116	0.0	1634	RS-GCF-015274185.1-NZ-JACGPS010000019.1
14455-1492R-B4-B-D1	RS-GCF-001069195.1-NZ-JWDH01000068.1	93.638	1259	88	1116	0.0	1634	RS-GCF-001069195.1-NZ-JWDH01000068.1
14455-1492R-B4-B-D1	RS-GCF-001809655.1-NZ-KV798357.1	93.638	1259	88	1116	0.0	1634	RS-GCF-001809655.1-NZ-KV798357.1
14455-1492R-B4-B-D1	RS-GCF-001065645.1-NZ-JVAJ01000076.1	93.638	1259	88	1116	0.0	1634	RS-GCF-001065645.1-NZ-JVAJ01000076.1
14455-1492R-B4-B-D1	RS-GCF-001650475.1-NZ-LWCQ01000014.1	93.638	1259	88	1116	0.0	1634	RS-GCF-001650475.1-NZ-LWCQ01000014.1
14455-1492R-B4-B-D1	RS-GCF-003595345.1-NZ-CP023076.1--5	93.638	1259	88	1116	0.0	1634	RS-GCF-003595345.1-NZ-CP023076.1--5
14455-1492R-B4-B-D1	RS-GCF-003579635.1-NZ-QXVP01000018.1	93.638	1259	88	1116	0.0	1634	RS-GCF-003579635.1-NZ-QXVP01000018.1
14455-1492R-B4-B-D1	RS-GCF-013364435.1-NZ-CP054883.1--5	93.638	1259	88	1116	0.0	1634	RS-GCF-013364435.1-NZ-CP054883.1--5
14455-1492R-B4-B-D1	RS-GCF-000247085.1-NZ-AHLD01000067.1	93.638	1259	88	1116	0.0	1634	RS-GCF-000247085.1-NZ-AHLD01000067.1
14455-1492R-B4-B-D1	RS-GCF-001808085.1-NZ-KV792045.1	93.638	1259	88	1116	0.0	1634	RS-GCF-001808085.1-NZ-KV792045.1
14455-1492R-B4-B-D1	RS-GCF-900458635.1-NZ-UHDM01000002.1--4	93.638	1259	88	1116	0.0	1634	RS-GCF-900458635.1-NZ-UHDM01000002.1--4
14455-1492R-B4-B-D1	RS-GCF-002954105.1-NZ-CP014107.1--6	93.638	1259	88	1116	0.0	1634	RS-GCF-002954105.1-NZ-CP014107.1--6
14455-1492R-B4-B-D1	RS-GCF-001811375.1-NZ-KV804601.1	93.638	1259	88	1116	0.0	1634	RS-GCF-001811375.1-NZ-KV804601.1
14455-1492R-B4-B-D1	RS-GCF-001813045.1-NZ-KV811436.1	93.638	1259	88	1116	0.0	1634	RS-GCF-001813045.1-NZ-KV811436.1
14455-1492R-B4-B-D1	RS-GCF-007814725.1-NZ-CP031277.1	93.638	1259	88	1116	0.0	1634	RS-GCF-007814725.1-NZ-CP031277.1
14455-1492R-B4-B-D1	RS-GCF-001876445.1-NZ-LWJO01000064.1	93.638	1259	88	1116	0.0	1634	RS-GCF-001876445.1-NZ-LWJO01000064.1
14455-1492R-B4-B-D1	RS-GCF-001809305.1-NZ-KV796868.1	93.638	1259	88	1116	0.0	1634	RS-GCF-001809305.1-NZ-KV796868.1
