14569-1492R-B-E5	RS-GCF-003578415.1-NZ-QXRO01000153.1	96.324	1224	99	1224	0.0	1957	RS-GCF-003578415.1-NZ-QXRO01000153.1
14569-1492R-B-E5	MJ032-2-barcode71-umi1971bins-ubs-134	96.324	1224	99	1224	0.0	1957	MJ032-2-barcode71-umi1971bins-ubs-134
14569-1492R-B-E5	RS-GCF-013267675.1-NZ-CP053957.1--6	96.242	1224	99	1224	0.0	1953	RS-GCF-013267675.1-NZ-CP053957.1--6
14569-1492R-B-E5	RS-GCF-001073365.1-NZ-JVCA01000021.1	96.242	1224	99	1224	0.0	1953	RS-GCF-001073365.1-NZ-JVCA01000021.1
14569-1492R-B-E5	RS-GCF-000712995.1-NZ-JGYJ01000027.1	96.242	1224	99	1224	0.0	1953	RS-GCF-000712995.1-NZ-JGYJ01000027.1
14569-1492R-B-E5	RS-GCF-003578385.1-NZ-QXRM01000102.1	96.242	1224	99	1224	0.0	1953	RS-GCF-003578385.1-NZ-QXRM01000102.1
14569-1492R-B-E5	G001028645	96.242	1224	99	1224	0.0	1953	G001028645
14569-1492R-B-E5	L37599	96.242	1224	99	1224	0.0	1953	L37599
14569-1492R-B-E5	MJ006-2-barcode58-umi63197bins-ubs-6	96.242	1224	99	1224	0.0	1953	MJ006-2-barcode58-umi63197bins-ubs-6
14569-1492R-B-E5	RS-GCF-001073835.1-NZ-JUYG01000048.1	96.160	1224	99	1224	0.0	1948	RS-GCF-001073835.1-NZ-JUYG01000048.1
14569-1492R-B-E5	RS-GCF-006546865.1-NZ-RYDR01000031.1--3	96.160	1224	99	1224	0.0	1948	RS-GCF-006546865.1-NZ-RYDR01000031.1--3
14569-1492R-B-E5	RS-GCF-013267675.1-NZ-CP053957.1--5	96.160	1224	99	1224	0.0	1948	RS-GCF-013267675.1-NZ-CP053957.1--5
14569-1492R-B-E5	RS-GCF-901482635.1-NZ-CABEEX010000003.1--6	96.160	1224	99	1224	0.0	1948	RS-GCF-901482635.1-NZ-CABEEX010000003.1--6
14569-1492R-B-E5	RS-GCF-901482635.1-NZ-CABEEX010000003.1--5	96.160	1224	99	1224	0.0	1948	RS-GCF-901482635.1-NZ-CABEEX010000003.1--5
14569-1492R-B-E5	RS-GCF-003040615.1-NZ-PZDB01000106.1	96.160	1224	99	1224	0.0	1948	RS-GCF-003040615.1-NZ-PZDB01000106.1
14569-1492R-B-E5	RS-GCF-015274185.1-NZ-JACGPS010000019.1	96.160	1224	99	1224	0.0	1948	RS-GCF-015274185.1-NZ-JACGPS010000019.1
14569-1492R-B-E5	RS-GCF-001069195.1-NZ-JWDH01000068.1	96.160	1224	99	1224	0.0	1948	RS-GCF-001069195.1-NZ-JWDH01000068.1
14569-1492R-B-E5	RS-GCF-001809655.1-NZ-KV798357.1	96.160	1224	99	1224	0.0	1948	RS-GCF-001809655.1-NZ-KV798357.1
14569-1492R-B-E5	RS-GCF-001650475.1-NZ-LWCQ01000014.1	96.160	1224	99	1224	0.0	1948	RS-GCF-001650475.1-NZ-LWCQ01000014.1
14569-1492R-B-E5	RS-GCF-900138955.1-NZ-FVTG01000022.1	96.160	1224	99	1224	0.0	1948	RS-GCF-900138955.1-NZ-FVTG01000022.1
14569-1492R-B-E5	G001471555	96.160	1224	99	1224	0.0	1948	G001471555
14569-1492R-B-E5	MJ033-1-barcode35-umi3722bins-ubs-104	96.160	1224	99	1224	0.0	1948	MJ033-1-barcode35-umi3722bins-ubs-104
14569-1492R-B-E5	MJ005-barcode33-umi4907bins-ubs-37	96.160	1224	99	1224	0.0	1948	MJ005-barcode33-umi4907bins-ubs-37
14569-1492R-B-E5	MJ006-2-barcode58-umi31344bins-ubs-10	96.160	1224	99	1224	0.0	1948	MJ006-2-barcode58-umi31344bins-ubs-10
14569-1492R-B-E5	RS-GCF-001065645.1-NZ-JVAJ01000076.1	96.305	1224	99	1218	0.0	1947	RS-GCF-001065645.1-NZ-JVAJ01000076.1
14569-1492R-B-E5	RS-GCF-002591175.1-NZ-CP023966.1--6	96.078	1224	99	1224	0.0	1944	RS-GCF-002591175.1-NZ-CP023966.1--6
14569-1492R-B-E5	RS-GCF-901482635.1-NZ-CABEEX010000003.1--4	96.078	1224	99	1224	0.0	1944	RS-GCF-901482635.1-NZ-CABEEX010000003.1--4
14569-1492R-B-E5	RS-GCF-015243435.1-NZ-CP042341.1--6	96.078	1224	99	1224	0.0	1944	RS-GCF-015243435.1-NZ-CP042341.1--6
14569-1492R-B-E5	RS-GCF-015243435.1-NZ-CP042341.1--2	96.078	1224	99	1224	0.0	1944	RS-GCF-015243435.1-NZ-CP042341.1--2
14569-1492R-B-E5	AB009935	96.078	1224	99	1224	0.0	1944	AB009935
14569-1492R-B-E5	AB009937	96.078	1224	99	1224	0.0	1944	AB009937
14569-1492R-B-E5	MJ006-2-barcode58-umi181615bins-ubs-3	96.078	1224	99	1224	0.0	1944	MJ006-2-barcode58-umi181615bins-ubs-3
14569-1492R-B-E5	RS-GCF-015243435.1-NZ-CP042341.1--5	96.078	1224	99	1224	0.0	1940	RS-GCF-015243435.1-NZ-CP042341.1--5
14569-1492R-B-E5	RS-GCF-000705055.1-NZ-JMIE01000043.1	95.993	1224	99	1223	0.0	1938	RS-GCF-000705055.1-NZ-JMIE01000043.1
14569-1492R-B-E5	RS-GCF-004374765.1-NZ-SNNA01000058.1	95.993	1224	99	1223	0.0	1938	RS-GCF-004374765.1-NZ-SNNA01000058.1
14569-1492R-B-E5	RS-GCF-902509525.1-NZ-LR735432.1--2	95.993	1224	99	1223	0.0	1938	RS-GCF-902509525.1-NZ-LR735432.1--2
14569-1492R-B-E5	RS-GCF-000627055.1-NZ-JHQC01000040.1	95.993	1224	99	1223	0.0	1938	RS-GCF-000627055.1-NZ-JHQC01000040.1
14569-1492R-B-E5	RS-GCF-002087975.1-NZ-NARC01000024.1	95.993	1224	99	1223	0.0	1938	RS-GCF-002087975.1-NZ-NARC01000024.1
14569-1492R-B-E5	RS-GCF-001075805.1-NZ-JUML01000010.1	95.993	1224	99	1223	0.0	1938	RS-GCF-001075805.1-NZ-JUML01000010.1
14569-1492R-B-E5	RS-GCF-001659245.1-NZ-LYVU01000043.1	95.993	1224	99	1223	0.0	1938	RS-GCF-001659245.1-NZ-LYVU01000043.1
14569-1492R-B-E5	RS-GCF-000247185.1-NZ-AHLI01000009.1	95.993	1224	99	1223	0.0	1938	RS-GCF-000247185.1-NZ-AHLI01000009.1
14569-1492R-B-E5	RS-GCF-007678185.1-NZ-VEEC01000021.1	95.993	1224	99	1223	0.0	1938	RS-GCF-007678185.1-NZ-VEEC01000021.1
14569-1492R-B-E5	RS-GCF-016903575.1-NZ-CP069954.1	95.993	1224	99	1223	0.0	1938	RS-GCF-016903575.1-NZ-CP069954.1
14569-1492R-B-E5	RS-GCF-003856395.1-NZ-CP034111.1	95.993	1224	99	1223	0.0	1938	RS-GCF-003856395.1-NZ-CP034111.1
14569-1492R-B-E5	RS-GCF-001072245.1-NZ-JVLY01000033.1	95.993	1224	99	1223	0.0	1938	RS-GCF-001072245.1-NZ-JVLY01000033.1
14569-1492R-B-E5	RS-GCF-016904135.1-NZ-CP070057.1--5	95.993	1224	99	1223	0.0	1938	RS-GCF-016904135.1-NZ-CP070057.1--5
14569-1492R-B-E5	RS-GCF-902509485.1-NZ-LR735421.1--4	95.993	1224	99	1223	0.0	1938	RS-GCF-902509485.1-NZ-LR735421.1--4
14569-1492R-B-E5	RS-GCF-006151885.1-NZ-VDEO01000040.1	95.993	1224	99	1223	0.0	1938	RS-GCF-006151885.1-NZ-VDEO01000040.1
14569-1492R-B-E5	RS-GCF-011307235.1-NZ-CP043788.1--5	95.993	1224	99	1223	0.0	1938	RS-GCF-011307235.1-NZ-CP043788.1--5
14569-1492R-B-E5	RS-GCF-011307235.1-NZ-CP043788.1--4	95.993	1224	99	1223	0.0	1938	RS-GCF-011307235.1-NZ-CP043788.1--4
14569-1492R-B-E5	RS-GCF-009897305.1-NZ-SHFB01000041.1	95.993	1224	99	1223	0.0	1938	RS-GCF-009897305.1-NZ-SHFB01000041.1
14569-1492R-B-E5	RS-GCF-016903555.1-NZ-CP069951.1--6	95.993	1224	99	1223	0.0	1938	RS-GCF-016903555.1-NZ-CP069951.1--6
14569-1492R-B-E5	RS-GCF-000418085.2-NZ-ATDD02000024.1	95.993	1224	99	1223	0.0	1938	RS-GCF-000418085.2-NZ-ATDD02000024.1
14569-1492R-B-E5	RS-GCF-016834475.1-NZ-CP069215.1--6	95.993	1224	99	1223	0.0	1938	RS-GCF-016834475.1-NZ-CP069215.1--6
14569-1492R-B-E5	RS-GCF-000276365.1-NZ-AKGR01000002.1	95.993	1224	99	1223	0.0	1938	RS-GCF-000276365.1-NZ-AKGR01000002.1
14569-1492R-B-E5	RS-GCF-000703025.1-NZ-JNLI01000004.1--5	95.993	1224	99	1223	0.0	1938	RS-GCF-000703025.1-NZ-JNLI01000004.1--5
14569-1492R-B-E5	RS-GCF-000703025.1-NZ-JNLI01000004.1	95.993	1224	99	1223	0.0	1938	RS-GCF-000703025.1-NZ-JNLI01000004.1
14569-1492R-B-E5	G000007645	95.993	1224	99	1223	0.0	1938	G000007645
14569-1492R-B-E5	MJ030-1-barcode36-umi2022bins-ubs-102	95.993	1224	99	1223	0.0	1938	MJ030-1-barcode36-umi2022bins-ubs-102
14569-1492R-B-E5	MJ006-1-barcode27-umi11382bins-ubs-18	95.993	1224	99	1223	0.0	1938	MJ006-1-barcode27-umi11382bins-ubs-18
14569-1492R-B-E5	MJ006-2-barcode71-umi61039bins-ubs-7	95.993	1224	99	1223	0.0	1938	MJ006-2-barcode71-umi61039bins-ubs-7
14569-1492R-B-E5	MJ006-2-barcode65-umi17920bins-ubs-15	95.993	1224	99	1223	0.0	1938	MJ006-2-barcode65-umi17920bins-ubs-15
14569-1492R-B-E5	MJ006-1-barcode37-umi38836bins-ubs-8	95.993	1224	99	1223	0.0	1938	MJ006-1-barcode37-umi38836bins-ubs-8
14569-1492R-B-E5	MJ006-2-barcode58-umi148350bins-ubs-3	96.003	1224	99	1226	0.0	1936	MJ006-2-barcode58-umi148350bins-ubs-3
14569-1492R-B-E5	RS-GCF-000177115.1-NZ-ADEY01000003.1	95.993	1224	99	1223	0.0	1935	RS-GCF-000177115.1-NZ-ADEY01000003.1
14569-1492R-B-E5	RS-GCF-014490515.1-NZ-CP061029.1	95.912	1224	99	1223	0.0	1933	RS-GCF-014490515.1-NZ-CP061029.1
14569-1492R-B-E5	RS-GCF-001622495.1-NZ-LWCW01000070.1	95.912	1224	99	1223	0.0	1933	RS-GCF-001622495.1-NZ-LWCW01000070.1
14569-1492R-B-E5	RS-GCF-009896875.1-NZ-SHEI01000044.1	95.912	1224	99	1223	0.0	1933	RS-GCF-009896875.1-NZ-SHEI01000044.1
14569-1492R-B-E5	RS-GCF-001659125.1-NZ-LYSH01000037.1	95.912	1224	99	1223	0.0	1933	RS-GCF-001659125.1-NZ-LYSH01000037.1
14569-1492R-B-E5	RS-GCF-001622445.1-NZ-LWBW01000018.1	95.912	1224	99	1223	0.0	1933	RS-GCF-001622445.1-NZ-LWBW01000018.1
14569-1492R-B-E5	RS-GCF-003979975.1-NZ-LUBS01000131.1	95.912	1224	99	1223	0.0	1933	RS-GCF-003979975.1-NZ-LUBS01000131.1
14569-1492R-B-E5	RS-GCF-003325735.1-NZ-CP030246.1--2	95.912	1224	99	1223	0.0	1933	RS-GCF-003325735.1-NZ-CP030246.1--2
14569-1492R-B-E5	RS-GCF-001070565.1-NZ-JVSY01000107.1	95.912	1224	99	1223	0.0	1933	RS-GCF-001070565.1-NZ-JVSY01000107.1
14569-1492R-B-E5	RS-GCF-001465385.1-NZ-JRVP01000053.1	95.912	1224	99	1223	0.0	1933	RS-GCF-001465385.1-NZ-JRVP01000053.1
14569-1492R-B-E5	RS-GCF-009897365.1-NZ-SHFF01000044.1	95.912	1224	99	1223	0.0	1933	RS-GCF-009897365.1-NZ-SHFF01000044.1
14569-1492R-B-E5	RS-GCF-001622835.1-NZ-LWBG01000080.1	95.912	1224	99	1223	0.0	1933	RS-GCF-001622835.1-NZ-LWBG01000080.1
14569-1492R-B-E5	RS-GCF-001658785.1-NZ-LXRV01000011.1	95.912	1224	99	1223	0.0	1933	RS-GCF-001658785.1-NZ-LXRV01000011.1
14569-1492R-B-E5	RS-GCF-003980055.1-NZ-LUBM01000100.1	95.912	1224	99	1223	0.0	1933	RS-GCF-003980055.1-NZ-LUBM01000100.1
14569-1492R-B-E5	RS-GCF-011306775.1-NZ-CP043781.1--5	95.912	1224	99	1223	0.0	1933	RS-GCF-011306775.1-NZ-CP043781.1--5
14569-1492R-B-E5	RS-GCF-011306775.1-NZ-CP043781.1	95.912	1224	99	1223	0.0	1933	RS-GCF-011306775.1-NZ-CP043781.1
14569-1492R-B-E5	RS-GCF-011306595.1-NZ-CP043777.1--2	95.912	1224	99	1223	0.0	1933	RS-GCF-011306595.1-NZ-CP043777.1--2
14569-1492R-B-E5	RS-GCF-001659475.1-NZ-LYWF01000028.1	95.912	1224	99	1223	0.0	1933	RS-GCF-001659475.1-NZ-LYWF01000028.1
14569-1492R-B-E5	RS-GCF-008922385.1-NZ-WBQK01000040.1	95.912	1224	99	1223	0.0	1933	RS-GCF-008922385.1-NZ-WBQK01000040.1
14569-1492R-B-E5	RS-GCF-000362145.1-NZ-KB821726.1	95.912	1224	99	1223	0.0	1933	RS-GCF-000362145.1-NZ-KB821726.1
14569-1492R-B-E5	RS-GCF-011307695.1-NZ-CP043801.1--3	95.912	1224	99	1223	0.0	1933	RS-GCF-011307695.1-NZ-CP043801.1--3
14569-1492R-B-E5	RS-GCF-008922375.1-NZ-WBQL01000044.1	95.912	1224	99	1223	0.0	1933	RS-GCF-008922375.1-NZ-WBQL01000044.1
14569-1492R-B-E5	RS-GCF-001658715.1-NZ-LXRX01000037.1	95.912	1224	99	1223	0.0	1933	RS-GCF-001658715.1-NZ-LXRX01000037.1
14569-1492R-B-E5	RS-GCF-003980155.1-NZ-LUBV01000051.1	95.912	1224	99	1223	0.0	1933	RS-GCF-003980155.1-NZ-LUBV01000051.1
14569-1492R-B-E5	RS-GCF-001658535.1-NZ-LYQA01000020.1	95.912	1224	99	1223	0.0	1933	RS-GCF-001658535.1-NZ-LYQA01000020.1
14569-1492R-B-E5	GB-GCA-000239515.2-AGUC01000056.1	95.912	1224	99	1223	0.0	1933	GB-GCA-000239515.2-AGUC01000056.1
14569-1492R-B-E5	RS-GCF-003035705.1-NZ-PYYT01000114.1	95.912	1224	99	1223	0.0	1933	RS-GCF-003035705.1-NZ-PYYT01000114.1
14569-1492R-B-E5	RS-GCF-006094375.1-NZ-CP035288.1	95.912	1224	99	1223	0.0	1933	RS-GCF-006094375.1-NZ-CP035288.1
14569-1492R-B-E5	RS-GCF-003980205.1-NZ-MNBF01000052.1	95.912	1224	99	1223	0.0	1933	RS-GCF-003980205.1-NZ-MNBF01000052.1
14569-1492R-B-E5	RS-GCF-003979985.1-NZ-LUBT01000109.1	95.912	1224	99	1223	0.0	1933	RS-GCF-003979985.1-NZ-LUBT01000109.1
14569-1492R-B-E5	RS-GCF-003859985.1-NZ-RQYG01000064.1	95.912	1224	99	1223	0.0	1933	RS-GCF-003859985.1-NZ-RQYG01000064.1
14569-1492R-B-E5	RS-GCF-001956655.1-NZ-CP018842.1	95.912	1224	99	1223	0.0	1933	RS-GCF-001956655.1-NZ-CP018842.1
14569-1492R-B-E5	RS-GCF-900205795.1-NZ-OAOB01000025.1	95.912	1224	99	1223	0.0	1933	RS-GCF-900205795.1-NZ-OAOB01000025.1
14569-1492R-B-E5	RS-GCF-014489335.1-NZ-CP060794.1--6	95.912	1224	99	1223	0.0	1933	RS-GCF-014489335.1-NZ-CP060794.1--6
14569-1492R-B-E5	RS-GCF-002215535.1-NZ-CP022247.1--6	95.912	1224	99	1223	0.0	1933	RS-GCF-002215535.1-NZ-CP022247.1--6
14569-1492R-B-E5	RS-GCF-002215535.1-NZ-CP022247.1--2	95.912	1224	99	1223	0.0	1933	RS-GCF-002215535.1-NZ-CP022247.1--2
14569-1492R-B-E5	RS-GCF-000705075.1-NZ-JMID01000002.1	95.912	1224	99	1223	0.0	1933	RS-GCF-000705075.1-NZ-JMID01000002.1
14569-1492R-B-E5	RS-GCF-000759555.1-NZ-CP009046.1	95.912	1224	99	1223	0.0	1933	RS-GCF-000759555.1-NZ-CP009046.1
14569-1492R-B-E5	RS-GCF-003980195.1-NZ-LUBX01000012.1	95.912	1224	99	1223	0.0	1933	RS-GCF-003980195.1-NZ-LUBX01000012.1
14569-1492R-B-E5	RS-GCF-001072885.1-NZ-JVHR01000007.1	95.912	1224	99	1223	0.0	1933	RS-GCF-001072885.1-NZ-JVHR01000007.1
14569-1492R-B-E5	GB-GCA-003687755.1-RDFC01000075.1	95.912	1224	99	1223	0.0	1933	GB-GCA-003687755.1-RDFC01000075.1
14569-1492R-B-E5	RS-GCF-006742205.1-NZ-AP019721.1--6	95.912	1224	99	1223	0.0	1933	RS-GCF-006742205.1-NZ-AP019721.1--6
14569-1492R-B-E5	RS-GCF-900458645.1-NZ-UHDH01000002.1	95.912	1224	99	1223	0.0	1933	RS-GCF-900458645.1-NZ-UHDH01000002.1
14569-1492R-B-E5	RS-GCF-001662985.1-NZ-LYYX01000031.1	95.912	1224	99	1223	0.0	1933	RS-GCF-001662985.1-NZ-LYYX01000031.1
14569-1492R-B-E5	RS-GCF-001658625.1-NZ-LXRQ01000031.1	95.912	1224	99	1223	0.0	1933	RS-GCF-001658625.1-NZ-LXRQ01000031.1
14569-1492R-B-E5	RS-GCF-000011925.1-NC-002976.3--3	95.912	1224	99	1223	0.0	1933	RS-GCF-000011925.1-NC-002976.3--3
14569-1492R-B-E5	G008763925	95.912	1224	99	1223	0.0	1933	G008763925
14569-1492R-B-E5	G008349105	95.912	1224	99	1223	0.0	1933	G008349105
14569-1492R-B-E5	G000245655	95.912	1224	99	1223	0.0	1933	G000245655
14569-1492R-B-E5	D83363	95.912	1224	99	1223	0.0	1933	D83363
14569-1492R-B-E5	MJ009-2-barcode63-umi153bins-ubs-1233	95.912	1224	99	1223	0.0	1933	MJ009-2-barcode63-umi153bins-ubs-1233
14569-1492R-B-E5	MJ005-barcode65-umi4676bins-ubs-37	95.912	1224	99	1223	0.0	1933	MJ005-barcode65-umi4676bins-ubs-37
14569-1492R-B-E5	MJ005-barcode35-umi8548bins-ubs-23	95.912	1224	99	1223	0.0	1933	MJ005-barcode35-umi8548bins-ubs-23
14569-1492R-B-E5	MJ006-1-barcode27-umi11114bins-ubs-20	95.912	1224	99	1223	0.0	1933	MJ006-1-barcode27-umi11114bins-ubs-20
14569-1492R-B-E5	MJ006-1-barcode27-umi62770bins-ubs-9	95.912	1224	99	1223	0.0	1933	MJ006-1-barcode27-umi62770bins-ubs-9
14569-1492R-B-E5	MJ006-1-barcode27-umi141267bins-ubs-3	95.912	1224	99	1223	0.0	1933	MJ006-1-barcode27-umi141267bins-ubs-3
14569-1492R-B-E5	MJ006-1-barcode27-umi155401bins-ubs-3	95.912	1224	99	1223	0.0	1933	MJ006-1-barcode27-umi155401bins-ubs-3
14569-1492R-B-E5	MJ006-1-barcode28-umi92548bins-ubs-5	95.912	1224	99	1223	0.0	1933	MJ006-1-barcode28-umi92548bins-ubs-5
14569-1492R-B-E5	RS-GCF-000247125.1-NZ-AHLF01000032.1	96.056	1224	99	1217	0.0	1931	RS-GCF-000247125.1-NZ-AHLF01000032.1
14569-1492R-B-E5	RS-GCF-000177115.1-NZ-ADEY01000022.1--2	95.993	1224	99	1223	0.0	1931	RS-GCF-000177115.1-NZ-ADEY01000022.1--2
14569-1492R-B-E5	RS-GCF-900458815.1-NZ-UHDZ01000001.1	95.833	1224	99	1224	0.0	1930	RS-GCF-900458815.1-NZ-UHDZ01000001.1
14569-1492R-B-E5	RS-GCF-003966585.1-NZ-AP018585.1	95.833	1224	99	1224	0.0	1930	RS-GCF-003966585.1-NZ-AP018585.1
14569-1492R-B-E5	RS-GCF-902509535.1-NZ-LR735440.1	95.912	1224	99	1223	0.0	1929	RS-GCF-902509535.1-NZ-LR735440.1
14569-1492R-B-E5	RS-GCF-016026915.1-NZ-CP065656.1--2	95.912	1224	99	1223	0.0	1929	RS-GCF-016026915.1-NZ-CP065656.1--2
14569-1492R-B-E5	RS-GCF-016026915.1-NZ-CP065656.1	95.912	1224	99	1223	0.0	1929	RS-GCF-016026915.1-NZ-CP065656.1
14569-1492R-B-E5	RS-GCF-902509485.1-NZ-LR735421.1--5	95.912	1224	99	1223	0.0	1929	RS-GCF-902509485.1-NZ-LR735421.1--5
14569-1492R-B-E5	RS-GCF-003966625.1-NZ-AP018587.1--5	95.755	1224	99	1225	0.0	1929	RS-GCF-003966625.1-NZ-AP018587.1--5
14569-1492R-B-E5	RS-GCF-000783535.2-NZ-JTAY02000002.1--3	95.830	1224	99	1223	0.0	1929	RS-GCF-000783535.2-NZ-JTAY02000002.1--3
14569-1492R-B-E5	RS-GCF-001837955.1-NZ-KV834845.1	95.830	1224	99	1223	0.0	1929	RS-GCF-001837955.1-NZ-KV834845.1
14569-1492R-B-E5	RS-GCF-902509515.1-NZ-LR735437.1--5	95.830	1224	99	1223	0.0	1929	RS-GCF-902509515.1-NZ-LR735437.1--5
14569-1492R-B-E5	RS-GCF-000417965.2-NZ-ATCV02000047.1	95.830	1224	99	1223	0.0	1929	RS-GCF-000417965.2-NZ-ATCV02000047.1
14569-1492R-B-E5	RS-GCF-008922245.1-NZ-WBQC01000008.1	95.830	1224	99	1223	0.0	1929	RS-GCF-008922245.1-NZ-WBQC01000008.1
14569-1492R-B-E5	RS-GCF-011306775.1-NZ-CP043781.1--4	95.830	1224	99	1223	0.0	1929	RS-GCF-011306775.1-NZ-CP043781.1--4
14569-1492R-B-E5	RS-GCF-002085695.1-NZ-CP020463.1--6	95.830	1224	99	1223	0.0	1929	RS-GCF-002085695.1-NZ-CP020463.1--6
14569-1492R-B-E5	RS-GCF-011306595.1-NZ-CP043777.1--5	95.830	1224	99	1223	0.0	1929	RS-GCF-011306595.1-NZ-CP043777.1--5
14569-1492R-B-E5	RS-GCF-003578045.1-NZ-QXSL01000097.1	95.830	1224	99	1223	0.0	1929	RS-GCF-003578045.1-NZ-QXSL01000097.1
14569-1492R-B-E5	RS-GCF-011307475.1-NZ-CP043792.1--6	95.830	1224	99	1223	0.0	1929	RS-GCF-011307475.1-NZ-CP043792.1--6
14569-1492R-B-E5	RS-GCF-902363495.1-NZ-CABJAG010000011.1	95.830	1224	99	1223	0.0	1929	RS-GCF-902363495.1-NZ-CABJAG010000011.1
14569-1492R-B-E5	RS-GCF-008923085.1-NZ-WBRT01000039.1	95.830	1224	99	1223	0.0	1929	RS-GCF-008923085.1-NZ-WBRT01000039.1
14569-1492R-B-E5	RS-GCF-900458585.1-NZ-UHDD01000001.1--6	95.830	1224	99	1223	0.0	1929	RS-GCF-900458585.1-NZ-UHDD01000001.1--6
14569-1492R-B-E5	RS-GCF-016406625.1-NZ-CP066376.1--4	95.830	1224	99	1223	0.0	1929	RS-GCF-016406625.1-NZ-CP066376.1--4
14569-1492R-B-E5	RS-GCF-000410915.1-NZ-ARWU01000102.1	95.830	1224	99	1223	0.0	1929	RS-GCF-000410915.1-NZ-ARWU01000102.1
14569-1492R-B-E5	RS-GCF-001956655.1-NZ-CP018842.1--5	95.830	1224	99	1223	0.0	1929	RS-GCF-001956655.1-NZ-CP018842.1--5
14569-1492R-B-E5	RS-GCF-014489335.1-NZ-CP060794.1--2	95.830	1224	99	1223	0.0	1929	RS-GCF-014489335.1-NZ-CP060794.1--2
14569-1492R-B-E5	RS-GCF-014334295.1-NZ-CP060528.1--6	95.830	1224	99	1223	0.0	1929	RS-GCF-014334295.1-NZ-CP060528.1--6
14569-1492R-B-E5	RS-GCF-902509485.1-NZ-LR735421.1	95.830	1224	99	1223	0.0	1929	RS-GCF-902509485.1-NZ-LR735421.1
14569-1492R-B-E5	RS-GCF-013317125.1-NZ-CP040883.1--6	95.830	1224	99	1223	0.0	1929	RS-GCF-013317125.1-NZ-CP040883.1--6
14569-1492R-B-E5	RS-GCF-013317125.1-NZ-CP040883.1--2	95.830	1224	99	1223	0.0	1929	RS-GCF-013317125.1-NZ-CP040883.1--2
14569-1492R-B-E5	RS-GCF-009769125.1-NZ-CP043847.1--6	95.830	1224	99	1223	0.0	1929	RS-GCF-009769125.1-NZ-CP043847.1--6
14569-1492R-B-E5	RS-GCF-000418165.2-NZ-ATDH02000015.1	95.830	1224	99	1223	0.0	1929	RS-GCF-000418165.2-NZ-ATDH02000015.1
14569-1492R-B-E5	RS-GCF-000418165.2-NZ-ATDH02000089.1	95.830	1224	99	1223	0.0	1929	RS-GCF-000418165.2-NZ-ATDH02000089.1
14569-1492R-B-E5	RS-GCF-900458645.1-NZ-UHDH01000002.1--3	95.830	1224	99	1223	0.0	1929	RS-GCF-900458645.1-NZ-UHDH01000002.1--3
14569-1492R-B-E5	RS-GCF-003577825.1-NZ-QXSQ01000156.1	95.830	1224	99	1223	0.0	1929	RS-GCF-003577825.1-NZ-QXSQ01000156.1
14569-1492R-B-E5	RS-GCF-000011925.1-NC-002976.3--5	95.830	1224	99	1223	0.0	1929	RS-GCF-000011925.1-NC-002976.3--5
14569-1492R-B-E5	MJ033-1-barcode35-umi8154bins-ubs-42	95.830	1224	99	1223	0.0	1929	MJ033-1-barcode35-umi8154bins-ubs-42
14569-1492R-B-E5	MJ020-1-barcode32-umi7281bins-ubs-48	95.830	1224	99	1223	0.0	1929	MJ020-1-barcode32-umi7281bins-ubs-48
14569-1492R-B-E5	MJ031-1-barcode35-umi11097bins-ubs-46	95.830	1224	99	1223	0.0	1929	MJ031-1-barcode35-umi11097bins-ubs-46
14569-1492R-B-E5	MJ005-barcode35-umi14642bins-ubs-15	95.830	1224	99	1223	0.0	1929	MJ005-barcode35-umi14642bins-ubs-15
14569-1492R-B-E5	MJ006-1-barcode27-umi12109bins-ubs-17	95.830	1224	99	1223	0.0	1929	MJ006-1-barcode27-umi12109bins-ubs-17
14569-1492R-B-E5	RS-GCF-000177115.1-NZ-ADEY01000022.1	95.915	1224	99	1224	0.0	1928	RS-GCF-000177115.1-NZ-ADEY01000022.1
14569-1492R-B-E5	RS-GCF-900458815.1-NZ-UHDZ01000001.1--3	95.666	1224	99	1223	0.0	1927	RS-GCF-900458815.1-NZ-UHDZ01000001.1--3
14569-1492R-B-E5	RS-GCF-018916935.1-NZ-JAHLNS010000012.1	95.827	1224	99	1222	0.0	1927	RS-GCF-018916935.1-NZ-JAHLNS010000012.1
14569-1492R-B-E5	RS-GCF-002954055.1-NZ-CP014132.1--2	95.833	1224	99	1224	0.0	1927	RS-GCF-002954055.1-NZ-CP014132.1--2
14569-1492R-B-E5	AB646616	95.666	1224	99	1223	0.0	1927	AB646616
14569-1492R-B-E5	RS-GCF-016791585.1-NZ-JAENGU010000009.1	95.752	1224	99	1224	0.0	1926	RS-GCF-016791585.1-NZ-JAENGU010000009.1
14569-1492R-B-E5	RS-GCF-004291105.1-NZ-QHKD01000010.1	95.752	1224	99	1224	0.0	1926	RS-GCF-004291105.1-NZ-QHKD01000010.1
14569-1492R-B-E5	RS-GCF-003966605.1-NZ-AP018586.1--5	95.752	1224	99	1224	0.0	1926	RS-GCF-003966605.1-NZ-AP018586.1--5
14569-1492R-B-E5	RS-GCF-900458385.1-NZ-UHCW01000005.1--2	95.752	1224	99	1224	0.0	1926	RS-GCF-900458385.1-NZ-UHCW01000005.1--2
14569-1492R-B-E5	RS-GCF-902509505.1-NZ-LR735434.1	95.830	1224	99	1223	0.0	1926	RS-GCF-902509505.1-NZ-LR735434.1
14569-1492R-B-E5	RS-GCF-002954055.1-NZ-CP014132.1--4	95.830	1224	99	1223	0.0	1925	RS-GCF-002954055.1-NZ-CP014132.1--4
14569-1492R-B-E5	RS-GCF-902509535.1-NZ-LR735440.1--6	95.830	1224	99	1223	0.0	1925	RS-GCF-902509535.1-NZ-LR735440.1--6
14569-1492R-B-E5	GB-GCA-001298115.1-LGJG01000041.1	95.830	1224	99	1223	0.0	1925	GB-GCA-001298115.1-LGJG01000041.1
14569-1492R-B-E5	RS-GCF-016026915.1-NZ-CP065656.1--5	95.830	1224	99	1223	0.0	1925	RS-GCF-016026915.1-NZ-CP065656.1--5
14569-1492R-B-E5	RS-GCF-003812425.1-NZ-CP033782.1	95.830	1224	99	1223	0.0	1925	RS-GCF-003812425.1-NZ-CP033782.1
14569-1492R-B-E5	RS-GCF-000705035.1-NZ-JMIF01000035.1	96.644	1224	97	1192	0.0	1925	RS-GCF-000705035.1-NZ-JMIF01000035.1
14569-1492R-B-E5	RS-GCF-900458385.1-NZ-UHCW01000005.1--5	95.755	1224	99	1225	0.0	1924	RS-GCF-900458385.1-NZ-UHCW01000005.1--5
14569-1492R-B-E5	RS-GCF-011307015.1-NZ-CP043784.1--6	95.748	1224	99	1223	0.0	1924	RS-GCF-011307015.1-NZ-CP043784.1--6
14569-1492R-B-E5	GB-GCA-004920235.1-AFTV01000090.1	95.748	1224	99	1223	0.0	1924	GB-GCA-004920235.1-AFTV01000090.1
14569-1492R-B-E5	RS-GCF-902509505.1-NZ-LR735434.1--6	95.748	1224	99	1223	0.0	1924	RS-GCF-902509505.1-NZ-LR735434.1--6
14569-1492R-B-E5	RS-GCF-016406625.1-NZ-CP066376.1--2	95.748	1224	99	1223	0.0	1924	RS-GCF-016406625.1-NZ-CP066376.1--2
14569-1492R-B-E5	RS-GCF-016903575.1-NZ-CP069954.1--6	95.748	1224	99	1223	0.0	1924	RS-GCF-016903575.1-NZ-CP069954.1--6
14569-1492R-B-E5	RS-GCF-016026915.1-NZ-CP065656.1--6	95.748	1224	99	1223	0.0	1924	RS-GCF-016026915.1-NZ-CP065656.1--6
14569-1492R-B-E5	RS-GCF-900458645.1-NZ-UHDH01000002.1--6	95.748	1224	99	1223	0.0	1924	RS-GCF-900458645.1-NZ-UHDH01000002.1--6
14569-1492R-B-E5	RS-GCF-900458645.1-NZ-UHDH01000002.1--2	95.748	1224	99	1223	0.0	1924	RS-GCF-900458645.1-NZ-UHDH01000002.1--2
14569-1492R-B-E5	MJ006-1-barcode27-umi11986bins-ubs-19	95.748	1224	99	1223	0.0	1924	MJ006-1-barcode27-umi11986bins-ubs-19
14569-1492R-B-E5	MJ006-1-barcode34-umi21823bins-ubs-12	95.748	1224	99	1223	0.0	1924	MJ006-1-barcode34-umi21823bins-ubs-12
14569-1492R-B-E5	RS-GCF-000177115.1-NZ-ADEY01000016.1	95.752	1224	99	1224	0.0	1923	RS-GCF-000177115.1-NZ-ADEY01000016.1
14569-1492R-B-E5	RS-GCF-007814385.1-NZ-CP031271.1--6	95.670	1224	99	1224	0.0	1921	RS-GCF-007814385.1-NZ-CP031271.1--6
14569-1492R-B-E5	RS-GCF-001075835.1-NZ-JULX01000113.1	95.748	1224	99	1223	0.0	1921	RS-GCF-001075835.1-NZ-JULX01000113.1
14569-1492R-B-E5	RS-GCF-003856455.1-NZ-CP034115.1--6	95.748	1224	99	1223	0.0	1920	RS-GCF-003856455.1-NZ-CP034115.1--6
14569-1492R-B-E5	RS-GCF-001956655.1-NZ-CP018842.1--2	95.748	1224	99	1223	0.0	1920	RS-GCF-001956655.1-NZ-CP018842.1--2
14569-1492R-B-E5	RS-GCF-011307015.1-NZ-CP043784.1--2	95.666	1224	99	1223	0.0	1920	RS-GCF-011307015.1-NZ-CP043784.1--2
14569-1492R-B-E5	RS-GCF-902509495.1-NZ-LR735429.1--6	95.666	1224	99	1223	0.0	1920	RS-GCF-902509495.1-NZ-LR735429.1--6
14569-1492R-B-E5	RS-GCF-002931555.1-NZ-PSTZ01000013.1	95.809	1224	99	1217	0.0	1918	RS-GCF-002931555.1-NZ-PSTZ01000013.1
14569-1492R-B-E5	RS-GCF-001469315.1-NZ-LNUS01000001.1--6	95.830	1224	99	1223	0.0	1918	RS-GCF-001469315.1-NZ-LNUS01000001.1--6
14569-1492R-B-E5	GB-GCA-001658655.1-LXRP01000038.1	96.856	1224	96	1177	0.0	1915	GB-GCA-001658655.1-LXRP01000038.1
14569-1492R-B-E5	RS-GCF-000177115.1-NZ-ADEY01000016.1--2	95.748	1224	99	1223	0.0	1914	RS-GCF-000177115.1-NZ-ADEY01000016.1--2
14569-1492R-B-E5	RS-GCF-000759555.1-NZ-CP009046.1--4	95.670	1224	99	1224	0.0	1914	RS-GCF-000759555.1-NZ-CP009046.1--4
14569-1492R-B-E5	RS-GCF-000418205.2-NZ-ATCY02000158.1	95.588	1224	99	1224	0.0	1913	RS-GCF-000418205.2-NZ-ATCY02000158.1
14569-1492R-B-E5	RS-GCF-000177115.1-NZ-ADEY01000015.1	95.666	1224	99	1223	0.0	1912	RS-GCF-000177115.1-NZ-ADEY01000015.1
14569-1492R-B-E5	RS-GCF-001469315.1-NZ-LNUS01000001.1--7	95.673	1224	99	1225	0.0	1909	RS-GCF-001469315.1-NZ-LNUS01000001.1--7
14569-1492R-B-E5	RS-GCF-001659315.1-NZ-LYVT01000015.1	95.864	1224	98	1209	0.0	1908	RS-GCF-001659315.1-NZ-LYVT01000015.1
14569-1492R-B-E5	RS-GCF-018622975.1-NZ-CP076029.1--6	95.339	1224	99	1223	0.0	1905	RS-GCF-018622975.1-NZ-CP076029.1--6
14569-1492R-B-E5	RS-GCF-002954105.1-NZ-CP014107.1--2	95.563	1224	99	1217	0.0	1904	RS-GCF-002954105.1-NZ-CP014107.1--2
14569-1492R-B-E5	JX139845	95.563	1224	99	1217	0.0	1904	JX139845
14569-1492R-B-E5	MJ006-1-barcode41-umi119145bins-ubs-5	95.563	1224	99	1217	0.0	1904	MJ006-1-barcode41-umi119145bins-ubs-5
14569-1492R-B-E5	RS-GCF-900458745.1-NZ-UHDX01000002.1--5	95.567	1224	99	1218	0.0	1903	RS-GCF-900458745.1-NZ-UHDX01000002.1--5
14569-1492R-B-E5	GB-GCA-017571195.1-JAGETU010000002.1--3	95.581	1224	99	1222	0.0	1903	GB-GCA-017571195.1-JAGETU010000002.1--3
14569-1492R-B-E5	GB-GCA-017571195.1-JAGETU010000002.1	95.581	1224	99	1222	0.0	1903	GB-GCA-017571195.1-JAGETU010000002.1
14569-1492R-B-E5	GB-GCA-004920235.1-AFTV01000045.1	95.417	1224	99	1222	0.0	1901	GB-GCA-004920235.1-AFTV01000045.1
14569-1492R-B-E5	RS-GCF-000159535.2-NC-017342.1--5	95.258	1224	99	1223	0.0	1901	RS-GCF-000159535.2-NC-017342.1--5
14569-1492R-B-E5	RS-GCF-900458665.1-NZ-UHDU01000001.1--6	95.481	1224	99	1217	0.0	1900	RS-GCF-900458665.1-NZ-UHDU01000001.1--6
14569-1492R-B-E5	RS-GCF-003035725.1-NZ-PYZH01000134.1	95.481	1224	99	1217	0.0	1900	RS-GCF-003035725.1-NZ-PYZH01000134.1
14569-1492R-B-E5	RS-GCF-013345165.1-NZ-JABVEJ010000001.1	95.481	1224	99	1217	0.0	1900	RS-GCF-013345165.1-NZ-JABVEJ010000001.1
14569-1492R-B-E5	RS-GCF-013267715.1-NZ-CP054017.1--5	95.481	1224	99	1217	0.0	1900	RS-GCF-013267715.1-NZ-CP054017.1--5
14569-1492R-B-E5	RS-GCF-001074135.1-NZ-JUVB01000002.1	95.481	1224	99	1217	0.0	1900	RS-GCF-001074135.1-NZ-JUVB01000002.1
14569-1492R-B-E5	RS-GCF-016751935.1-NZ-JAEPJP010000001.1--3	95.481	1224	99	1217	0.0	1900	RS-GCF-016751935.1-NZ-JAEPJP010000001.1--3
14569-1492R-B-E5	RS-GCF-016725285.1-NZ-CP068219.1--4	95.481	1224	99	1217	0.0	1900	RS-GCF-016725285.1-NZ-CP068219.1--4
14569-1492R-B-E5	RS-GCF-016599795.1-NZ-CP067014.1--6	95.481	1224	99	1217	0.0	1900	RS-GCF-016599795.1-NZ-CP067014.1--6
14569-1492R-B-E5	RS-GCF-016599795.1-NZ-CP067014.1--5	95.481	1224	99	1217	0.0	1900	RS-GCF-016599795.1-NZ-CP067014.1--5
14569-1492R-B-E5	RS-GCF-003580525.1-NZ-QYJH01000242.1	95.481	1224	99	1217	0.0	1900	RS-GCF-003580525.1-NZ-QYJH01000242.1
14569-1492R-B-E5	RS-GCF-008728775.1-NZ-CP041726.1--5	95.563	1224	99	1217	0.0	1900	RS-GCF-008728775.1-NZ-CP041726.1--5
14569-1492R-B-E5	RS-GCF-008728795.1-NZ-CP041727.1--5	95.563	1224	99	1217	0.0	1900	RS-GCF-008728795.1-NZ-CP041727.1--5
14569-1492R-B-E5	RS-GCF-007833855.1-NZ-CP038242.1--5	95.481	1224	99	1217	0.0	1900	RS-GCF-007833855.1-NZ-CP038242.1--5
14569-1492R-B-E5	RS-GCF-017898045.1-NZ-JAGMUP010000001.1--6	95.481	1224	99	1217	0.0	1900	RS-GCF-017898045.1-NZ-JAGMUP010000001.1--6
14569-1492R-B-E5	RS-GCF-003571725.1-NZ-CP032159.1	95.481	1224	99	1217	0.0	1900	RS-GCF-003571725.1-NZ-CP032159.1
14569-1492R-B-E5	RS-GCF-003579635.1-NZ-QXVP01000018.1	95.481	1224	99	1217	0.0	1900	RS-GCF-003579635.1-NZ-QXVP01000018.1
14569-1492R-B-E5	RS-GCF-013364435.1-NZ-CP054883.1--5	95.481	1224	99	1217	0.0	1900	RS-GCF-013364435.1-NZ-CP054883.1--5
14569-1492R-B-E5	RS-GCF-013267575.1-NZ-CP054006.1--6	95.481	1224	99	1217	0.0	1900	RS-GCF-013267575.1-NZ-CP054006.1--6
14569-1492R-B-E5	RS-GCF-013267575.1-NZ-CP054006.1--4	95.481	1224	99	1217	0.0	1900	RS-GCF-013267575.1-NZ-CP054006.1--4
14569-1492R-B-E5	RS-GCF-001808085.1-NZ-KV792045.1	95.481	1224	99	1217	0.0	1900	RS-GCF-001808085.1-NZ-KV792045.1
14569-1492R-B-E5	RS-GCF-900458635.1-NZ-UHDM01000002.1--4	95.481	1224	99	1217	0.0	1900	RS-GCF-900458635.1-NZ-UHDM01000002.1--4
14569-1492R-B-E5	RS-GCF-002954105.1-NZ-CP014107.1--6	95.481	1224	99	1217	0.0	1900	RS-GCF-002954105.1-NZ-CP014107.1--6
14569-1492R-B-E5	RS-GCF-001811375.1-NZ-KV804601.1	95.481	1224	99	1217	0.0	1900	RS-GCF-001811375.1-NZ-KV804601.1
14569-1492R-B-E5	RS-GCF-001813045.1-NZ-KV811436.1	95.481	1224	99	1217	0.0	1900	RS-GCF-001813045.1-NZ-KV811436.1
14569-1492R-B-E5	RS-GCF-001876445.1-NZ-LWJO01000064.1	95.481	1224	99	1217	0.0	1900	RS-GCF-001876445.1-NZ-LWJO01000064.1
14569-1492R-B-E5	RS-GCF-001809305.1-NZ-KV796868.1	95.481	1224	99	1217	0.0	1900	RS-GCF-001809305.1-NZ-KV796868.1
14569-1492R-B-E5	RS-GCF-016428605.1-NZ-JAELVP010000027.1	95.481	1224	99	1217	0.0	1900	RS-GCF-016428605.1-NZ-JAELVP010000027.1
14569-1492R-B-E5	RS-GCF-001072965.1-NZ-JVHB01000001.1	95.481	1224	99	1217	0.0	1900	RS-GCF-001072965.1-NZ-JVHB01000001.1
14569-1492R-B-E5	RS-GCF-003042345.1-NZ-PZHY01000095.1	95.481	1224	99	1217	0.0	1900	RS-GCF-003042345.1-NZ-PZHY01000095.1
14569-1492R-B-E5	RS-GCF-001807795.1-NZ-KV790884.1	95.481	1224	99	1217	0.0	1900	RS-GCF-001807795.1-NZ-KV790884.1
14569-1492R-B-E5	RS-GCF-012273435.1-NZ-CP050982.1	95.481	1224	99	1217	0.0	1900	RS-GCF-012273435.1-NZ-CP050982.1
14569-1492R-B-E5	RS-GCF-004329075.1-NZ-SCHG01000034.1	95.481	1224	99	1217	0.0	1900	RS-GCF-004329075.1-NZ-SCHG01000034.1
14569-1492R-B-E5	RS-GCF-903970005.1-NZ-CAJCHB010000026.1	95.481	1224	99	1217	0.0	1900	RS-GCF-903970005.1-NZ-CAJCHB010000026.1
14569-1492R-B-E5	RS-GCF-017355025.1-NZ-CP071512.1--6	95.481	1224	99	1217	0.0	1900	RS-GCF-017355025.1-NZ-CP071512.1--6
14569-1492R-B-E5	RS-GCF-001814895.1-NZ-KV818357.1	95.481	1224	99	1217	0.0	1900	RS-GCF-001814895.1-NZ-KV818357.1
14569-1492R-B-E5	RS-GCF-019048025.1-NZ-CP077270.1--3	95.481	1224	99	1217	0.0	1900	RS-GCF-019048025.1-NZ-CP077270.1--3
14569-1492R-B-E5	RS-GCF-019048025.1-NZ-CP077270.1--2	95.481	1224	99	1217	0.0	1900	RS-GCF-019048025.1-NZ-CP077270.1--2
14569-1492R-B-E5	RS-GCF-903969905.1-NZ-CAJCGT010000028.1	95.481	1224	99	1217	0.0	1900	RS-GCF-903969905.1-NZ-CAJCGT010000028.1
14569-1492R-B-E5	GB-GCA-017571295.1-JAGETP010000002.1--4	95.410	1224	99	1220	0.0	1900	GB-GCA-017571295.1-JAGETP010000002.1--4
14569-1492R-B-E5	G000183685	95.481	1224	99	1217	0.0	1900	G000183685
14569-1492R-B-E5	AB009944	95.481	1224	99	1217	0.0	1900	AB009944
14569-1492R-B-E5	MJ010-1-barcode30-umi19329bins-ubs-34	95.481	1224	99	1217	0.0	1900	MJ010-1-barcode30-umi19329bins-ubs-34
14569-1492R-B-E5	MJ010-1-barcode30-umi51029bins-ubs-13	95.481	1224	99	1217	0.0	1900	MJ010-1-barcode30-umi51029bins-ubs-13
14569-1492R-B-E5	MJ007-2-barcode55-umi2482bins-ubs-195	95.481	1224	99	1217	0.0	1900	MJ007-2-barcode55-umi2482bins-ubs-195
14569-1492R-B-E5	MJ032-2-barcode73-umi13962bins-ubs-34	95.481	1224	99	1217	0.0	1900	MJ032-2-barcode73-umi13962bins-ubs-34
14569-1492R-B-E5	MJ005-barcode42-umi19192bins-ubs-11	95.481	1224	99	1217	0.0	1900	MJ005-barcode42-umi19192bins-ubs-11
14569-1492R-B-E5	MJ006-2-barcode55-umi16504bins-ubs-15	95.481	1224	99	1217	0.0	1900	MJ006-2-barcode55-umi16504bins-ubs-15
14569-1492R-B-E5	MJ006-1-barcode37-umi124932bins-ubs-4	95.481	1224	99	1217	0.0	1900	MJ006-1-barcode37-umi124932bins-ubs-4
14569-1492R-B-E5	RS-GCF-900187055.1-NZ-LT906460.1--5	95.261	1224	99	1224	0.0	1899	RS-GCF-900187055.1-NZ-LT906460.1--5
14569-1492R-B-E5	RS-GCF-014877095.1-NZ-JADAMT010000037.1	95.261	1224	99	1224	0.0	1899	RS-GCF-014877095.1-NZ-JADAMT010000037.1
14569-1492R-B-E5	RS-GCF-001061155.1-NZ-JWBA01000059.1	95.261	1224	99	1224	0.0	1899	RS-GCF-001061155.1-NZ-JWBA01000059.1
14569-1492R-B-E5	RS-GCF-003239175.1-NZ-PZTW01000023.1	95.261	1224	99	1224	0.0	1899	RS-GCF-003239175.1-NZ-PZTW01000023.1
14569-1492R-B-E5	RS-GCF-000573045.1-NZ-KK047918.1	95.261	1224	99	1224	0.0	1899	RS-GCF-000573045.1-NZ-KK047918.1
14569-1492R-B-E5	RS-GCF-001068315.1-NZ-JULJ01000090.1	95.261	1224	99	1224	0.0	1899	RS-GCF-001068315.1-NZ-JULJ01000090.1
14569-1492R-B-E5	RS-GCF-018622975.1-NZ-CP076029.1--8	95.261	1224	99	1224	0.0	1899	RS-GCF-018622975.1-NZ-CP076029.1--8
14569-1492R-B-E5	RS-GCF-001045595.1-NZ-JTFJ01000057.1	95.261	1224	99	1224	0.0	1899	RS-GCF-001045595.1-NZ-JTFJ01000057.1
14569-1492R-B-E5	RS-GCF-000645855.1-NZ-KK237710.1	95.261	1224	99	1224	0.0	1899	RS-GCF-000645855.1-NZ-KK237710.1
14569-1492R-B-E5	RS-GCF-008630775.1-NZ-CP043919.1--3	95.261	1224	99	1224	0.0	1899	RS-GCF-008630775.1-NZ-CP043919.1--3
14569-1492R-B-E5	RS-GCF-003952625.1-NZ-CP034441.1--3	95.261	1224	99	1224	0.0	1899	RS-GCF-003952625.1-NZ-CP034441.1--3
14569-1492R-B-E5	RS-GCF-002904355.1-NZ-LKNK01000025.1	95.261	1224	99	1224	0.0	1899	RS-GCF-002904355.1-NZ-LKNK01000025.1
14569-1492R-B-E5	RS-GCF-002905145.1-NZ-LKOT01000025.1	95.261	1224	99	1224	0.0	1899	RS-GCF-002905145.1-NZ-LKOT01000025.1
14569-1492R-B-E5	RS-GCF-014529875.1-NZ-JACVFE010000055.1	95.261	1224	99	1224	0.0	1899	RS-GCF-014529875.1-NZ-JACVFE010000055.1
14569-1492R-B-E5	RS-GCF-001735645.1-NZ-MCID02000001.1	95.261	1224	99	1224	0.0	1899	RS-GCF-001735645.1-NZ-MCID02000001.1
14569-1492R-B-E5	RS-GCF-002904415.1-NZ-LKNL01000031.1	95.261	1224	99	1224	0.0	1899	RS-GCF-002904415.1-NZ-LKNL01000031.1
14569-1492R-B-E5	RS-GCF-900082185.1-NZ-FKTC01000009.1	95.261	1224	99	1224	0.0	1899	RS-GCF-900082185.1-NZ-FKTC01000009.1
14569-1492R-B-E5	RS-GCF-002887475.1-NZ-LPWT01000030.1	95.261	1224	99	1224	0.0	1899	RS-GCF-002887475.1-NZ-LPWT01000030.1
14569-1492R-B-E5	RS-GCF-018093205.1-NZ-CP071102.1--5	95.261	1224	99	1224	0.0	1899	RS-GCF-018093205.1-NZ-CP071102.1--5
14569-1492R-B-E5	RS-GCF-000681475.1-NZ-AVPA01000021.1	95.261	1224	99	1224	0.0	1899	RS-GCF-000681475.1-NZ-AVPA01000021.1
14569-1492R-B-E5	RS-GCF-003957315.1-NZ-CP034486.1--6	95.261	1224	99	1224	0.0	1899	RS-GCF-003957315.1-NZ-CP034486.1--6
14569-1492R-B-E5	RS-GCF-011032785.1-NZ-CP048431.1--6	95.261	1224	99	1224	0.0	1899	RS-GCF-011032785.1-NZ-CP048431.1--6
14569-1492R-B-E5	RS-GCF-011032785.1-NZ-CP048431.1	95.261	1224	99	1224	0.0	1899	RS-GCF-011032785.1-NZ-CP048431.1
14569-1492R-B-E5	GB-GCA-014696835.1-CP051483.1--6	95.261	1224	99	1224	0.0	1899	GB-GCA-014696835.1-CP051483.1--6
14569-1492R-B-E5	RS-GCF-002904935.1-NZ-LKOL01000008.1	95.261	1224	99	1224	0.0	1899	RS-GCF-002904935.1-NZ-LKOL01000008.1
14569-1492R-B-E5	RS-GCF-005707015.1-NZ-CP039167.1	95.261	1224	99	1224	0.0	1899	RS-GCF-005707015.1-NZ-CP039167.1
14569-1492R-B-E5	RS-GCF-003113955.1-NZ-BEXZ01000017.1	95.261	1224	99	1224	0.0	1899	RS-GCF-003113955.1-NZ-BEXZ01000017.1
14569-1492R-B-E5	RS-GCF-002905235.1-NZ-LKOU01000022.1	95.261	1224	99	1224	0.0	1899	RS-GCF-002905235.1-NZ-LKOU01000022.1
14569-1492R-B-E5	RS-GCF-003426145.1-NZ-CP031673.1--4	95.261	1224	99	1224	0.0	1899	RS-GCF-003426145.1-NZ-CP031673.1--4
14569-1492R-B-E5	RS-GCF-900457445.1-NZ-UGZQ01000001.1--5	95.261	1224	99	1224	0.0	1899	RS-GCF-900457445.1-NZ-UGZQ01000001.1--5
14569-1492R-B-E5	RS-GCF-000626975.1-NZ-JHPX01000013.1	95.261	1224	99	1224	0.0	1899	RS-GCF-000626975.1-NZ-JHPX01000013.1
14569-1492R-B-E5	RS-GCF-011319595.1-NZ-SEZC01000057.1	95.261	1224	99	1224	0.0	1899	RS-GCF-011319595.1-NZ-SEZC01000057.1
14569-1492R-B-E5	RS-GCF-018998505.1-NZ-JAHNVG010000054.1	95.261	1224	99	1224	0.0	1899	RS-GCF-018998505.1-NZ-JAHNVG010000054.1
14569-1492R-B-E5	GB-GCA-015290965.1-CP063990.1--6	95.261	1224	99	1224	0.0	1899	GB-GCA-015290965.1-CP063990.1--6
14569-1492R-B-E5	RS-GCF-900098055.1-NZ-FMPO01000029.1	95.261	1224	99	1224	0.0	1899	RS-GCF-900098055.1-NZ-FMPO01000029.1
14569-1492R-B-E5	GB-GCA-001469065.1-LNOP01000188.1	95.261	1224	99	1224	0.0	1899	GB-GCA-001469065.1-LNOP01000188.1
14569-1492R-B-E5	RS-GCF-003194205.1-NZ-CP021353.1--6	95.261	1224	99	1224	0.0	1899	RS-GCF-003194205.1-NZ-CP021353.1--6
14569-1492R-B-E5	RS-GCF-014335435.1-NZ-CP060614.1	95.261	1224	99	1224	0.0	1899	RS-GCF-014335435.1-NZ-CP060614.1
14569-1492R-B-E5	RS-GCF-002904555.1-NZ-LKNR01000005.1	95.261	1224	99	1224	0.0	1899	RS-GCF-002904555.1-NZ-LKNR01000005.1
14569-1492R-B-E5	RS-GCF-003193665.1-NZ-CP029649.1--3	95.261	1224	99	1224	0.0	1899	RS-GCF-003193665.1-NZ-CP029649.1--3
14569-1492R-B-E5	RS-GCF-011035105.1-NZ-CP047021.1	95.261	1224	99	1224	0.0	1899	RS-GCF-011035105.1-NZ-CP047021.1
14569-1492R-B-E5	RS-GCF-003113935.1-NZ-BEXY01000022.1	95.261	1224	99	1224	0.0	1899	RS-GCF-003113935.1-NZ-BEXY01000022.1
14569-1492R-B-E5	RS-GCF-002121845.1-NZ-NDNW01000022.1	95.261	1224	99	1224	0.0	1899	RS-GCF-002121845.1-NZ-NDNW01000022.1
14569-1492R-B-E5	RS-GCF-017581525.1-NZ-JAGFCK010000021.1	95.261	1224	99	1224	0.0	1899	RS-GCF-017581525.1-NZ-JAGFCK010000021.1
14569-1492R-B-E5	RS-GCF-002905535.1-NZ-LKUM01000015.1	95.261	1224	99	1224	0.0	1899	RS-GCF-002905535.1-NZ-LKUM01000015.1
14569-1492R-B-E5	RS-GCF-900458025.1-NZ-UHBK01000002.1	95.261	1224	99	1224	0.0	1899	RS-GCF-900458025.1-NZ-UHBK01000002.1
14569-1492R-B-E5	RS-GCF-012274715.1-NZ-SJAX01000009.1	95.261	1224	99	1224	0.0	1899	RS-GCF-012274715.1-NZ-SJAX01000009.1
14569-1492R-B-E5	RS-GCF-012274715.1-NZ-SJAX01000004.1	95.261	1224	99	1224	0.0	1899	RS-GCF-012274715.1-NZ-SJAX01000004.1
14569-1492R-B-E5	RS-GCF-012274715.1-NZ-SJAX01000005.1	95.261	1224	99	1224	0.0	1899	RS-GCF-012274715.1-NZ-SJAX01000005.1
14569-1492R-B-E5	RS-GCF-003238285.1-NZ-PZVR01000020.1	95.261	1224	99	1224	0.0	1899	RS-GCF-003238285.1-NZ-PZVR01000020.1
14569-1492R-B-E5	RS-GCF-016894285.1-NZ-CP069799.1--6	95.261	1224	99	1224	0.0	1899	RS-GCF-016894285.1-NZ-CP069799.1--6
14569-1492R-B-E5	RS-GCF-001298325.2-NZ-CP019945.1--4	95.261	1224	99	1224	0.0	1899	RS-GCF-001298325.2-NZ-CP019945.1--4
14569-1492R-B-E5	RS-GCF-003017635.1-NZ-NGNL01000001.1--3	95.261	1224	99	1224	0.0	1899	RS-GCF-003017635.1-NZ-NGNL01000001.1--3
14569-1492R-B-E5	RS-GCF-002904575.1-NZ-LKNS01000019.1	95.261	1224	99	1224	0.0	1899	RS-GCF-002904575.1-NZ-LKNS01000019.1
14569-1492R-B-E5	RS-GCF-006511775.1-NZ-SZYV01000083.1	95.261	1224	99	1224	0.0	1899	RS-GCF-006511775.1-NZ-SZYV01000083.1
14569-1492R-B-E5	RS-GCF-000636875.1-NZ-KK219541.1	95.261	1224	99	1224	0.0	1899	RS-GCF-000636875.1-NZ-KK219541.1
14569-1492R-B-E5	RS-GCF-003857255.1-NZ-RDEV01000009.1	95.261	1224	99	1224	0.0	1899	RS-GCF-003857255.1-NZ-RDEV01000009.1
14569-1492R-B-E5	RS-GCF-900457905.1-NZ-UHAV01000001.1--6	95.261	1224	99	1224	0.0	1899	RS-GCF-900457905.1-NZ-UHAV01000001.1--6
14569-1492R-B-E5	RS-GCF-002304615.1-NZ-LKXR01000025.1	95.261	1224	99	1224	0.0	1899	RS-GCF-002304615.1-NZ-LKXR01000025.1
14569-1492R-B-E5	RS-GCF-009912055.1-NZ-CP047807.1--6	95.261	1224	99	1224	0.0	1899	RS-GCF-009912055.1-NZ-CP047807.1--6
14569-1492R-B-E5	RS-GCF-009912055.1-NZ-CP047807.1--5	95.261	1224	99	1224	0.0	1899	RS-GCF-009912055.1-NZ-CP047807.1--5
14569-1492R-B-E5	RS-GCF-000878095.1-NZ-JXID01000165.1	95.261	1224	99	1224	0.0	1899	RS-GCF-000878095.1-NZ-JXID01000165.1
14569-1492R-B-E5	RS-GCF-013344785.1-NZ-JABVAG010000030.1	95.261	1224	99	1224	0.0	1899	RS-GCF-013344785.1-NZ-JABVAG010000030.1
14569-1492R-B-E5	RS-GCF-002905455.1-NZ-LKTH01000024.1	95.261	1224	99	1224	0.0	1899	RS-GCF-002905455.1-NZ-LKTH01000024.1
14569-1492R-B-E5	RS-GCF-002273325.1-NZ-LKWG01000051.1	95.261	1224	99	1224	0.0	1899	RS-GCF-002273325.1-NZ-LKWG01000051.1
14569-1492R-B-E5	RS-GCF-000646035.1-NZ-KK238043.1	95.261	1224	99	1224	0.0	1899	RS-GCF-000646035.1-NZ-KK238043.1
14569-1492R-B-E5	RS-GCF-900124815.1-NZ-FQDQ01000002.1	95.261	1224	99	1224	0.0	1899	RS-GCF-900124815.1-NZ-FQDQ01000002.1
14569-1492R-B-E5	RS-GCF-002916515.1-NZ-PNPA01000006.1	95.261	1224	99	1224	0.0	1899	RS-GCF-002916515.1-NZ-PNPA01000006.1
14569-1492R-B-E5	G003309745	95.261	1224	99	1224	0.0	1899	G003309745
14569-1492R-B-E5	JN092118	95.399	1224	99	1217	0.0	1899	JN092118
14569-1492R-B-E5	D83355	95.261	1224	99	1224	0.0	1899	D83355
14569-1492R-B-E5	MJ005-barcode74-umi1760bins-ubs-70	95.261	1224	99	1224	0.0	1899	MJ005-barcode74-umi1760bins-ubs-70
14569-1492R-B-E5	RS-GCF-001069395.1-NZ-JVZO01000084.1	95.180	1224	99	1224	0.0	1898	RS-GCF-001069395.1-NZ-JVZO01000084.1
14569-1492R-B-E5	RS-GCF-000602305.1-NZ-JGGL01000002.1	95.265	1224	99	1225	0.0	1898	RS-GCF-000602305.1-NZ-JGGL01000002.1
14569-1492R-B-E5	RS-GCF-018622855.1-NZ-CP076025.1--5	95.258	1224	99	1223	0.0	1897	RS-GCF-018622855.1-NZ-CP076025.1--5
14569-1492R-B-E5	RS-GCF-002356675.1-NZ-AP014921.1	95.265	1224	99	1225	0.0	1897	RS-GCF-002356675.1-NZ-AP014921.1
14569-1492R-B-E5	RS-GCF-003309965.1-NZ-PTBE01000047.1	95.402	1224	99	1218	0.0	1897	RS-GCF-003309965.1-NZ-PTBE01000047.1
14569-1492R-B-E5	RS-GCF-900458665.1-NZ-UHDU01000001.1	95.406	1224	99	1219	0.0	1896	RS-GCF-900458665.1-NZ-UHDU01000001.1
14569-1492R-B-E5	RS-GCF-003193705.1-NZ-CP029675.1--5	95.176	1224	99	1223	0.0	1896	RS-GCF-003193705.1-NZ-CP029675.1--5
14569-1492R-B-E5	RS-GCF-007827125.1-NZ-CP042008.1--5	95.180	1224	99	1224	0.0	1896	RS-GCF-007827125.1-NZ-CP042008.1--5
14569-1492R-B-E5	RS-GCF-004684875.1-NZ-SRJF01000030.1	95.399	1224	99	1217	0.0	1895	RS-GCF-004684875.1-NZ-SRJF01000030.1
14569-1492R-B-E5	RS-GCF-003035445.1-NZ-PYZJ01000052.1	95.399	1224	99	1217	0.0	1895	RS-GCF-003035445.1-NZ-PYZJ01000052.1
14569-1492R-B-E5	RS-GCF-004785665.1-NZ-SRPJ01000017.1	95.399	1224	99	1217	0.0	1895	RS-GCF-004785665.1-NZ-SRPJ01000017.1
14569-1492R-B-E5	GB-GCA-003970565.1-RXXD01000047.1	95.399	1224	99	1217	0.0	1895	GB-GCA-003970565.1-RXXD01000047.1
14569-1492R-B-E5	RS-GCF-900458825.1-NZ-UHDO01000001.1--3	95.399	1224	99	1217	0.0	1895	RS-GCF-900458825.1-NZ-UHDO01000001.1--3
14569-1492R-B-E5	RS-GCF-003035765.1-NZ-PYZI01000031.1	95.399	1224	99	1217	0.0	1895	RS-GCF-003035765.1-NZ-PYZI01000031.1
14569-1492R-B-E5	RS-GCF-003578115.1-NZ-QXSV01000197.1	95.399	1224	99	1217	0.0	1895	RS-GCF-003578115.1-NZ-QXSV01000197.1
14569-1492R-B-E5	RS-GCF-017893095.1-NZ-JAESMI010000148.1	95.399	1224	99	1217	0.0	1895	RS-GCF-017893095.1-NZ-JAESMI010000148.1
14569-1492R-B-E5	RS-GCF-003042555.1-NZ-PZIO01000037.1	95.399	1224	99	1217	0.0	1895	RS-GCF-003042555.1-NZ-PZIO01000037.1
14569-1492R-B-E5	RS-GCF-001921685.1-NZ-MSFF01000012.1	95.399	1224	99	1217	0.0	1895	RS-GCF-001921685.1-NZ-MSFF01000012.1
14569-1492R-B-E5	RS-GCF-003043235.1-NZ-PZEZ01000134.1	95.399	1224	99	1217	0.0	1895	RS-GCF-003043235.1-NZ-PZEZ01000134.1
14569-1492R-B-E5	RS-GCF-017086425.1-NZ-CP070964.1	95.399	1224	99	1217	0.0	1895	RS-GCF-017086425.1-NZ-CP070964.1
14569-1492R-B-E5	RS-GCF-002442915.1-NZ-CP017463.1--5	95.399	1224	99	1217	0.0	1895	RS-GCF-002442915.1-NZ-CP017463.1--5
14569-1492R-B-E5	RS-GCF-002442915.1-NZ-CP017463.1--3	95.399	1224	99	1217	0.0	1895	RS-GCF-002442915.1-NZ-CP017463.1--3
14569-1492R-B-E5	RS-GCF-007814825.1-NZ-CP031280.1--5	95.399	1224	99	1217	0.0	1895	RS-GCF-007814825.1-NZ-CP031280.1--5
14569-1492R-B-E5	RS-GCF-007814825.1-NZ-CP031280.1	95.399	1224	99	1217	0.0	1895	RS-GCF-007814825.1-NZ-CP031280.1
14569-1492R-B-E5	RS-GCF-016888605.1-NZ-JAFEKM010000002.1--4	95.399	1224	99	1217	0.0	1895	RS-GCF-016888605.1-NZ-JAFEKM010000002.1--4
14569-1492R-B-E5	RS-GCF-016888605.1-NZ-JAFEKM010000001.1	95.399	1224	99	1217	0.0	1895	RS-GCF-016888605.1-NZ-JAFEKM010000001.1
14569-1492R-B-E5	RS-GCF-016725205.1-NZ-CP068216.1--4	95.399	1224	99	1217	0.0	1895	RS-GCF-016725205.1-NZ-CP068216.1--4
14569-1492R-B-E5	RS-GCF-003580755.1-NZ-QXVU01000093.1	95.399	1224	99	1217	0.0	1895	RS-GCF-003580755.1-NZ-QXVU01000093.1
14569-1492R-B-E5	RS-GCF-008728815.1-NZ-CP041722.1--4	95.481	1224	99	1217	0.0	1895	RS-GCF-008728815.1-NZ-CP041722.1--4
14569-1492R-B-E5	RS-GCF-008728755.1-NZ-CP041725.1--6	95.481	1224	99	1217	0.0	1895	RS-GCF-008728755.1-NZ-CP041725.1--6
14569-1492R-B-E5	RS-GCF-001558815.2-NZ-CP014023.2--2	95.481	1224	99	1217	0.0	1895	RS-GCF-001558815.2-NZ-CP014023.2--2
14569-1492R-B-E5	RS-GCF-900474705.1-NZ-LS483312.1--6	95.481	1224	99	1217	0.0	1895	RS-GCF-900474705.1-NZ-LS483312.1--6
14569-1492R-B-E5	RS-GCF-900474705.1-NZ-LS483312.1	95.399	1224	99	1217	0.0	1895	RS-GCF-900474705.1-NZ-LS483312.1
14569-1492R-B-E5	RS-GCF-900636255.1-NZ-LR134242.1	95.399	1224	99	1217	0.0	1895	RS-GCF-900636255.1-NZ-LR134242.1
14569-1492R-B-E5	RS-GCF-007666805.1-NZ-VDPX01000022.1	95.399	1224	99	1217	0.0	1895	RS-GCF-007666805.1-NZ-VDPX01000022.1
14569-1492R-B-E5	RS-GCF-000494875.1-NC-022737.1--2	95.399	1224	99	1217	0.0	1895	RS-GCF-000494875.1-NC-022737.1--2
14569-1492R-B-E5	RS-GCF-900636265.1-NZ-LR134244.1--6	95.399	1224	99	1217	0.0	1895	RS-GCF-900636265.1-NZ-LR134244.1--6
14569-1492R-B-E5	RS-GCF-003579665.1-NZ-QXVS01000243.1	95.399	1224	99	1217	0.0	1895	RS-GCF-003579665.1-NZ-QXVS01000243.1
14569-1492R-B-E5	RS-GCF-900006675.1-NZ-FBVO01000001.1--7	95.399	1224	99	1217	0.0	1895	RS-GCF-900006675.1-NZ-FBVO01000001.1--7
14569-1492R-B-E5	RS-GCF-900006675.1-NZ-FBVO01000001.1--3	95.399	1224	99	1217	0.0	1895	RS-GCF-900006675.1-NZ-FBVO01000001.1--3
14569-1492R-B-E5	RS-GCF-900006675.1-NZ-FBVO01000001.1	95.399	1224	99	1217	0.0	1895	RS-GCF-900006675.1-NZ-FBVO01000001.1
14569-1492R-B-E5	RS-GCF-009730135.1-NZ-CP046306.1--3	95.399	1224	99	1217	0.0	1895	RS-GCF-009730135.1-NZ-CP046306.1--3
14569-1492R-B-E5	RS-GCF-009730135.1-NZ-CP046306.1	95.399	1224	99	1217	0.0	1895	RS-GCF-009730135.1-NZ-CP046306.1
14569-1492R-B-E5	RS-GCF-013267575.1-NZ-CP054006.1--2	95.399	1224	99	1217	0.0	1895	RS-GCF-013267575.1-NZ-CP054006.1--2
14569-1492R-B-E5	GB-GCA-013343025.1-CP054550.1	95.399	1224	99	1217	0.0	1895	GB-GCA-013343025.1-CP054550.1
14569-1492R-B-E5	RS-GCF-900458745.1-NZ-UHDX01000002.1--6	95.399	1224	99	1217	0.0	1895	RS-GCF-900458745.1-NZ-UHDX01000002.1--6
14569-1492R-B-E5	RS-GCF-007814725.1-NZ-CP031277.1--3	95.399	1224	99	1217	0.0	1895	RS-GCF-007814725.1-NZ-CP031277.1--3
14569-1492R-B-E5	RS-GCF-007814725.1-NZ-CP031277.1	95.399	1224	99	1217	0.0	1895	RS-GCF-007814725.1-NZ-CP031277.1
14569-1492R-B-E5	RS-GCF-003042335.1-NZ-PZHX01000047.1	95.399	1224	99	1217	0.0	1895	RS-GCF-003042335.1-NZ-PZHX01000047.1
14569-1492R-B-E5	RS-GCF-012273435.1-NZ-CP050982.1--2	95.399	1224	99	1217	0.0	1895	RS-GCF-012273435.1-NZ-CP050982.1--2
14569-1492R-B-E5	RS-GCF-001810265.1-NZ-KV800489.1	95.399	1224	99	1217	0.0	1895	RS-GCF-001810265.1-NZ-KV800489.1
14569-1492R-B-E5	RS-GCF-001808125.1-NZ-KV792232.1	95.399	1224	99	1217	0.0	1895	RS-GCF-001808125.1-NZ-KV792232.1
14569-1492R-B-E5	RS-GCF-002114275.1-NZ-NDWY01000001.1--6	95.399	1224	99	1217	0.0	1895	RS-GCF-002114275.1-NZ-NDWY01000001.1--6
14569-1492R-B-E5	RS-GCF-000763725.1-NZ-JQHA01000040.1	95.399	1224	99	1217	0.0	1895	RS-GCF-000763725.1-NZ-JQHA01000040.1
14569-1492R-B-E5	RS-GCF-015070445.1-NZ-JADCSR010000087.1	95.399	1224	99	1217	0.0	1895	RS-GCF-015070445.1-NZ-JADCSR010000087.1
14569-1492R-B-E5	RS-GCF-903970045.1-NZ-CAJCHG010000066.1	95.399	1224	99	1217	0.0	1895	RS-GCF-903970045.1-NZ-CAJCHG010000066.1
14569-1492R-B-E5	RS-GCF-001072095.1-NZ-JVMX01000045.1	95.399	1224	99	1217	0.0	1895	RS-GCF-001072095.1-NZ-JVMX01000045.1
14569-1492R-B-E5	RS-GCF-001836865.1-NZ-KV830698.1	95.399	1224	99	1217	0.0	1895	RS-GCF-001836865.1-NZ-KV830698.1
14569-1492R-B-E5	RS-GCF-903969765.1-NZ-CAJCFZ010000016.1	95.399	1224	99	1217	0.0	1895	RS-GCF-903969765.1-NZ-CAJCFZ010000016.1
14569-1492R-B-E5	RS-GCF-001705085.1-NZ-JRAX01000123.1	95.399	1224	99	1217	0.0	1895	RS-GCF-001705085.1-NZ-JRAX01000123.1
14569-1492R-B-E5	RS-GCF-001611955.1-NZ-CP013911.1--5	95.399	1224	99	1217	0.0	1895	RS-GCF-001611955.1-NZ-CP013911.1--5
14569-1492R-B-E5	RS-GCF-007677695.1-NZ-VEDE01000061.1	95.399	1224	99	1217	0.0	1895	RS-GCF-007677695.1-NZ-VEDE01000061.1
14569-1492R-B-E5	RS-GCF-001237685.1-NZ-CUDO01000020.1	95.399	1224	99	1217	0.0	1895	RS-GCF-001237685.1-NZ-CUDO01000020.1
14569-1492R-B-E5	RS-GCF-900125915.1-NZ-FQHW01000004.1	95.180	1224	99	1224	0.0	1895	RS-GCF-900125915.1-NZ-FQHW01000004.1
14569-1492R-B-E5	RS-GCF-018998885.1-NZ-JAHNHK010000020.1	95.180	1224	99	1224	0.0	1895	RS-GCF-018998885.1-NZ-JAHNHK010000020.1
14569-1492R-B-E5	G001045675	95.399	1224	99	1217	0.0	1895	G001045675
14569-1492R-B-E5	G000025085	95.481	1224	99	1217	0.0	1895	G000025085
14569-1492R-B-E5	G000009865	95.399	1224	99	1217	0.0	1895	G000009865
14569-1492R-B-E5	MT586030	95.399	1224	99	1217	0.0	1895	MT586030
14569-1492R-B-E5	AB233326	95.399	1224	99	1217	0.0	1895	AB233326
14569-1492R-B-E5	AY953148	95.399	1224	99	1217	0.0	1895	AY953148
14569-1492R-B-E5	KM873669	95.399	1224	99	1217	0.0	1895	KM873669
14569-1492R-B-E5	MJ030-2-barcode71-umi4718bins-ubs-69	95.399	1224	99	1217	0.0	1895	MJ030-2-barcode71-umi4718bins-ubs-69
14569-1492R-B-E5	MJ033-1-barcode49-umi38589bins-ubs-5	95.399	1224	99	1217	0.0	1895	MJ033-1-barcode49-umi38589bins-ubs-5
14569-1492R-B-E5	MJ005-barcode41-umi10095bins-ubs-21	95.399	1224	99	1217	0.0	1895	MJ005-barcode41-umi10095bins-ubs-21
14569-1492R-B-E5	MJ005-barcode41-umi23030bins-ubs-10	95.399	1224	99	1217	0.0	1895	MJ005-barcode41-umi23030bins-ubs-10
14569-1492R-B-E5	MJ005-barcode26-umi52474bins-ubs-5	95.399	1224	99	1217	0.0	1895	MJ005-barcode26-umi52474bins-ubs-5
14569-1492R-B-E5	MJ005-barcode33-umi15336bins-ubs-15	95.399	1224	99	1217	0.0	1895	MJ005-barcode33-umi15336bins-ubs-15
14569-1492R-B-E5	MJ005-barcode82-umi12879bins-ubs-15	95.399	1224	99	1217	0.0	1895	MJ005-barcode82-umi12879bins-ubs-15
14569-1492R-B-E5	MJ005-barcode66-umi37397bins-ubs-6	95.399	1224	99	1217	0.0	1895	MJ005-barcode66-umi37397bins-ubs-6
14569-1492R-B-E5	MJ006-2-barcode58-umi252049bins-ubs-3	95.481	1224	99	1217	0.0	1895	MJ006-2-barcode58-umi252049bins-ubs-3
14569-1492R-B-E5	MJ006-2-barcode58-umi100729bins-ubs-5	95.399	1224	99	1217	0.0	1895	MJ006-2-barcode58-umi100729bins-ubs-5
14569-1492R-B-E5	MJ006-1-barcode26-umi45094bins-ubs-10	95.399	1224	99	1217	0.0	1895	MJ006-1-barcode26-umi45094bins-ubs-10
14569-1492R-B-E5	MJ006-1-barcode41-umi131864bins-ubs-4	95.399	1224	99	1217	0.0	1895	MJ006-1-barcode41-umi131864bins-ubs-4
14569-1492R-B-E5	RS-GCF-900187055.1-NZ-LT906460.1--4	95.180	1224	99	1224	0.0	1894	RS-GCF-900187055.1-NZ-LT906460.1--4
14569-1492R-B-E5	RS-GCF-017357005.1-NZ-CP071589.1--2	95.180	1224	99	1224	0.0	1894	RS-GCF-017357005.1-NZ-CP071589.1--2
14569-1492R-B-E5	RS-GCF-017368755.1-NZ-JAFNLZ010000002.1	95.180	1224	99	1224	0.0	1894	RS-GCF-017368755.1-NZ-JAFNLZ010000002.1
14569-1492R-B-E5	RS-GCF-900636685.1-NZ-LR134304.1--6	95.180	1224	99	1224	0.0	1894	RS-GCF-900636685.1-NZ-LR134304.1--6
14569-1492R-B-E5	RS-GCF-001969635.1-NZ-LWAN01000180.1	95.180	1224	99	1224	0.0	1894	RS-GCF-001969635.1-NZ-LWAN01000180.1
14569-1492R-B-E5	RS-GCF-001208665.1-NZ-CSPH01000033.1	95.180	1224	99	1224	0.0	1894	RS-GCF-001208665.1-NZ-CSPH01000033.1
14569-1492R-B-E5	GB-GCA-000189435.3-CP024649.1--2	95.180	1224	99	1224	0.0	1894	GB-GCA-000189435.3-CP024649.1--2
14569-1492R-B-E5	RS-GCF-000540455.1-NZ-KI976226.1	95.180	1224	99	1224	0.0	1894	RS-GCF-000540455.1-NZ-KI976226.1
14569-1492R-B-E5	RS-GCF-003236895.1-NZ-PZTJ01000054.1	95.180	1224	99	1224	0.0	1894	RS-GCF-003236895.1-NZ-PZTJ01000054.1
14569-1492R-B-E5	RS-GCF-000570035.1-NZ-KK039208.1	95.180	1224	99	1224	0.0	1894	RS-GCF-000570035.1-NZ-KK039208.1
14569-1492R-B-E5	RS-GCF-000573125.1-NZ-KK048020.1	95.180	1224	99	1224	0.0	1894	RS-GCF-000573125.1-NZ-KK048020.1
14569-1492R-B-E5	RS-GCF-001019205.2-NZ-CP026953.1	95.180	1224	99	1224	0.0	1894	RS-GCF-001019205.2-NZ-CP026953.1
14569-1492R-B-E5	RS-GCF-003186105.1-NZ-CP029629.1--3	95.180	1224	99	1224	0.0	1894	RS-GCF-003186105.1-NZ-CP029629.1--3
14569-1492R-B-E5	RS-GCF-000601825.1-NZ-JGFN01000020.1	95.180	1224	99	1224	0.0	1894	RS-GCF-000601825.1-NZ-JGFN01000020.1
14569-1492R-B-E5	RS-GCF-000732805.1-NZ-AZMY01000070.1	95.180	1224	99	1224	0.0	1894	RS-GCF-000732805.1-NZ-AZMY01000070.1
14569-1492R-B-E5	RS-GCF-000360925.1-NZ-KB821272.1--5	95.180	1224	99	1224	0.0	1894	RS-GCF-000360925.1-NZ-KB821272.1--5
14569-1492R-B-E5	RS-GCF-001064135.1-NZ-JVOI01000179.1	95.180	1224	99	1224	0.0	1894	RS-GCF-001064135.1-NZ-JVOI01000179.1
14569-1492R-B-E5	RS-GCF-000573045.1-NZ-KK047918.1--6	95.180	1224	99	1224	0.0	1894	RS-GCF-000573045.1-NZ-KK047918.1--6
14569-1492R-B-E5	RS-GCF-000573045.1-NZ-KK047918.1--2	95.180	1224	99	1224	0.0	1894	RS-GCF-000573045.1-NZ-KK047918.1--2
14569-1492R-B-E5	RS-GCF-000602645.1-NZ-JGHC01000009.1--2	95.180	1224	99	1224	0.0	1894	RS-GCF-000602645.1-NZ-JGHC01000009.1--2
14569-1492R-B-E5	RS-GCF-000981205.1-NZ-LAKI01000029.1	95.180	1224	99	1224	0.0	1894	RS-GCF-000981205.1-NZ-LAKI01000029.1
14569-1492R-B-E5	RS-GCF-000539355.1-NZ-KI974889.1	95.180	1224	99	1224	0.0	1894	RS-GCF-000539355.1-NZ-KI974889.1
14569-1492R-B-E5	RS-GCF-900474695.1-NZ-LS483317.1	95.180	1224	99	1224	0.0	1894	RS-GCF-900474695.1-NZ-LS483317.1
14569-1492R-B-E5	RS-GCF-000574045.1-NZ-KK064819.1	95.180	1224	99	1224	0.0	1894	RS-GCF-000574045.1-NZ-KK064819.1
14569-1492R-B-E5	RS-GCF-001027045.1-NZ-CP011528.1--4	95.180	1224	99	1224	0.0	1894	RS-GCF-001027045.1-NZ-CP011528.1--4
14569-1492R-B-E5	RS-GCF-003017715.1-NZ-NGNQ01000001.1	95.180	1224	99	1224	0.0	1894	RS-GCF-003017715.1-NZ-NGNQ01000001.1
14569-1492R-B-E5	RS-GCF-000554625.1-NZ-KK008103.1	95.180	1224	99	1224	0.0	1894	RS-GCF-000554625.1-NZ-KK008103.1
14569-1492R-B-E5	RS-GCF-018502005.1-NZ-CP075506.1--5	95.180	1224	99	1224	0.0	1894	RS-GCF-018502005.1-NZ-CP075506.1--5
14569-1492R-B-E5	RS-GCF-900125965.1-NZ-FQIA01000001.1	95.180	1224	99	1224	0.0	1894	RS-GCF-900125965.1-NZ-FQIA01000001.1
14569-1492R-B-E5	RS-GCF-001197715.1-NZ-CSSP01000032.1	95.180	1224	99	1224	0.0	1894	RS-GCF-001197715.1-NZ-CSSP01000032.1
14569-1492R-B-E5	RS-GCF-008079405.1-NZ-VRNK01000095.1	95.180	1224	99	1224	0.0	1894	RS-GCF-008079405.1-NZ-VRNK01000095.1
14569-1492R-B-E5	RS-GCF-003238075.1-NZ-PZUM01000001.1--2	95.180	1224	99	1224	0.0	1894	RS-GCF-003238075.1-NZ-PZUM01000001.1--2
14569-1492R-B-E5	RS-GCF-000554345.1-NZ-KK007459.1	95.180	1224	99	1224	0.0	1894	RS-GCF-000554345.1-NZ-KK007459.1
14569-1492R-B-E5	RS-GCF-900126375.1-NZ-FQJP01000013.1	95.180	1224	99	1224	0.0	1894	RS-GCF-900126375.1-NZ-FQJP01000013.1
14569-1492R-B-E5	RS-GCF-008462245.1-NZ-CP040232.1--6	95.180	1224	99	1224	0.0	1894	RS-GCF-008462245.1-NZ-CP040232.1--6
14569-1492R-B-E5	GB-GCA-018630425.1-JAGDND010000001.1	95.180	1224	99	1224	0.0	1894	GB-GCA-018630425.1-JAGDND010000001.1
14569-1492R-B-E5	RS-GCF-003354805.1-NZ-CP022892.1--4	95.180	1224	99	1224	0.0	1894	RS-GCF-003354805.1-NZ-CP022892.1--4
14569-1492R-B-E5	RS-GCF-000538975.1-NZ-KI974533.1	95.180	1224	99	1224	0.0	1894	RS-GCF-000538975.1-NZ-KI974533.1
14569-1492R-B-E5	RS-GCF-000610845.1-NZ-KK099778.1--3	95.180	1224	99	1224	0.0	1894	RS-GCF-000610845.1-NZ-KK099778.1--3
14569-1492R-B-E5	RS-GCF-000558665.1-NZ-KK019127.1--3	95.180	1224	99	1224	0.0	1894	RS-GCF-000558665.1-NZ-KK019127.1--3
14569-1492R-B-E5	RS-GCF-003017355.1-NZ-NGNI01000001.1--5	95.180	1224	99	1224	0.0	1894	RS-GCF-003017355.1-NZ-NGNI01000001.1--5
14569-1492R-B-E5	RS-GCF-000564735.1-NZ-KK032934.1	95.180	1224	99	1224	0.0	1894	RS-GCF-000564735.1-NZ-KK032934.1
14569-1492R-B-E5	RS-GCF-000982105.1-NZ-LBIJ01000016.1	95.180	1224	99	1224	0.0	1894	RS-GCF-000982105.1-NZ-LBIJ01000016.1
14569-1492R-B-E5	RS-GCF-000982105.1-NZ-LBIJ01000016.1	95.180	1224	99	1224	0.0	1894	RS-GCF-000982105.1-NZ-LBIJ01000016.1
14569-1492R-B-E5	RS-GCF-000982105.1-NZ-LBIJ01000016.1	95.038	1224	97	1189	0.0	1831	RS-GCF-000982105.1-NZ-LBIJ01000016.1
14569-1492R-B-E5	RS-GCF-000462955.1-NC-022222.1--5	95.261	1224	99	1224	0.0	1894	RS-GCF-000462955.1-NC-022222.1--5
14569-1492R-B-E5	RS-GCF-001656075.1-NZ-CP015646.1--3	95.180	1224	99	1224	0.0	1894	RS-GCF-001656075.1-NZ-CP015646.1--3
14569-1492R-B-E5	RS-GCF-000525565.1-NZ-KI966328.1--2	95.180	1224	99	1224	0.0	1894	RS-GCF-000525565.1-NZ-KI966328.1--2
14569-1492R-B-E5	RS-GCF-002983355.1-NZ-PHWS01000029.1	95.180	1224	99	1224	0.0	1894	RS-GCF-002983355.1-NZ-PHWS01000029.1
14569-1492R-B-E5	RS-GCF-000362985.1-NZ-KB822069.1--4	95.180	1224	99	1224	0.0	1894	RS-GCF-000362985.1-NZ-KB822069.1--4
14569-1492R-B-E5	RS-GCF-900149275.1-NZ-FSRW01000024.1	95.180	1224	99	1224	0.0	1894	RS-GCF-900149275.1-NZ-FSRW01000024.1
14569-1492R-B-E5	RS-GCF-009912155.1-NZ-CP047779.1--6	95.180	1224	99	1224	0.0	1894	RS-GCF-009912155.1-NZ-CP047779.1--6
14569-1492R-B-E5	RS-GCF-000594865.1-NZ-JFSM01000008.1	95.180	1224	99	1224	0.0	1894	RS-GCF-000594865.1-NZ-JFSM01000008.1
14569-1492R-B-E5	RS-GCF-900250305.1-NZ-OFUK01000031.1	95.180	1224	99	1224	0.0	1894	RS-GCF-900250305.1-NZ-OFUK01000031.1
14569-1492R-B-E5	RS-GCF-000570455.1-NZ-KK040001.1	95.180	1224	99	1224	0.0	1894	RS-GCF-000570455.1-NZ-KK040001.1
14569-1492R-B-E5	RS-GCF-001722595.1-NZ-MEGZ01000006.1	95.180	1224	99	1224	0.0	1894	RS-GCF-001722595.1-NZ-MEGZ01000006.1
14569-1492R-B-E5	RS-GCF-004797195.1-NZ-CP038819.1	95.180	1224	99	1224	0.0	1894	RS-GCF-004797195.1-NZ-CP038819.1
14569-1492R-B-E5	RS-GCF-000144955.1-NC-017338.1	95.180	1224	99	1224	0.0	1894	RS-GCF-000144955.1-NC-017338.1
14569-1492R-B-E5	RS-GCF-000578115.1-NZ-KK070710.1	95.180	1224	99	1224	0.0	1894	RS-GCF-000578115.1-NZ-KK070710.1
14569-1492R-B-E5	RS-GCF-003347055.1-NZ-CP022607.1--5	95.180	1224	99	1224	0.0	1894	RS-GCF-003347055.1-NZ-CP022607.1--5
14569-1492R-B-E5	RS-GCF-000541395.1-NZ-KI977260.1	95.180	1224	99	1224	0.0	1894	RS-GCF-000541395.1-NZ-KI977260.1
14569-1492R-B-E5	GB-GCA-015774835.1-CP065355.1--5	95.180	1224	99	1224	0.0	1894	GB-GCA-015774835.1-CP065355.1--5
14569-1492R-B-E5	RS-GCF-009660445.1-NZ-WJUC01000005.1	95.180	1224	99	1224	0.0	1894	RS-GCF-009660445.1-NZ-WJUC01000005.1
14569-1492R-B-E5	RS-GCF-002982535.1-NZ-PHVD01000037.1	95.180	1224	99	1224	0.0	1894	RS-GCF-002982535.1-NZ-PHVD01000037.1
14569-1492R-B-E5	RS-GCF-000564815.1-NZ-KK033099.1	95.180	1224	99	1224	0.0	1894	RS-GCF-000564815.1-NZ-KK033099.1
14569-1492R-B-E5	RS-GCF-009725595.1-NZ-WFHQ01000055.1	95.180	1224	99	1224	0.0	1894	RS-GCF-009725595.1-NZ-WFHQ01000055.1
14569-1492R-B-E5	RS-GCF-001471675.2-NZ-LORT02000003.1--4	95.180	1224	99	1224	0.0	1894	RS-GCF-001471675.2-NZ-LORT02000003.1--4
14569-1492R-B-E5	RS-GCF-000542335.1-NZ-KI978295.1	95.180	1224	99	1224	0.0	1894	RS-GCF-000542335.1-NZ-KI978295.1
14569-1492R-B-E5	RS-GCF-000571775.1-NZ-KK042107.1	95.180	1224	99	1224	0.0	1894	RS-GCF-000571775.1-NZ-KK042107.1
14569-1492R-B-E5	RS-GCF-900098115.1-NZ-FMPV01000024.1	95.180	1224	99	1224	0.0	1894	RS-GCF-900098115.1-NZ-FMPV01000024.1
14569-1492R-B-E5	RS-GCF-000601785.1-NZ-JGFL01000025.1	95.180	1224	99	1224	0.0	1894	RS-GCF-000601785.1-NZ-JGFL01000025.1
14569-1492R-B-E5	RS-GCF-001019485.2-NZ-CP026072.1	95.180	1224	99	1224	0.0	1894	RS-GCF-001019485.2-NZ-CP026072.1
14569-1492R-B-E5	RS-GCF-000571515.1-NZ-KK041673.1	95.180	1224	99	1224	0.0	1894	RS-GCF-000571515.1-NZ-KK041673.1
14569-1492R-B-E5	RS-GCF-000639875.1-NZ-KK225367.1	95.180	1224	99	1224	0.0	1894	RS-GCF-000639875.1-NZ-KK225367.1
14569-1492R-B-E5	RS-GCF-900474575.1-NZ-LS483309.1--4	95.180	1224	99	1224	0.0	1894	RS-GCF-900474575.1-NZ-LS483309.1--4
14569-1492R-B-E5	RS-GCF-002094085.1-NZ-MBTB01000022.1	95.180	1224	99	1224	0.0	1894	RS-GCF-002094085.1-NZ-MBTB01000022.1
14569-1492R-B-E5	RS-GCF-000609105.1-NZ-KK099010.1	95.180	1224	99	1224	0.0	1894	RS-GCF-000609105.1-NZ-KK099010.1
14569-1492R-B-E5	RS-GCF-001061075.1-NZ-JWBS01000100.1	95.180	1224	99	1224	0.0	1894	RS-GCF-001061075.1-NZ-JWBS01000100.1
14569-1492R-B-E5	RS-GCF-001983125.1-NZ-MOMV01000016.1	95.180	1224	99	1224	0.0	1894	RS-GCF-001983125.1-NZ-MOMV01000016.1
14569-1492R-B-E5	RS-GCF-900457725.1-NZ-UAUW01000003.1	95.180	1224	99	1224	0.0	1894	RS-GCF-900457725.1-NZ-UAUW01000003.1
14569-1492R-B-E5	RS-GCF-002267125.1-NZ-LGWY01000075.1	95.180	1224	99	1224	0.0	1894	RS-GCF-002267125.1-NZ-LGWY01000075.1
14569-1492R-B-E5	RS-GCF-014337075.1-NZ-CP060628.1--6	95.180	1224	99	1224	0.0	1894	RS-GCF-014337075.1-NZ-CP060628.1--6
14569-1492R-B-E5	RS-GCF-001018835.2-NZ-CP026064.1	95.180	1224	99	1224	0.0	1894	RS-GCF-001018835.2-NZ-CP026064.1
