14569-1492R-T-A8	RS-GCF-003957415.1-NZ-CP025476.1--2	99.031	628	99	619	0.0	1086	RS-GCF-003957415.1-NZ-CP025476.1--2
14569-1492R-T-A8	RS-GCF-002224505.1-NZ-CP022475.1--2	99.031	628	99	619	0.0	1086	RS-GCF-002224505.1-NZ-CP022475.1--2
14569-1492R-T-A8	RS-GCF-003254785.1-NZ-CP029966.1	99.031	628	99	619	0.0	1086	RS-GCF-003254785.1-NZ-CP029966.1
14569-1492R-T-A8	RS-GCF-003410375.1-NZ-CP031003.1--6	99.031	628	99	619	0.0	1086	RS-GCF-003410375.1-NZ-CP031003.1--6
14569-1492R-T-A8	RS-GCF-007954645.1-NZ-CP042389.1--5	99.031	628	99	619	0.0	1086	RS-GCF-007954645.1-NZ-CP042389.1--5
14569-1492R-T-A8	RS-GCF-006540285.1-NZ-BJOQ01000065.1	99.031	628	99	619	0.0	1086	RS-GCF-006540285.1-NZ-BJOQ01000065.1
14569-1492R-T-A8	G001698165	99.031	628	99	619	0.0	1086	G001698165
14569-1492R-T-A8	G001663835	99.031	628	99	619	0.0	1086	G001663835
14569-1492R-T-A8	G001311645	99.031	628	99	619	0.0	1086	G001311645
14569-1492R-T-A8	G000235705	99.031	628	99	619	0.0	1086	G000235705
14569-1492R-T-A8	AM113777	99.031	628	99	619	0.0	1086	AM113777
14569-1492R-T-A8	MJ020-1-barcode29-umi129977bins-ubs-3	99.031	628	99	619	0.0	1086	MJ020-1-barcode29-umi129977bins-ubs-3
14569-1492R-T-A8	MJ020-1-barcode29-umi48611bins-ubs-9	99.031	628	99	619	0.0	1086	MJ020-1-barcode29-umi48611bins-ubs-9
14569-1492R-T-A8	MJ020-1-barcode29-umi99381bins-ubs-4	99.031	628	99	619	0.0	1086	MJ020-1-barcode29-umi99381bins-ubs-4
14569-1492R-T-A8	MJ020-1-barcode29-umi28408bins-ubs-16	99.031	628	99	619	0.0	1086	MJ020-1-barcode29-umi28408bins-ubs-16
14569-1492R-T-A8	MJ020-1-barcode29-umi170086bins-ubs-4	99.031	628	99	619	0.0	1086	MJ020-1-barcode29-umi170086bins-ubs-4
14569-1492R-T-A8	MJ020-1-barcode29-umi51704bins-ubs-9	99.031	628	99	619	0.0	1086	MJ020-1-barcode29-umi51704bins-ubs-9
14569-1492R-T-A8	MJ020-1-barcode29-umi17603bins-ubs-24	99.031	628	99	619	0.0	1086	MJ020-1-barcode29-umi17603bins-ubs-24
14569-1492R-T-A8	MJ020-1-barcode29-umi24667bins-ubs-17	99.031	628	99	619	0.0	1086	MJ020-1-barcode29-umi24667bins-ubs-17
14569-1492R-T-A8	MJ020-1-barcode29-umi34894bins-ubs-12	99.031	628	99	619	0.0	1086	MJ020-1-barcode29-umi34894bins-ubs-12
14569-1492R-T-A8	MJ020-1-barcode29-umi15749bins-ubs-24	99.031	628	99	619	0.0	1086	MJ020-1-barcode29-umi15749bins-ubs-24
14569-1492R-T-A8	MJ020-1-barcode29-umi56865bins-ubs-7	99.031	628	99	619	0.0	1086	MJ020-1-barcode29-umi56865bins-ubs-7
14569-1492R-T-A8	MJ020-1-barcode29-umi80098bins-ubs-6	99.031	628	99	619	0.0	1086	MJ020-1-barcode29-umi80098bins-ubs-6
14569-1492R-T-A8	MJ020-1-barcode29-umi48411bins-ubs-9	99.031	628	99	619	0.0	1086	MJ020-1-barcode29-umi48411bins-ubs-9
14569-1492R-T-A8	MJ020-1-barcode29-umi100872bins-ubs-3	99.031	628	99	619	0.0	1086	MJ020-1-barcode29-umi100872bins-ubs-3
14569-1492R-T-A8	MJ020-1-barcode29-umi103092bins-ubs-3	99.031	628	99	619	0.0	1086	MJ020-1-barcode29-umi103092bins-ubs-3
14569-1492R-T-A8	MJ020-1-barcode29-umi94802bins-ubs-5	99.031	628	99	619	0.0	1086	MJ020-1-barcode29-umi94802bins-ubs-5
14569-1492R-T-A8	MJ020-1-barcode29-umi33565bins-ubs-14	99.031	628	99	619	0.0	1086	MJ020-1-barcode29-umi33565bins-ubs-14
14569-1492R-T-A8	MJ020-1-barcode29-umi31036bins-ubs-15	99.031	628	99	619	0.0	1086	MJ020-1-barcode29-umi31036bins-ubs-15
14569-1492R-T-A8	MJ020-1-barcode29-umi46446bins-ubs-9	99.031	628	99	619	0.0	1086	MJ020-1-barcode29-umi46446bins-ubs-9
14569-1492R-T-A8	MJ020-1-barcode29-umi30024bins-ubs-14	99.031	628	99	619	0.0	1086	MJ020-1-barcode29-umi30024bins-ubs-14
14569-1492R-T-A8	MJ020-1-barcode29-umi51740bins-ubs-9	99.031	628	99	619	0.0	1086	MJ020-1-barcode29-umi51740bins-ubs-9
14569-1492R-T-A8	MJ020-1-barcode29-umi36094bins-ubs-13	99.031	628	99	619	0.0	1086	MJ020-1-barcode29-umi36094bins-ubs-13
14569-1492R-T-A8	MJ020-1-barcode29-umi39388bins-ubs-11	99.031	628	99	619	0.0	1086	MJ020-1-barcode29-umi39388bins-ubs-11
14569-1492R-T-A8	MJ020-1-barcode29-umi124261bins-ubs-3	99.031	628	99	619	0.0	1086	MJ020-1-barcode29-umi124261bins-ubs-3
14569-1492R-T-A8	MJ020-1-barcode29-umi29676bins-ubs-16	99.031	628	99	619	0.0	1086	MJ020-1-barcode29-umi29676bins-ubs-16
14569-1492R-T-A8	MJ020-1-barcode29-umi35540bins-ubs-12	99.031	628	99	619	0.0	1086	MJ020-1-barcode29-umi35540bins-ubs-12
14569-1492R-T-A8	MJ020-1-barcode29-umi36821bins-ubs-13	99.031	628	99	619	0.0	1086	MJ020-1-barcode29-umi36821bins-ubs-13
14569-1492R-T-A8	MJ020-1-barcode29-umi108757bins-ubs-3	99.031	628	99	619	0.0	1086	MJ020-1-barcode29-umi108757bins-ubs-3
14569-1492R-T-A8	MJ020-1-barcode29-umi39772bins-ubs-11	99.031	628	99	619	0.0	1086	MJ020-1-barcode29-umi39772bins-ubs-11
14569-1492R-T-A8	MJ020-1-barcode29-umi100100bins-ubs-4	99.031	628	99	619	0.0	1086	MJ020-1-barcode29-umi100100bins-ubs-4
14569-1492R-T-A8	MJ020-1-barcode29-umi17312bins-ubs-22	99.031	628	99	619	0.0	1086	MJ020-1-barcode29-umi17312bins-ubs-22
14569-1492R-T-A8	MJ020-1-barcode29-umi44575bins-ubs-11	99.031	628	99	619	0.0	1086	MJ020-1-barcode29-umi44575bins-ubs-11
14569-1492R-T-A8	MJ020-1-barcode29-umi28329bins-ubs-16	99.031	628	99	619	0.0	1086	MJ020-1-barcode29-umi28329bins-ubs-16
14569-1492R-T-A8	MJ020-1-barcode29-umi19944bins-ubs-20	99.031	628	99	619	0.0	1086	MJ020-1-barcode29-umi19944bins-ubs-20
14569-1492R-T-A8	MJ020-1-barcode29-umi22211bins-ubs-20	99.031	628	99	619	0.0	1086	MJ020-1-barcode29-umi22211bins-ubs-20
14569-1492R-T-A8	MJ020-1-barcode29-umi37102bins-ubs-12	99.031	628	99	619	0.0	1086	MJ020-1-barcode29-umi37102bins-ubs-12
14569-1492R-T-A8	MJ030-1-barcode49-umi12016bins-ubs-36	99.031	628	99	619	0.0	1086	MJ030-1-barcode49-umi12016bins-ubs-36
14569-1492R-T-A8	MJ006-1-barcode32-umi22571bins-ubs-12	99.031	628	99	619	0.0	1086	MJ006-1-barcode32-umi22571bins-ubs-12
14569-1492R-T-A8	RS-GCF-004088235.1-NZ-CP035110.1--6	98.869	628	99	619	0.0	1082	RS-GCF-004088235.1-NZ-CP035110.1--6
14569-1492R-T-A8	RS-GCF-002224505.1-NZ-CP022475.1--3	98.869	628	99	619	0.0	1082	RS-GCF-002224505.1-NZ-CP022475.1--3
14569-1492R-T-A8	RS-GCF-004101845.1-NZ-CP026116.1--5	98.869	628	99	619	0.0	1082	RS-GCF-004101845.1-NZ-CP026116.1--5
14569-1492R-T-A8	RS-GCF-007992315.1-NZ-BKAA01000045.1	98.869	628	99	619	0.0	1082	RS-GCF-007992315.1-NZ-BKAA01000045.1
14569-1492R-T-A8	RS-GCF-002370355.1-NZ-AP017929.1--2	98.869	628	99	619	0.0	1082	RS-GCF-002370355.1-NZ-AP017929.1--2
14569-1492R-T-A8	RS-GCF-018437525.1-NZ-CP075489.1--5	98.869	628	99	619	0.0	1082	RS-GCF-018437525.1-NZ-CP075489.1--5
14569-1492R-T-A8	RS-GCF-018437525.1-NZ-CP075489.1--3	98.869	628	99	619	0.0	1082	RS-GCF-018437525.1-NZ-CP075489.1--3
14569-1492R-T-A8	RS-GCF-014081765.1-NZ-CP059697.1	98.869	628	99	619	0.0	1082	RS-GCF-014081765.1-NZ-CP059697.1
14569-1492R-T-A8	RS-GCF-900234405.1-NZ-LT960784.1--2	98.869	628	99	619	0.0	1082	RS-GCF-900234405.1-NZ-LT960784.1--2
14569-1492R-T-A8	RS-GCF-002370375.1-NZ-AP017931.1	98.869	628	99	619	0.0	1082	RS-GCF-002370375.1-NZ-AP017931.1
14569-1492R-T-A8	RS-GCF-003288195.1-NZ-CP025136.1	98.869	628	99	619	0.0	1082	RS-GCF-003288195.1-NZ-CP025136.1
14569-1492R-T-A8	RS-GCF-900215765.1-NZ-LT907929.1	98.869	628	99	619	0.0	1082	RS-GCF-900215765.1-NZ-LT907929.1
14569-1492R-T-A8	G001723545	98.869	628	99	619	0.0	1082	G001723545
14569-1492R-T-A8	G000615365	98.869	628	99	619	0.0	1082	G000615365
14569-1492R-T-A8	AM113784	98.869	628	99	619	0.0	1082	AM113784
14569-1492R-T-A8	MJ009-1-barcode35-umi58103bins-ubs-6	98.869	628	99	619	0.0	1082	MJ009-1-barcode35-umi58103bins-ubs-6
14569-1492R-T-A8	MJ009-1-barcode35-umi58666bins-ubs-6	98.869	628	99	619	0.0	1082	MJ009-1-barcode35-umi58666bins-ubs-6
14569-1492R-T-A8	MJ020-1-barcode29-umi111084bins-ubs-3	98.869	628	99	619	0.0	1082	MJ020-1-barcode29-umi111084bins-ubs-3
14569-1492R-T-A8	MJ020-1-barcode29-umi77156bins-ubs-6	98.869	628	99	619	0.0	1082	MJ020-1-barcode29-umi77156bins-ubs-6
14569-1492R-T-A8	MJ020-1-barcode29-umi49534bins-ubs-9	98.869	628	99	619	0.0	1082	MJ020-1-barcode29-umi49534bins-ubs-9
14569-1492R-T-A8	MJ020-1-barcode29-umi59409bins-ubs-7	98.869	628	99	619	0.0	1082	MJ020-1-barcode29-umi59409bins-ubs-7
14569-1492R-T-A8	MJ020-1-barcode29-umi59225bins-ubs-7	98.869	628	99	619	0.0	1082	MJ020-1-barcode29-umi59225bins-ubs-7
14569-1492R-T-A8	MJ020-1-barcode29-umi30688bins-ubs-14	98.869	628	99	619	0.0	1082	MJ020-1-barcode29-umi30688bins-ubs-14
14569-1492R-T-A8	MJ020-1-barcode29-umi32430bins-ubs-14	98.869	628	99	619	0.0	1082	MJ020-1-barcode29-umi32430bins-ubs-14
14569-1492R-T-A8	MJ020-1-barcode29-umi30126bins-ubs-14	98.869	628	99	619	0.0	1082	MJ020-1-barcode29-umi30126bins-ubs-14
14569-1492R-T-A8	MJ020-1-barcode29-umi18415bins-ubs-21	98.869	628	99	619	0.0	1082	MJ020-1-barcode29-umi18415bins-ubs-21
14569-1492R-T-A8	MJ020-1-barcode29-umi41473bins-ubs-10	98.869	628	99	619	0.0	1082	MJ020-1-barcode29-umi41473bins-ubs-10
14569-1492R-T-A8	MJ020-1-barcode29-umi38655bins-ubs-11	98.869	628	99	619	0.0	1082	MJ020-1-barcode29-umi38655bins-ubs-11
14569-1492R-T-A8	MJ020-1-barcode29-umi39386bins-ubs-12	98.869	628	99	619	0.0	1082	MJ020-1-barcode29-umi39386bins-ubs-12
14569-1492R-T-A8	MJ020-1-barcode29-umi37268bins-ubs-12	98.869	628	99	619	0.0	1082	MJ020-1-barcode29-umi37268bins-ubs-12
14569-1492R-T-A8	MJ020-1-barcode29-umi55838bins-ubs-7	98.869	628	99	619	0.0	1082	MJ020-1-barcode29-umi55838bins-ubs-7
14569-1492R-T-A8	MJ020-1-barcode29-umi48601bins-ubs-9	98.869	628	99	619	0.0	1082	MJ020-1-barcode29-umi48601bins-ubs-9
14569-1492R-T-A8	MJ020-1-barcode29-umi122801bins-ubs-3	98.869	628	99	619	0.0	1082	MJ020-1-barcode29-umi122801bins-ubs-3
14569-1492R-T-A8	MJ020-1-barcode29-umi123126bins-ubs-3	98.869	628	99	619	0.0	1082	MJ020-1-barcode29-umi123126bins-ubs-3
14569-1492R-T-A8	MJ020-1-barcode29-umi123637bins-ubs-3	98.869	628	99	619	0.0	1082	MJ020-1-barcode29-umi123637bins-ubs-3
14569-1492R-T-A8	MJ020-1-barcode29-umi128657bins-ubs-4	98.869	628	99	619	0.0	1082	MJ020-1-barcode29-umi128657bins-ubs-4
14569-1492R-T-A8	MJ020-1-barcode29-umi63981bins-ubs-6	98.869	628	99	619	0.0	1082	MJ020-1-barcode29-umi63981bins-ubs-6
14569-1492R-T-A8	MJ020-1-barcode29-umi21615bins-ubs-18	98.869	628	99	619	0.0	1082	MJ020-1-barcode29-umi21615bins-ubs-18
14569-1492R-T-A8	MJ020-1-barcode29-umi42049bins-ubs-10	98.869	628	99	619	0.0	1082	MJ020-1-barcode29-umi42049bins-ubs-10
14569-1492R-T-A8	MJ020-1-barcode29-umi42136bins-ubs-10	98.869	628	99	619	0.0	1082	MJ020-1-barcode29-umi42136bins-ubs-10
14569-1492R-T-A8	MJ020-1-barcode29-umi25702bins-ubs-21	98.869	628	99	619	0.0	1082	MJ020-1-barcode29-umi25702bins-ubs-21
14569-1492R-T-A8	MJ020-1-barcode29-umi24487bins-ubs-20	98.869	628	99	619	0.0	1082	MJ020-1-barcode29-umi24487bins-ubs-20
14569-1492R-T-A8	MJ020-1-barcode29-umi23414bins-ubs-18	98.869	628	99	619	0.0	1082	MJ020-1-barcode29-umi23414bins-ubs-18
14569-1492R-T-A8	MJ020-1-barcode29-umi35889bins-ubs-12	98.869	628	99	619	0.0	1082	MJ020-1-barcode29-umi35889bins-ubs-12
14569-1492R-T-A8	MJ020-1-barcode29-umi111684bins-ubs-3	98.869	628	99	619	0.0	1082	MJ020-1-barcode29-umi111684bins-ubs-3
14569-1492R-T-A8	MJ020-1-barcode29-umi91576bins-ubs-4	98.869	628	99	619	0.0	1082	MJ020-1-barcode29-umi91576bins-ubs-4
14569-1492R-T-A8	MJ020-1-barcode29-umi39558bins-ubs-12	98.869	628	99	619	0.0	1082	MJ020-1-barcode29-umi39558bins-ubs-12
14569-1492R-T-A8	MJ020-1-barcode29-umi129357bins-ubs-4	98.869	628	99	619	0.0	1082	MJ020-1-barcode29-umi129357bins-ubs-4
14569-1492R-T-A8	MJ020-1-barcode29-umi100730bins-ubs-3	98.869	628	99	619	0.0	1082	MJ020-1-barcode29-umi100730bins-ubs-3
14569-1492R-T-A8	MJ020-1-barcode29-umi30283bins-ubs-14	98.869	628	99	619	0.0	1082	MJ020-1-barcode29-umi30283bins-ubs-14
14569-1492R-T-A8	MJ020-1-barcode29-umi32898bins-ubs-13	98.869	628	99	619	0.0	1082	MJ020-1-barcode29-umi32898bins-ubs-13
14569-1492R-T-A8	MJ020-1-barcode29-umi47583bins-ubs-9	98.869	628	99	619	0.0	1082	MJ020-1-barcode29-umi47583bins-ubs-9
14569-1492R-T-A8	MJ020-1-barcode29-umi44749bins-ubs-10	98.869	628	99	619	0.0	1082	MJ020-1-barcode29-umi44749bins-ubs-10
14569-1492R-T-A8	MJ020-1-barcode29-umi19010bins-ubs-20	98.869	628	99	619	0.0	1082	MJ020-1-barcode29-umi19010bins-ubs-20
14569-1492R-T-A8	MJ020-1-barcode29-umi19369bins-ubs-22	98.869	628	99	619	0.0	1082	MJ020-1-barcode29-umi19369bins-ubs-22
14569-1492R-T-A8	MJ020-1-barcode29-umi20585bins-ubs-19	98.869	628	99	619	0.0	1082	MJ020-1-barcode29-umi20585bins-ubs-19
14569-1492R-T-A8	MJ020-1-barcode29-umi51516bins-ubs-8	98.869	628	99	619	0.0	1082	MJ020-1-barcode29-umi51516bins-ubs-8
14569-1492R-T-A8	MJ020-1-barcode29-umi23141bins-ubs-18	98.869	628	99	619	0.0	1082	MJ020-1-barcode29-umi23141bins-ubs-18
14569-1492R-T-A8	MJ020-1-barcode29-umi113914bins-ubs-3	98.869	628	99	619	0.0	1082	MJ020-1-barcode29-umi113914bins-ubs-3
14569-1492R-T-A8	MJ020-1-barcode29-umi91235bins-ubs-4	98.869	628	99	619	0.0	1082	MJ020-1-barcode29-umi91235bins-ubs-4
14569-1492R-T-A8	MJ020-1-barcode29-umi39642bins-ubs-12	98.869	628	99	619	0.0	1082	MJ020-1-barcode29-umi39642bins-ubs-12
14569-1492R-T-A8	MJ020-1-barcode29-umi38842bins-ubs-11	98.869	628	99	619	0.0	1082	MJ020-1-barcode29-umi38842bins-ubs-11
14569-1492R-T-A8	MJ020-1-barcode29-umi57766bins-ubs-7	98.869	628	99	619	0.0	1082	MJ020-1-barcode29-umi57766bins-ubs-7
14569-1492R-T-A8	MJ020-1-barcode29-umi78872bins-ubs-6	98.869	628	99	619	0.0	1082	MJ020-1-barcode29-umi78872bins-ubs-6
14569-1492R-T-A8	MJ020-1-barcode29-umi48331bins-ubs-10	98.869	628	99	619	0.0	1082	MJ020-1-barcode29-umi48331bins-ubs-10
14569-1492R-T-A8	MJ020-1-barcode29-umi100363bins-ubs-3	98.869	628	99	619	0.0	1082	MJ020-1-barcode29-umi100363bins-ubs-3
14569-1492R-T-A8	MJ020-1-barcode29-umi60888bins-ubs-7	98.869	628	99	619	0.0	1082	MJ020-1-barcode29-umi60888bins-ubs-7
14569-1492R-T-A8	MJ020-1-barcode29-umi98734bins-ubs-4	98.869	628	99	619	0.0	1082	MJ020-1-barcode29-umi98734bins-ubs-4
14569-1492R-T-A8	MJ020-1-barcode29-umi87506bins-ubs-4	98.869	628	99	619	0.0	1082	MJ020-1-barcode29-umi87506bins-ubs-4
14569-1492R-T-A8	MJ020-1-barcode29-umi29804bins-ubs-14	98.869	628	99	619	0.0	1082	MJ020-1-barcode29-umi29804bins-ubs-14
14569-1492R-T-A8	MJ020-1-barcode29-umi25392bins-ubs-17	98.869	628	99	619	0.0	1082	MJ020-1-barcode29-umi25392bins-ubs-17
14569-1492R-T-A8	MJ020-1-barcode29-umi34574bins-ubs-12	98.869	628	99	619	0.0	1082	MJ020-1-barcode29-umi34574bins-ubs-12
14569-1492R-T-A8	RS-GCF-009683015.1-NZ-WKLA01000018.1	98.708	628	99	619	0.0	1077	RS-GCF-009683015.1-NZ-WKLA01000018.1
14569-1492R-T-A8	RS-GCF-003288235.1-NZ-CP025206.1--6	98.708	628	99	619	0.0	1077	RS-GCF-003288235.1-NZ-CP025206.1--6
14569-1492R-T-A8	RS-GCF-009676365.1-NZ-CP046037.1--7	98.708	628	99	619	0.0	1077	RS-GCF-009676365.1-NZ-CP046037.1--7
14569-1492R-T-A8	RS-GCF-002224565.1-NZ-CP020459.1--2	98.708	628	99	619	0.0	1077	RS-GCF-002224565.1-NZ-CP020459.1--2
14569-1492R-T-A8	RS-GCF-002224565.1-NZ-CP020459.1	98.708	628	99	619	0.0	1077	RS-GCF-002224565.1-NZ-CP020459.1
14569-1492R-T-A8	RS-GCF-002105575.1-NZ-CP020806.1--7	98.708	628	99	619	0.0	1077	RS-GCF-002105575.1-NZ-CP020806.1--7
14569-1492R-T-A8	RS-GCF-002105575.1-NZ-CP020806.1--6	98.708	628	99	619	0.0	1077	RS-GCF-002105575.1-NZ-CP020806.1--6
14569-1492R-T-A8	RS-GCF-003288195.1-NZ-CP025136.1--7	98.708	628	99	619	0.0	1077	RS-GCF-003288195.1-NZ-CP025136.1--7
14569-1492R-T-A8	RS-GCF-900234375.1-NZ-LT960788.1--6	98.708	628	99	619	0.0	1077	RS-GCF-900234375.1-NZ-LT960788.1--6
14569-1492R-T-A8	RS-GCF-900234375.1-NZ-LT960788.1--2	98.708	628	99	619	0.0	1077	RS-GCF-900234375.1-NZ-LT960788.1--2
14569-1492R-T-A8	G001436415	98.708	628	99	619	0.0	1077	G001436415
14569-1492R-T-A8	G000026065	98.708	628	99	619	0.0	1077	G000026065
14569-1492R-T-A8	AM113778	98.708	628	99	619	0.0	1077	AM113778
14569-1492R-T-A8	MJ009-1-barcode35-umi45714bins-ubs-7	98.708	628	99	619	0.0	1077	MJ009-1-barcode35-umi45714bins-ubs-7
14569-1492R-T-A8	MJ009-1-barcode35-umi28577bins-ubs-13	98.708	628	99	619	0.0	1077	MJ009-1-barcode35-umi28577bins-ubs-13
14569-1492R-T-A8	MJ009-1-barcode35-umi53243bins-ubs-6	98.708	628	99	619	0.0	1077	MJ009-1-barcode35-umi53243bins-ubs-6
14569-1492R-T-A8	MJ009-1-barcode35-umi100395bins-ubs-3	98.708	628	99	619	0.0	1077	MJ009-1-barcode35-umi100395bins-ubs-3
14569-1492R-T-A8	MJ020-1-barcode29-umi40285bins-ubs-13	99.023	628	98	614	0.0	1077	MJ020-1-barcode29-umi40285bins-ubs-13
14569-1492R-T-A8	MJ020-1-barcode29-umi48537bins-ubs-9	98.708	628	99	619	0.0	1077	MJ020-1-barcode29-umi48537bins-ubs-9
14569-1492R-T-A8	MJ020-1-barcode29-umi100539bins-ubs-4	98.708	628	99	619	0.0	1077	MJ020-1-barcode29-umi100539bins-ubs-4
14569-1492R-T-A8	MJ020-1-barcode29-umi45667bins-ubs-12	98.708	628	99	619	0.0	1077	MJ020-1-barcode29-umi45667bins-ubs-12
14569-1492R-T-A8	MJ020-1-barcode29-umi45824bins-ubs-12	98.708	628	99	619	0.0	1077	MJ020-1-barcode29-umi45824bins-ubs-12
14569-1492R-T-A8	MJ020-1-barcode29-umi63888bins-ubs-6	98.708	628	99	619	0.0	1077	MJ020-1-barcode29-umi63888bins-ubs-6
14569-1492R-T-A8	MJ020-1-barcode29-umi16602bins-ubs-24	98.708	628	99	619	0.0	1077	MJ020-1-barcode29-umi16602bins-ubs-24
14569-1492R-T-A8	MJ020-1-barcode29-umi69564bins-ubs-8	98.708	628	99	619	0.0	1077	MJ020-1-barcode29-umi69564bins-ubs-8
14569-1492R-T-A8	MJ020-1-barcode29-umi26176bins-ubs-17	98.708	628	99	619	0.0	1077	MJ020-1-barcode29-umi26176bins-ubs-17
14569-1492R-T-A8	MJ020-1-barcode29-umi35995bins-ubs-12	98.708	628	99	619	0.0	1077	MJ020-1-barcode29-umi35995bins-ubs-12
14569-1492R-T-A8	MJ020-1-barcode29-umi109490bins-ubs-3	98.708	628	99	619	0.0	1077	MJ020-1-barcode29-umi109490bins-ubs-3
14569-1492R-T-A8	MJ020-1-barcode29-umi37155bins-ubs-13	99.023	628	98	614	0.0	1077	MJ020-1-barcode29-umi37155bins-ubs-13
14569-1492R-T-A8	MJ020-1-barcode29-umi100237bins-ubs-4	98.708	628	99	619	0.0	1077	MJ020-1-barcode29-umi100237bins-ubs-4
14569-1492R-T-A8	MJ020-1-barcode29-umi32326bins-ubs-13	98.708	628	99	619	0.0	1077	MJ020-1-barcode29-umi32326bins-ubs-13
14569-1492R-T-A8	MJ020-1-barcode29-umi104557bins-ubs-3	98.708	628	99	619	0.0	1077	MJ020-1-barcode29-umi104557bins-ubs-3
14569-1492R-T-A8	MJ020-1-barcode29-umi27195bins-ubs-16	98.708	628	99	619	0.0	1077	MJ020-1-barcode29-umi27195bins-ubs-16
14569-1492R-T-A8	MJ020-1-barcode29-umi22273bins-ubs-19	98.708	628	99	619	0.0	1077	MJ020-1-barcode29-umi22273bins-ubs-19
14569-1492R-T-A8	MJ020-1-barcode29-umi23458bins-ubs-17	98.708	628	99	619	0.0	1077	MJ020-1-barcode29-umi23458bins-ubs-17
14569-1492R-T-A8	MJ020-1-barcode29-umi81234bins-ubs-6	98.708	628	99	619	0.0	1077	MJ020-1-barcode29-umi81234bins-ubs-6
14569-1492R-T-A8	MJ020-1-barcode29-umi35011bins-ubs-13	98.708	628	99	619	0.0	1077	MJ020-1-barcode29-umi35011bins-ubs-13
14569-1492R-T-A8	MJ020-1-barcode29-umi107215bins-ubs-3	98.708	628	99	619	0.0	1077	MJ020-1-barcode29-umi107215bins-ubs-3
14569-1492R-T-A8	MJ020-1-barcode29-umi64070bins-ubs-6	98.708	628	99	619	0.0	1077	MJ020-1-barcode29-umi64070bins-ubs-6
14569-1492R-T-A8	MJ020-1-barcode29-umi86013bins-ubs-4	98.708	628	99	619	0.0	1077	MJ020-1-barcode29-umi86013bins-ubs-4
14569-1492R-T-A8	MJ020-1-barcode29-umi43267bins-ubs-10	98.708	628	99	619	0.0	1077	MJ020-1-barcode29-umi43267bins-ubs-10
14569-1492R-T-A8	MJ020-1-barcode29-umi72303bins-ubs-5	98.708	628	99	619	0.0	1077	MJ020-1-barcode29-umi72303bins-ubs-5
14569-1492R-T-A8	MJ020-1-barcode29-umi34036bins-ubs-14	98.708	628	99	619	0.0	1077	MJ020-1-barcode29-umi34036bins-ubs-14
14569-1492R-T-A8	MJ020-1-barcode29-umi58169bins-ubs-8	98.708	628	99	619	0.0	1077	MJ020-1-barcode29-umi58169bins-ubs-8
14569-1492R-T-A8	MJ020-1-barcode29-umi77611bins-ubs-6	98.708	628	99	619	0.0	1077	MJ020-1-barcode29-umi77611bins-ubs-6
14569-1492R-T-A8	MJ020-1-barcode29-umi48553bins-ubs-11	98.708	628	99	619	0.0	1077	MJ020-1-barcode29-umi48553bins-ubs-11
14569-1492R-T-A8	MJ020-1-barcode29-umi59816bins-ubs-7	98.708	628	99	619	0.0	1077	MJ020-1-barcode29-umi59816bins-ubs-7
14569-1492R-T-A8	MJ020-1-barcode29-umi32119bins-ubs-13	98.708	628	99	619	0.0	1077	MJ020-1-barcode29-umi32119bins-ubs-13
14569-1492R-T-A8	MJ020-1-barcode29-umi46337bins-ubs-11	98.708	628	99	619	0.0	1077	MJ020-1-barcode29-umi46337bins-ubs-11
14569-1492R-T-A8	MJ020-1-barcode29-umi125606bins-ubs-4	98.708	628	99	619	0.0	1077	MJ020-1-barcode29-umi125606bins-ubs-4
14569-1492R-T-A8	MJ020-1-barcode29-umi144768bins-ubs-3	98.708	628	99	619	0.0	1077	MJ020-1-barcode29-umi144768bins-ubs-3
14569-1492R-T-A8	MJ020-1-barcode29-umi105892bins-ubs-4	98.708	628	99	619	0.0	1077	MJ020-1-barcode29-umi105892bins-ubs-4
14569-1492R-T-A8	MJ020-1-barcode29-umi41638bins-ubs-10	98.708	628	99	619	0.0	1077	MJ020-1-barcode29-umi41638bins-ubs-10
14569-1492R-T-A8	MJ020-1-barcode29-umi42680bins-ubs-10	98.708	628	99	619	0.0	1077	MJ020-1-barcode29-umi42680bins-ubs-10
14569-1492R-T-A8	MJ020-1-barcode29-umi42273bins-ubs-10	98.708	628	99	619	0.0	1077	MJ020-1-barcode29-umi42273bins-ubs-10
14569-1492R-T-A8	MJ020-1-barcode29-umi52599bins-ubs-8	98.708	628	99	619	0.0	1077	MJ020-1-barcode29-umi52599bins-ubs-8
14569-1492R-T-A8	MJ010-1-barcode30-umi22861bins-ubs-29	98.708	628	99	619	0.0	1077	MJ010-1-barcode30-umi22861bins-ubs-29
14569-1492R-T-A8	MJ010-1-barcode30-umi23040bins-ubs-27	98.708	628	99	619	0.0	1077	MJ010-1-barcode30-umi23040bins-ubs-27
14569-1492R-T-A8	RS-GCF-007954645.1-NZ-CP042389.1--6	98.708	628	99	619	0.0	1074	RS-GCF-007954645.1-NZ-CP042389.1--6
14569-1492R-T-A8	RS-GCF-900234355.1-NZ-LT960781.1--7	98.708	628	99	619	0.0	1074	RS-GCF-900234355.1-NZ-LT960781.1--7
14569-1492R-T-A8	RS-GCF-002953655.1-NZ-CP025839.1--7	98.546	628	99	619	0.0	1073	RS-GCF-002953655.1-NZ-CP025839.1--7
14569-1492R-T-A8	RS-GCF-002370355.1-NZ-AP017929.1--5	98.546	628	99	619	0.0	1073	RS-GCF-002370355.1-NZ-AP017929.1--5
14569-1492R-T-A8	RS-GCF-900234345.1-NZ-LT960777.1--7	98.546	628	99	619	0.0	1073	RS-GCF-900234345.1-NZ-LT960777.1--7
14569-1492R-T-A8	MJ020-1-barcode29-umi21643bins-ubs-20	98.546	628	99	619	0.0	1073	MJ020-1-barcode29-umi21643bins-ubs-20
14569-1492R-T-A8	MJ020-1-barcode29-umi23862bins-ubs-18	98.546	628	99	619	0.0	1073	MJ020-1-barcode29-umi23862bins-ubs-18
14569-1492R-T-A8	MJ020-1-barcode29-umi69209bins-ubs-7	98.546	628	99	619	0.0	1073	MJ020-1-barcode29-umi69209bins-ubs-7
14569-1492R-T-A8	MJ020-1-barcode29-umi80371bins-ubs-5	98.546	628	99	619	0.0	1073	MJ020-1-barcode29-umi80371bins-ubs-5
14569-1492R-T-A8	MJ020-1-barcode29-umi35111bins-ubs-12	98.546	628	99	619	0.0	1073	MJ020-1-barcode29-umi35111bins-ubs-12
14569-1492R-T-A8	MJ020-1-barcode29-umi93773bins-ubs-4	98.546	628	99	619	0.0	1073	MJ020-1-barcode29-umi93773bins-ubs-4
14569-1492R-T-A8	MJ020-1-barcode29-umi37609bins-ubs-11	98.546	628	99	619	0.0	1073	MJ020-1-barcode29-umi37609bins-ubs-11
14569-1492R-T-A8	MJ020-1-barcode29-umi46294bins-ubs-9	98.546	628	99	619	0.0	1073	MJ020-1-barcode29-umi46294bins-ubs-9
14569-1492R-T-A8	MJ020-1-barcode29-umi47144bins-ubs-9	98.546	628	99	619	0.0	1073	MJ020-1-barcode29-umi47144bins-ubs-9
14569-1492R-T-A8	MJ020-1-barcode29-umi35796bins-ubs-12	98.546	628	99	619	0.0	1073	MJ020-1-barcode29-umi35796bins-ubs-12
14569-1492R-T-A8	MJ020-1-barcode29-umi18909bins-ubs-20	98.546	628	99	619	0.0	1073	MJ020-1-barcode29-umi18909bins-ubs-20
14569-1492R-T-A8	MJ020-1-barcode29-umi23715bins-ubs-18	98.546	628	99	619	0.0	1073	MJ020-1-barcode29-umi23715bins-ubs-18
14569-1492R-T-A8	MJ020-1-barcode29-umi39365bins-ubs-11	98.546	628	99	619	0.0	1073	MJ020-1-barcode29-umi39365bins-ubs-11
14569-1492R-T-A8	RS-GCF-900234355.1-NZ-LT960781.1--6	98.546	628	99	619	0.0	1069	RS-GCF-900234355.1-NZ-LT960781.1--6
14569-1492R-T-A8	RS-GCF-002370375.1-NZ-AP017931.1--5	97.452	628	99	628	0.0	1061	RS-GCF-002370375.1-NZ-AP017931.1--5
14569-1492R-T-A8	RS-GCF-002250035.1-NZ-CP022709.1--8	98.061	628	99	619	0.0	1050	RS-GCF-002250035.1-NZ-CP022709.1--8
14569-1492R-T-A8	MJ009-1-barcode35-umi36491bins-ubs-9	97.092	628	99	619	0.0	1032	MJ009-1-barcode35-umi36491bins-ubs-9
14569-1492R-T-A8	RS-GCF-014595835.1-NZ-JABUJY010000044.1	96.607	628	99	619	0.0	1019	RS-GCF-014595835.1-NZ-JABUJY010000044.1
14569-1492R-T-A8	AJ302648	96.607	628	99	619	0.0	1019	AJ302648
14569-1492R-T-A8	MJ007-1-barcode38-umi11150bins-ubs-28	96.607	628	99	619	0.0	1019	MJ007-1-barcode38-umi11150bins-ubs-28
14569-1492R-T-A8	G001435065	96.446	628	99	619	0.0	1014	G001435065
14569-1492R-T-A8	G000615805	96.446	628	99	619	0.0	1014	G000615805
14569-1492R-T-A8	Y17300	96.446	628	99	619	0.0	1014	Y17300
14569-1492R-T-A8	JX986973	96.446	628	99	619	0.0	1014	JX986973
14569-1492R-T-A8	MJ020-1-barcode29-umi103763bins-ubs-3	96.446	628	99	619	0.0	1014	MJ020-1-barcode29-umi103763bins-ubs-3
14569-1492R-T-A8	MJ020-1-barcode29-umi22727bins-ubs-18	96.446	628	99	619	0.0	1014	MJ020-1-barcode29-umi22727bins-ubs-18
14569-1492R-T-A8	MJ020-1-barcode29-umi52632bins-ubs-8	96.446	628	99	619	0.0	1014	MJ020-1-barcode29-umi52632bins-ubs-8
14569-1492R-T-A8	MJ020-1-barcode29-umi38114bins-ubs-12	96.446	628	99	619	0.0	1014	MJ020-1-barcode29-umi38114bins-ubs-12
14569-1492R-T-A8	MJ020-1-barcode29-umi100241bins-ubs-5	96.446	628	99	619	0.0	1014	MJ020-1-barcode29-umi100241bins-ubs-5
14569-1492R-T-A8	MJ020-1-barcode29-umi22618bins-ubs-18	96.446	628	99	619	0.0	1014	MJ020-1-barcode29-umi22618bins-ubs-18
14569-1492R-T-A8	MJ020-1-barcode29-umi48846bins-ubs-9	96.446	628	99	619	0.0	1014	MJ020-1-barcode29-umi48846bins-ubs-9
14569-1492R-T-A8	MJ020-1-barcode29-umi22212bins-ubs-19	96.446	628	99	619	0.0	1014	MJ020-1-barcode29-umi22212bins-ubs-19
14569-1492R-T-A8	MJ020-1-barcode29-umi53149bins-ubs-8	96.446	628	99	619	0.0	1014	MJ020-1-barcode29-umi53149bins-ubs-8
14569-1492R-T-A8	MJ020-1-barcode29-umi30309bins-ubs-14	96.446	628	99	619	0.0	1014	MJ020-1-barcode29-umi30309bins-ubs-14
14569-1492R-T-A8	MJ020-1-barcode29-umi122481bins-ubs-3	96.446	628	99	619	0.0	1014	MJ020-1-barcode29-umi122481bins-ubs-3
14569-1492R-T-A8	MJ020-1-barcode29-umi18497bins-ubs-22	96.446	628	99	619	0.0	1014	MJ020-1-barcode29-umi18497bins-ubs-22
14569-1492R-T-A8	MJ020-1-barcode29-umi106727bins-ubs-3	96.446	628	99	619	0.0	1014	MJ020-1-barcode29-umi106727bins-ubs-3
14569-1492R-T-A8	MJ020-1-barcode29-umi26808bins-ubs-16	96.446	628	99	619	0.0	1014	MJ020-1-barcode29-umi26808bins-ubs-16
14569-1492R-T-A8	MJ020-1-barcode29-umi25300bins-ubs-16	96.446	628	99	619	0.0	1014	MJ020-1-barcode29-umi25300bins-ubs-16
14569-1492R-T-A8	RS-GCF-004565225.1-NZ-NRQI01000028.1	96.284	628	99	619	0.0	1010	RS-GCF-004565225.1-NZ-NRQI01000028.1
14569-1492R-T-A8	MJ020-1-barcode29-umi9554bins-ubs-38	96.284	628	99	619	0.0	1010	MJ020-1-barcode29-umi9554bins-ubs-38
14569-1492R-T-A8	MJ020-1-barcode29-umi15465bins-ubs-24	96.284	628	99	619	0.0	1010	MJ020-1-barcode29-umi15465bins-ubs-24
14569-1492R-T-A8	MJ020-1-barcode29-umi99740bins-ubs-4	96.284	628	99	619	0.0	1010	MJ020-1-barcode29-umi99740bins-ubs-4
14569-1492R-T-A8	MJ020-1-barcode29-umi22028bins-ubs-18	96.284	628	99	619	0.0	1010	MJ020-1-barcode29-umi22028bins-ubs-18
14569-1492R-T-A8	MJ020-1-barcode29-umi111911bins-ubs-3	96.284	628	99	619	0.0	1010	MJ020-1-barcode29-umi111911bins-ubs-3
14569-1492R-T-A8	MJ020-1-barcode29-umi38163bins-ubs-12	96.284	628	99	619	0.0	1010	MJ020-1-barcode29-umi38163bins-ubs-12
14569-1492R-T-A8	MJ020-1-barcode29-umi39453bins-ubs-12	96.580	628	98	614	0.0	1010	MJ020-1-barcode29-umi39453bins-ubs-12
14569-1492R-T-A8	MJ020-1-barcode29-umi32359bins-ubs-15	96.284	628	99	619	0.0	1010	MJ020-1-barcode29-umi32359bins-ubs-15
14569-1492R-T-A8	MJ007-2-barcode52-umi5684bins-ubs-62	96.284	628	99	619	0.0	1010	MJ007-2-barcode52-umi5684bins-ubs-62
14569-1492R-T-A8	RS-GCF-011304195.1-NZ-CP049887.1--7	96.123	628	99	619	0.0	1005	RS-GCF-011304195.1-NZ-CP049887.1--7
14569-1492R-T-A8	RS-GCF-011304195.1-NZ-CP049887.1--5	96.123	628	99	619	0.0	1005	RS-GCF-011304195.1-NZ-CP049887.1--5
14569-1492R-T-A8	RS-GCF-011304195.1-NZ-CP049887.1	96.123	628	99	619	0.0	1005	RS-GCF-011304195.1-NZ-CP049887.1
14569-1492R-T-A8	RS-GCF-001703575.1-NZ-CP016844.1--6	96.123	628	99	619	0.0	1005	RS-GCF-001703575.1-NZ-CP016844.1--6
14569-1492R-T-A8	RS-GCF-904820355.1-NZ-CAJGUS010000086.1	96.123	628	99	619	0.0	1005	RS-GCF-904820355.1-NZ-CAJGUS010000086.1
14569-1492R-T-A8	RS-GCF-009738125.1-NZ-CP045040.1--6	96.123	628	99	619	0.0	1005	RS-GCF-009738125.1-NZ-CP045040.1--6
14569-1492R-T-A8	RS-GCF-000238575.1-NZ-AGNS01000011.1	96.123	628	99	619	0.0	1005	RS-GCF-000238575.1-NZ-AGNS01000011.1
14569-1492R-T-A8	RS-GCF-900005785.1-NZ-CVMZ01000071.1	96.123	628	99	619	0.0	1005	RS-GCF-900005785.1-NZ-CVMZ01000071.1
14569-1492R-T-A8	RS-GCF-001437035.1-NZ-JQBU01000015.1	96.123	628	99	619	0.0	1005	RS-GCF-001437035.1-NZ-JQBU01000015.1
14569-1492R-T-A8	MN099420	96.123	628	99	619	0.0	1005	MN099420
14569-1492R-T-A8	G000317975	96.123	628	99	619	0.0	1005	G000317975
14569-1492R-T-A8	MJ020-1-barcode29-umi62769bins-ubs-6	96.123	628	99	619	0.0	1005	MJ020-1-barcode29-umi62769bins-ubs-6
14569-1492R-T-A8	MJ020-1-barcode29-umi172496bins-ubs-3	96.123	628	99	619	0.0	1005	MJ020-1-barcode29-umi172496bins-ubs-3
14569-1492R-T-A8	MJ020-1-barcode29-umi27167bins-ubs-15	96.123	628	99	619	0.0	1005	MJ020-1-barcode29-umi27167bins-ubs-15
14569-1492R-T-A8	MJ020-1-barcode29-umi102183bins-ubs-4	96.123	628	99	619	0.0	1005	MJ020-1-barcode29-umi102183bins-ubs-4
14569-1492R-T-A8	MJ020-1-barcode29-umi25101bins-ubs-18	96.123	628	99	619	0.0	1005	MJ020-1-barcode29-umi25101bins-ubs-18
14569-1492R-T-A8	MJ020-1-barcode29-umi125008bins-ubs-3	96.123	628	99	619	0.0	1005	MJ020-1-barcode29-umi125008bins-ubs-3
14569-1492R-T-A8	MJ020-1-barcode29-umi16533bins-ubs-24	96.123	628	99	619	0.0	1005	MJ020-1-barcode29-umi16533bins-ubs-24
14569-1492R-T-A8	MJ020-1-barcode29-umi41673bins-ubs-10	96.123	628	99	619	0.0	1005	MJ020-1-barcode29-umi41673bins-ubs-10
14569-1492R-T-A8	MJ007-1-barcode42-umi28987bins-ubs-6	96.123	628	99	619	0.0	1005	MJ007-1-barcode42-umi28987bins-ubs-6
14569-1492R-T-A8	MJ007-1-barcode38-umi6456bins-ubs-48	96.123	628	99	619	0.0	1005	MJ007-1-barcode38-umi6456bins-ubs-48
14569-1492R-T-A8	RS-GCF-002860435.1-NZ-PKFE01000019.1	96.266	628	98	616	0.0	1004	RS-GCF-002860435.1-NZ-PKFE01000019.1
14569-1492R-T-A8	RS-GCF-002860505.1-NZ-PKFJ01000018.1	96.104	628	98	616	0.0	1002	RS-GCF-002860505.1-NZ-PKFJ01000018.1
14569-1492R-T-A8	RS-GCF-002860555.1-NZ-PKFH01000019.1	96.104	628	98	616	0.0	1002	RS-GCF-002860555.1-NZ-PKFH01000019.1
14569-1492R-T-A8	GU459067	95.961	628	99	619	0.0	1002	GU459067
14569-1492R-T-A8	AB154519	96.254	628	98	614	0.0	1002	AB154519
14569-1492R-T-A8	RS-GCF-001998885.1-NZ-CP019609.1--2	95.961	628	99	619	0.0	1001	RS-GCF-001998885.1-NZ-CP019609.1--2
14569-1492R-T-A8	RS-GCF-003987515.1-NZ-NGJV01000047.1	95.961	628	99	619	0.0	1001	RS-GCF-003987515.1-NZ-NGJV01000047.1
14569-1492R-T-A8	RS-GCF-017315965.1-NZ-JAFLWJ010000009.1	95.961	628	99	619	0.0	1001	RS-GCF-017315965.1-NZ-JAFLWJ010000009.1
14569-1492R-T-A8	RS-GCF-004564785.1-NZ-NRPY01000001.1	95.961	628	99	619	0.0	1001	RS-GCF-004564785.1-NZ-NRPY01000001.1
14569-1492R-T-A8	RS-GCF-004564835.1-NZ-NRPZ01000001.1	95.961	628	99	619	0.0	1001	RS-GCF-004564835.1-NZ-NRPZ01000001.1
14569-1492R-T-A8	RS-GCF-001703575.1-NZ-CP016844.1	95.961	628	99	619	0.0	1001	RS-GCF-001703575.1-NZ-CP016844.1
14569-1492R-T-A8	RS-GCF-009738125.1-NZ-CP045040.1	95.961	628	99	619	0.0	1001	RS-GCF-009738125.1-NZ-CP045040.1
14569-1492R-T-A8	RS-GCF-904820345.1-NZ-CAJGUR010000038.1	95.961	628	99	619	0.0	1001	RS-GCF-904820345.1-NZ-CAJGUR010000038.1
14569-1492R-T-A8	G001435195	96.254	628	98	614	0.0	1001	G001435195
14569-1492R-T-A8	FJ360897	95.961	628	99	619	0.0	1001	FJ360897
14569-1492R-T-A8	MJ020-1-barcode29-umi108196bins-ubs-3	95.961	628	99	619	0.0	1001	MJ020-1-barcode29-umi108196bins-ubs-3
14569-1492R-T-A8	MJ020-1-barcode29-umi112028bins-ubs-3	95.961	628	99	619	0.0	1001	MJ020-1-barcode29-umi112028bins-ubs-3
14569-1492R-T-A8	MJ020-1-barcode29-umi32250bins-ubs-13	95.961	628	99	619	0.0	1001	MJ020-1-barcode29-umi32250bins-ubs-13
14569-1492R-T-A8	MJ007-2-barcode52-umi3908bins-ubs-102	95.961	628	99	619	0.0	1001	MJ007-2-barcode52-umi3908bins-ubs-102
14569-1492R-T-A8	MJ010-1-barcode47-umi64951bins-ubs-10	95.961	628	99	619	0.0	1001	MJ010-1-barcode47-umi64951bins-ubs-10
14569-1492R-T-A8	MJ010-1-barcode47-umi22090bins-ubs-28	95.961	628	99	619	0.0	1001	MJ010-1-barcode47-umi22090bins-ubs-28
14569-1492R-T-A8	MJ010-1-barcode47-umi95611bins-ubs-8	95.961	628	99	619	0.0	1001	MJ010-1-barcode47-umi95611bins-ubs-8
14569-1492R-T-A8	MJ010-1-barcode47-umi134045bins-ubs-5	95.961	628	99	619	0.0	1001	MJ010-1-barcode47-umi134045bins-ubs-5
14569-1492R-T-A8	MJ032-2-barcode74-umi50945bins-ubs-9	95.961	628	99	619	0.0	1001	MJ032-2-barcode74-umi50945bins-ubs-9
14569-1492R-T-A8	RS-GCF-001998885.1-NZ-CP019609.1--4	95.800	628	99	619	0.0	996	RS-GCF-001998885.1-NZ-CP019609.1--4
14569-1492R-T-A8	RS-GCF-000745115.1-NZ-JQNG01000002.1--4	95.800	628	99	619	0.0	996	RS-GCF-000745115.1-NZ-JQNG01000002.1--4
14569-1492R-T-A8	RS-GCF-000745115.1-NZ-JQNG01000002.1--3	95.800	628	99	619	0.0	996	RS-GCF-000745115.1-NZ-JQNG01000002.1--3
14569-1492R-T-A8	RS-GCF-017315855.1-NZ-JAFLWO010000050.1	95.800	628	99	619	0.0	996	RS-GCF-017315855.1-NZ-JAFLWO010000050.1
14569-1492R-T-A8	RS-GCF-004565065.1-NZ-NROZ01000001.1	95.800	628	99	619	0.0	996	RS-GCF-004565065.1-NZ-NROZ01000001.1
14569-1492R-T-A8	RS-GCF-001703555.1-NZ-CP016843.1	95.800	628	99	619	0.0	996	RS-GCF-001703555.1-NZ-CP016843.1
14569-1492R-T-A8	RS-GCF-004564775.1-NZ-NRPX01000001.1	95.800	628	99	619	0.0	996	RS-GCF-004564775.1-NZ-NRPX01000001.1
14569-1492R-T-A8	RS-GCF-004564765.1-NZ-NRPW01000001.1	95.800	628	99	619	0.0	996	RS-GCF-004564765.1-NZ-NRPW01000001.1
14569-1492R-T-A8	G012102505	95.800	628	99	619	0.0	996	G012102505
14569-1492R-T-A8	G001436115	96.091	628	98	614	0.0	996	G001436115
14569-1492R-T-A8	G000744255	95.800	628	99	619	0.0	996	G000744255
14569-1492R-T-A8	G000615845	96.091	628	98	614	0.0	996	G000615845
14569-1492R-T-A8	Y18098	95.800	628	99	619	0.0	996	Y18098
14569-1492R-T-A8	AB267406	96.091	628	98	614	0.0	996	AB267406
14569-1492R-T-A8	HQ022861	96.091	628	98	614	0.0	996	HQ022861
14569-1492R-T-A8	MJ020-1-barcode29-umi39761bins-ubs-11	95.800	628	99	619	0.0	996	MJ020-1-barcode29-umi39761bins-ubs-11
14569-1492R-T-A8	MJ020-1-barcode29-umi66857bins-ubs-7	95.800	628	99	619	0.0	996	MJ020-1-barcode29-umi66857bins-ubs-7
14569-1492R-T-A8	MJ020-1-barcode29-umi36279bins-ubs-13	95.800	628	99	619	0.0	996	MJ020-1-barcode29-umi36279bins-ubs-13
14569-1492R-T-A8	MJ020-1-barcode29-umi108609bins-ubs-3	95.800	628	99	619	0.0	996	MJ020-1-barcode29-umi108609bins-ubs-3
14569-1492R-T-A8	MJ020-1-barcode29-umi16460bins-ubs-24	95.800	628	99	619	0.0	996	MJ020-1-barcode29-umi16460bins-ubs-24
14569-1492R-T-A8	MJ020-1-barcode29-umi45730bins-ubs-10	95.800	628	99	619	0.0	996	MJ020-1-barcode29-umi45730bins-ubs-10
14569-1492R-T-A8	MJ009-1-barcode49-umi10171bins-ubs-47	95.800	628	99	619	0.0	996	MJ009-1-barcode49-umi10171bins-ubs-47
14569-1492R-T-A8	MJ009-1-barcode49-umi1338bins-ubs-282	95.800	628	99	619	0.0	996	MJ009-1-barcode49-umi1338bins-ubs-282
14569-1492R-T-A8	MJ009-1-barcode49-umi1255bins-ubs-291	95.800	628	99	619	0.0	996	MJ009-1-barcode49-umi1255bins-ubs-291
14569-1492R-T-A8	MJ009-1-barcode49-umi1167bins-ubs-314	95.800	628	99	619	0.0	996	MJ009-1-barcode49-umi1167bins-ubs-314
14569-1492R-T-A8	MJ010-2-barcode64-umi119120bins-ubs-4	95.800	628	99	619	0.0	996	MJ010-2-barcode64-umi119120bins-ubs-4
14569-1492R-T-A8	MJ010-1-barcode47-umi35179bins-ubs-22	95.800	628	99	619	0.0	996	MJ010-1-barcode47-umi35179bins-ubs-22
14569-1492R-T-A8	MJ010-1-barcode47-umi36570bins-ubs-19	95.800	628	99	619	0.0	996	MJ010-1-barcode47-umi36570bins-ubs-19
14569-1492R-T-A8	MJ010-1-barcode47-umi72168bins-ubs-9	95.800	628	99	619	0.0	996	MJ010-1-barcode47-umi72168bins-ubs-9
14569-1492R-T-A8	MJ010-1-barcode47-umi131192bins-ubs-4	95.800	628	99	619	0.0	996	MJ010-1-barcode47-umi131192bins-ubs-4
14569-1492R-T-A8	MJ010-1-barcode47-umi159222bins-ubs-3	95.800	628	99	619	0.0	996	MJ010-1-barcode47-umi159222bins-ubs-3
14569-1492R-T-A8	MJ010-1-barcode26-umi44174bins-ubs-15	95.800	628	99	619	0.0	996	MJ010-1-barcode26-umi44174bins-ubs-15
14569-1492R-T-A8	MJ031-1-barcode35-umi15179bins-ubs-32	95.800	628	99	619	0.0	996	MJ031-1-barcode35-umi15179bins-ubs-32
14569-1492R-T-A8	MJ010-1-barcode25-umi157589bins-ubs-4	95.800	628	99	619	0.0	996	MJ010-1-barcode25-umi157589bins-ubs-4
14569-1492R-T-A8	MJ010-1-barcode25-umi66799bins-ubs-11	95.800	628	99	619	0.0	996	MJ010-1-barcode25-umi66799bins-ubs-11
14569-1492R-T-A8	G001437605	96.260	628	98	615	0.0	995	G001437605
14569-1492R-T-A8	AM709786	96.260	628	98	615	0.0	995	AM709786
14569-1492R-T-A8	RS-GCF-017316185.1-NZ-JAFLVX010000010.1	95.638	628	99	619	0.0	992	RS-GCF-017316185.1-NZ-JAFLVX010000010.1
14569-1492R-T-A8	RS-GCF-003950315.1-NZ-NGJT01000053.1	95.638	628	99	619	0.0	992	RS-GCF-003950315.1-NZ-NGJT01000053.1
14569-1492R-T-A8	RS-GCF-014397115.1-NZ-CP060720.1--3	95.638	628	99	619	0.0	992	RS-GCF-014397115.1-NZ-CP060720.1--3
14569-1492R-T-A8	RS-GCF-003987635.1-NZ-NGKB01000035.1	95.638	628	99	619	0.0	992	RS-GCF-003987635.1-NZ-NGKB01000035.1
14569-1492R-T-A8	RS-GCF-003462485.1-NZ-QTZC01000001.1	95.638	628	99	619	0.0	992	RS-GCF-003462485.1-NZ-QTZC01000001.1
14569-1492R-T-A8	RS-GCF-002850035.1-NZ-CP018176.1--4	95.638	628	99	619	0.0	992	RS-GCF-002850035.1-NZ-CP018176.1--4
14569-1492R-T-A8	RS-GCF-002850035.1-NZ-CP018176.1--3	95.638	628	99	619	0.0	992	RS-GCF-002850035.1-NZ-CP018176.1--3
14569-1492R-T-A8	RS-GCF-002850035.1-NZ-CP018176.1--2	95.638	628	99	619	0.0	992	RS-GCF-002850035.1-NZ-CP018176.1--2
14569-1492R-T-A8	GB-GCA-001058355.1-JUUF01000393.1	95.638	628	99	619	0.0	992	GB-GCA-001058355.1-JUUF01000393.1
14569-1492R-T-A8	RS-GCF-001663655.1-NZ-CP014623.1--5	95.928	628	98	614	0.0	992	RS-GCF-001663655.1-NZ-CP014623.1--5
14569-1492R-T-A8	RS-GCF-001663735.1-NZ-CP014890.1--5	95.928	628	98	614	0.0	992	RS-GCF-001663735.1-NZ-CP014890.1--5
14569-1492R-T-A8	RS-GCF-001663735.1-NZ-CP014890.1--2	95.928	628	98	614	0.0	992	RS-GCF-001663735.1-NZ-CP014890.1--2
14569-1492R-T-A8	RS-GCF-001663755.1-NZ-CP014899.1--4	95.928	628	98	614	0.0	992	RS-GCF-001663755.1-NZ-CP014899.1--4
14569-1492R-T-A8	RS-GCF-001663755.1-NZ-CP014899.1--2	95.928	628	98	614	0.0	992	RS-GCF-001663755.1-NZ-CP014899.1--2
14569-1492R-T-A8	RS-GCF-001663755.1-NZ-CP014899.1	95.928	628	98	614	0.0	992	RS-GCF-001663755.1-NZ-CP014899.1
14569-1492R-T-A8	RS-GCF-001073445.1-NZ-JVBO01000005.1	95.638	628	99	619	0.0	992	RS-GCF-001073445.1-NZ-JVBO01000005.1
14569-1492R-T-A8	RS-GCF-001807725.1-NZ-KV790858.1	95.638	628	99	619	0.0	992	RS-GCF-001807725.1-NZ-KV790858.1
14569-1492R-T-A8	G004795745	95.638	628	99	619	0.0	992	G004795745
14569-1492R-T-A8	G001663675	95.928	628	98	614	0.0	992	G001663675
14569-1492R-T-A8	G001436735	95.638	628	99	619	0.0	992	G001436735
14569-1492R-T-A8	G001434845	95.638	628	99	619	0.0	992	G001434845
14569-1492R-T-A8	G000744825	95.638	628	99	619	0.0	992	G000744825
14569-1492R-T-A8	G000162475	95.638	628	99	619	0.0	992	G000162475
14569-1492R-T-A8	AB083414	95.638	628	99	619	0.0	992	AB083414
14569-1492R-T-A8	AY179329	95.638	628	99	619	0.0	992	AY179329
14569-1492R-T-A8	MH569335	95.638	628	99	619	0.0	992	MH569335
14569-1492R-T-A8	AM905389	95.638	628	99	619	0.0	992	AM905389
14569-1492R-T-A8	EU074850	95.638	628	99	619	0.0	992	EU074850
14569-1492R-T-A8	AB773428	95.928	628	98	614	0.0	992	AB773428
14569-1492R-T-A8	AB779648	95.928	628	98	614	0.0	992	AB779648
14569-1492R-T-A8	MJ010-2-barcode73-umi1377bins-ubs-157	95.638	628	99	619	0.0	992	MJ010-2-barcode73-umi1377bins-ubs-157
14569-1492R-T-A8	MJ010-2-barcode73-umi12825bins-ubs-33	95.638	628	99	619	0.0	992	MJ010-2-barcode73-umi12825bins-ubs-33
14569-1492R-T-A8	MJ020-1-barcode29-umi108335bins-ubs-4	95.638	628	99	619	0.0	992	MJ020-1-barcode29-umi108335bins-ubs-4
14569-1492R-T-A8	MJ020-1-barcode29-umi40097bins-ubs-11	95.638	628	99	619	0.0	992	MJ020-1-barcode29-umi40097bins-ubs-11
14569-1492R-T-A8	MJ020-1-barcode29-umi16878bins-ubs-23	95.638	628	99	619	0.0	992	MJ020-1-barcode29-umi16878bins-ubs-23
14569-1492R-T-A8	MJ010-2-barcode55-umi49426bins-ubs-11	95.638	628	99	619	0.0	992	MJ010-2-barcode55-umi49426bins-ubs-11
14569-1492R-T-A8	MJ010-2-barcode55-umi80568bins-ubs-6	95.638	628	99	619	0.0	992	MJ010-2-barcode55-umi80568bins-ubs-6
14569-1492R-T-A8	MJ010-1-barcode30-umi44830bins-ubs-19	95.638	628	99	619	0.0	992	MJ010-1-barcode30-umi44830bins-ubs-19
14569-1492R-T-A8	MJ010-2-barcode64-umi71565bins-ubs-7	95.638	628	99	619	0.0	992	MJ010-2-barcode64-umi71565bins-ubs-7
14569-1492R-T-A8	MJ007-1-barcode42-umi39717bins-ubs-5	95.638	628	99	619	0.0	992	MJ007-1-barcode42-umi39717bins-ubs-5
14569-1492R-T-A8	MJ010-1-barcode47-umi108848bins-ubs-5	95.638	628	99	619	0.0	992	MJ010-1-barcode47-umi108848bins-ubs-5
14569-1492R-T-A8	MJ010-1-barcode26-umi20916bins-ubs-32	95.638	628	99	619	0.0	992	MJ010-1-barcode26-umi20916bins-ubs-32
14569-1492R-T-A8	MJ031-1-barcode35-umi27794bins-ubs-10	95.638	628	99	619	0.0	992	MJ031-1-barcode35-umi27794bins-ubs-10
14569-1492R-T-A8	MJ031-1-barcode35-umi5982bins-ubs-82	95.638	628	99	619	0.0	992	MJ031-1-barcode35-umi5982bins-ubs-82
14569-1492R-T-A8	MJ005-barcode26-umi62578bins-ubs-4	95.638	628	99	619	0.0	992	MJ005-barcode26-umi62578bins-ubs-4
14569-1492R-T-A8	MJ005-barcode81-umi68899bins-ubs-4	95.638	628	99	619	0.0	992	MJ005-barcode81-umi68899bins-ubs-4
14569-1492R-T-A8	MJ006-2-barcode74-umi17642bins-ubs-14	95.638	628	99	619	0.0	992	MJ006-2-barcode74-umi17642bins-ubs-14
14569-1492R-T-A8	MJ006-1-barcode34-umi24661bins-ubs-11	95.638	628	99	619	0.0	992	MJ006-1-barcode34-umi24661bins-ubs-11
14569-1492R-T-A8	MJ006-1-barcode31-umi31149bins-ubs-12	95.638	628	99	619	0.0	992	MJ006-1-barcode31-umi31149bins-ubs-12
14569-1492R-T-A8	MJ006-2-barcode70-umi10591bins-ubs-18	95.638	628	99	619	0.0	992	MJ006-2-barcode70-umi10591bins-ubs-18
14569-1492R-T-A8	MJ006-2-barcode70-umi172995bins-ubs-3	95.638	628	99	619	0.0	992	MJ006-2-barcode70-umi172995bins-ubs-3
14569-1492R-T-A8	MJ006-2-barcode63-umi7221bins-ubs-22	95.638	628	99	619	0.0	992	MJ006-2-barcode63-umi7221bins-ubs-22
14569-1492R-T-A8	MJ006-2-barcode62-umi76278bins-ubs-6	95.638	628	99	619	0.0	992	MJ006-2-barcode62-umi76278bins-ubs-6
14569-1492R-T-A8	MJ006-1-barcode41-umi128063bins-ubs-3	95.638	628	99	619	0.0	992	MJ006-1-barcode41-umi128063bins-ubs-3
14569-1492R-T-A8	MJ006-1-barcode38-umi114559bins-ubs-4	95.638	628	99	619	0.0	992	MJ006-1-barcode38-umi114559bins-ubs-4
14569-1492R-T-A8	MJ006-1-barcode39-umi78255bins-ubs-5	95.638	628	99	619	0.0	992	MJ006-1-barcode39-umi78255bins-ubs-5
14569-1492R-T-A8	MJ006-1-barcode39-umi110577bins-ubs-4	95.638	628	99	619	0.0	992	MJ006-1-barcode39-umi110577bins-ubs-4
14569-1492R-T-A8	AY204889	98.940	628	90	566	0.0	991	AY204889
14569-1492R-T-A8	KY937952	95.477	628	99	619	0.0	989	KY937952
14569-1492R-T-A8	RS-GCF-003946385.1-NZ-RHOE01000102.1	95.765	628	98	614	0.0	987	RS-GCF-003946385.1-NZ-RHOE01000102.1
14569-1492R-T-A8	RS-GCF-000195575.1-NC-015391.1--8	95.477	628	99	619	0.0	987	RS-GCF-000195575.1-NC-015391.1--8
14569-1492R-T-A8	RS-GCF-000195575.1-NC-015391.1--3	95.477	628	99	619	0.0	987	RS-GCF-000195575.1-NC-015391.1--3
14569-1492R-T-A8	RS-GCF-011303955.1-NZ-CP049886.1--2	95.477	628	99	619	0.0	987	RS-GCF-011303955.1-NZ-CP049886.1--2
14569-1492R-T-A8	RS-GCF-011303955.1-NZ-CP049886.1	95.477	628	99	619	0.0	987	RS-GCF-011303955.1-NZ-CP049886.1
14569-1492R-T-A8	RS-GCF-900102725.1-NZ-FNJW01000008.1	95.477	628	99	619	0.0	987	RS-GCF-900102725.1-NZ-FNJW01000008.1
14569-1492R-T-A8	RS-GCF-000745115.1-NZ-JQNG01000002.1--2	95.477	628	99	619	0.0	987	RS-GCF-000745115.1-NZ-JQNG01000002.1--2
14569-1492R-T-A8	RS-GCF-000745115.1-NZ-JQNG01000002.1	95.477	628	99	619	0.0	987	RS-GCF-000745115.1-NZ-JQNG01000002.1
14569-1492R-T-A8	RS-GCF-001870205.1-NZ-CP017267.1--4	95.477	628	99	619	0.0	987	RS-GCF-001870205.1-NZ-CP017267.1--4
14569-1492R-T-A8	RS-GCF-001870205.1-NZ-CP017267.1--3	95.477	628	99	619	0.0	987	RS-GCF-001870205.1-NZ-CP017267.1--3
14569-1492R-T-A8	RS-GCF-002706705.1-NZ-CP017697.1--4	95.765	628	98	614	0.0	987	RS-GCF-002706705.1-NZ-CP017697.1--4
14569-1492R-T-A8	RS-GCF-001742375.1-NZ-LNUL01000044.1	95.765	628	98	614	0.0	987	RS-GCF-001742375.1-NZ-LNUL01000044.1
14569-1492R-T-A8	RS-GCF-007954685.1-NZ-CP042392.1	95.765	628	98	614	0.0	987	RS-GCF-007954685.1-NZ-CP042392.1
14569-1492R-T-A8	RS-GCF-002706425.1-NZ-CP017713.1--4	95.765	628	98	614	0.0	987	RS-GCF-002706425.1-NZ-CP017713.1--4
14569-1492R-T-A8	RS-GCF-002706425.1-NZ-CP017713.1	95.765	628	98	614	0.0	987	RS-GCF-002706425.1-NZ-CP017713.1
14569-1492R-T-A8	RS-GCF-910575195.1-NZ-CAJTDV010000007.1	95.477	628	99	619	0.0	987	RS-GCF-910575195.1-NZ-CAJTDV010000007.1
14569-1492R-T-A8	RS-GCF-016128055.1-NZ-CP066066.1--3	95.765	628	98	614	0.0	987	RS-GCF-016128055.1-NZ-CP066066.1--3
14569-1492R-T-A8	GB-GCA-009807905.1-WEMC01000009.1	95.765	628	98	614	0.0	987	GB-GCA-009807905.1-WEMC01000009.1
14569-1492R-T-A8	RS-GCF-001922325.1-NZ-CP018763.1	95.765	628	98	614	0.0	987	RS-GCF-001922325.1-NZ-CP018763.1
14569-1492R-T-A8	RS-GCF-016900465.1-NZ-JACJKD010000055.1	95.765	628	98	614	0.0	987	RS-GCF-016900465.1-NZ-JACJKD010000055.1
14569-1492R-T-A8	RS-GCF-002079525.1-NZ-NBEJ01000036.1	95.765	628	98	614	0.0	987	RS-GCF-002079525.1-NZ-NBEJ01000036.1
14569-1492R-T-A8	RS-GCF-009863825.1-NZ-VSVX01000043.1	95.765	628	98	614	0.0	987	RS-GCF-009863825.1-NZ-VSVX01000043.1
14569-1492R-T-A8	RS-GCF-900094615.1-NZ-LT604074.1--5	95.765	628	98	614	0.0	987	RS-GCF-900094615.1-NZ-LT604074.1--5
14569-1492R-T-A8	RS-GCF-900094615.1-NZ-LT604074.1--2	95.765	628	98	614	0.0	987	RS-GCF-900094615.1-NZ-LT604074.1--2
14569-1492R-T-A8	RS-GCF-015548605.1-NZ-JADMXL010000036.1	95.765	628	98	614	0.0	987	RS-GCF-015548605.1-NZ-JADMXL010000036.1
14569-1492R-T-A8	RS-GCF-902385835.1-NZ-CABMGV010000001.1--2	95.765	628	98	614	0.0	987	RS-GCF-902385835.1-NZ-CABMGV010000001.1--2
14569-1492R-T-A8	RS-GCF-902385835.1-NZ-CABMGV010000001.1	95.765	628	98	614	0.0	987	RS-GCF-902385835.1-NZ-CABMGV010000001.1
14569-1492R-T-A8	RS-GCF-009863495.1-NZ-VSVF01000044.1	95.765	628	98	614	0.0	987	RS-GCF-009863495.1-NZ-VSVF01000044.1
14569-1492R-T-A8	RS-GCF-002079745.1-NZ-NBEU01000025.1	95.765	628	98	614	0.0	987	RS-GCF-002079745.1-NZ-NBEU01000025.1
14569-1492R-T-A8	RS-GCF-002079715.1-NZ-NBET01000046.1	95.765	628	98	614	0.0	987	RS-GCF-002079715.1-NZ-NBET01000046.1
14569-1492R-T-A8	RS-GCF-003052845.1-NZ-QAZF01000031.1	95.765	628	98	614	0.0	987	RS-GCF-003052845.1-NZ-QAZF01000031.1
14569-1492R-T-A8	RS-GCF-013249205.1-NZ-JABRBP010000029.1	95.765	628	98	614	0.0	987	RS-GCF-013249205.1-NZ-JABRBP010000029.1
14569-1492R-T-A8	RS-GCF-002079545.1-NZ-NBEK01000032.1	95.765	628	98	614	0.0	987	RS-GCF-002079545.1-NZ-NBEK01000032.1
14569-1492R-T-A8	RS-GCF-002735985.1-NZ-CP024063.1--4	95.765	628	98	614	0.0	987	RS-GCF-002735985.1-NZ-CP024063.1--4
14569-1492R-T-A8	RS-GCF-002079805.1-NZ-NBEW01000079.1	95.765	628	98	614	0.0	987	RS-GCF-002079805.1-NZ-NBEW01000079.1
14569-1492R-T-A8	RS-GCF-015552175.1-NZ-JADNEF010000124.1	95.765	628	98	614	0.0	987	RS-GCF-015552175.1-NZ-JADNEF010000124.1
14569-1492R-T-A8	RS-GCF-003316955.1-NZ-CP029616.1--2	95.765	628	98	614	0.0	987	RS-GCF-003316955.1-NZ-CP029616.1--2
14569-1492R-T-A8	RS-GCF-002736025.1-NZ-CP024067.1--3	95.765	628	98	614	0.0	987	RS-GCF-002736025.1-NZ-CP024067.1--3
14569-1492R-T-A8	RS-GCF-012524155.1-NZ-JABACG010000139.1	95.477	628	99	619	0.0	987	RS-GCF-012524155.1-NZ-JABACG010000139.1
14569-1492R-T-A8	MN099419	95.477	628	99	619	0.0	987	MN099419
14569-1492R-T-A8	G002026305	95.477	628	99	619	0.0	987	G002026305
14569-1492R-T-A8	G001483965	95.477	628	99	619	0.0	987	G001483965
14569-1492R-T-A8	G001436275	95.765	628	98	614	0.0	987	G001436275
14569-1492R-T-A8	G001433765	95.765	628	98	614	0.0	987	G001433765
14569-1492R-T-A8	G000493735	95.477	628	99	619	0.0	987	G000493735
14569-1492R-T-A8	G000160675	95.477	628	99	619	0.0	987	G000160675
14569-1492R-T-A8	ACKZ01000002	95.477	628	99	619	0.0	987	ACKZ01000002
14569-1492R-T-A8	MG734178	95.477	628	99	619	0.0	987	MG734178
14569-1492R-T-A8	AY681127	95.765	628	98	614	0.0	987	AY681127
14569-1492R-T-A8	AJ575741	95.765	628	98	614	0.0	987	AJ575741
14569-1492R-T-A8	MK110851	95.765	628	98	614	0.0	987	MK110851
14569-1492R-T-A8	MJ007-2-barcode52-umi2193bins-ubs-219	95.765	628	98	614	0.0	987	MJ007-2-barcode52-umi2193bins-ubs-219
14569-1492R-T-A8	MJ007-1-barcode38-umi20822bins-ubs-11	95.477	628	99	619	0.0	987	MJ007-1-barcode38-umi20822bins-ubs-11
14569-1492R-T-A8	MJ007-1-barcode38-umi19107bins-ubs-11	95.765	628	98	614	0.0	987	MJ007-1-barcode38-umi19107bins-ubs-11
14569-1492R-T-A8	MJ007-1-barcode38-umi17866bins-ubs-14	95.765	628	98	614	0.0	987	MJ007-1-barcode38-umi17866bins-ubs-14
14569-1492R-T-A8	MJ030-1-barcode43-umi19544bins-ubs-26	95.477	628	99	619	0.0	987	MJ030-1-barcode43-umi19544bins-ubs-26
14569-1492R-T-A8	MJ010-1-barcode26-umi43185bins-ubs-16	95.477	628	99	619	0.0	987	MJ010-1-barcode26-umi43185bins-ubs-16
14569-1492R-T-A8	MJ010-1-barcode26-umi69442bins-ubs-9	95.477	628	99	619	0.0	987	MJ010-1-barcode26-umi69442bins-ubs-9
14569-1492R-T-A8	MJ020-1-barcode34-umi76545bins-ubs-5	95.477	628	99	619	0.0	987	MJ020-1-barcode34-umi76545bins-ubs-5
14569-1492R-T-A8	MJ032-2-barcode53-umi21122bins-ubs-25	95.477	628	99	619	0.0	987	MJ032-2-barcode53-umi21122bins-ubs-25
14569-1492R-T-A8	MJ032-1-barcode41-umi31970bins-ubs-12	95.765	628	98	614	0.0	987	MJ032-1-barcode41-umi31970bins-ubs-12
14569-1492R-T-A8	MJ020-2-barcode70-umi70271bins-ubs-4	95.477	628	99	619	0.0	987	MJ020-2-barcode70-umi70271bins-ubs-4
14569-1492R-T-A8	MJ020-2-barcode70-umi84497bins-ubs-3	95.477	628	99	619	0.0	987	MJ020-2-barcode70-umi84497bins-ubs-3
14569-1492R-T-A8	MJ030-1-barcode31-umi134983bins-ubs-3	95.765	628	98	614	0.0	987	MJ030-1-barcode31-umi134983bins-ubs-3
14569-1492R-T-A8	MJ030-1-barcode31-umi90984bins-ubs-5	95.765	628	98	614	0.0	987	MJ030-1-barcode31-umi90984bins-ubs-5
14569-1492R-T-A8	MJ030-1-barcode31-umi63009bins-ubs-7	95.765	628	98	614	0.0	987	MJ030-1-barcode31-umi63009bins-ubs-7
14569-1492R-T-A8	MJ030-1-barcode31-umi75063bins-ubs-7	95.765	628	98	614	0.0	987	MJ030-1-barcode31-umi75063bins-ubs-7
14569-1492R-T-A8	MJ030-1-barcode31-umi47133bins-ubs-11	95.765	628	98	614	0.0	987	MJ030-1-barcode31-umi47133bins-ubs-11
14569-1492R-T-A8	MJ030-1-barcode31-umi82463bins-ubs-5	95.765	628	98	614	0.0	987	MJ030-1-barcode31-umi82463bins-ubs-5
14569-1492R-T-A8	MJ020-2-barcode58-umi12024bins-ubs-45	95.765	628	98	614	0.0	987	MJ020-2-barcode58-umi12024bins-ubs-45
14569-1492R-T-A8	MJ009-1-barcode47-umi4394bins-ubs-107	95.765	628	98	614	0.0	987	MJ009-1-barcode47-umi4394bins-ubs-107
14569-1492R-T-A8	MJ009-1-barcode47-umi11112bins-ubs-42	95.765	628	98	614	0.0	987	MJ009-1-barcode47-umi11112bins-ubs-42
14569-1492R-T-A8	MJ009-1-barcode47-umi10095bins-ubs-48	95.765	628	98	614	0.0	987	MJ009-1-barcode47-umi10095bins-ubs-48
14569-1492R-T-A8	MJ009-1-barcode47-umi5053bins-ubs-88	95.765	628	98	614	0.0	987	MJ009-1-barcode47-umi5053bins-ubs-88
14569-1492R-T-A8	MJ009-1-barcode47-umi4352bins-ubs-101	95.765	628	98	614	0.0	987	MJ009-1-barcode47-umi4352bins-ubs-101
14569-1492R-T-A8	MJ005-barcode51-umi44076bins-ubs-6	95.477	628	99	619	0.0	987	MJ005-barcode51-umi44076bins-ubs-6
14569-1492R-T-A8	MJ005-barcode51-umi79082bins-ubs-3	95.477	628	99	619	0.0	987	MJ005-barcode51-umi79082bins-ubs-3
14569-1492R-T-A8	MJ006-2-barcode67-umi324bins-ubs-109	95.477	628	99	619	0.0	987	MJ006-2-barcode67-umi324bins-ubs-109
14569-1492R-T-A8	MJ006-2-barcode63-umi3680bins-ubs-33	95.477	628	99	619	0.0	987	MJ006-2-barcode63-umi3680bins-ubs-33
14569-1492R-T-A8	MJ006-2-barcode66-umi25113bins-ubs-11	95.477	628	99	619	0.0	987	MJ006-2-barcode66-umi25113bins-ubs-11
14569-1492R-T-A8	MJ006-1-barcode40-umi86798bins-ubs-5	95.477	628	99	619	0.0	987	MJ006-1-barcode40-umi86798bins-ubs-5
14569-1492R-T-A8	MJ006-1-barcode41-umi147433bins-ubs-3	95.477	628	99	619	0.0	987	MJ006-1-barcode41-umi147433bins-ubs-3
14569-1492R-T-A8	MJ005-barcode41-umi58110bins-ubs-4	95.185	628	99	623	0.0	985	MJ005-barcode41-umi58110bins-ubs-4
14569-1492R-T-A8	GB-GCA-000143435.1-CP002034.1--7	95.603	628	98	614	0.0	985	GB-GCA-000143435.1-CP002034.1--7
14569-1492R-T-A8	RS-GCF-009933215.1-NZ-SLTM01000078.1	95.603	628	98	614	0.0	985	RS-GCF-009933215.1-NZ-SLTM01000078.1
14569-1492R-T-A8	RS-GCF-005405165.1-NZ-BJDN01000053.1	95.603	628	98	614	0.0	983	RS-GCF-005405165.1-NZ-BJDN01000053.1
14569-1492R-T-A8	RS-GCF-000195575.1-NC-015391.1	95.315	628	99	619	0.0	983	RS-GCF-000195575.1-NC-015391.1
14569-1492R-T-A8	RS-GCF-004123955.1-NZ-NOXN01000118.1	95.603	628	98	614	0.0	983	RS-GCF-004123955.1-NZ-NOXN01000118.1
14569-1492R-T-A8	RS-GCF-018363075.1-NZ-CP074378.1	95.603	628	98	614	0.0	983	RS-GCF-018363075.1-NZ-CP074378.1
14569-1492R-T-A8	RS-GCF-007922695.1-NZ-SRSA01000023.1	95.315	628	99	619	0.0	983	RS-GCF-007922695.1-NZ-SRSA01000023.1
14569-1492R-T-A8	RS-GCF-007922675.1-NZ-SRRQ01000031.1	95.315	628	99	619	0.0	983	RS-GCF-007922675.1-NZ-SRRQ01000031.1
14569-1492R-T-A8	RS-GCF-009184705.1-NZ-CP045035.1--4	95.315	628	99	619	0.0	983	RS-GCF-009184705.1-NZ-CP045035.1--4
14569-1492R-T-A8	RS-GCF-009184705.1-NZ-CP045035.1--3	95.315	628	99	619	0.0	983	RS-GCF-009184705.1-NZ-CP045035.1--3
14569-1492R-T-A8	RS-GCF-009184705.1-NZ-CP045035.1	95.315	628	99	619	0.0	983	RS-GCF-009184705.1-NZ-CP045035.1
14569-1492R-T-A8	RS-GCF-014906145.1-NZ-CP061715.1--3	95.603	628	98	614	0.0	983	RS-GCF-014906145.1-NZ-CP061715.1--3
14569-1492R-T-A8	GB-GCA-001868705.1-MOAB01000001.1	95.048	628	99	626	0.0	983	GB-GCA-001868705.1-MOAB01000001.1
14569-1492R-T-A8	GB-GCA-011604585.1-CP050079.1--4	95.603	628	98	614	0.0	983	GB-GCA-011604585.1-CP050079.1--4
14569-1492R-T-A8	GB-GCA-009808405.1-WEPM01000004.1	95.603	628	98	614	0.0	983	GB-GCA-009808405.1-WEPM01000004.1
14569-1492R-T-A8	RS-GCF-006770685.1-NZ-CP023654.1	95.603	628	98	614	0.0	983	RS-GCF-006770685.1-NZ-CP023654.1
14569-1492R-T-A8	RS-GCF-016127815.1-NZ-CP066046.1--4	95.603	628	98	614	0.0	983	RS-GCF-016127815.1-NZ-CP066046.1--4
14569-1492R-T-A8	GB-GCA-009807835.1-WEMI01000009.1	95.603	628	98	614	0.0	983	GB-GCA-009807835.1-WEMI01000009.1
14569-1492R-T-A8	RS-GCF-004101585.1-NZ-CP035154.1--3	95.603	628	98	614	0.0	983	RS-GCF-004101585.1-NZ-CP035154.1--3
14569-1492R-T-A8	GB-GCA-009807875.1-WEMG01000017.1	95.603	628	98	614	0.0	983	GB-GCA-009807875.1-WEMG01000017.1
14569-1492R-T-A8	GB-GCA-009807775.1-WEMJ01000014.1	95.603	628	98	614	0.0	983	GB-GCA-009807775.1-WEMJ01000014.1
14569-1492R-T-A8	RS-GCF-013401895.1-NZ-JACBJY010000028.1	95.603	628	98	614	0.0	983	RS-GCF-013401895.1-NZ-JACBJY010000028.1
14569-1492R-T-A8	RS-GCF-004405135.1-NZ-SOPE01000003.1	95.603	628	98	614	0.0	983	RS-GCF-004405135.1-NZ-SOPE01000003.1
14569-1492R-T-A8	RS-GCF-002162055.1-NZ-CP020858.1--7	95.603	628	98	614	0.0	983	RS-GCF-002162055.1-NZ-CP020858.1--7
14569-1492R-T-A8	RS-GCF-013487885.1-NZ-CP047412.1--4	95.603	628	98	614	0.0	983	RS-GCF-013487885.1-NZ-CP047412.1--4
14569-1492R-T-A8	RS-GCF-009863905.1-NZ-VSVZ01000031.1	95.603	628	98	614	0.0	983	RS-GCF-009863905.1-NZ-VSVZ01000031.1
14569-1492R-T-A8	RS-GCF-003129685.1-NZ-QFAS01000003.1	95.603	628	98	614	0.0	983	RS-GCF-003129685.1-NZ-QFAS01000003.1
14569-1492R-T-A8	RS-GCF-900094615.1-NZ-LT604074.1--3	95.603	628	98	614	0.0	983	RS-GCF-900094615.1-NZ-LT604074.1--3
14569-1492R-T-A8	RS-GCF-900094615.1-NZ-LT604074.1	95.603	628	98	614	0.0	983	RS-GCF-900094615.1-NZ-LT604074.1
14569-1492R-T-A8	RS-GCF-902385835.1-NZ-CABMGV010000001.1--7	95.603	628	98	614	0.0	983	RS-GCF-902385835.1-NZ-CABMGV010000001.1--7
14569-1492R-T-A8	RS-GCF-002079705.1-NZ-NBES01000015.1	95.603	628	98	614	0.0	983	RS-GCF-002079705.1-NZ-NBES01000015.1
14569-1492R-T-A8	RS-GCF-000758365.1-NZ-CP007646.1--5	95.603	628	98	614	0.0	983	RS-GCF-000758365.1-NZ-CP007646.1--5
14569-1492R-T-A8	RS-GCF-000758365.1-NZ-CP007646.1--4	95.603	628	98	614	0.0	983	RS-GCF-000758365.1-NZ-CP007646.1--4
14569-1492R-T-A8	RS-GCF-000215465.1-NZ-AFMN01000001.1--7	95.603	628	98	614	0.0	983	RS-GCF-000215465.1-NZ-AFMN01000001.1--7
14569-1492R-T-A8	RS-GCF-014841055.1-NZ-CP062071.1--7	95.603	628	98	614	0.0	983	RS-GCF-014841055.1-NZ-CP062071.1--7
14569-1492R-T-A8	RS-GCF-014841055.1-NZ-CP062071.1--6	95.603	628	98	614	0.0	983	RS-GCF-014841055.1-NZ-CP062071.1--6
14569-1492R-T-A8	RS-GCF-002735985.1-NZ-CP024063.1--3	95.603	628	98	614	0.0	983	RS-GCF-002735985.1-NZ-CP024063.1--3
14569-1492R-T-A8	RS-GCF-000260335.1-NZ-AICL01000003.1--2	95.603	628	98	614	0.0	983	RS-GCF-000260335.1-NZ-AICL01000003.1--2
14569-1492R-T-A8	RS-GCF-002079425.1-NZ-NBEF01000042.1	95.603	628	98	614	0.0	983	RS-GCF-002079425.1-NZ-NBEF01000042.1
14569-1492R-T-A8	RS-GCF-002079565.1-NZ-NBEL01000031.1	95.603	628	98	614	0.0	983	RS-GCF-002079565.1-NZ-NBEL01000031.1
14569-1492R-T-A8	RS-GCF-001723525.1-NZ-CP017107.1--4	95.603	628	98	614	0.0	983	RS-GCF-001723525.1-NZ-CP017107.1--4
14569-1492R-T-A8	RS-GCF-009863915.1-NZ-VSWA01000027.1	95.603	628	98	614	0.0	983	RS-GCF-009863915.1-NZ-VSWA01000027.1
14569-1492R-T-A8	GB-GCA-000143435.1-CP002034.1--5	95.603	628	98	614	0.0	983	GB-GCA-000143435.1-CP002034.1--5
