14569-1492R-R-G8	RS-GCF-900008265.1-NZ-CZJR01000085.1	98.587	308	92	283	3.54e-138	493	RS-GCF-900008265.1-NZ-CZJR01000085.1
14569-1492R-R-G8	RS-GCF-016907795.1-NZ-JAFBCR010000001.1	98.587	308	92	283	3.54e-138	493	RS-GCF-016907795.1-NZ-JAFBCR010000001.1
14569-1492R-R-G8	G001275345	98.587	308	92	283	3.54e-138	493	G001275345
14569-1492R-R-G8	Y16263	98.587	308	92	283	3.54e-138	493	Y16263
14569-1492R-R-G8	RS-GCF-007666205.1-NZ-VDOR01000028.1	98.233	308	92	283	1.51e-136	489	RS-GCF-007666205.1-NZ-VDOR01000028.1
14569-1492R-R-G8	RS-GCF-001483755.1-NZ-LQBK01000029.1	97.880	308	92	283	1.83e-135	484	RS-GCF-001483755.1-NZ-LQBK01000029.1
14569-1492R-R-G8	RS-GCF-014636775.1-NZ-BMEQ01000073.1	97.880	308	92	283	1.83e-135	484	RS-GCF-014636775.1-NZ-BMEQ01000073.1
14569-1492R-R-G8	RS-GCF-004358895.1-NZ-SMZT01000015.1	97.880	308	92	283	1.83e-135	484	RS-GCF-004358895.1-NZ-SMZT01000015.1
14569-1492R-R-G8	RS-GCF-900637715.1-NZ-LR134391.1	97.880	308	92	283	1.83e-135	484	RS-GCF-900637715.1-NZ-LR134391.1
14569-1492R-R-G8	G001580365	97.880	308	92	283	1.83e-135	484	G001580365
14569-1492R-R-G8	G001482365	97.880	308	92	283	1.83e-135	484	G001482365
14569-1492R-R-G8	G000786195	97.880	308	92	283	1.83e-135	484	G000786195
14569-1492R-R-G8	G000520595	97.880	308	92	283	1.83e-135	484	G000520595
14569-1492R-R-G8	DQ531634	97.880	308	92	283	1.83e-135	484	DQ531634
14569-1492R-R-G8	JF346427	97.880	308	92	283	1.83e-135	484	JF346427
14569-1492R-R-G8	CP013254	97.880	308	92	283	1.83e-135	484	CP013254
14569-1492R-R-G8	DQ059617	97.880	308	92	283	1.83e-135	484	DQ059617
14569-1492R-R-G8	JQ762279	97.880	308	92	283	1.83e-135	484	JQ762279
14569-1492R-R-G8	X87756	97.880	308	92	283	1.83e-135	484	X87756
14569-1492R-R-G8	LT674162	97.880	308	92	283	1.83e-135	484	LT674162
14569-1492R-R-G8	GB-GCA-004001285.1-AP018697.1--2	97.527	308	92	283	7.80e-134	480	GB-GCA-004001285.1-AP018697.1--2
14569-1492R-R-G8	GB-GCA-004001285.1-AP018697.1	97.527	308	92	283	7.80e-134	480	GB-GCA-004001285.1-AP018697.1
14569-1492R-R-G8	RS-GCF-002929375.1-NZ-PJIP01000026.1	97.527	308	92	283	7.80e-134	480	RS-GCF-002929375.1-NZ-PJIP01000026.1
14569-1492R-R-G8	RS-GCF-002929295.1-NZ-PJIM01000010.1	97.527	308	92	283	7.80e-134	480	RS-GCF-002929295.1-NZ-PJIM01000010.1
14569-1492R-R-G8	RS-GCF-009377195.2-NZ-VJXX01000011.1	97.527	308	92	283	7.80e-134	480	RS-GCF-009377195.2-NZ-VJXX01000011.1
14569-1492R-R-G8	RS-GCF-002953615.1-NZ-CP024915.1	97.527	308	92	283	7.80e-134	480	RS-GCF-002953615.1-NZ-CP024915.1
14569-1492R-R-G8	RS-GCF-001187915.1-NZ-LGIU01000088.1	97.527	308	92	283	7.80e-134	480	RS-GCF-001187915.1-NZ-LGIU01000088.1
14569-1492R-R-G8	RS-GCF-015751715.1-NZ-JADOUV010000033.1	97.527	308	92	283	7.80e-134	480	RS-GCF-015751715.1-NZ-JADOUV010000033.1
14569-1492R-R-G8	RS-GCF-002929355.1-NZ-PJIR01000032.1	97.527	308	92	283	7.80e-134	480	RS-GCF-002929355.1-NZ-PJIR01000032.1
14569-1492R-R-G8	GB-GCA-009728235.1-WNZI01000088.1	97.527	308	92	283	7.80e-134	480	GB-GCA-009728235.1-WNZI01000088.1
14569-1492R-R-G8	RS-GCF-003602275.1-NZ-QZVT01000026.1	97.527	308	92	283	7.80e-134	480	RS-GCF-003602275.1-NZ-QZVT01000026.1
14569-1492R-R-G8	RS-GCF-016907495.1-NZ-JAFBCC010000001.1	97.527	308	92	283	7.80e-134	480	RS-GCF-016907495.1-NZ-JAFBCC010000001.1
14569-1492R-R-G8	RS-GCF-012952295.1-NZ-JABBCH010000041.1	97.527	308	92	283	7.80e-134	480	RS-GCF-012952295.1-NZ-JABBCH010000041.1
14569-1492R-R-G8	RS-GCF-011927905.1-NZ-JAATJL010000001.1--3	97.527	308	92	283	7.80e-134	480	RS-GCF-011927905.1-NZ-JAATJL010000001.1--3
14569-1492R-R-G8	RS-GCF-011927905.1-NZ-JAATJL010000001.1	97.527	308	92	283	7.80e-134	480	RS-GCF-011927905.1-NZ-JAATJL010000001.1
14569-1492R-R-G8	RS-GCF-002157505.1-NZ-NFSC01000014.1	97.527	308	92	283	7.80e-134	480	RS-GCF-002157505.1-NZ-NFSC01000014.1
14569-1492R-R-G8	RS-GCF-000520475.1-NZ-KI914607.1	97.527	308	92	283	7.80e-134	480	RS-GCF-000520475.1-NZ-KI914607.1
14569-1492R-R-G8	RS-GCF-017603825.1-NZ-CP072014.1	97.527	308	92	283	7.80e-134	480	RS-GCF-017603825.1-NZ-CP072014.1
14569-1492R-R-G8	RS-GCF-015752345.1-NZ-JADOUT010000067.1	97.527	308	92	283	7.80e-134	480	RS-GCF-015752345.1-NZ-JADOUT010000067.1
14569-1492R-R-G8	GB-GCA-003602285.1-QZVU01000014.1	97.527	308	92	283	7.80e-134	480	GB-GCA-003602285.1-QZVU01000014.1
14569-1492R-R-G8	RS-GCF-002849715.1-NZ-CP018863.1	97.527	308	92	283	7.80e-134	480	RS-GCF-002849715.1-NZ-CP018863.1
14569-1492R-R-G8	RS-GCF-000468215.1-NZ-ASZW01000035.1	97.527	308	92	283	7.80e-134	480	RS-GCF-000468215.1-NZ-ASZW01000035.1
14569-1492R-R-G8	RS-GCF-900631605.1-NZ-LR131272.1	97.527	308	92	283	7.80e-134	480	RS-GCF-900631605.1-NZ-LR131272.1
14569-1492R-R-G8	LC065376	97.527	308	92	283	7.80e-134	480	LC065376
14569-1492R-R-G8	G001428435	97.527	308	92	283	7.80e-134	480	G001428435
14569-1492R-R-G8	G000816565	97.527	308	92	283	7.80e-134	480	G000816565
14569-1492R-R-G8	G000520555	97.527	308	92	283	7.80e-134	480	G000520555
14569-1492R-R-G8	G000520515	97.527	308	92	283	7.80e-134	480	G000520515
14569-1492R-R-G8	G000328305	97.527	308	92	283	7.80e-134	480	G000328305
14569-1492R-R-G8	X80738	97.527	308	92	283	7.80e-134	480	X80738
14569-1492R-R-G8	AJ315070	97.527	308	92	283	7.80e-134	480	AJ315070
14569-1492R-R-G8	KP128918	97.527	308	92	283	7.80e-134	480	KP128918
14569-1492R-R-G8	AJ639829	97.527	308	92	283	7.80e-134	480	AJ639829
14569-1492R-R-G8	MN203626	97.527	308	92	283	7.80e-134	480	MN203626
14569-1492R-R-G8	AB537168	97.527	308	92	283	7.80e-134	480	AB537168
14569-1492R-R-G8	AJ639830	97.527	308	92	283	7.80e-134	480	AJ639830
14569-1492R-R-G8	AJ315069	97.527	308	92	283	7.80e-134	480	AJ315069
14569-1492R-R-G8	DQ097525	97.527	308	92	283	7.80e-134	480	DQ097525
14569-1492R-R-G8	JX949648	97.527	308	92	283	7.80e-134	480	JX949648
14569-1492R-R-G8	MN080869	97.527	308	92	283	7.80e-134	480	MN080869
14569-1492R-R-G8	X80748	97.527	308	92	283	7.80e-134	480	X80748
14569-1492R-R-G8	MJ030-1-barcode32-umi10881bins-ubs-39	97.527	308	92	283	7.80e-134	480	MJ030-1-barcode32-umi10881bins-ubs-39
14569-1492R-R-G8	AJ278868	99.259	308	88	270	7.80e-134	479	AJ278868
14569-1492R-R-G8	RS-GCF-014639275.1-NZ-BMFW01000078.1	97.173	308	92	283	9.50e-133	475	RS-GCF-014639275.1-NZ-BMFW01000078.1
14569-1492R-R-G8	RS-GCF-006715285.1-NZ-VFMX01000001.1	97.173	308	92	283	9.50e-133	475	RS-GCF-006715285.1-NZ-VFMX01000001.1
14569-1492R-R-G8	RS-GCF-900102785.1-NZ-FNGC01000031.1	97.173	308	92	283	9.50e-133	475	RS-GCF-900102785.1-NZ-FNGC01000031.1
14569-1492R-R-G8	RS-GCF-015355785.1-NZ-JADKYW010000001.1	97.173	308	92	283	9.50e-133	475	RS-GCF-015355785.1-NZ-JADKYW010000001.1
14569-1492R-R-G8	RS-GCF-005280255.1-NZ-CP040018.1--5	97.173	308	92	283	9.50e-133	475	RS-GCF-005280255.1-NZ-CP040018.1--5
14569-1492R-R-G8	RS-GCF-005280255.1-NZ-CP040018.1--2	97.173	308	92	283	9.50e-133	475	RS-GCF-005280255.1-NZ-CP040018.1--2
14569-1492R-R-G8	RS-GCF-900102895.1-NZ-FNGD01000025.1	97.173	308	92	283	9.50e-133	475	RS-GCF-900102895.1-NZ-FNGD01000025.1
14569-1492R-R-G8	RS-GCF-005937985.2-NZ-CP042172.1	97.173	308	92	283	9.50e-133	475	RS-GCF-005937985.2-NZ-CP042172.1
14569-1492R-R-G8	RS-GCF-018613795.1-NZ-JAGGPN010000039.1	97.173	308	92	283	9.50e-133	475	RS-GCF-018613795.1-NZ-JAGGPN010000039.1
14569-1492R-R-G8	GB-GCA-001549895.1-AP014719.1	97.173	308	92	283	9.50e-133	475	GB-GCA-001549895.1-AP014719.1
14569-1492R-R-G8	RS-GCF-016907775.1-NZ-JAFBCO010000001.1--3	97.173	308	92	283	9.50e-133	475	RS-GCF-016907775.1-NZ-JAFBCO010000001.1--3
14569-1492R-R-G8	RS-GCF-016907775.1-NZ-JAFBCO010000001.1	97.173	308	92	283	9.50e-133	475	RS-GCF-016907775.1-NZ-JAFBCO010000001.1
14569-1492R-R-G8	RS-GCF-005877055.1-NZ-CP039424.1	97.173	308	92	283	9.50e-133	475	RS-GCF-005877055.1-NZ-CP039424.1
14569-1492R-R-G8	RS-GCF-015751895.1-NZ-JADOTZ010000001.1	97.173	308	92	283	9.50e-133	475	RS-GCF-015751895.1-NZ-JADOTZ010000001.1
14569-1492R-R-G8	RS-GCF-014694315.1-NZ-JAAOXD010000003.1	97.173	308	92	283	9.50e-133	475	RS-GCF-014694315.1-NZ-JAAOXD010000003.1
14569-1492R-R-G8	RS-GCF-902506195.1-NZ-LR732817.1	97.173	308	92	283	9.50e-133	475	RS-GCF-902506195.1-NZ-LR732817.1
14569-1492R-R-G8	RS-GCF-003386075.1-NZ-QREH01000001.1	97.173	308	92	283	9.50e-133	475	RS-GCF-003386075.1-NZ-QREH01000001.1
14569-1492R-R-G8	RS-GCF-002008315.2-NZ-MVDG02000001.1--4	97.173	308	92	283	9.50e-133	475	RS-GCF-002008315.2-NZ-MVDG02000001.1--4
14569-1492R-R-G8	RS-GCF-002008315.2-NZ-MVDG02000001.1	97.173	308	92	283	9.50e-133	475	RS-GCF-002008315.2-NZ-MVDG02000001.1
14569-1492R-R-G8	RS-GCF-007858535.1-NZ-CP040174.1--5	97.173	308	92	283	9.50e-133	475	RS-GCF-007858535.1-NZ-CP040174.1--5
14569-1492R-R-G8	RS-GCF-007858535.1-NZ-CP040174.1--2	97.173	308	92	283	9.50e-133	475	RS-GCF-007858535.1-NZ-CP040174.1--2
14569-1492R-R-G8	RS-GCF-003634095.1-NZ-RBIR01000018.1	97.173	308	92	283	9.50e-133	475	RS-GCF-003634095.1-NZ-RBIR01000018.1
14569-1492R-R-G8	RS-GCF-018531425.1-NZ-JAHBOI010000013.1	97.173	308	92	283	9.50e-133	475	RS-GCF-018531425.1-NZ-JAHBOI010000013.1
14569-1492R-R-G8	RS-GCF-014836775.1-NZ-JACSQD010000011.1	97.173	308	92	283	9.50e-133	475	RS-GCF-014836775.1-NZ-JACSQD010000011.1
14569-1492R-R-G8	RS-GCF-003640665.1-NZ-QQXL01000012.1	97.173	308	92	283	9.50e-133	475	RS-GCF-003640665.1-NZ-QQXL01000012.1
14569-1492R-R-G8	RS-GCF-017832975.1-NZ-JAFIBI010000001.1	97.173	308	92	283	9.50e-133	475	RS-GCF-017832975.1-NZ-JAFIBI010000001.1
14569-1492R-R-G8	RS-GCF-001766675.1-NZ-MJLT01000027.1	97.173	308	92	283	9.50e-133	475	RS-GCF-001766675.1-NZ-MJLT01000027.1
14569-1492R-R-G8	RS-GCF-001969265.1-NZ-CP019304.1	97.173	308	92	283	9.50e-133	475	RS-GCF-001969265.1-NZ-CP019304.1
14569-1492R-R-G8	RS-GCF-009696625.1-NZ-VULS01000023.1	97.173	308	92	283	9.50e-133	475	RS-GCF-009696625.1-NZ-VULS01000023.1
14569-1492R-R-G8	RS-GCF-014199555.1-NZ-JACHNW010000001.1	97.173	308	92	283	9.50e-133	475	RS-GCF-014199555.1-NZ-JACHNW010000001.1
14569-1492R-R-G8	RS-GCF-000520575.1-NZ-KI914938.1	97.173	308	92	283	9.50e-133	475	RS-GCF-000520575.1-NZ-KI914938.1
14569-1492R-R-G8	RS-GCF-001552075.1-NZ-BCQM01000025.1	97.173	308	92	283	9.50e-133	475	RS-GCF-001552075.1-NZ-BCQM01000025.1
14569-1492R-R-G8	RS-GCF-000374925.1-NZ-KB895563.1	97.173	308	92	283	9.50e-133	475	RS-GCF-000374925.1-NZ-KB895563.1
14569-1492R-R-G8	RS-GCF-003143995.1-NZ-QFWG01000021.1	97.173	308	92	283	9.50e-133	475	RS-GCF-003143995.1-NZ-QFWG01000021.1
14569-1492R-R-G8	RS-GCF-002847605.1-NZ-PKGR01000010.1	97.173	308	92	283	9.50e-133	475	RS-GCF-002847605.1-NZ-PKGR01000010.1
14569-1492R-R-G8	RS-GCF-001807395.1-NZ-KV788997.1	97.173	308	92	283	9.50e-133	475	RS-GCF-001807395.1-NZ-KV788997.1
14569-1492R-R-G8	RS-GCF-018622995.1-NZ-CP076022.1--2	97.173	308	92	283	9.50e-133	475	RS-GCF-018622995.1-NZ-CP076022.1--2
14569-1492R-R-G8	RS-GCF-018622995.1-NZ-CP076022.1	97.173	308	92	283	9.50e-133	475	RS-GCF-018622995.1-NZ-CP076022.1
14569-1492R-R-G8	RS-GCF-017833075.1-NZ-JAFIBQ010000001.1--5	97.173	308	92	283	9.50e-133	475	RS-GCF-017833075.1-NZ-JAFIBQ010000001.1--5
14569-1492R-R-G8	RS-GCF-017833075.1-NZ-JAFIBQ010000001.1	97.173	308	92	283	9.50e-133	475	RS-GCF-017833075.1-NZ-JAFIBQ010000001.1
14569-1492R-R-G8	RS-GCF-003343285.1-NZ-CP029236.1	97.173	308	92	283	9.50e-133	475	RS-GCF-003343285.1-NZ-CP029236.1
14569-1492R-R-G8	RS-GCF-014205115.1-NZ-JACHMW010000001.1	97.173	308	92	283	9.50e-133	475	RS-GCF-014205115.1-NZ-JACHMW010000001.1
14569-1492R-R-G8	RS-GCF-018866305.1-NZ-CP076456.1--5	97.173	308	92	283	9.50e-133	475	RS-GCF-018866305.1-NZ-CP076456.1--5
14569-1492R-R-G8	RS-GCF-002929255.1-NZ-PJIJ01000008.1	97.173	308	92	283	9.50e-133	475	RS-GCF-002929255.1-NZ-PJIJ01000008.1
14569-1492R-R-G8	RS-GCF-001975485.1-NZ-MQNQ02000041.1	97.173	308	92	283	9.50e-133	475	RS-GCF-001975485.1-NZ-MQNQ02000041.1
14569-1492R-R-G8	KT715739	97.173	308	92	283	9.50e-133	475	KT715739
14569-1492R-R-G8	G900163655	97.173	308	92	283	9.50e-133	475	G900163655
14569-1492R-R-G8	G006716265	97.173	308	92	283	9.50e-133	475	G006716265
14569-1492R-R-G8	G001807575	97.173	308	92	283	9.50e-133	475	G001807575
14569-1492R-R-G8	G001428365	97.173	308	92	283	9.50e-133	475	G001428365
14569-1492R-R-G8	G001307035	97.173	308	92	283	9.50e-133	475	G001307035
14569-1492R-R-G8	G001263615	97.173	308	92	283	9.50e-133	475	G001263615
14569-1492R-R-G8	G001063195	97.173	308	92	283	9.50e-133	475	G001063195
14569-1492R-R-G8	G000482545	97.173	308	92	283	9.50e-133	475	G000482545
14569-1492R-R-G8	G000376245	97.173	308	92	283	9.50e-133	475	G000376245
14569-1492R-R-G8	G000238915	97.173	308	92	283	9.50e-133	475	G000238915
14569-1492R-R-G8	G000224415	97.173	308	92	283	9.50e-133	475	G000224415
14569-1492R-R-G8	G000196235	97.173	308	92	283	9.50e-133	475	G000196235
14569-1492R-R-G8	G000018885	97.173	308	92	283	9.50e-133	475	G000018885
14569-1492R-R-G8	AB056127	97.173	308	92	283	9.50e-133	475	AB056127
14569-1492R-R-G8	JX398975	97.173	308	92	283	9.50e-133	475	JX398975
14569-1492R-R-G8	X91033	97.173	308	92	283	9.50e-133	475	X91033
14569-1492R-R-G8	X93354	97.173	308	92	283	9.50e-133	475	X93354
14569-1492R-R-G8	AJ243421	97.173	308	92	283	9.50e-133	475	AJ243421
14569-1492R-R-G8	AJ243422	97.173	308	92	283	9.50e-133	475	AJ243422
14569-1492R-R-G8	AJ316140	97.173	308	92	283	9.50e-133	475	AJ316140
14569-1492R-R-G8	MK634692	97.173	308	92	283	9.50e-133	475	MK634692
14569-1492R-R-G8	X80737	97.173	308	92	283	9.50e-133	475	X80737
14569-1492R-R-G8	EU583729	97.173	308	92	283	9.50e-133	475	EU583729
14569-1492R-R-G8	AB778260	97.173	308	92	283	9.50e-133	475	AB778260
14569-1492R-R-G8	EU305672	97.173	308	92	283	9.50e-133	475	EU305672
14569-1492R-R-G8	GU797177	97.173	308	92	283	9.50e-133	475	GU797177
14569-1492R-R-G8	AJ344143	97.173	308	92	283	9.50e-133	475	AJ344143
14569-1492R-R-G8	AY376164	97.173	308	92	283	9.50e-133	475	AY376164
14569-1492R-R-G8	EU005372	97.173	308	92	283	9.50e-133	475	EU005372
14569-1492R-R-G8	MH119720	97.173	308	92	283	9.50e-133	475	MH119720
14569-1492R-R-G8	KM507333	97.173	308	92	283	9.50e-133	475	KM507333
14569-1492R-R-G8	M23411	97.173	308	92	283	9.50e-133	475	M23411
14569-1492R-R-G8	X80740	97.173	308	92	283	9.50e-133	475	X80740
14569-1492R-R-G8	AB279889	97.173	308	92	283	9.50e-133	475	AB279889
14569-1492R-R-G8	AB279890	97.173	308	92	283	9.50e-133	475	AB279890
14569-1492R-R-G8	KJ082091	97.173	308	92	283	9.50e-133	475	KJ082091
14569-1492R-R-G8	AF180950	97.173	308	92	283	9.50e-133	475	AF180950
14569-1492R-R-G8	AQXM01000028	97.173	308	92	283	9.50e-133	475	AQXM01000028
14569-1492R-R-G8	RS-GCF-003614925.1-NZ-QYLP01000008.1	96.820	308	92	283	4.04e-131	471	RS-GCF-003614925.1-NZ-QYLP01000008.1
14569-1492R-R-G8	RS-GCF-013359725.1-NZ-JABFMW010000051.1	96.820	308	92	283	4.04e-131	471	RS-GCF-013359725.1-NZ-JABFMW010000051.1
14569-1492R-R-G8	RS-GCF-000971395.1-NZ-BBME01000026.1	96.820	308	92	283	4.04e-131	471	RS-GCF-000971395.1-NZ-BBME01000026.1
14569-1492R-R-G8	RS-GCF-004798705.1-NZ-CP039290.1	96.820	308	92	283	4.04e-131	471	RS-GCF-004798705.1-NZ-CP039290.1
14569-1492R-R-G8	RS-GCF-005796185.1-NZ-VAHM01000031.1	96.820	308	92	283	4.04e-131	471	RS-GCF-005796185.1-NZ-VAHM01000031.1
14569-1492R-R-G8	RS-GCF-017357425.1-NZ-CP014571.1	96.820	308	92	283	4.04e-131	471	RS-GCF-017357425.1-NZ-CP014571.1
14569-1492R-R-G8	RS-GCF-001663775.1-NZ-KV467168.1	96.820	308	92	283	4.04e-131	471	RS-GCF-001663775.1-NZ-KV467168.1
14569-1492R-R-G8	RS-GCF-001512285.1-NZ-LNUV01000006.1	96.820	308	92	283	4.04e-131	471	RS-GCF-001512285.1-NZ-LNUV01000006.1
14569-1492R-R-G8	RS-GCF-016623465.1-NZ-JAEDAJ010000022.1	96.820	308	92	283	4.04e-131	471	RS-GCF-016623465.1-NZ-JAEDAJ010000022.1
14569-1492R-R-G8	RS-GCF-001046895.1-NZ-CAQI01000001.1	96.820	308	92	283	4.04e-131	471	RS-GCF-001046895.1-NZ-CAQI01000001.1
14569-1492R-R-G8	RS-GCF-003287955.1-NZ-QMKP01000042.1	96.820	308	92	283	4.04e-131	471	RS-GCF-003287955.1-NZ-QMKP01000042.1
14569-1492R-R-G8	GB-GCA-002370555.1-AP014718.1--2	96.820	308	92	283	4.04e-131	471	GB-GCA-002370555.1-AP014718.1--2
14569-1492R-R-G8	RS-GCF-003061105.1-NZ-QAIQ01000696.1	96.820	308	92	283	4.04e-131	471	RS-GCF-003061105.1-NZ-QAIQ01000696.1
14569-1492R-R-G8	RS-GCF-002953935.1-NZ-CP026514.1	96.820	308	92	283	4.04e-131	471	RS-GCF-002953935.1-NZ-CP026514.1
14569-1492R-R-G8	RS-GCF-001512305.1-NZ-LNUT01000004.1	96.820	308	92	283	4.04e-131	471	RS-GCF-001512305.1-NZ-LNUT01000004.1
14569-1492R-R-G8	RS-GCF-001641125.1-NZ-LWLP01000001.1	96.820	308	92	283	4.04e-131	471	RS-GCF-001641125.1-NZ-LWLP01000001.1
14569-1492R-R-G8	RS-GCF-009741265.1-NZ-WOWL01000001.1--4	96.820	308	92	283	4.04e-131	471	RS-GCF-009741265.1-NZ-WOWL01000001.1--4
14569-1492R-R-G8	RS-GCF-009741265.1-NZ-WOWL01000001.1	96.820	308	92	283	4.04e-131	471	RS-GCF-009741265.1-NZ-WOWL01000001.1
14569-1492R-R-G8	RS-GCF-018613805.1-NZ-JAGGPL010000031.1	96.820	308	92	283	4.04e-131	471	RS-GCF-018613805.1-NZ-JAGGPL010000031.1
14569-1492R-R-G8	RS-GCF-009911795.1-NZ-CP047898.1	96.820	308	92	283	4.04e-131	471	RS-GCF-009911795.1-NZ-CP047898.1
14569-1492R-R-G8	RS-GCF-900609065.1-NZ-UXAU01000019.1	96.820	308	92	283	4.04e-131	471	RS-GCF-900609065.1-NZ-UXAU01000019.1
14569-1492R-R-G8	RS-GCF-001750145.1-NZ-CP015732.1	96.820	308	92	283	4.04e-131	471	RS-GCF-001750145.1-NZ-CP015732.1
14569-1492R-R-G8	RS-GCF-002979915.1-NZ-PCQA01000013.1	96.820	308	92	283	4.04e-131	471	RS-GCF-002979915.1-NZ-PCQA01000013.1
14569-1492R-R-G8	RS-GCF-006715295.1-NZ-VFMZ01000001.1--2	96.820	308	92	283	4.04e-131	471	RS-GCF-006715295.1-NZ-VFMZ01000001.1--2
14569-1492R-R-G8	RS-GCF-013314975.1-NZ-JABTYH010000064.1	96.820	308	92	283	4.04e-131	471	RS-GCF-013314975.1-NZ-JABTYH010000064.1
14569-1492R-R-G8	GB-GCA-016892645.1-JAFEMX010000032.1	96.820	308	92	283	4.04e-131	471	GB-GCA-016892645.1-JAFEMX010000032.1
14569-1492R-R-G8	RS-GCF-000517125.1-NZ-KI912155.1	96.820	308	92	283	4.04e-131	471	RS-GCF-000517125.1-NZ-KI912155.1
14569-1492R-R-G8	RS-GCF-014712225.1-NZ-JACXBW010000033.1	96.820	308	92	283	4.04e-131	471	RS-GCF-014712225.1-NZ-JACXBW010000033.1
14569-1492R-R-G8	RS-GCF-900116905.1-NZ-FPCG01000027.1	96.820	308	92	283	4.04e-131	471	RS-GCF-900116905.1-NZ-FPCG01000027.1
14569-1492R-R-G8	RS-GCF-006715225.1-NZ-VFMU01000001.1	96.820	308	92	283	4.04e-131	471	RS-GCF-006715225.1-NZ-VFMU01000001.1
14569-1492R-R-G8	RS-GCF-902506095.1-NZ-LR733293.1	96.820	308	92	283	4.04e-131	471	RS-GCF-902506095.1-NZ-LR733293.1
14569-1492R-R-G8	RS-GCF-005796225.1-NZ-VAHO01000028.1	96.820	308	92	283	4.04e-131	471	RS-GCF-005796225.1-NZ-VAHO01000028.1
14569-1492R-R-G8	RS-GCF-005490785.1-NZ-CP027295.1	96.820	308	92	283	4.04e-131	471	RS-GCF-005490785.1-NZ-CP027295.1
14569-1492R-R-G8	RS-GCF-008831305.1-NZ-ML708642.1	96.820	308	92	283	4.04e-131	471	RS-GCF-008831305.1-NZ-ML708642.1
14569-1492R-R-G8	RS-GCF-006715165.1-NZ-VFMS01000001.1	96.820	308	92	283	4.04e-131	471	RS-GCF-006715165.1-NZ-VFMS01000001.1
14569-1492R-R-G8	RS-GCF-004803505.1-NZ-SSWH01000026.1	96.820	308	92	283	4.04e-131	471	RS-GCF-004803505.1-NZ-SSWH01000026.1
14569-1492R-R-G8	RS-GCF-003268655.1-NZ-CP029642.1--5	96.820	308	92	283	4.04e-131	471	RS-GCF-003268655.1-NZ-CP029642.1--5
14569-1492R-R-G8	RS-GCF-003268655.1-NZ-CP029642.1	96.820	308	92	283	4.04e-131	471	RS-GCF-003268655.1-NZ-CP029642.1
14569-1492R-R-G8	RS-GCF-000971195.1-NZ-BBLZ01000011.1	96.820	308	92	283	4.04e-131	471	RS-GCF-000971195.1-NZ-BBLZ01000011.1
14569-1492R-R-G8	RS-GCF-002929215.1-NZ-PJII01000039.1	96.820	308	92	283	4.04e-131	471	RS-GCF-002929215.1-NZ-PJII01000039.1
14569-1492R-R-G8	RS-GCF-000962805.1-NZ-JZTW01000013.1	96.820	308	92	283	4.04e-131	471	RS-GCF-000962805.1-NZ-JZTW01000013.1
14569-1492R-R-G8	RS-GCF-016907875.1-NZ-JAFBCU010000001.1	96.820	308	92	283	4.04e-131	471	RS-GCF-016907875.1-NZ-JAFBCU010000001.1
14569-1492R-R-G8	RS-GCF-013376095.1-NZ-JAAMFN010000078.1	96.820	308	92	283	4.04e-131	471	RS-GCF-013376095.1-NZ-JAAMFN010000078.1
14569-1492R-R-G8	RS-GCF-000971135.1-NZ-BBLW01000012.1	96.820	308	92	283	4.04e-131	471	RS-GCF-000971135.1-NZ-BBLW01000012.1
14569-1492R-R-G8	RS-GCF-004320535.1-NZ-SIHY01000005.1	96.820	308	92	283	4.04e-131	471	RS-GCF-004320535.1-NZ-SIHY01000005.1
14569-1492R-R-G8	RS-GCF-002224285.1-NZ-CP022436.1--6	96.820	308	92	283	4.04e-131	471	RS-GCF-002224285.1-NZ-CP022436.1--6
14569-1492R-R-G8	RS-GCF-002224285.1-NZ-CP022436.1--2	96.820	308	92	283	4.04e-131	471	RS-GCF-002224285.1-NZ-CP022436.1--2
14569-1492R-R-G8	RS-GCF-013408295.1-NZ-JACBYQ010000001.1	96.820	308	92	283	4.04e-131	471	RS-GCF-013408295.1-NZ-JACBYQ010000001.1
14569-1492R-R-G8	RS-GCF-004136635.1-NZ-NOIU01000008.1	96.820	308	92	283	4.04e-131	471	RS-GCF-004136635.1-NZ-NOIU01000008.1
14569-1492R-R-G8	RS-GCF-006715305.1-NZ-VFMY01000001.1	96.820	308	92	283	4.04e-131	471	RS-GCF-006715305.1-NZ-VFMY01000001.1
14569-1492R-R-G8	RS-GCF-000427315.1-NZ-AUPJ01000263.1	96.820	308	92	283	4.04e-131	471	RS-GCF-000427315.1-NZ-AUPJ01000263.1
14569-1492R-R-G8	RS-GCF-000971115.1-NZ-BBLV01000027.1	96.820	308	92	283	4.04e-131	471	RS-GCF-000971115.1-NZ-BBLV01000027.1
14569-1492R-R-G8	RS-GCF-001422645.1-NZ-LMLR01000001.1	96.820	308	92	283	4.04e-131	471	RS-GCF-001422645.1-NZ-LMLR01000001.1
14569-1492R-R-G8	RS-GCF-019084045.1-NZ-JAHRED010000022.1	96.820	308	92	283	4.04e-131	471	RS-GCF-019084045.1-NZ-JAHRED010000022.1
14569-1492R-R-G8	RS-GCF-015708085.1-NZ-JADNYM010000047.1	96.820	308	92	283	4.04e-131	471	RS-GCF-015708085.1-NZ-JADNYM010000047.1
14569-1492R-R-G8	RS-GCF-011045165.1-NZ-JAAKZI010000065.1	96.820	308	92	283	4.04e-131	471	RS-GCF-011045165.1-NZ-JAAKZI010000065.1
14569-1492R-R-G8	RS-GCF-900105535.1-NZ-LT629779.1--3	96.820	308	92	283	4.04e-131	471	RS-GCF-900105535.1-NZ-LT629779.1--3
14569-1492R-R-G8	RS-GCF-018678105.1-NZ-JAHHIO010000059.1	96.820	308	92	283	4.04e-131	471	RS-GCF-018678105.1-NZ-JAHHIO010000059.1
14569-1492R-R-G8	RS-GCF-004354015.1-NZ-SMRU01000071.1	96.820	308	92	283	4.04e-131	471	RS-GCF-004354015.1-NZ-SMRU01000071.1
14569-1492R-R-G8	RS-GCF-010367585.1-NZ-JAAAXP010000001.1--4	96.820	308	92	283	4.04e-131	471	RS-GCF-010367585.1-NZ-JAAAXP010000001.1--4
14569-1492R-R-G8	RS-GCF-010367585.1-NZ-JAAAXP010000001.1	96.820	308	92	283	4.04e-131	471	RS-GCF-010367585.1-NZ-JAAAXP010000001.1
14569-1492R-R-G8	RS-GCF-014764445.1-NZ-CP061721.1--4	96.820	308	92	283	4.04e-131	471	RS-GCF-014764445.1-NZ-CP061721.1--4
14569-1492R-R-G8	RS-GCF-014764445.1-NZ-CP061721.1--3	96.820	308	92	283	4.04e-131	471	RS-GCF-014764445.1-NZ-CP061721.1--3
14569-1492R-R-G8	RS-GCF-006517235.1-NZ-CP041188.1	96.820	308	92	283	4.04e-131	471	RS-GCF-006517235.1-NZ-CP041188.1
14569-1492R-R-G8	RS-GCF-002929755.1-NZ-PJIW01000040.1	96.820	308	92	283	4.04e-131	471	RS-GCF-002929755.1-NZ-PJIW01000040.1
14569-1492R-R-G8	RS-GCF-016907545.1-NZ-JAFBCD010000001.1	96.820	308	92	283	4.04e-131	471	RS-GCF-016907545.1-NZ-JAFBCD010000001.1
14569-1492R-R-G8	RS-GCF-004358765.1-NZ-SMZQ01000029.1	96.820	308	92	283	4.04e-131	471	RS-GCF-004358765.1-NZ-SMZQ01000029.1
14569-1492R-R-G8	RS-GCF-001456945.1-NZ-KQ758466.1	96.820	308	92	283	4.04e-131	471	RS-GCF-001456945.1-NZ-KQ758466.1
14569-1492R-R-G8	RS-GCF-011602805.1-NZ-JAAOZS010000043.1	96.820	308	92	283	4.04e-131	471	RS-GCF-011602805.1-NZ-JAAOZS010000043.1
14569-1492R-R-G8	RS-GCF-003797835.1-NZ-RKMF01000028.1	96.820	308	92	283	4.04e-131	471	RS-GCF-003797835.1-NZ-RKMF01000028.1
14569-1492R-R-G8	RS-GCF-013409905.1-NZ-JACCBL010000001.1	96.820	308	92	283	4.04e-131	471	RS-GCF-013409905.1-NZ-JACCBL010000001.1
14569-1492R-R-G8	RS-GCF-006517815.1-NZ-CP041198.1	96.820	308	92	283	4.04e-131	471	RS-GCF-006517815.1-NZ-CP041198.1
14569-1492R-R-G8	RS-GCF-014926485.1-NZ-PZKO01000079.1	96.820	308	92	283	4.04e-131	471	RS-GCF-014926485.1-NZ-PZKO01000079.1
14569-1492R-R-G8	RS-GCF-006964045.1-NZ-SDXQ01000016.1	96.820	308	92	283	4.04e-131	471	RS-GCF-006964045.1-NZ-SDXQ01000016.1
14569-1492R-R-G8	RS-GCF-011605365.1-NZ-JAAOXO010000020.1	96.820	308	92	283	4.04e-131	471	RS-GCF-011605365.1-NZ-JAAOXO010000020.1
14569-1492R-R-G8	RS-GCF-014644555.1-NZ-BMKX01000018.1	96.820	308	92	283	4.04e-131	471	RS-GCF-014644555.1-NZ-BMKX01000018.1
14569-1492R-R-G8	RS-GCF-007666515.1-NZ-VDPH01000022.1	96.820	308	92	283	4.04e-131	471	RS-GCF-007666515.1-NZ-VDPH01000022.1
14569-1492R-R-G8	RS-GCF-017876035.1-NZ-JAGINL010000001.1--2	96.820	308	92	283	4.04e-131	471	RS-GCF-017876035.1-NZ-JAGINL010000001.1--2
14569-1492R-R-G8	RS-GCF-014644875.1-NZ-BMLA01000027.1	96.820	308	92	283	4.04e-131	471	RS-GCF-014644875.1-NZ-BMLA01000027.1
14569-1492R-R-G8	RS-GCF-017876615.1-NZ-JAGIOJ010000001.1	96.820	308	92	283	4.04e-131	471	RS-GCF-017876615.1-NZ-JAGIOJ010000001.1
14569-1492R-R-G8	RS-GCF-004364695.1-NZ-SOBI01000019.1	96.820	308	92	283	4.04e-131	471	RS-GCF-004364695.1-NZ-SOBI01000019.1
14569-1492R-R-G8	GB-GCA-001512275.1-LNUU01000002.1	96.820	308	92	283	4.04e-131	471	GB-GCA-001512275.1-LNUU01000002.1
14569-1492R-R-G8	RS-GCF-012221945.1-NZ-CP032549.1	96.820	308	92	283	4.04e-131	471	RS-GCF-012221945.1-NZ-CP032549.1
14569-1492R-R-G8	RS-GCF-002979865.1-NZ-PCPZ01000002.1	96.820	308	92	283	4.04e-131	471	RS-GCF-002979865.1-NZ-PCPZ01000002.1
14569-1492R-R-G8	RS-GCF-001421635.1-NZ-LMKU01000031.1	96.820	308	92	283	4.04e-131	471	RS-GCF-001421635.1-NZ-LMKU01000031.1
14569-1492R-R-G8	RS-GCF-009734705.1-NZ-WOGT01000002.1	96.820	308	92	283	4.04e-131	471	RS-GCF-009734705.1-NZ-WOGT01000002.1
14569-1492R-R-G8	RS-GCF-014644475.1-NZ-BMKT01000177.1	96.820	308	92	283	4.04e-131	471	RS-GCF-014644475.1-NZ-BMKT01000177.1
14569-1492R-R-G8	RS-GCF-013393275.1-NZ-QJRB01000014.1	96.820	308	92	283	4.04e-131	471	RS-GCF-013393275.1-NZ-QJRB01000014.1
14569-1492R-R-G8	RS-GCF-006094275.1-NZ-CP034412.1	96.820	308	92	283	4.04e-131	471	RS-GCF-006094275.1-NZ-CP034412.1
14569-1492R-R-G8	RS-GCF-006715715.1-NZ-VFNR01000001.1--2	96.820	308	92	283	4.04e-131	471	RS-GCF-006715715.1-NZ-VFNR01000001.1--2
14569-1492R-R-G8	RS-GCF-006715715.1-NZ-VFNR01000001.1	96.820	308	92	283	4.04e-131	471	RS-GCF-006715715.1-NZ-VFNR01000001.1
14569-1492R-R-G8	RS-GCF-004365615.1-NZ-SOBD01000023.1	96.820	308	92	283	4.04e-131	471	RS-GCF-004365615.1-NZ-SOBD01000023.1
14569-1492R-R-G8	RS-GCF-014694415.1-NZ-JAAUWU010000038.1	96.820	308	92	283	4.04e-131	471	RS-GCF-014694415.1-NZ-JAAUWU010000038.1
14569-1492R-R-G8	RS-GCF-900105345.1-NZ-FNSN01000007.1	96.820	308	92	283	4.04e-131	471	RS-GCF-900105345.1-NZ-FNSN01000007.1
14569-1492R-R-G8	RS-GCF-017579825.1-NZ-CP049819.1--4	96.820	308	92	283	4.04e-131	471	RS-GCF-017579825.1-NZ-CP049819.1--4
14569-1492R-R-G8	RS-GCF-017579825.1-NZ-CP049819.1--3	96.820	308	92	283	4.04e-131	471	RS-GCF-017579825.1-NZ-CP049819.1--3
14569-1492R-R-G8	RS-GCF-017579825.1-NZ-CP049819.1	96.820	308	92	283	4.04e-131	471	RS-GCF-017579825.1-NZ-CP049819.1
14569-1492R-R-G8	RS-GCF-002975395.1-NZ-PCPO01000063.1	96.820	308	92	283	4.04e-131	471	RS-GCF-002975395.1-NZ-PCPO01000063.1
14569-1492R-R-G8	RS-GCF-002979855.1-NZ-PCPY01000014.1	96.820	308	92	283	4.04e-131	471	RS-GCF-002979855.1-NZ-PCPY01000014.1
14569-1492R-R-G8	RS-GCF-001013455.1-NZ-LCYH01000002.1	96.820	308	92	283	4.04e-131	471	RS-GCF-001013455.1-NZ-LCYH01000002.1
14569-1492R-R-G8	RS-GCF-003633665.1-NZ-RBLB01000002.1	96.820	308	92	283	4.04e-131	471	RS-GCF-003633665.1-NZ-RBLB01000002.1
14569-1492R-R-G8	RS-GCF-009903675.1-NZ-WYDN01000033.1	96.820	308	92	283	4.04e-131	471	RS-GCF-009903675.1-NZ-WYDN01000033.1
14569-1492R-R-G8	RS-GCF-004525745.1-NZ-SPDS01000002.1--2	96.820	308	92	283	4.04e-131	471	RS-GCF-004525745.1-NZ-SPDS01000002.1--2
14569-1492R-R-G8	RS-GCF-002797775.1-NZ-PGEY01000001.1--6	96.820	308	92	283	4.04e-131	471	RS-GCF-002797775.1-NZ-PGEY01000001.1--6
14569-1492R-R-G8	RS-GCF-002797775.1-NZ-PGEY01000001.1--3	96.820	308	92	283	4.04e-131	471	RS-GCF-002797775.1-NZ-PGEY01000001.1--3
14569-1492R-R-G8	RS-GCF-002797775.1-NZ-PGEY01000001.1	96.820	308	92	283	4.04e-131	471	RS-GCF-002797775.1-NZ-PGEY01000001.1
14569-1492R-R-G8	RS-GCF-001552115.1-NZ-BCQO01000012.1	96.820	308	92	283	4.04e-131	471	RS-GCF-001552115.1-NZ-BCQO01000012.1
14569-1492R-R-G8	RS-GCF-003687415.1-NZ-CP033081.1--5	96.820	308	92	283	4.04e-131	471	RS-GCF-003687415.1-NZ-CP033081.1--5
14569-1492R-R-G8	RS-GCF-003687415.1-NZ-CP033081.1	96.820	308	92	283	4.04e-131	471	RS-GCF-003687415.1-NZ-CP033081.1
14569-1492R-R-G8	RS-GCF-014672815.1-NZ-CP059853.1--4	96.820	308	92	283	4.04e-131	471	RS-GCF-014672815.1-NZ-CP059853.1--4
14569-1492R-R-G8	RS-GCF-014672815.1-NZ-CP059853.1	96.820	308	92	283	4.04e-131	471	RS-GCF-014672815.1-NZ-CP059853.1
14569-1492R-R-G8	RS-GCF-008370855.1-NZ-CP043624.1--4	96.820	308	92	283	4.04e-131	471	RS-GCF-008370855.1-NZ-CP043624.1--4
14569-1492R-R-G8	RS-GCF-008370855.1-NZ-CP043624.1--3	96.820	308	92	283	4.04e-131	471	RS-GCF-008370855.1-NZ-CP043624.1--3
14569-1492R-R-G8	RS-GCF-008370855.1-NZ-CP043624.1--2	96.820	308	92	283	4.04e-131	471	RS-GCF-008370855.1-NZ-CP043624.1--2
14569-1492R-R-G8	RS-GCF-008370855.1-NZ-CP043624.1	96.820	308	92	283	4.04e-131	471	RS-GCF-008370855.1-NZ-CP043624.1
14569-1492R-R-G8	RS-GCF-000812065.1-NZ-JPZK01000022.1	96.820	308	92	283	4.04e-131	471	RS-GCF-000812065.1-NZ-JPZK01000022.1
14569-1492R-R-G8	RS-GCF-004362545.1-NZ-SNXQ01000002.1	96.820	308	92	283	4.04e-131	471	RS-GCF-004362545.1-NZ-SNXQ01000002.1
14569-1492R-R-G8	RS-GCF-001476175.1-NZ-LDRF01000019.1	96.820	308	92	283	4.04e-131	471	RS-GCF-001476175.1-NZ-LDRF01000019.1
14569-1492R-R-G8	RS-GCF-016028855.1-NZ-CP065738.1	96.820	308	92	283	4.04e-131	471	RS-GCF-016028855.1-NZ-CP065738.1
14569-1492R-R-G8	RS-GCF-014863565.1-NZ-CP062235.1--2	96.820	308	92	283	4.04e-131	471	RS-GCF-014863565.1-NZ-CP062235.1--2
14569-1492R-R-G8	RS-GCF-001854365.1-NZ-CP017421.1	96.820	308	92	283	4.04e-131	471	RS-GCF-001854365.1-NZ-CP017421.1
14569-1492R-R-G8	RS-GCF-011393315.1-NZ-JAAGBD010000040.1	96.820	308	92	283	4.04e-131	471	RS-GCF-011393315.1-NZ-JAAGBD010000040.1
14569-1492R-R-G8	RS-GCF-014076395.1-NZ-CP043010.1	96.820	308	92	283	4.04e-131	471	RS-GCF-014076395.1-NZ-CP043010.1
14569-1492R-R-G8	RS-GCF-019067065.1-NZ-JAGIXT010000050.1	96.820	308	92	283	4.04e-131	471	RS-GCF-019067065.1-NZ-JAGIXT010000050.1
14569-1492R-R-G8	RS-GCF-018801225.1-NZ-CP037989.1	96.820	308	92	283	4.04e-131	471	RS-GCF-018801225.1-NZ-CP037989.1
14569-1492R-R-G8	RS-GCF-018800945.1-NZ-CP037978.1	96.820	308	92	283	4.04e-131	471	RS-GCF-018800945.1-NZ-CP037978.1
14569-1492R-R-G8	RS-GCF-002931015.1-NZ-PSXV01000065.1	96.820	308	92	283	4.04e-131	471	RS-GCF-002931015.1-NZ-PSXV01000065.1
14569-1492R-R-G8	RS-GCF-900475555.1-NZ-LS483396.1	96.820	308	92	283	4.04e-131	471	RS-GCF-900475555.1-NZ-LS483396.1
14569-1492R-R-G8	RS-GCF-001556945.1-NZ-LSKC01000103.1	96.820	308	92	283	4.04e-131	471	RS-GCF-001556945.1-NZ-LSKC01000103.1
14569-1492R-R-G8	RS-GCF-016403245.1-NZ-CP066288.1	96.820	308	92	283	4.04e-131	471	RS-GCF-016403245.1-NZ-CP066288.1
14569-1492R-R-G8	RS-GCF-013426035.1-NZ-CP059046.1	96.820	308	92	283	4.04e-131	471	RS-GCF-013426035.1-NZ-CP059046.1
14569-1492R-R-G8	RS-GCF-900453025.1-NZ-UGPQ01000001.1	96.820	308	92	283	4.04e-131	471	RS-GCF-900453025.1-NZ-UGPQ01000001.1
14569-1492R-R-G8	RS-GCF-000176875.1-NZ-ADCD01000038.1	96.820	308	92	283	4.04e-131	471	RS-GCF-000176875.1-NZ-ADCD01000038.1
14569-1492R-R-G8	RS-GCF-003989335.1-NZ-RBLS01000138.1	96.820	308	92	283	4.04e-131	471	RS-GCF-003989335.1-NZ-RBLS01000138.1
14569-1492R-R-G8	RS-GCF-014217235.1-NZ-CP058971.1--2	96.820	308	92	283	4.04e-131	471	RS-GCF-014217235.1-NZ-CP058971.1--2
14569-1492R-R-G8	G900070355	96.820	308	92	283	4.04e-131	471	G900070355
14569-1492R-R-G8	G012396615	96.820	308	92	283	4.04e-131	471	G012396615
14569-1492R-R-G8	G009299795	96.820	308	92	283	4.04e-131	471	G009299795
14569-1492R-R-G8	G006539205	96.820	308	92	283	4.04e-131	471	G006539205
14569-1492R-R-G8	G005774635	96.820	308	92	283	4.04e-131	471	G005774635
14569-1492R-R-G8	G002206575	96.820	308	92	283	4.04e-131	471	G002206575
14569-1492R-R-G8	G001968835	96.820	308	92	283	4.04e-131	471	G001968835
14569-1492R-R-G8	G001552095	96.820	308	92	283	4.04e-131	471	G001552095
14569-1492R-R-G8	G001542565	96.820	308	92	283	4.04e-131	471	G001542565
14569-1492R-R-G8	G001484605	96.820	308	92	283	4.04e-131	471	G001484605
14569-1492R-R-G8	G001476195	96.820	308	92	283	4.04e-131	471	G001476195
14569-1492R-R-G8	G001465855	96.820	308	92	283	4.04e-131	471	G001465855
14569-1492R-R-G8	G001424565	96.820	308	92	283	4.04e-131	471	G001424565
14569-1492R-R-G8	G001302565	96.820	308	92	283	4.04e-131	471	G001302565
14569-1492R-R-G8	G001281115	96.820	308	92	283	4.04e-131	471	G001281115
14569-1492R-R-G8	G000950575	96.820	308	92	283	4.04e-131	471	G000950575
14569-1492R-R-G8	G000813845	96.820	308	92	283	4.04e-131	471	G000813845
14569-1492R-R-G8	G000800955	96.820	308	92	283	4.04e-131	471	G000800955
14569-1492R-R-G8	G000348945	96.820	308	92	283	4.04e-131	471	G000348945
14569-1492R-R-G8	G000197735	96.820	308	92	283	4.04e-131	471	G000197735
14569-1492R-R-G8	G000189535	96.820	308	92	283	4.04e-131	471	G000189535
14569-1492R-R-G8	G000023205	96.820	308	92	283	4.04e-131	471	G000023205
14569-1492R-R-G8	G000022025	96.820	308	92	283	4.04e-131	471	G000022025
14569-1492R-R-G8	G000014925	96.820	308	92	283	4.04e-131	471	G000014925
14569-1492R-R-G8	MG210584	96.820	308	92	283	4.04e-131	471	MG210584
14569-1492R-R-G8	MN559964	96.820	308	92	283	4.04e-131	471	MN559964
14569-1492R-R-G8	LC042201	96.820	308	92	283	4.04e-131	471	LC042201
14569-1492R-R-G8	LC042200	96.820	308	92	283	4.04e-131	471	LC042200
14569-1492R-R-G8	LC042212	96.820	308	92	283	4.04e-131	471	LC042212
14569-1492R-R-G8	LC042208	96.820	308	92	283	4.04e-131	471	LC042208
14569-1492R-R-G8	LC042207	96.820	308	92	283	4.04e-131	471	LC042207
14569-1492R-R-G8	EU009865	96.820	308	92	283	4.04e-131	471	EU009865
14569-1492R-R-G8	AJ415376	96.820	308	92	283	4.04e-131	471	AJ415376
14569-1492R-R-G8	KJ934258	96.820	308	92	283	4.04e-131	471	KJ934258
14569-1492R-R-G8	EF125186	96.820	308	92	283	4.04e-131	471	EF125186
14569-1492R-R-G8	KJ809567	96.820	308	92	283	4.04e-131	471	KJ809567
14569-1492R-R-G8	AB248531	96.820	308	92	283	4.04e-131	471	AB248531
14569-1492R-R-G8	HQ605707	96.820	308	92	283	4.04e-131	471	HQ605707
14569-1492R-R-G8	X80746	96.820	308	92	283	4.04e-131	471	X80746
14569-1492R-R-G8	X80749	96.820	308	92	283	4.04e-131	471	X80749
14569-1492R-R-G8	DQ979377	96.820	308	92	283	4.04e-131	471	DQ979377
14569-1492R-R-G8	FJ607312	96.820	308	92	283	4.04e-131	471	FJ607312
14569-1492R-R-G8	AY043359	96.820	308	92	283	4.04e-131	471	AY043359
14569-1492R-R-G8	AJ131121	96.820	308	92	283	4.04e-131	471	AJ131121
14569-1492R-R-G8	DQ822568	96.820	308	92	283	4.04e-131	471	DQ822568
14569-1492R-R-G8	KR610332	96.820	308	92	283	4.04e-131	471	KR610332
14569-1492R-R-G8	KF895368	96.820	308	92	283	4.04e-131	471	KF895368
14569-1492R-R-G8	MK163557	96.820	308	92	283	4.04e-131	471	MK163557
14569-1492R-R-G8	AJ278870	96.820	308	92	283	4.04e-131	471	AJ278870
14569-1492R-R-G8	LT601574	96.820	308	92	283	4.04e-131	471	LT601574
14569-1492R-R-G8	EU977596	96.820	308	92	283	4.04e-131	471	EU977596
14569-1492R-R-G8	LN827958	96.820	308	92	283	4.04e-131	471	LN827958
14569-1492R-R-G8	KJ789956	96.820	308	92	283	4.04e-131	471	KJ789956
14569-1492R-R-G8	FN673681	96.820	308	92	283	4.04e-131	471	FN673681
14569-1492R-R-G8	EU847536	96.820	308	92	283	4.04e-131	471	EU847536
14569-1492R-R-G8	FJ425902	96.820	308	92	283	4.04e-131	471	FJ425902
14569-1492R-R-G8	FM992367	96.820	308	92	283	4.04e-131	471	FM992367
14569-1492R-R-G8	X80750	96.820	308	92	283	4.04e-131	471	X80750
14569-1492R-R-G8	AJ536198	96.820	308	92	283	4.04e-131	471	AJ536198
14569-1492R-R-G8	KF524364	96.820	308	92	283	4.04e-131	471	KF524364
14569-1492R-R-G8	DQ491453	96.820	308	92	283	4.04e-131	471	DQ491453
14569-1492R-R-G8	AJ005932	96.820	308	92	283	4.04e-131	471	AJ005932
14569-1492R-R-G8	X93353	96.820	308	92	283	4.04e-131	471	X93353
14569-1492R-R-G8	KF479547	96.820	308	92	283	4.04e-131	471	KF479547
14569-1492R-R-G8	AJ616763	96.820	308	92	283	4.04e-131	471	AJ616763
14569-1492R-R-G8	AJ606061	96.820	308	92	283	4.04e-131	471	AJ606061
14569-1492R-R-G8	AM931709	96.820	308	92	283	4.04e-131	471	AM931709
14569-1492R-R-G8	EF660748	96.820	308	92	283	4.04e-131	471	EF660748
14569-1492R-R-G8	X80745	96.820	308	92	283	4.04e-131	471	X80745
14569-1492R-R-G8	AJ609630	96.820	308	92	283	4.04e-131	471	AJ609630
14569-1492R-R-G8	X80739	96.820	308	92	283	4.04e-131	471	X80739
14569-1492R-R-G8	AJ617482	96.820	308	92	283	4.04e-131	471	AJ617482
14569-1492R-R-G8	FQ311875	96.820	308	92	283	4.04e-131	471	FQ311875
14569-1492R-R-G8	KT444697	96.820	308	92	283	4.04e-131	471	KT444697
14569-1492R-R-G8	MH063435	96.820	308	92	283	4.04e-131	471	MH063435
14569-1492R-R-G8	HQ657321	96.820	308	92	283	4.04e-131	471	HQ657321
14569-1492R-R-G8	AF235090	96.820	308	92	283	4.04e-131	471	AF235090
14569-1492R-R-G8	AB248527	96.820	308	92	283	4.04e-131	471	AB248527
14569-1492R-R-G8	JX141781	96.820	308	92	283	4.04e-131	471	JX141781
14569-1492R-R-G8	KF150696	96.820	308	92	283	4.04e-131	471	KF150696
14569-1492R-R-G8	AJ512504	96.820	308	92	283	4.04e-131	471	AJ512504
14569-1492R-R-G8	X83405	96.820	308	92	283	4.04e-131	471	X83405
14569-1492R-R-G8	X83407	96.820	308	92	283	4.04e-131	471	X83407
14569-1492R-R-G8	JQ955626	96.820	308	92	283	4.04e-131	471	JQ955626
14569-1492R-R-G8	X83406	96.820	308	92	283	4.04e-131	471	X83406
14569-1492R-R-G8	X80743	96.820	308	92	283	4.04e-131	471	X80743
14569-1492R-R-G8	MK211245	96.820	308	92	283	4.04e-131	471	MK211245
14569-1492R-R-G8	JF421614	96.820	308	92	283	4.04e-131	471	JF421614
14569-1492R-R-G8	AB248526	96.820	308	92	283	4.04e-131	471	AB248526
14569-1492R-R-G8	AM409361	96.820	308	92	283	4.04e-131	471	AM409361
14569-1492R-R-G8	FN673551	96.820	308	92	283	4.04e-131	471	FN673551
14569-1492R-R-G8	CP001341	96.820	308	92	283	4.04e-131	471	CP001341
14569-1492R-R-G8	GU815139	96.820	308	92	283	4.04e-131	471	GU815139
14569-1492R-R-G8	AF235091	96.820	308	92	283	4.04e-131	471	AF235091
14569-1492R-R-G8	X80741	96.820	308	92	283	4.04e-131	471	X80741
14569-1492R-R-G8	X83408	96.820	308	92	283	4.04e-131	471	X83408
14569-1492R-R-G8	KU921532	96.820	308	92	283	4.04e-131	471	KU921532
14569-1492R-R-G8	KP899144	96.820	308	92	283	4.04e-131	471	KP899144
14569-1492R-R-G8	KY608092	96.820	308	92	283	4.04e-131	471	KY608092
14569-1492R-R-G8	AUDF01000011	96.820	308	92	283	4.04e-131	471	AUDF01000011
14569-1492R-R-G8	RS-GCF-901875305.1-NZ-CABFLY010000004.1	96.167	308	93	287	1.41e-130	469	RS-GCF-901875305.1-NZ-CABFLY010000004.1
14569-1492R-R-G8	RS-GCF-001065485.1-NZ-JVBL01000150.1	96.167	308	93	287	1.41e-130	469	RS-GCF-001065485.1-NZ-JVBL01000150.1
14569-1492R-R-G8	RS-GCF-001809565.1-NZ-KV797954.1	96.167	308	93	287	1.41e-130	469	RS-GCF-001809565.1-NZ-KV797954.1
14569-1492R-R-G8	RS-GCF-001062855.1-NZ-JVRG01000010.1	96.167	308	93	287	1.41e-130	469	RS-GCF-001062855.1-NZ-JVRG01000010.1
14569-1492R-R-G8	RS-GCF-001810135.1-NZ-KV800084.1	96.167	308	93	287	1.41e-130	469	RS-GCF-001810135.1-NZ-KV800084.1
14569-1492R-R-G8	RS-GCF-001813565.1-NZ-KV812868.1	96.167	308	93	287	1.41e-130	469	RS-GCF-001813565.1-NZ-KV812868.1
14569-1492R-R-G8	RS-GCF-001064585.1-NZ-JVLK01000032.1	96.167	308	93	287	1.41e-130	469	RS-GCF-001064585.1-NZ-JVLK01000032.1
14569-1492R-R-G8	RS-GCF-001810775.1-NZ-KV802661.1	96.167	308	93	287	1.41e-130	469	RS-GCF-001810775.1-NZ-KV802661.1
14569-1492R-R-G8	RS-GCF-001808945.1-NZ-KV795043.1	96.167	308	93	287	1.41e-130	469	RS-GCF-001808945.1-NZ-KV795043.1
14569-1492R-R-G8	RS-GCF-001061655.1-NZ-JVST01000026.1	96.167	308	93	287	1.41e-130	469	RS-GCF-001061655.1-NZ-JVST01000026.1
14569-1492R-R-G8	RS-GCF-001812895.1-NZ-KV810708.1	96.167	308	93	287	1.41e-130	469	RS-GCF-001812895.1-NZ-KV810708.1
14569-1492R-R-G8	RS-GCF-001811075.1-NZ-KZ627124.1	96.167	308	93	287	1.41e-130	469	RS-GCF-001811075.1-NZ-KZ627124.1
14569-1492R-R-G8	GB-GCA-015265395.1-JABZXT010000001.1	96.167	308	93	287	1.41e-130	469	GB-GCA-015265395.1-JABZXT010000001.1
14569-1492R-R-G8	RS-GCF-001063995.1-NZ-JVPY01000012.1	96.167	308	93	287	1.41e-130	469	RS-GCF-001063995.1-NZ-JVPY01000012.1
14569-1492R-R-G8	RS-GCF-001815755.1-NZ-KV821851.1	96.167	308	93	287	1.41e-130	469	RS-GCF-001815755.1-NZ-KV821851.1
14569-1492R-R-G8	RS-GCF-001814995.1-NZ-KV818677.1	96.167	308	93	287	1.41e-130	469	RS-GCF-001814995.1-NZ-KV818677.1
14569-1492R-R-G8	RS-GCF-002861015.1-NZ-PKIQ01000008.1	96.167	308	93	287	1.41e-130	469	RS-GCF-002861015.1-NZ-PKIQ01000008.1
14569-1492R-R-G8	RS-GCF-001837295.1-NZ-KV831974.1	96.167	308	93	287	1.41e-130	469	RS-GCF-001837295.1-NZ-KV831974.1
14569-1492R-R-G8	RS-GCF-001064265.1-NZ-JVNP01000013.1	96.167	308	93	287	1.41e-130	469	RS-GCF-001064265.1-NZ-JVNP01000013.1
14569-1492R-R-G8	RS-GCF-000175615.1-NZ-ACVO01000020.1	96.167	308	93	287	1.41e-130	469	RS-GCF-000175615.1-NZ-ACVO01000020.1
14569-1492R-R-G8	RS-GCF-001812285.1-NZ-KV808398.1	96.167	308	93	287	1.41e-130	469	RS-GCF-001812285.1-NZ-KV808398.1
14569-1492R-R-G8	GB-GCA-015260035.1-JABZXL010000001.1	96.167	308	93	287	1.41e-130	469	GB-GCA-015260035.1-JABZXL010000001.1
14569-1492R-R-G8	RS-GCF-001065115.1-NZ-JVFT01000001.1	96.167	308	93	287	1.41e-130	469	RS-GCF-001065115.1-NZ-JVFT01000001.1
14569-1492R-R-G8	G000011025	96.167	308	93	287	1.41e-130	469	G000011025
14569-1492R-R-G8	X87758	96.167	308	93	287	1.41e-130	469	X87758
14569-1492R-R-G8	RS-GCF-003399635.1-NZ-NBXB01000014.1	96.479	308	92	284	1.41e-130	468	RS-GCF-003399635.1-NZ-NBXB01000014.1
14569-1492R-R-G8	RS-GCF-003399625.1-NZ-NBXA01000010.1	96.479	308	92	284	1.41e-130	468	RS-GCF-003399625.1-NZ-NBXA01000010.1
14569-1492R-R-G8	RS-GCF-003399685.1-NZ-NBWZ01000001.1	96.479	308	92	284	1.41e-130	468	RS-GCF-003399685.1-NZ-NBWZ01000001.1
14569-1492R-R-G8	RS-GCF-003399645.1-NZ-NBXD01000010.1	96.479	308	92	284	1.41e-130	468	RS-GCF-003399645.1-NZ-NBXD01000010.1
14569-1492R-R-G8	G006716115	96.479	308	92	284	1.41e-130	468	G006716115
14569-1492R-R-G8	G000799285	96.479	308	92	284	1.41e-130	468	G000799285
14569-1492R-R-G8	G000421145	96.479	308	92	284	1.41e-130	468	G000421145
14569-1492R-R-G8	AB378301	96.479	308	92	284	1.41e-130	468	AB378301
14569-1492R-R-G8	RS-GCF-018866305.1-NZ-CP076456.1--6	96.820	308	92	283	4.92e-130	467	RS-GCF-018866305.1-NZ-CP076456.1--6
14569-1492R-R-G8	RS-GCF-018866305.1-NZ-CP076456.1--4	96.820	308	92	283	4.92e-130	467	RS-GCF-018866305.1-NZ-CP076456.1--4
14569-1492R-R-G8	RS-GCF-008370855.1-NZ-CP043624.1--5	96.820	308	92	283	4.92e-130	467	RS-GCF-008370855.1-NZ-CP043624.1--5
14569-1492R-R-G8	RS-GCF-015351075.1-NZ-JADKRS010000005.1	96.466	308	92	283	4.92e-130	466	RS-GCF-015351075.1-NZ-JADKRS010000005.1
14569-1492R-R-G8	RS-GCF-003130585.1-NZ-QFKX01000011.1	96.466	308	92	283	4.92e-130	466	RS-GCF-003130585.1-NZ-QFKX01000011.1
14569-1492R-R-G8	RS-GCF-015350995.1-NZ-JADKRW010000015.1	96.466	308	92	283	4.92e-130	466	RS-GCF-015350995.1-NZ-JADKRW010000015.1
14569-1492R-R-G8	RS-GCF-003219815.1-NZ-QJVD01000066.1	96.466	308	92	283	4.92e-130	466	RS-GCF-003219815.1-NZ-QJVD01000066.1
14569-1492R-R-G8	RS-GCF-012985205.1-NZ-JABEKS010000007.1	96.466	308	92	283	4.92e-130	466	RS-GCF-012985205.1-NZ-JABEKS010000007.1
14569-1492R-R-G8	RS-GCF-003234795.1-NZ-QKTI01000033.1	96.466	308	92	283	4.92e-130	466	RS-GCF-003234795.1-NZ-QKTI01000033.1
14569-1492R-R-G8	RS-GCF-018885305.1-NZ-CP076544.1--4	96.466	308	92	283	4.92e-130	466	RS-GCF-018885305.1-NZ-CP076544.1--4
14569-1492R-R-G8	RS-GCF-018885305.1-NZ-CP076544.1--2	96.466	308	92	283	4.92e-130	466	RS-GCF-018885305.1-NZ-CP076544.1--2
14569-1492R-R-G8	RS-GCF-018885305.1-NZ-CP076544.1	96.466	308	92	283	4.92e-130	466	RS-GCF-018885305.1-NZ-CP076544.1
14569-1492R-R-G8	RS-GCF-007680845.1-NZ-VEIY01000016.1	96.466	308	92	283	4.92e-130	466	RS-GCF-007680845.1-NZ-VEIY01000016.1
14569-1492R-R-G8	RS-GCF-002151125.1-NZ-MDJZ01000014.1	96.466	308	92	283	4.92e-130	466	RS-GCF-002151125.1-NZ-MDJZ01000014.1
14569-1492R-R-G8	RS-GCF-007859675.1-NZ-CP042305.1--2	96.466	308	92	283	4.92e-130	466	RS-GCF-007859675.1-NZ-CP042305.1--2
14569-1492R-R-G8	RS-GCF-007859675.1-NZ-CP042305.1	96.466	308	92	283	4.92e-130	466	RS-GCF-007859675.1-NZ-CP042305.1
14569-1492R-R-G8	RS-GCF-001424195.1-NZ-LMOO01000006.1	96.466	308	92	283	4.92e-130	466	RS-GCF-001424195.1-NZ-LMOO01000006.1
14569-1492R-R-G8	RS-GCF-900258505.1-NZ-LT984895.1	96.466	308	92	283	4.92e-130	466	RS-GCF-900258505.1-NZ-LT984895.1
14569-1492R-R-G8	RS-GCF-016907335.1-NZ-JAFBBT010000001.1--2	96.466	308	92	283	4.92e-130	466	RS-GCF-016907335.1-NZ-JAFBBT010000001.1--2
14569-1492R-R-G8	RS-GCF-009834225.1-NZ-CP047176.1	96.466	308	92	283	4.92e-130	466	RS-GCF-009834225.1-NZ-CP047176.1
14569-1492R-R-G8	RS-GCF-007954365.1-NZ-VOLO01000011.1	96.466	308	92	283	4.92e-130	466	RS-GCF-007954365.1-NZ-VOLO01000011.1
14569-1492R-R-G8	RS-GCF-018531375.1-NZ-JAHBOH010000003.1	96.466	308	92	283	4.92e-130	466	RS-GCF-018531375.1-NZ-JAHBOH010000003.1
14569-1492R-R-G8	RS-GCF-015350905.1-NZ-JADKRZ010000010.1	96.466	308	92	283	4.92e-130	466	RS-GCF-015350905.1-NZ-JADKRZ010000010.1
14569-1492R-R-G8	RS-GCF-014190875.1-NZ-JACHVS010000001.1	96.466	308	92	283	4.92e-130	466	RS-GCF-014190875.1-NZ-JACHVS010000001.1
14569-1492R-R-G8	RS-GCF-016862675.1-NZ-BONK01000025.1	96.466	308	92	283	4.92e-130	466	RS-GCF-016862675.1-NZ-BONK01000025.1
14569-1492R-R-G8	RS-GCF-002090135.1-NZ-BBRL01000014.1	96.466	308	92	283	4.92e-130	466	RS-GCF-002090135.1-NZ-BBRL01000014.1
14569-1492R-R-G8	RS-GCF-006517535.1-NZ-VHQH01000322.1	96.466	308	92	283	4.92e-130	466	RS-GCF-006517535.1-NZ-VHQH01000322.1
14569-1492R-R-G8	RS-GCF-003755185.1-NZ-RKIC01000006.1	96.466	308	92	283	4.92e-130	466	RS-GCF-003755185.1-NZ-RKIC01000006.1
14569-1492R-R-G8	RS-GCF-003234855.1-NZ-QKTO01000024.1	96.466	308	92	283	4.92e-130	466	RS-GCF-003234855.1-NZ-QKTO01000024.1
14569-1492R-R-G8	RS-GCF-016921195.1-NZ-JAFGYF010000005.1	96.466	308	92	283	4.92e-130	466	RS-GCF-016921195.1-NZ-JAFGYF010000005.1
14569-1492R-R-G8	RS-GCF-001571045.1-NZ-BCSV01000013.1	96.466	308	92	283	4.92e-130	466	RS-GCF-001571045.1-NZ-BCSV01000013.1
14569-1492R-R-G8	RS-GCF-007989805.1-NZ-BJUB01000021.1	96.466	308	92	283	4.92e-130	466	RS-GCF-007989805.1-NZ-BJUB01000021.1
14569-1492R-R-G8	RS-GCF-003610585.1-NZ-RAQA01000006.1	96.466	308	92	283	4.92e-130	466	RS-GCF-003610585.1-NZ-RAQA01000006.1
14569-1492R-R-G8	RS-GCF-001475545.1-NZ-LDQC01000104.1	96.466	308	92	283	4.92e-130	466	RS-GCF-001475545.1-NZ-LDQC01000104.1
14569-1492R-R-G8	RS-GCF-900177245.1-NZ-FXBM01000005.1	96.466	308	92	283	4.92e-130	466	RS-GCF-900177245.1-NZ-FXBM01000005.1
14569-1492R-R-G8	RS-GCF-009708005.2-NZ-CP052757.1--2	96.466	308	92	283	4.92e-130	466	RS-GCF-009708005.2-NZ-CP052757.1--2
14569-1492R-R-G8	RS-GCF-009834185.1-NZ-CP047173.1	96.466	308	92	283	4.92e-130	466	RS-GCF-009834185.1-NZ-CP047173.1
14569-1492R-R-G8	RS-GCF-002798015.1-NZ-PGTZ01000003.1	96.466	308	92	283	4.92e-130	466	RS-GCF-002798015.1-NZ-PGTZ01000003.1
14569-1492R-R-G8	RS-GCF-000974805.1-NZ-BBQZ01000002.1	96.466	308	92	283	4.92e-130	466	RS-GCF-000974805.1-NZ-BBQZ01000002.1
14569-1492R-R-G8	RS-GCF-017833035.1-NZ-JAFIBM010000001.1--2	96.466	308	92	283	4.92e-130	466	RS-GCF-017833035.1-NZ-JAFIBM010000001.1--2
14569-1492R-R-G8	RS-GCF-006539945.1-NZ-BJNZ01000055.1	96.466	308	92	283	4.92e-130	466	RS-GCF-006539945.1-NZ-BJNZ01000055.1
14569-1492R-R-G8	RS-GCF-001281315.1-NZ-CP012477.1--4	96.466	308	92	283	4.92e-130	466	RS-GCF-001281315.1-NZ-CP012477.1--4
14569-1492R-R-G8	RS-GCF-001281315.1-NZ-CP012477.1	96.466	308	92	283	4.92e-130	466	RS-GCF-001281315.1-NZ-CP012477.1
14569-1492R-R-G8	GB-GCA-013204985.1-JABMLG010000019.1	96.466	308	92	283	4.92e-130	466	GB-GCA-013204985.1-JABMLG010000019.1
14569-1492R-R-G8	RS-GCF-014842255.1-NZ-JACYVH010000016.1	96.466	308	92	283	4.92e-130	466	RS-GCF-014842255.1-NZ-JACYVH010000016.1
14569-1492R-R-G8	RS-GCF-004123805.1-NZ-RWJX01000158.1	96.466	308	92	283	4.92e-130	466	RS-GCF-004123805.1-NZ-RWJX01000158.1
14569-1492R-R-G8	RS-GCF-013249015.1-NZ-JABRPL010000014.1	96.466	308	92	283	4.92e-130	466	RS-GCF-013249015.1-NZ-JABRPL010000014.1
14569-1492R-R-G8	RS-GCF-001865065.1-NZ-MJGN01000004.1	96.466	308	92	283	4.92e-130	466	RS-GCF-001865065.1-NZ-MJGN01000004.1
14569-1492R-R-G8	RS-GCF-011761235.1-NZ-JAAOYW010000005.1	96.466	308	92	283	4.92e-130	466	RS-GCF-011761235.1-NZ-JAAOYW010000005.1
14569-1492R-R-G8	RS-GCF-016267665.1-NZ-CP066341.1	96.466	308	92	283	4.92e-130	466	RS-GCF-016267665.1-NZ-CP066341.1
14569-1492R-R-G8	RS-GCF-000971175.1-NZ-BBLY01000002.1	96.466	308	92	283	4.92e-130	466	RS-GCF-000971175.1-NZ-BBLY01000002.1
14569-1492R-R-G8	RS-GCF-017876535.1-NZ-JAGIOF010000001.1	96.466	308	92	283	4.92e-130	466	RS-GCF-017876535.1-NZ-JAGIOF010000001.1
14569-1492R-R-G8	RS-GCF-001865015.1-NZ-MJGV01000016.1	96.466	308	92	283	4.92e-130	466	RS-GCF-001865015.1-NZ-MJGV01000016.1
14569-1492R-R-G8	RS-GCF-007989825.1-NZ-BJUA01000034.1	96.466	308	92	283	4.92e-130	466	RS-GCF-007989825.1-NZ-BJUA01000034.1
14569-1492R-R-G8	RS-GCF-014635585.1-NZ-BMDC01000006.1	96.466	308	92	283	4.92e-130	466	RS-GCF-014635585.1-NZ-BMDC01000006.1
14569-1492R-R-G8	RS-GCF-900109245.1-NZ-FNZI01000012.1	96.466	308	92	283	4.92e-130	466	RS-GCF-900109245.1-NZ-FNZI01000012.1
14569-1492R-R-G8	RS-GCF-002931175.1-NZ-PSTR01000038.1	96.466	308	92	283	4.92e-130	466	RS-GCF-002931175.1-NZ-PSTR01000038.1
14569-1492R-R-G8	RS-GCF-001423905.1-NZ-LMPQ01000008.1	96.466	308	92	283	4.92e-130	466	RS-GCF-001423905.1-NZ-LMPQ01000008.1
14569-1492R-R-G8	RS-GCF-014138325.1-NZ-JACGXP010000010.1	96.466	308	92	283	4.92e-130	466	RS-GCF-014138325.1-NZ-JACGXP010000010.1
14569-1492R-R-G8	RS-GCF-007988805.1-NZ-BJUV01000064.1	96.466	308	92	283	4.92e-130	466	RS-GCF-007988805.1-NZ-BJUV01000064.1
14569-1492R-R-G8	RS-GCF-002025645.1-NZ-CP018783.1	96.466	308	92	283	4.92e-130	466	RS-GCF-002025645.1-NZ-CP018783.1
14569-1492R-R-G8	RS-GCF-001424285.1-NZ-LMPB01000002.1	96.466	308	92	283	4.92e-130	466	RS-GCF-001424285.1-NZ-LMPB01000002.1
14569-1492R-R-G8	RS-GCF-016907755.1-NZ-JAFBCN010000001.1	96.466	308	92	283	4.92e-130	466	RS-GCF-016907755.1-NZ-JAFBCN010000001.1
14569-1492R-R-G8	RS-GCF-012271785.1-NZ-JAAWVT010000023.1	96.466	308	92	283	4.92e-130	466	RS-GCF-012271785.1-NZ-JAAWVT010000023.1
14569-1492R-R-G8	RS-GCF-004136585.1-NZ-NOIR01000006.1	96.466	308	92	283	4.92e-130	466	RS-GCF-004136585.1-NZ-NOIR01000006.1
14569-1492R-R-G8	RS-GCF-013205055.1-NZ-JABMLF010000008.1	96.466	308	92	283	4.92e-130	466	RS-GCF-013205055.1-NZ-JABMLF010000008.1
14569-1492R-R-G8	RS-GCF-003234525.1-NZ-QKTS01000029.1	96.466	308	92	283	4.92e-130	466	RS-GCF-003234525.1-NZ-QKTS01000029.1
14569-1492R-R-G8	RS-GCF-009807175.1-NZ-WUCD01000001.1	96.466	308	92	283	4.92e-130	466	RS-GCF-009807175.1-NZ-WUCD01000001.1
14569-1492R-R-G8	RS-GCF-016900975.1-NZ-JAFEUE010000122.1	96.466	308	92	283	4.92e-130	466	RS-GCF-016900975.1-NZ-JAFEUE010000122.1
14569-1492R-R-G8	RS-GCF-001423055.1-NZ-LMNT01000002.1	96.466	308	92	283	4.92e-130	466	RS-GCF-001423055.1-NZ-LMNT01000002.1
14569-1492R-R-G8	RS-GCF-003762905.1-NZ-RJKS01000008.1	96.466	308	92	283	4.92e-130	466	RS-GCF-003762905.1-NZ-RJKS01000008.1
14569-1492R-R-G8	RS-GCF-900110125.1-NZ-FOCN01000062.1	96.466	308	92	283	4.92e-130	466	RS-GCF-900110125.1-NZ-FOCN01000062.1
14569-1492R-R-G8	RS-GCF-000971415.1-NZ-BBMF01000009.1	96.466	308	92	283	4.92e-130	466	RS-GCF-000971415.1-NZ-BBMF01000009.1
14569-1492R-R-G8	RS-GCF-000971375.1-NZ-BBMD01000007.1	96.466	308	92	283	4.92e-130	466	RS-GCF-000971375.1-NZ-BBMD01000007.1
14569-1492R-R-G8	RS-GCF-010119915.1-NZ-CP048210.1	96.466	308	92	283	4.92e-130	466	RS-GCF-010119915.1-NZ-CP048210.1
14569-1492R-R-G8	RS-GCF-003851725.1-NZ-BHYL01000127.1	96.466	308	92	283	4.92e-130	466	RS-GCF-003851725.1-NZ-BHYL01000127.1
14569-1492R-R-G8	RS-GCF-001476135.1-NZ-LDRC01000061.1	96.466	308	92	283	4.92e-130	466	RS-GCF-001476135.1-NZ-LDRC01000061.1
14569-1492R-R-G8	RS-GCF-005490985.1-NZ-CP027869.1--3	96.466	308	92	283	4.92e-130	466	RS-GCF-005490985.1-NZ-CP027869.1--3
14569-1492R-R-G8	RS-GCF-003989515.1-NZ-RBLU01000169.1	96.466	308	92	283	4.92e-130	466	RS-GCF-003989515.1-NZ-RBLU01000169.1
14569-1492R-R-G8	RS-GCF-001705035.1-NZ-MCIG01000119.1	96.466	308	92	283	4.92e-130	466	RS-GCF-001705035.1-NZ-MCIG01000119.1
14569-1492R-R-G8	RS-GCF-014640535.1-NZ-BMHD01000005.1	96.466	308	92	283	4.92e-130	466	RS-GCF-014640535.1-NZ-BMHD01000005.1
14569-1492R-R-G8	RS-GCF-009834165.1-NZ-CP047186.1--2	96.466	308	92	283	4.92e-130	466	RS-GCF-009834165.1-NZ-CP047186.1--2
14569-1492R-R-G8	RS-GCF-004340625.1-NZ-SLWP01000017.1	96.466	308	92	283	4.92e-130	466	RS-GCF-004340625.1-NZ-SLWP01000017.1
14569-1492R-R-G8	RS-GCF-017582065.1-NZ-JAGFBN010000011.1	96.466	308	92	283	4.92e-130	466	RS-GCF-017582065.1-NZ-JAGFBN010000011.1
14569-1492R-R-G8	RS-GCF-000971255.1-NZ-BBMC01000015.1	96.466	308	92	283	4.92e-130	466	RS-GCF-000971255.1-NZ-BBMC01000015.1
