14681-1492R-17	HQ223107	97.116	1192	97	1179	0.0	1918	HQ223107
14681-1492R-17	RS-GCF-008831405.1-NZ-CP044498.1--9	97.119	1192	97	1180	0.0	1916	RS-GCF-008831405.1-NZ-CP044498.1--9
14681-1492R-17	RS-GCF-900445435.1-NZ-UAQB01000030.1	97.034	1192	97	1180	0.0	1911	RS-GCF-900445435.1-NZ-UAQB01000030.1
14681-1492R-17	RS-GCF-900445435.1-NZ-UAQB01000009.1--3	97.034	1192	97	1180	0.0	1911	RS-GCF-900445435.1-NZ-UAQB01000009.1--3
14681-1492R-17	RS-GCF-012648005.1-NZ-CP051464.1--8	97.034	1192	97	1180	0.0	1911	RS-GCF-012648005.1-NZ-CP051464.1--8
14681-1492R-17	RS-GCF-018638305.1-NZ-JABTTR010000161.1	97.034	1192	97	1180	0.0	1911	RS-GCF-018638305.1-NZ-JABTTR010000161.1
14681-1492R-17	RS-GCF-002925885.1-NZ-PRDC01000008.1	97.034	1192	97	1180	0.0	1911	RS-GCF-002925885.1-NZ-PRDC01000008.1
14681-1492R-17	RS-GCF-002925885.1-NZ-PRDC01000020.1	97.034	1192	97	1180	0.0	1911	RS-GCF-002925885.1-NZ-PRDC01000020.1
14681-1492R-17	RS-GCF-003148415.1-NZ-CP029465.1--8	97.034	1192	97	1180	0.0	1911	RS-GCF-003148415.1-NZ-CP029465.1--8
14681-1492R-17	RS-GCF-003148415.1-NZ-CP029465.1--4	97.034	1192	97	1180	0.0	1911	RS-GCF-003148415.1-NZ-CP029465.1--4
14681-1492R-17	RS-GCF-003148415.1-NZ-CP029465.1--2	97.034	1192	97	1180	0.0	1911	RS-GCF-003148415.1-NZ-CP029465.1--2
14681-1492R-17	GB-GCA-000931825.1-AJHM01000012.1	97.034	1192	97	1180	0.0	1911	GB-GCA-000931825.1-AJHM01000012.1
14681-1492R-17	GB-GCA-016629605.1-RSEX01000001.1--7	97.034	1192	97	1180	0.0	1911	GB-GCA-016629605.1-RSEX01000001.1--7
14681-1492R-17	RS-GCF-000227465.1-NC-016047.1--10	97.034	1192	97	1180	0.0	1911	RS-GCF-000227465.1-NC-016047.1--10
14681-1492R-17	RS-GCF-001566945.1-NZ-LSMU01000049.1	97.034	1192	97	1180	0.0	1911	RS-GCF-001566945.1-NZ-LSMU01000049.1
14681-1492R-17	RS-GCF-000245035.1-NZ-AFSG01000003.1	97.034	1192	97	1180	0.0	1911	RS-GCF-000245035.1-NZ-AFSG01000003.1
14681-1492R-17	RS-GCF-000959025.1-NZ-CP011051.1--4	97.034	1192	97	1180	0.0	1911	RS-GCF-000959025.1-NZ-CP011051.1--4
14681-1492R-17	RS-GCF-015074845.1-NZ-CP063276.1--8	97.034	1192	97	1180	0.0	1911	RS-GCF-015074845.1-NZ-CP063276.1--8
14681-1492R-17	RS-GCF-019149305.1-NZ-JAFEMG010000019.1	97.034	1192	97	1180	0.0	1911	RS-GCF-019149305.1-NZ-JAFEMG010000019.1
14681-1492R-17	RS-GCF-002860175.1-NZ-PEOF01000030.1	97.034	1192	97	1180	0.0	1911	RS-GCF-002860175.1-NZ-PEOF01000030.1
14681-1492R-17	RS-GCF-014621755.1-NZ-CP061284.1--2	97.034	1192	97	1180	0.0	1911	RS-GCF-014621755.1-NZ-CP061284.1--2
14681-1492R-17	GB-GCA-002993725.1-PVXB01000026.1	97.034	1192	97	1180	0.0	1911	GB-GCA-002993725.1-PVXB01000026.1
14681-1492R-17	RS-GCF-002998275.1-NZ-PVQQ01000020.1	97.034	1192	97	1180	0.0	1911	RS-GCF-002998275.1-NZ-PVQQ01000020.1
14681-1492R-17	RS-GCF-016461605.1-NZ-JAEMHS010000021.1	97.034	1192	97	1180	0.0	1911	RS-GCF-016461605.1-NZ-JAEMHS010000021.1
14681-1492R-17	RS-GCF-013347105.1-NZ-CP054584.1--10	97.034	1192	97	1180	0.0	1911	RS-GCF-013347105.1-NZ-CP054584.1--10
14681-1492R-17	RS-GCF-013347105.1-NZ-CP054584.1	97.034	1192	97	1180	0.0	1911	RS-GCF-013347105.1-NZ-CP054584.1
14681-1492R-17	RS-GCF-009857115.1-NZ-CP047325.1--10	97.034	1192	97	1180	0.0	1911	RS-GCF-009857115.1-NZ-CP047325.1--10
14681-1492R-17	RS-GCF-001286845.1-NZ-CYHJ01000044.1	97.034	1192	97	1180	0.0	1911	RS-GCF-001286845.1-NZ-CYHJ01000044.1
14681-1492R-17	RS-GCF-002893805.1-NZ-CP025941.1--10	97.034	1192	97	1180	0.0	1911	RS-GCF-002893805.1-NZ-CP025941.1--10
14681-1492R-17	RS-GCF-002893805.1-NZ-CP025941.1--8	97.034	1192	97	1180	0.0	1911	RS-GCF-002893805.1-NZ-CP025941.1--8
14681-1492R-17	RS-GCF-002893805.1-NZ-CP025941.1--7	97.034	1192	97	1180	0.0	1911	RS-GCF-002893805.1-NZ-CP025941.1--7
14681-1492R-17	RS-GCF-001662955.1-NZ-LYUI01000006.1	97.034	1192	97	1180	0.0	1911	RS-GCF-001662955.1-NZ-LYUI01000006.1
14681-1492R-17	RS-GCF-015535655.1-NZ-CP046592.1--7	97.034	1192	97	1180	0.0	1911	RS-GCF-015535655.1-NZ-CP046592.1--7
14681-1492R-17	RS-GCF-000737405.1-NZ-CP005997.1--7	97.034	1192	97	1180	0.0	1911	RS-GCF-000737405.1-NZ-CP005997.1--7
14681-1492R-17	RS-GCF-015845175.1-NZ-LDGZ01000023.1	97.034	1192	97	1180	0.0	1911	RS-GCF-015845175.1-NZ-LDGZ01000023.1
14681-1492R-17	RS-GCF-015845175.1-NZ-LDGZ01000013.1	97.034	1192	97	1180	0.0	1911	RS-GCF-015845175.1-NZ-LDGZ01000013.1
14681-1492R-17	RS-GCF-015845175.1-NZ-LDGZ01000010.1	97.034	1192	97	1180	0.0	1911	RS-GCF-015845175.1-NZ-LDGZ01000010.1
14681-1492R-17	RS-GCF-000789275.1-NZ-CP010052.1--3	97.034	1192	97	1180	0.0	1911	RS-GCF-000789275.1-NZ-CP010052.1--3
14681-1492R-17	RS-GCF-001808235.1-NZ-CP017676.1--6	97.034	1192	97	1180	0.0	1911	RS-GCF-001808235.1-NZ-CP017676.1--6
14681-1492R-17	RS-GCF-008014635.1-NZ-VPFB01000014.1	97.034	1192	97	1180	0.0	1911	RS-GCF-008014635.1-NZ-VPFB01000014.1
14681-1492R-17	RS-GCF-002269195.1-NZ-CP022891.1--2	97.034	1192	97	1180	0.0	1911	RS-GCF-002269195.1-NZ-CP022891.1--2
14681-1492R-17	RS-GCF-905315385.1-NZ-CAJNQH010000019.1	97.034	1192	97	1180	0.0	1911	RS-GCF-905315385.1-NZ-CAJNQH010000019.1
14681-1492R-17	RS-GCF-002205435.1-NZ-CP021985.1--8	97.034	1192	97	1180	0.0	1911	RS-GCF-002205435.1-NZ-CP021985.1--8
14681-1492R-17	RS-GCF-009662335.1-NZ-CP045816.1--9	97.034	1192	97	1180	0.0	1911	RS-GCF-009662335.1-NZ-CP045816.1--9
14681-1492R-17	RS-GCF-006454465.1-NZ-NGUK01000015.1	97.034	1192	97	1180	0.0	1911	RS-GCF-006454465.1-NZ-NGUK01000015.1
14681-1492R-17	RS-GCF-004101345.1-NZ-CP035161.1--9	97.034	1192	97	1180	0.0	1911	RS-GCF-004101345.1-NZ-CP035161.1--9
14681-1492R-17	GB-GCA-003324735.1-CP030925.1	97.034	1192	97	1180	0.0	1911	GB-GCA-003324735.1-CP030925.1
14681-1492R-17	RS-GCF-004119815.1-NZ-CP035413.1--10	97.034	1192	97	1180	0.0	1911	RS-GCF-004119815.1-NZ-CP035413.1--10
14681-1492R-17	RS-GCF-002072735.1-NZ-CP020367.1--10	97.034	1192	97	1180	0.0	1911	RS-GCF-002072735.1-NZ-CP020367.1--10
14681-1492R-17	RS-GCF-011800745.1-NZ-QRFZ01000014.1	97.034	1192	97	1180	0.0	1911	RS-GCF-011800745.1-NZ-QRFZ01000014.1
14681-1492R-17	RS-GCF-003600785.1-NZ-NQYE01000001.1--8	97.034	1192	97	1180	0.0	1911	RS-GCF-003600785.1-NZ-NQYE01000001.1--8
14681-1492R-17	RS-GCF-000819585.1-NZ-JXAJ01000001.1	97.034	1192	97	1180	0.0	1911	RS-GCF-000819585.1-NZ-JXAJ01000001.1
14681-1492R-17	RS-GCF-000293765.1-NC-018520.1--2	97.034	1192	97	1180	0.0	1911	RS-GCF-000293765.1-NC-018520.1--2
14681-1492R-17	RS-GCF-009982935.1-NZ-SIWZ01000001.1--9	97.034	1192	97	1180	0.0	1911	RS-GCF-009982935.1-NZ-SIWZ01000001.1--9
14681-1492R-17	RS-GCF-000341775.1-NZ-AOTY01000001.1	97.034	1192	97	1180	0.0	1911	RS-GCF-000341775.1-NZ-AOTY01000001.1
14681-1492R-17	RS-GCF-009662195.1-NZ-CP045824.1--10	97.034	1192	97	1180	0.0	1911	RS-GCF-009662195.1-NZ-CP045824.1--10
14681-1492R-17	RS-GCF-002202035.1-NZ-CP021921.1--7	97.034	1192	97	1180	0.0	1911	RS-GCF-002202035.1-NZ-CP021921.1--7
14681-1492R-17	RS-GCF-004101425.1-NZ-CP035164.1--10	97.034	1192	97	1180	0.0	1911	RS-GCF-004101425.1-NZ-CP035164.1--10
14681-1492R-17	RS-GCF-003046665.1-NZ-PZKP01000050.1	97.034	1192	97	1180	0.0	1911	RS-GCF-003046665.1-NZ-PZKP01000050.1
14681-1492R-17	RS-GCF-005937795.2-NZ-CP041757.1	97.034	1192	97	1180	0.0	1911	RS-GCF-005937795.2-NZ-CP041757.1
14681-1492R-17	RS-GCF-009866865.1-NZ-CP023409.1--10	97.034	1192	97	1180	0.0	1911	RS-GCF-009866865.1-NZ-CP023409.1--10
14681-1492R-17	RS-GCF-009866865.1-NZ-CP023409.1--9	97.034	1192	97	1180	0.0	1911	RS-GCF-009866865.1-NZ-CP023409.1--9
14681-1492R-17	RS-GCF-004328925.1-NZ-CP029609.1	97.034	1192	97	1180	0.0	1911	RS-GCF-004328925.1-NZ-CP029609.1
14681-1492R-17	RS-GCF-004119775.1-NZ-CP035406.1--2	97.034	1192	97	1180	0.0	1911	RS-GCF-004119775.1-NZ-CP035406.1--2
14681-1492R-17	RS-GCF-004119535.1-NZ-CP035391.1--10	97.034	1192	97	1180	0.0	1911	RS-GCF-004119535.1-NZ-CP035391.1--10
14681-1492R-17	RS-GCF-004119535.1-NZ-CP035391.1--3	97.034	1192	97	1180	0.0	1911	RS-GCF-004119535.1-NZ-CP035391.1--3
14681-1492R-17	RS-GCF-004119535.1-NZ-CP035391.1--2	97.034	1192	97	1180	0.0	1911	RS-GCF-004119535.1-NZ-CP035391.1--2
14681-1492R-17	RS-GCF-004119535.1-NZ-CP035391.1	97.034	1192	97	1180	0.0	1911	RS-GCF-004119535.1-NZ-CP035391.1
14681-1492R-17	RS-GCF-003762825.1-NZ-RJWB01000025.1	97.034	1192	97	1180	0.0	1911	RS-GCF-003762825.1-NZ-RJWB01000025.1
14681-1492R-17	RS-GCF-009662155.1-NZ-CP045819.1--9	97.034	1192	97	1180	0.0	1911	RS-GCF-009662155.1-NZ-CP045819.1--9
14681-1492R-17	GB-GCA-000815405.1-JXAR01000080.1	97.034	1192	97	1180	0.0	1911	GB-GCA-000815405.1-JXAR01000080.1
14681-1492R-17	RS-GCF-016894165.1-NZ-CP069789.1--10	97.034	1192	97	1180	0.0	1911	RS-GCF-016894165.1-NZ-CP069789.1--10
14681-1492R-17	RS-GCF-905311015.1-NZ-CAJNPS010000013.1	97.034	1192	97	1180	0.0	1911	RS-GCF-905311015.1-NZ-CAJNPS010000013.1
14681-1492R-17	RS-GCF-017352355.1-NZ-WVTC01000010.1	97.034	1192	97	1180	0.0	1911	RS-GCF-017352355.1-NZ-WVTC01000010.1
14681-1492R-17	RS-GCF-000259365.1-NC-017743.1--2	97.034	1192	97	1180	0.0	1911	RS-GCF-000259365.1-NC-017743.1--2
14681-1492R-17	RS-GCF-000259365.1-NC-017743.1	97.034	1192	97	1180	0.0	1911	RS-GCF-000259365.1-NC-017743.1
14681-1492R-17	RS-GCF-003665215.1-NZ-CP032855.1--10	97.034	1192	97	1180	0.0	1911	RS-GCF-003665215.1-NZ-CP032855.1--10
14681-1492R-17	RS-GCF-003665215.1-NZ-CP032855.1	97.034	1192	97	1180	0.0	1911	RS-GCF-003665215.1-NZ-CP032855.1
14681-1492R-17	RS-GCF-000789295.1-NZ-CP010053.1--9	97.034	1192	97	1180	0.0	1911	RS-GCF-000789295.1-NZ-CP010053.1--9
14681-1492R-17	RS-GCF-004119675.1-NZ-CP035397.1--10	97.119	1192	97	1180	0.0	1911	RS-GCF-004119675.1-NZ-CP035397.1--10
14681-1492R-17	RS-GCF-014879275.1-NZ-CP062497.1--2	97.034	1192	97	1180	0.0	1911	RS-GCF-014879275.1-NZ-CP062497.1--2
14681-1492R-17	RS-GCF-000952895.1-NZ-LN680001.1--10	97.034	1192	97	1180	0.0	1911	RS-GCF-000952895.1-NZ-LN680001.1--10
14681-1492R-17	RS-GCF-002290305.1-NZ-CP023257.1--4	97.034	1192	97	1180	0.0	1911	RS-GCF-002290305.1-NZ-CP023257.1--4
14681-1492R-17	RS-GCF-000227485.1-NC-017195.1--2	97.034	1192	97	1180	0.0	1911	RS-GCF-000227485.1-NC-017195.1--2
14681-1492R-17	RS-GCF-009913255.1-NZ-CP028201.1--9	97.034	1192	97	1180	0.0	1911	RS-GCF-009913255.1-NZ-CP028201.1--9
14681-1492R-17	RS-GCF-003184225.1-NZ-CP020915.1--7	97.034	1192	97	1180	0.0	1911	RS-GCF-003184225.1-NZ-CP020915.1--7
14681-1492R-17	RS-GCF-012030395.1-NZ-JAAUXF010000005.1	97.034	1192	97	1180	0.0	1911	RS-GCF-012030395.1-NZ-JAAUXF010000005.1
14681-1492R-17	RS-GCF-001720505.1-NZ-CP017112.1--10	97.034	1192	97	1180	0.0	1911	RS-GCF-001720505.1-NZ-CP017112.1--10
14681-1492R-17	RS-GCF-001720505.1-NZ-CP017112.1--3	97.034	1192	97	1180	0.0	1911	RS-GCF-001720505.1-NZ-CP017112.1--3
14681-1492R-17	RS-GCF-000706705.1-NZ-CP007409.1--4	97.034	1192	97	1180	0.0	1911	RS-GCF-000706705.1-NZ-CP007409.1--4
14681-1492R-17	RS-GCF-905311425.1-NZ-CAJNPY010000010.1	97.034	1192	97	1180	0.0	1911	RS-GCF-905311425.1-NZ-CAJNPY010000010.1
14681-1492R-17	RS-GCF-018884165.1-NZ-CP063150.1--9	97.034	1192	97	1180	0.0	1911	RS-GCF-018884165.1-NZ-CP063150.1--9
14681-1492R-17	RS-GCF-018884165.1-NZ-CP063150.1--4	97.034	1192	97	1180	0.0	1911	RS-GCF-018884165.1-NZ-CP063150.1--4
14681-1492R-17	RS-GCF-009913555.1-NZ-CP028215.1--10	97.034	1192	97	1180	0.0	1911	RS-GCF-009913555.1-NZ-CP028215.1--10
14681-1492R-17	RS-GCF-009913555.1-NZ-CP028215.1--4	97.034	1192	97	1180	0.0	1911	RS-GCF-009913555.1-NZ-CP028215.1--4
14681-1492R-17	RS-GCF-905311385.1-NZ-CAJNPW010000013.1	97.034	1192	97	1180	0.0	1911	RS-GCF-905311385.1-NZ-CAJNPW010000013.1
14681-1492R-17	RS-GCF-003665395.1-NZ-CP032872.1--4	97.034	1192	97	1180	0.0	1911	RS-GCF-003665395.1-NZ-CP032872.1--4
14681-1492R-17	RS-GCF-004119695.1-NZ-CP035401.1--10	97.034	1192	97	1180	0.0	1911	RS-GCF-004119695.1-NZ-CP035401.1--10
14681-1492R-17	RS-GCF-004119695.1-NZ-CP035401.1--5	97.034	1192	97	1180	0.0	1911	RS-GCF-004119695.1-NZ-CP035401.1--5
14681-1492R-17	RS-GCF-013620675.1-NZ-SDXS01000017.1	97.034	1192	97	1180	0.0	1911	RS-GCF-013620675.1-NZ-SDXS01000017.1
14681-1492R-17	RS-GCF-004119595.1-NZ-CP035394.1--4	97.034	1192	97	1180	0.0	1911	RS-GCF-004119595.1-NZ-CP035394.1--4
14681-1492R-17	RS-GCF-009662415.1-NZ-CP045812.1--10	97.034	1192	97	1180	0.0	1911	RS-GCF-009662415.1-NZ-CP045812.1--10
14681-1492R-17	RS-GCF-002906075.1-NZ-NJPW01000006.1	97.034	1192	97	1180	0.0	1911	RS-GCF-002906075.1-NZ-NJPW01000006.1
14681-1492R-17	RS-GCF-002173695.1-NZ-CP021498.1--6	97.034	1192	97	1180	0.0	1911	RS-GCF-002173695.1-NZ-CP021498.1--6
14681-1492R-17	RS-GCF-002173695.1-NZ-CP021498.1--3	97.034	1192	97	1180	0.0	1911	RS-GCF-002173695.1-NZ-CP021498.1--3
14681-1492R-17	RS-GCF-002173695.1-NZ-CP021498.1	97.119	1192	97	1180	0.0	1911	RS-GCF-002173695.1-NZ-CP021498.1
14681-1492R-17	RS-GCF-002096095.1-NZ-CP020722.1--9	97.119	1192	97	1180	0.0	1911	RS-GCF-002096095.1-NZ-CP020722.1--9
14681-1492R-17	RS-GCF-002096095.1-NZ-CP020722.1--7	97.034	1192	97	1180	0.0	1911	RS-GCF-002096095.1-NZ-CP020722.1--7
14681-1492R-17	RS-GCF-002096095.1-NZ-CP020722.1--2	97.034	1192	97	1180	0.0	1911	RS-GCF-002096095.1-NZ-CP020722.1--2
14681-1492R-17	RS-GCF-001719185.1-NZ-CP017070.1--9	97.034	1192	97	1180	0.0	1911	RS-GCF-001719185.1-NZ-CP017070.1--9
14681-1492R-17	GB-GCA-001274705.1-LGUH01000002.1	97.034	1192	97	1180	0.0	1911	GB-GCA-001274705.1-LGUH01000002.1
14681-1492R-17	RS-GCF-004119635.1-NZ-CP035395.1--9	97.119	1192	97	1180	0.0	1911	RS-GCF-004119635.1-NZ-CP035395.1--9
14681-1492R-17	RS-GCF-012689485.1-NZ-SIRO01000014.1	97.034	1192	97	1180	0.0	1911	RS-GCF-012689485.1-NZ-SIRO01000014.1
14681-1492R-17	RS-GCF-012689485.1-NZ-SIRO01000025.1	97.034	1192	97	1180	0.0	1911	RS-GCF-012689485.1-NZ-SIRO01000025.1
14681-1492R-17	RS-GCF-012689485.1-NZ-SIRO01000034.1	97.034	1192	97	1180	0.0	1911	RS-GCF-012689485.1-NZ-SIRO01000034.1
14681-1492R-17	RS-GCF-000186745.1-NC-014976.1--9	97.034	1192	97	1180	0.0	1911	RS-GCF-000186745.1-NC-014976.1--9
14681-1492R-17	RS-GCF-000186745.1-NC-014976.1--3	97.034	1192	97	1180	0.0	1911	RS-GCF-000186745.1-NC-014976.1--3
14681-1492R-17	RS-GCF-005234095.1-NZ-CP039935.1--10	97.034	1192	97	1180	0.0	1911	RS-GCF-005234095.1-NZ-CP039935.1--10
14681-1492R-17	RS-GCF-005234095.1-NZ-CP039935.1	97.034	1192	97	1180	0.0	1911	RS-GCF-005234095.1-NZ-CP039935.1
14681-1492R-17	RS-GCF-905319815.1-NZ-CAJNRA010000014.1	97.034	1192	97	1180	0.0	1911	RS-GCF-905319815.1-NZ-CAJNRA010000014.1
14681-1492R-17	RS-GCF-004119615.1-NZ-CP035402.1--3	97.034	1192	97	1180	0.0	1911	RS-GCF-004119615.1-NZ-CP035402.1--3
14681-1492R-17	RS-GCF-004119615.1-NZ-CP035402.1	97.034	1192	97	1180	0.0	1911	RS-GCF-004119615.1-NZ-CP035402.1
14681-1492R-17	RS-GCF-009662355.1-NZ-CP045817.1	97.034	1192	97	1180	0.0	1911	RS-GCF-009662355.1-NZ-CP045817.1
14681-1492R-17	RS-GCF-013293745.1-NZ-JAAKAP010000015.1	97.034	1192	97	1180	0.0	1911	RS-GCF-013293745.1-NZ-JAAKAP010000015.1
14681-1492R-17	G000747645	97.034	1192	97	1180	0.0	1911	G000747645
14681-1492R-17	MN536904	97.034	1192	97	1180	0.0	1911	MN536904
14681-1492R-17	DQ993671	97.034	1192	97	1180	0.0	1911	DQ993671
14681-1492R-17	AMXN01000021	97.034	1192	97	1180	0.0	1911	AMXN01000021
14681-1492R-17	AJ276351	97.034	1192	97	1180	0.0	1911	AJ276351
14681-1492R-17	MJ032-1-barcode26-umi34905bins-ubs-10	97.034	1192	97	1180	0.0	1911	MJ032-1-barcode26-umi34905bins-ubs-10
14681-1492R-17	MJ032-1-barcode26-umi38496bins-ubs-12	97.034	1192	97	1180	0.0	1911	MJ032-1-barcode26-umi38496bins-ubs-12
14681-1492R-17	MJ005-barcode35-umi44488bins-ubs-3	97.034	1192	97	1180	0.0	1911	MJ005-barcode35-umi44488bins-ubs-3
14681-1492R-17	RS-GCF-008131765.1-NZ-QFZO01000018.1	96.949	1192	97	1180	0.0	1909	RS-GCF-008131765.1-NZ-QFZO01000018.1
14681-1492R-17	RS-GCF-007995205.1-NZ-MSEJ01000014.1	96.949	1192	97	1180	0.0	1909	RS-GCF-007995205.1-NZ-MSEJ01000014.1
14681-1492R-17	RS-GCF-003047265.1-NZ-PZYY01000021.1	96.949	1192	97	1180	0.0	1907	RS-GCF-003047265.1-NZ-PZYY01000021.1
14681-1492R-17	RS-GCF-012648005.1-NZ-CP051464.1--10	96.949	1192	97	1180	0.0	1907	RS-GCF-012648005.1-NZ-CP051464.1--10
14681-1492R-17	RS-GCF-012648005.1-NZ-CP051464.1--5	96.949	1192	97	1180	0.0	1907	RS-GCF-012648005.1-NZ-CP051464.1--5
14681-1492R-17	RS-GCF-012648005.1-NZ-CP051464.1--4	96.949	1192	97	1180	0.0	1907	RS-GCF-012648005.1-NZ-CP051464.1--4
14681-1492R-17	RS-GCF-003600775.1-NZ-NQYD01000001.1--5	96.949	1192	97	1180	0.0	1907	RS-GCF-003600775.1-NZ-NQYD01000001.1--5
14681-1492R-17	RS-GCF-012647565.1-NZ-CP051462.1--11	96.949	1192	97	1180	0.0	1907	RS-GCF-012647565.1-NZ-CP051462.1--11
14681-1492R-17	RS-GCF-012647565.1-NZ-CP051462.1--9	96.949	1192	97	1180	0.0	1907	RS-GCF-012647565.1-NZ-CP051462.1--9
14681-1492R-17	RS-GCF-003148415.1-NZ-CP029465.1--7	96.949	1192	97	1180	0.0	1907	RS-GCF-003148415.1-NZ-CP029465.1--7
14681-1492R-17	RS-GCF-005153965.1-NZ-CP039755.1	96.949	1192	97	1180	0.0	1907	RS-GCF-005153965.1-NZ-CP039755.1
14681-1492R-17	RS-GCF-001889625.1-NZ-CP018173.1--10	96.949	1192	97	1180	0.0	1907	RS-GCF-001889625.1-NZ-CP018173.1--10
14681-1492R-17	RS-GCF-001889625.1-NZ-CP018173.1--2	96.949	1192	97	1180	0.0	1907	RS-GCF-001889625.1-NZ-CP018173.1--2
14681-1492R-17	RS-GCF-000959025.1-NZ-CP011051.1--7	96.864	1192	97	1180	0.0	1907	RS-GCF-000959025.1-NZ-CP011051.1--7
14681-1492R-17	RS-GCF-000959025.1-NZ-CP011051.1--3	96.949	1192	97	1180	0.0	1907	RS-GCF-000959025.1-NZ-CP011051.1--3
14681-1492R-17	RS-GCF-000959025.1-NZ-CP011051.1--2	96.949	1192	97	1180	0.0	1907	RS-GCF-000959025.1-NZ-CP011051.1--2
14681-1492R-17	RS-GCF-002211235.1-NZ-NKAK01000016.1	96.949	1192	97	1180	0.0	1907	RS-GCF-002211235.1-NZ-NKAK01000016.1
14681-1492R-17	RS-GCF-014250375.1-NZ-CP060193.1--9	96.949	1192	97	1180	0.0	1907	RS-GCF-014250375.1-NZ-CP060193.1--9
14681-1492R-17	RS-GCF-004101945.1-NZ-CP026010.1--9	96.949	1192	97	1180	0.0	1907	RS-GCF-004101945.1-NZ-CP026010.1--9
14681-1492R-17	RS-GCF-004101945.1-NZ-CP026010.1--7	96.949	1192	97	1180	0.0	1907	RS-GCF-004101945.1-NZ-CP026010.1--7
14681-1492R-17	RS-GCF-004101945.1-NZ-CP026010.1--3	96.949	1192	97	1180	0.0	1907	RS-GCF-004101945.1-NZ-CP026010.1--3
14681-1492R-17	RS-GCF-004101945.1-NZ-CP026010.1	96.949	1192	97	1180	0.0	1907	RS-GCF-004101945.1-NZ-CP026010.1
14681-1492R-17	RS-GCF-004119655.1-NZ-CP035403.1--9	96.949	1192	97	1180	0.0	1907	RS-GCF-004119655.1-NZ-CP035403.1--9
14681-1492R-17	RS-GCF-002893805.1-NZ-CP025941.1--2	96.949	1192	97	1180	0.0	1907	RS-GCF-002893805.1-NZ-CP025941.1--2
14681-1492R-17	RS-GCF-002893805.1-NZ-CP025941.1	96.949	1192	97	1180	0.0	1907	RS-GCF-002893805.1-NZ-CP025941.1
14681-1492R-17	RS-GCF-001015095.1-NZ-CP011534.1--3	96.949	1192	97	1180	0.0	1907	RS-GCF-001015095.1-NZ-CP011534.1--3
14681-1492R-17	RS-GCF-004103535.1-NZ-CP035226.1--8	96.949	1192	97	1180	0.0	1907	RS-GCF-004103535.1-NZ-CP035226.1--8
14681-1492R-17	RS-GCF-003330965.1-NZ-CP030937.1--9	96.949	1192	97	1180	0.0	1907	RS-GCF-003330965.1-NZ-CP030937.1--9
14681-1492R-17	RS-GCF-005160425.1-NZ-CP033205.1--7	96.949	1192	97	1180	0.0	1907	RS-GCF-005160425.1-NZ-CP033205.1--7
14681-1492R-17	RS-GCF-012030675.1-NZ-CP050532.1--9	96.949	1192	97	1180	0.0	1907	RS-GCF-012030675.1-NZ-CP050532.1--9
14681-1492R-17	RS-GCF-001808235.1-NZ-CP017676.1--9	96.949	1192	97	1180	0.0	1907	RS-GCF-001808235.1-NZ-CP017676.1--9
14681-1492R-17	RS-GCF-013285325.1-NZ-CP054177.1--10	96.949	1192	97	1180	0.0	1907	RS-GCF-013285325.1-NZ-CP054177.1--10
14681-1492R-17	RS-GCF-013285325.1-NZ-CP054177.1--2	96.949	1192	97	1180	0.0	1907	RS-GCF-013285325.1-NZ-CP054177.1--2
14681-1492R-17	RS-GCF-004103595.1-NZ-CP035231.1--10	96.949	1192	97	1180	0.0	1907	RS-GCF-004103595.1-NZ-CP035231.1--10
14681-1492R-17	RS-GCF-004103595.1-NZ-CP035231.1--9	96.949	1192	97	1180	0.0	1907	RS-GCF-004103595.1-NZ-CP035231.1--9
14681-1492R-17	RS-GCF-004103595.1-NZ-CP035231.1--8	96.949	1192	97	1180	0.0	1907	RS-GCF-004103595.1-NZ-CP035231.1--8
14681-1492R-17	RS-GCF-012648345.1-NZ-CP051466.1--6	96.949	1192	97	1180	0.0	1907	RS-GCF-012648345.1-NZ-CP051466.1--6
14681-1492R-17	RS-GCF-004119815.1-NZ-CP035413.1--9	96.949	1192	97	1180	0.0	1907	RS-GCF-004119815.1-NZ-CP035413.1--9
14681-1492R-17	RS-GCF-002072735.1-NZ-CP020367.1--3	96.949	1192	97	1180	0.0	1907	RS-GCF-002072735.1-NZ-CP020367.1--3
14681-1492R-17	RS-GCF-018454405.1-NZ-CP075344.1--7	96.949	1192	97	1180	0.0	1907	RS-GCF-018454405.1-NZ-CP075344.1--7
14681-1492R-17	RS-GCF-003665255.1-NZ-CP032860.1--10	96.949	1192	97	1180	0.0	1907	RS-GCF-003665255.1-NZ-CP032860.1--10
14681-1492R-17	RS-GCF-003665235.1-NZ-CP032853.1	96.949	1192	97	1180	0.0	1907	RS-GCF-003665235.1-NZ-CP032853.1
14681-1492R-17	RS-GCF-004101425.1-NZ-CP035164.1--8	96.949	1192	97	1180	0.0	1907	RS-GCF-004101425.1-NZ-CP035164.1--8
14681-1492R-17	GB-GCA-001596535.1-CP014858.1--8	96.949	1192	97	1180	0.0	1907	GB-GCA-001596535.1-CP014858.1--8
14681-1492R-17	RS-GCF-002216085.1-NZ-CP022287.1--7	96.949	1192	97	1180	0.0	1907	RS-GCF-002216085.1-NZ-CP022287.1--7
14681-1492R-17	RS-GCF-003515125.1-NZ-CP032089.1--8	96.949	1192	97	1180	0.0	1907	RS-GCF-003515125.1-NZ-CP032089.1--8
14681-1492R-17	RS-GCF-003515125.1-NZ-CP032089.1--2	96.949	1192	97	1180	0.0	1907	RS-GCF-003515125.1-NZ-CP032089.1--2
14681-1492R-17	RS-GCF-905310975.1-NZ-CAJNPM010000016.1	96.949	1192	97	1180	0.0	1907	RS-GCF-905310975.1-NZ-CAJNPM010000016.1
14681-1492R-17	RS-GCF-001717105.1-NZ-LYMC01000002.1--9	96.949	1192	97	1180	0.0	1907	RS-GCF-001717105.1-NZ-LYMC01000002.1--9
14681-1492R-17	RS-GCF-001717105.1-NZ-LYMC01000002.1--2	96.949	1192	97	1180	0.0	1907	RS-GCF-001717105.1-NZ-LYMC01000002.1--2
14681-1492R-17	RS-GCF-004119535.1-NZ-CP035391.1--9	96.949	1192	97	1180	0.0	1907	RS-GCF-004119535.1-NZ-CP035391.1--9
14681-1492R-17	RS-GCF-001746575.1-NZ-CP017314.1--8	96.949	1192	97	1180	0.0	1907	RS-GCF-001746575.1-NZ-CP017314.1--8
14681-1492R-17	RS-GCF-016894165.1-NZ-CP069789.1--9	96.949	1192	97	1180	0.0	1907	RS-GCF-016894165.1-NZ-CP069789.1--9
14681-1492R-17	RS-GCF-016894165.1-NZ-CP069789.1--5	96.949	1192	97	1180	0.0	1907	RS-GCF-016894165.1-NZ-CP069789.1--5
14681-1492R-17	RS-GCF-009665145.1-NZ-CP046448.1--2	96.949	1192	97	1180	0.0	1907	RS-GCF-009665145.1-NZ-CP046448.1--2
14681-1492R-17	RS-GCF-001604995.1-NZ-CP015004.1--2	96.949	1192	97	1180	0.0	1907	RS-GCF-001604995.1-NZ-CP015004.1--2
14681-1492R-17	RS-GCF-004119555.1-NZ-CP035390.1--4	96.949	1192	97	1180	0.0	1907	RS-GCF-004119555.1-NZ-CP035390.1--4
14681-1492R-17	RS-GCF-003665215.1-NZ-CP032855.1--8	96.949	1192	97	1180	0.0	1907	RS-GCF-003665215.1-NZ-CP032855.1--8
14681-1492R-17	RS-GCF-003665215.1-NZ-CP032855.1--7	96.949	1192	97	1180	0.0	1907	RS-GCF-003665215.1-NZ-CP032855.1--7
14681-1492R-17	RS-GCF-003665215.1-NZ-CP032855.1--3	96.949	1192	97	1180	0.0	1907	RS-GCF-003665215.1-NZ-CP032855.1--3
14681-1492R-17	RS-GCF-000789295.1-NZ-CP010053.1--10	96.949	1192	97	1180	0.0	1907	RS-GCF-000789295.1-NZ-CP010053.1--10
14681-1492R-17	RS-GCF-004119675.1-NZ-CP035397.1	96.949	1192	97	1180	0.0	1907	RS-GCF-004119675.1-NZ-CP035397.1
14681-1492R-17	RS-GCF-014879275.1-NZ-CP062497.1--10	96.949	1192	97	1180	0.0	1907	RS-GCF-014879275.1-NZ-CP062497.1--10
14681-1492R-17	RS-GCF-002290305.1-NZ-CP023257.1--2	96.949	1192	97	1180	0.0	1907	RS-GCF-002290305.1-NZ-CP023257.1--2
14681-1492R-17	RS-GCF-015654205.1-NZ-CP064818.1--10	96.949	1192	97	1180	0.0	1907	RS-GCF-015654205.1-NZ-CP064818.1--10
14681-1492R-17	RS-GCF-000227485.1-NC-017195.1--9	96.949	1192	97	1180	0.0	1907	RS-GCF-000227485.1-NC-017195.1--9
14681-1492R-17	RS-GCF-000227485.1-NC-017195.1--6	96.949	1192	97	1180	0.0	1907	RS-GCF-000227485.1-NC-017195.1--6
14681-1492R-17	RS-GCF-000227485.1-NC-017195.1	96.949	1192	97	1180	0.0	1907	RS-GCF-000227485.1-NC-017195.1
14681-1492R-17	RS-GCF-009913255.1-NZ-CP028201.1--4	96.949	1192	97	1180	0.0	1907	RS-GCF-009913255.1-NZ-CP028201.1--4
14681-1492R-17	RS-GCF-009913255.1-NZ-CP028201.1--3	96.949	1192	97	1180	0.0	1907	RS-GCF-009913255.1-NZ-CP028201.1--3
14681-1492R-17	RS-GCF-016924995.1-NZ-CP070483.1--2	96.949	1192	97	1180	0.0	1907	RS-GCF-016924995.1-NZ-CP070483.1--2
14681-1492R-17	RS-GCF-004101405.1-NZ-CP035163.1	96.949	1192	97	1180	0.0	1907	RS-GCF-004101405.1-NZ-CP035163.1
14681-1492R-17	RS-GCF-001465815.1-NZ-CP013654.1--6	96.949	1192	97	1180	0.0	1907	RS-GCF-001465815.1-NZ-CP013654.1--6
14681-1492R-17	RS-GCF-009913275.1-NZ-CP028202.1--4	96.949	1192	97	1180	0.0	1907	RS-GCF-009913275.1-NZ-CP028202.1--4
14681-1492R-17	RS-GCF-000735115.1-NZ-JPNZ01000009.1	96.949	1192	97	1180	0.0	1907	RS-GCF-000735115.1-NZ-JPNZ01000009.1
14681-1492R-17	RS-GCF-006165085.1-NZ-CP021123.1--2	96.949	1192	97	1180	0.0	1907	RS-GCF-006165085.1-NZ-CP021123.1--2
14681-1492R-17	RS-GCF-009913595.1-NZ-CP028218.1	96.949	1192	97	1180	0.0	1907	RS-GCF-009913595.1-NZ-CP028218.1
14681-1492R-17	RS-GCF-018884165.1-NZ-CP063150.1--5	96.949	1192	97	1180	0.0	1907	RS-GCF-018884165.1-NZ-CP063150.1--5
14681-1492R-17	RS-GCF-018884165.1-NZ-CP063150.1--3	96.949	1192	97	1180	0.0	1907	RS-GCF-018884165.1-NZ-CP063150.1--3
14681-1492R-17	RS-GCF-003665395.1-NZ-CP032872.1--11	96.949	1192	97	1180	0.0	1907	RS-GCF-003665395.1-NZ-CP032872.1--11
14681-1492R-17	RS-GCF-003665395.1-NZ-CP032872.1--2	96.949	1192	97	1180	0.0	1907	RS-GCF-003665395.1-NZ-CP032872.1--2
14681-1492R-17	RS-GCF-002142595.1-NZ-CP021169.1--6	96.949	1192	97	1180	0.0	1907	RS-GCF-002142595.1-NZ-CP021169.1--6
14681-1492R-17	RS-GCF-002142595.1-NZ-CP021169.1--2	96.949	1192	97	1180	0.0	1907	RS-GCF-002142595.1-NZ-CP021169.1--2
14681-1492R-17	RS-GCF-004119695.1-NZ-CP035401.1--6	96.949	1192	97	1180	0.0	1907	RS-GCF-004119695.1-NZ-CP035401.1--6
14681-1492R-17	RS-GCF-004119595.1-NZ-CP035394.1	96.949	1192	97	1180	0.0	1907	RS-GCF-004119595.1-NZ-CP035394.1
14681-1492R-17	RS-GCF-002173695.1-NZ-CP021498.1--9	96.949	1192	97	1180	0.0	1907	RS-GCF-002173695.1-NZ-CP021498.1--9
14681-1492R-17	GB-GCA-000691185.1-JMEF01000005.1	96.949	1192	97	1180	0.0	1907	GB-GCA-000691185.1-JMEF01000005.1
14681-1492R-17	RS-GCF-000155325.1-NZ-CM000487.1--6	96.949	1192	97	1180	0.0	1907	RS-GCF-000155325.1-NZ-CM000487.1--6
14681-1492R-17	RS-GCF-000155325.1-NZ-CM000487.1--2	96.949	1192	97	1180	0.0	1907	RS-GCF-000155325.1-NZ-CM000487.1--2
14681-1492R-17	RS-GCF-000155325.1-NZ-CM000487.1	96.949	1192	97	1180	0.0	1907	RS-GCF-000155325.1-NZ-CM000487.1
14681-1492R-17	RS-GCF-000186745.1-NC-014976.1--6	96.949	1192	97	1180	0.0	1907	RS-GCF-000186745.1-NC-014976.1--6
14681-1492R-17	RS-GCF-005234095.1-NZ-CP039935.1--5	96.949	1192	97	1180	0.0	1907	RS-GCF-005234095.1-NZ-CP039935.1--5
14681-1492R-17	RS-GCF-004119615.1-NZ-CP035402.1--9	97.034	1192	97	1180	0.0	1907	RS-GCF-004119615.1-NZ-CP035402.1--9
14681-1492R-17	RS-GCF-004119615.1-NZ-CP035402.1--8	96.949	1192	97	1180	0.0	1907	RS-GCF-004119615.1-NZ-CP035402.1--8
14681-1492R-17	RS-GCF-013293875.1-NZ-JAAKAY010000134.1	96.949	1192	97	1180	0.0	1907	RS-GCF-013293875.1-NZ-JAAKAY010000134.1
14681-1492R-17	AB021191	96.949	1192	97	1180	0.0	1907	AB021191
14681-1492R-17	MJ031-2-barcode61-umi49598bins-ubs-3	96.949	1192	97	1180	0.0	1907	MJ031-2-barcode61-umi49598bins-ubs-3
14681-1492R-17	MJ031-2-barcode61-umi29632bins-ubs-12	96.949	1192	97	1180	0.0	1907	MJ031-2-barcode61-umi29632bins-ubs-12
14681-1492R-17	MJ031-1-barcode30-umi32796bins-ubs-6	96.949	1192	97	1180	0.0	1907	MJ031-1-barcode30-umi32796bins-ubs-6
14681-1492R-17	MJ030-1-barcode25-umi52355bins-ubs-11	96.949	1192	97	1180	0.0	1907	MJ030-1-barcode25-umi52355bins-ubs-11
14681-1492R-17	MJ033-1-barcode40-umi6542bins-ubs-57	96.949	1192	97	1180	0.0	1907	MJ033-1-barcode40-umi6542bins-ubs-57
14681-1492R-17	MJ005-barcode49-umi2568bins-ubs-59	96.949	1192	97	1180	0.0	1907	MJ005-barcode49-umi2568bins-ubs-59
14681-1492R-17	RS-GCF-001625135.1-NZ-LVYH01000002.1	96.864	1192	97	1180	0.0	1906	RS-GCF-001625135.1-NZ-LVYH01000002.1
14681-1492R-17	RS-GCF-000349795.1-NC-020832.1--8	96.952	1192	97	1181	0.0	1905	RS-GCF-000349795.1-NC-020832.1--8
14681-1492R-17	RS-GCF-003600785.1-NZ-NQYE01000001.1--10	96.952	1192	97	1181	0.0	1905	RS-GCF-003600785.1-NZ-NQYE01000001.1--10
14681-1492R-17	GB-GCA-001312785.1-BBEN01000030.1	96.949	1192	97	1180	0.0	1903	GB-GCA-001312785.1-BBEN01000030.1
14681-1492R-17	RS-GCF-006965425.1-NZ-CP041357.1--4	96.949	1192	97	1180	0.0	1903	RS-GCF-006965425.1-NZ-CP041357.1--4
14681-1492R-17	RS-GCF-006965425.1-NZ-CP041357.1	96.949	1192	97	1180	0.0	1903	RS-GCF-006965425.1-NZ-CP041357.1
14681-1492R-17	RS-GCF-002201955.1-NZ-CP021889.1--7	97.034	1192	97	1180	0.0	1903	RS-GCF-002201955.1-NZ-CP021889.1--7
14681-1492R-17	RS-GCF-005160425.1-NZ-CP033205.1--10	96.949	1192	97	1180	0.0	1903	RS-GCF-005160425.1-NZ-CP033205.1--10
14681-1492R-17	RS-GCF-015776795.1-NZ-JNCJ01000004.1	96.949	1192	97	1180	0.0	1903	RS-GCF-015776795.1-NZ-JNCJ01000004.1
14681-1492R-17	RS-GCF-003148355.1-NZ-CP029461.1	96.949	1192	97	1180	0.0	1903	RS-GCF-003148355.1-NZ-CP029461.1
14681-1492R-17	RS-GCF-003665275.1-NZ-CP032857.1	96.949	1192	97	1180	0.0	1903	RS-GCF-003665275.1-NZ-CP032857.1
14681-1492R-17	RS-GCF-000497485.1-NC-022898.1--9	96.949	1192	97	1180	0.0	1903	RS-GCF-000497485.1-NC-022898.1--9
14681-1492R-17	RS-GCF-009914155.1-NZ-CP031693.1--9	96.949	1192	97	1180	0.0	1903	RS-GCF-009914155.1-NZ-CP031693.1--9
14681-1492R-17	RS-GCF-009982935.1-NZ-SIWZ01000001.1	96.949	1192	97	1180	0.0	1903	RS-GCF-009982935.1-NZ-SIWZ01000001.1
14681-1492R-17	RS-GCF-002173715.1-NZ-CP021499.1	96.949	1192	97	1180	0.0	1903	RS-GCF-002173715.1-NZ-CP021499.1
14681-1492R-17	RS-GCF-003665195.1-NZ-CP032852.1--2	96.949	1192	97	1180	0.0	1903	RS-GCF-003665195.1-NZ-CP032852.1--2
14681-1492R-17	RS-GCF-003426125.1-NZ-CP031675.1	96.949	1192	97	1180	0.0	1903	RS-GCF-003426125.1-NZ-CP031675.1
14681-1492R-17	RS-GCF-010094155.1-NZ-JAABUF010000001.1--2	96.949	1192	97	1180	0.0	1903	RS-GCF-010094155.1-NZ-JAABUF010000001.1--2
14681-1492R-17	RS-GCF-010094155.1-NZ-JAABUF010000003.1	96.949	1192	97	1180	0.0	1903	RS-GCF-010094155.1-NZ-JAABUF010000003.1
14681-1492R-17	GB-GCA-011456075.1-CP026662.1--8	96.949	1192	97	1180	0.0	1903	GB-GCA-011456075.1-CP026662.1--8
14681-1492R-17	GB-GCA-011456075.1-CP026662.1--7	96.949	1192	97	1180	0.0	1903	GB-GCA-011456075.1-CP026662.1--7
14681-1492R-17	GB-GCA-011456075.1-CP026662.1--2	96.949	1192	97	1180	0.0	1903	GB-GCA-011456075.1-CP026662.1--2
14681-1492R-17	GB-GCA-011456075.1-CP026662.1	96.949	1192	97	1180	0.0	1903	GB-GCA-011456075.1-CP026662.1
14681-1492R-17	RS-GCF-001717105.1-NZ-LYMC01000002.1	96.949	1192	97	1180	0.0	1903	RS-GCF-001717105.1-NZ-LYMC01000002.1
14681-1492R-17	RS-GCF-003665295.1-NZ-CP032867.1--4	96.949	1192	97	1180	0.0	1903	RS-GCF-003665295.1-NZ-CP032867.1--4
14681-1492R-17	RS-GCF-000952895.1-NZ-LN680001.1--8	96.949	1192	97	1180	0.0	1903	RS-GCF-000952895.1-NZ-LN680001.1--8
14681-1492R-17	RS-GCF-000706705.1-NZ-CP007409.1--8	96.949	1192	97	1180	0.0	1903	RS-GCF-000706705.1-NZ-CP007409.1--8
14681-1492R-17	RS-GCF-000706705.1-NZ-CP007409.1--2	96.949	1192	97	1180	0.0	1903	RS-GCF-000706705.1-NZ-CP007409.1--2
14681-1492R-17	GB-GCA-012534935.1-CP051306.1--2	96.949	1192	97	1180	0.0	1903	GB-GCA-012534935.1-CP051306.1--2
14681-1492R-17	GB-GCA-012534935.1-CP051306.1	96.949	1192	97	1180	0.0	1903	GB-GCA-012534935.1-CP051306.1
14681-1492R-17	RS-GCF-001719185.1-NZ-CP017070.1--2	96.949	1192	97	1180	0.0	1903	RS-GCF-001719185.1-NZ-CP017070.1--2
14681-1492R-17	RS-GCF-001719185.1-NZ-CP017070.1	96.949	1192	97	1180	0.0	1903	RS-GCF-001719185.1-NZ-CP017070.1
14681-1492R-17	RS-GCF-005234095.1-NZ-CP039935.1--2	96.949	1192	97	1180	0.0	1903	RS-GCF-005234095.1-NZ-CP039935.1--2
14681-1492R-17	G000696615	97.494	1192	95	1157	0.0	1903	G000696615
14681-1492R-17	RS-GCF-001584325.1-NZ-LSAZ01000028.1	96.864	1192	97	1180	0.0	1902	RS-GCF-001584325.1-NZ-LSAZ01000028.1
14681-1492R-17	RS-GCF-000245335.1-NZ-JH600280.1	96.864	1192	97	1180	0.0	1902	RS-GCF-000245335.1-NZ-JH600280.1
14681-1492R-17	RS-GCF-000245335.1-NZ-JH600285.1	96.864	1192	97	1180	0.0	1902	RS-GCF-000245335.1-NZ-JH600285.1
14681-1492R-17	RS-GCF-012648005.1-NZ-CP051464.1--9	96.864	1192	97	1180	0.0	1902	RS-GCF-012648005.1-NZ-CP051464.1--9
14681-1492R-17	RS-GCF-003667885.1-NZ-CP033052.1--7	96.864	1192	97	1180	0.0	1902	RS-GCF-003667885.1-NZ-CP033052.1--7
14681-1492R-17	RS-GCF-003667885.1-NZ-CP033052.1--6	96.864	1192	97	1180	0.0	1902	RS-GCF-003667885.1-NZ-CP033052.1--6
14681-1492R-17	RS-GCF-000227465.1-NC-016047.1--3	96.864	1192	97	1180	0.0	1902	RS-GCF-000227465.1-NC-016047.1--3
14681-1492R-17	RS-GCF-000959025.1-NZ-CP011051.1	96.864	1192	97	1180	0.0	1902	RS-GCF-000959025.1-NZ-CP011051.1
14681-1492R-17	RS-GCF-001015095.1-NZ-CP011534.1--2	96.864	1192	97	1180	0.0	1902	RS-GCF-001015095.1-NZ-CP011534.1--2
14681-1492R-17	RS-GCF-004103535.1-NZ-CP035226.1--10	96.864	1192	97	1180	0.0	1902	RS-GCF-004103535.1-NZ-CP035226.1--10
14681-1492R-17	RS-GCF-015776795.1-NZ-JNCJ01000001.1	96.864	1192	97	1180	0.0	1902	RS-GCF-015776795.1-NZ-JNCJ01000001.1
14681-1492R-17	RS-GCF-001808235.1-NZ-CP017676.1--10	96.864	1192	97	1180	0.0	1902	RS-GCF-001808235.1-NZ-CP017676.1--10
14681-1492R-17	RS-GCF-004119835.1-NZ-CP035411.1	96.864	1192	97	1180	0.0	1902	RS-GCF-004119835.1-NZ-CP035411.1
14681-1492R-17	RS-GCF-004103595.1-NZ-CP035231.1	96.864	1192	97	1180	0.0	1902	RS-GCF-004103595.1-NZ-CP035231.1
14681-1492R-17	RS-GCF-001541905.1-NZ-CP014166.1--10	96.864	1192	97	1180	0.0	1902	RS-GCF-001541905.1-NZ-CP014166.1--10
14681-1492R-17	RS-GCF-000293765.1-NC-018520.1--10	96.864	1192	97	1180	0.0	1902	RS-GCF-000293765.1-NC-018520.1--10
14681-1492R-17	GB-GCA-900445475.1-UAQC01000011.1	96.864	1192	97	1180	0.0	1902	GB-GCA-900445475.1-UAQC01000011.1
14681-1492R-17	RS-GCF-002202035.1-NZ-CP021921.1--10	96.864	1192	97	1180	0.0	1902	RS-GCF-002202035.1-NZ-CP021921.1--10
14681-1492R-17	RS-GCF-002202035.1-NZ-CP021921.1	96.864	1192	97	1180	0.0	1902	RS-GCF-002202035.1-NZ-CP021921.1
14681-1492R-17	RS-GCF-002216085.1-NZ-CP022287.1--3	96.864	1192	97	1180	0.0	1902	RS-GCF-002216085.1-NZ-CP022287.1--3
14681-1492R-17	RS-GCF-004119775.1-NZ-CP035406.1--4	96.864	1192	97	1180	0.0	1902	RS-GCF-004119775.1-NZ-CP035406.1--4
14681-1492R-17	RS-GCF-003665215.1-NZ-CP032855.1--9	96.864	1192	97	1180	0.0	1902	RS-GCF-003665215.1-NZ-CP032855.1--9
14681-1492R-17	RS-GCF-000952895.1-NZ-LN680001.1--9	96.864	1192	97	1180	0.0	1902	RS-GCF-000952895.1-NZ-LN680001.1--9
14681-1492R-17	RS-GCF-002290305.1-NZ-CP023257.1--8	96.864	1192	97	1180	0.0	1902	RS-GCF-002290305.1-NZ-CP023257.1--8
14681-1492R-17	RS-GCF-009913255.1-NZ-CP028201.1--5	96.864	1192	97	1180	0.0	1902	RS-GCF-009913255.1-NZ-CP028201.1--5
14681-1492R-17	RS-GCF-009913255.1-NZ-CP028201.1--2	96.864	1192	97	1180	0.0	1902	RS-GCF-009913255.1-NZ-CP028201.1--2
14681-1492R-17	RS-GCF-016924995.1-NZ-CP070483.1	96.864	1192	97	1180	0.0	1902	RS-GCF-016924995.1-NZ-CP070483.1
14681-1492R-17	RS-GCF-018884165.1-NZ-CP063150.1--2	96.864	1192	97	1180	0.0	1902	RS-GCF-018884165.1-NZ-CP063150.1--2
14681-1492R-17	RS-GCF-000186745.1-NC-014976.1--8	96.780	1192	97	1180	0.0	1902	RS-GCF-000186745.1-NC-014976.1--8
14681-1492R-17	RS-GCF-000186745.1-NC-014976.1--7	96.864	1192	97	1180	0.0	1902	RS-GCF-000186745.1-NC-014976.1--7
14681-1492R-17	RS-GCF-014706595.1-NZ-CP047119.1--4	96.864	1192	97	1180	0.0	1902	RS-GCF-014706595.1-NZ-CP047119.1--4
14681-1492R-17	RS-GCF-013341255.1-NZ-CP054479.1--7	96.864	1192	97	1180	0.0	1902	RS-GCF-013341255.1-NZ-CP054479.1--7
14681-1492R-17	RS-GCF-016766595.1-NZ-CP068563.1--8	96.864	1192	97	1180	0.0	1902	RS-GCF-016766595.1-NZ-CP068563.1--8
14681-1492R-17	RS-GCF-003432425.1-NZ-CP023075.1--6	96.864	1192	97	1180	0.0	1902	RS-GCF-003432425.1-NZ-CP023075.1--6
14681-1492R-17	RS-GCF-014048285.1-NZ-CP059495.1--4	96.864	1192	97	1180	0.0	1902	RS-GCF-014048285.1-NZ-CP059495.1--4
14681-1492R-17	RS-GCF-009664145.1-NZ-CP041192.1--5	96.864	1192	97	1180	0.0	1902	RS-GCF-009664145.1-NZ-CP041192.1--5
14681-1492R-17	KU836854	96.864	1192	97	1180	0.0	1902	KU836854
14681-1492R-17	MJ009-2-barcode71-umi132755bins-ubs-3	96.864	1192	97	1180	0.0	1902	MJ009-2-barcode71-umi132755bins-ubs-3
14681-1492R-17	RS-GCF-014621755.1-NZ-CP061284.1--4	96.867	1192	97	1181	0.0	1902	RS-GCF-014621755.1-NZ-CP061284.1--4
14681-1492R-17	RS-GCF-000293765.1-NC-018520.1	96.867	1192	97	1181	0.0	1902	RS-GCF-000293765.1-NC-018520.1
14681-1492R-17	RS-GCF-003515125.1-NZ-CP032089.1	96.867	1192	97	1181	0.0	1902	RS-GCF-003515125.1-NZ-CP032089.1
14681-1492R-17	RS-GCF-001604995.1-NZ-CP015004.1	96.867	1192	97	1181	0.0	1902	RS-GCF-001604995.1-NZ-CP015004.1
14681-1492R-17	RS-GCF-000338735.1-NC-020244.1	96.867	1192	97	1181	0.0	1902	RS-GCF-000338735.1-NC-020244.1
14681-1492R-17	RS-GCF-002142595.1-NZ-CP021169.1--5	96.780	1192	97	1180	0.0	1902	RS-GCF-002142595.1-NZ-CP021169.1--5
14681-1492R-17	RS-GCF-000743215.1-NZ-KN049967.1--6	96.867	1192	97	1181	0.0	1901	RS-GCF-000743215.1-NZ-KN049967.1--6
14681-1492R-17	RS-GCF-002290305.1-NZ-CP023257.1--9	96.867	1192	97	1181	0.0	1901	RS-GCF-002290305.1-NZ-CP023257.1--9
14681-1492R-17	RS-GCF-009856975.1-NZ-CP047268.1--3	96.777	1192	97	1179	0.0	1900	RS-GCF-009856975.1-NZ-CP047268.1--3
14681-1492R-17	RS-GCF-012648005.1-NZ-CP051464.1--2	96.864	1192	97	1180	0.0	1899	RS-GCF-012648005.1-NZ-CP051464.1--2
14681-1492R-17	RS-GCF-012648005.1-NZ-CP051464.1	96.864	1192	97	1180	0.0	1899	RS-GCF-012648005.1-NZ-CP051464.1
14681-1492R-17	RS-GCF-900445425.1-NZ-UAQD01000014.1	96.864	1192	97	1180	0.0	1899	RS-GCF-900445425.1-NZ-UAQD01000014.1
14681-1492R-17	RS-GCF-005153965.1-NZ-CP039755.1--3	96.864	1192	97	1180	0.0	1899	RS-GCF-005153965.1-NZ-CP039755.1--3
14681-1492R-17	RS-GCF-005153965.1-NZ-CP039755.1--2	96.864	1192	97	1180	0.0	1899	RS-GCF-005153965.1-NZ-CP039755.1--2
14681-1492R-17	RS-GCF-006965425.1-NZ-CP041357.1--10	96.864	1192	97	1180	0.0	1899	RS-GCF-006965425.1-NZ-CP041357.1--10
14681-1492R-17	RS-GCF-000186085.1-NZ-CM000488.1--9	96.864	1192	97	1180	0.0	1899	RS-GCF-000186085.1-NZ-CM000488.1--9
14681-1492R-17	RS-GCF-000155355.1-NZ-CM000489.1--9	96.864	1192	97	1180	0.0	1899	RS-GCF-000155355.1-NZ-CM000489.1--9
14681-1492R-17	RS-GCF-000155375.1-NZ-CM000490.1--9	96.864	1192	97	1180	0.0	1899	RS-GCF-000155375.1-NZ-CM000490.1--9
14681-1492R-17	RS-GCF-003665275.1-NZ-CP032857.1--10	96.864	1192	97	1180	0.0	1899	RS-GCF-003665275.1-NZ-CP032857.1--10
14681-1492R-17	RS-GCF-009363835.1-NZ-CP045425.1--9	96.864	1192	97	1180	0.0	1899	RS-GCF-009363835.1-NZ-CP045425.1--9
14681-1492R-17	RS-GCF-009363835.1-NZ-CP045425.1--2	96.864	1192	97	1180	0.0	1899	RS-GCF-009363835.1-NZ-CP045425.1--2
14681-1492R-17	RS-GCF-001746575.1-NZ-CP017314.1--4	96.864	1192	97	1180	0.0	1899	RS-GCF-001746575.1-NZ-CP017314.1--4
14681-1492R-17	RS-GCF-001604995.1-NZ-CP015004.1--7	96.864	1192	97	1180	0.0	1899	RS-GCF-001604995.1-NZ-CP015004.1--7
14681-1492R-17	RS-GCF-004119675.1-NZ-CP035397.1--2	96.864	1192	97	1180	0.0	1899	RS-GCF-004119675.1-NZ-CP035397.1--2
14681-1492R-17	RS-GCF-002290305.1-NZ-CP023257.1	96.864	1192	97	1180	0.0	1899	RS-GCF-002290305.1-NZ-CP023257.1
14681-1492R-17	RS-GCF-016924995.1-NZ-CP070483.1--5	96.864	1192	97	1180	0.0	1899	RS-GCF-016924995.1-NZ-CP070483.1--5
14681-1492R-17	RS-GCF-016924995.1-NZ-CP070483.1--3	96.864	1192	97	1180	0.0	1899	RS-GCF-016924995.1-NZ-CP070483.1--3
14681-1492R-17	RS-GCF-002201995.1-NZ-CP021892.1--2	96.864	1192	97	1180	0.0	1899	RS-GCF-002201995.1-NZ-CP021892.1--2
14681-1492R-17	RS-GCF-000155325.1-NZ-CM000487.1--9	96.864	1192	97	1180	0.0	1899	RS-GCF-000155325.1-NZ-CM000487.1--9
14681-1492R-17	RS-GCF-000319475.1-NC-019842.1--5	96.854	1192	97	1176	0.0	1899	RS-GCF-000319475.1-NC-019842.1--5
14681-1492R-17	RS-GCF-002759055.1-NZ-PELK01000474.1	96.780	1192	97	1180	0.0	1898	RS-GCF-002759055.1-NZ-PELK01000474.1
14681-1492R-17	RS-GCF-003667885.1-NZ-CP033052.1--10	96.780	1192	97	1180	0.0	1898	RS-GCF-003667885.1-NZ-CP033052.1--10
14681-1492R-17	RS-GCF-003667885.1-NZ-CP033052.1--2	96.780	1192	97	1180	0.0	1898	RS-GCF-003667885.1-NZ-CP033052.1--2
14681-1492R-17	RS-GCF-003667885.1-NZ-CP033052.1	96.780	1192	97	1180	0.0	1898	RS-GCF-003667885.1-NZ-CP033052.1
14681-1492R-17	RS-GCF-004119655.1-NZ-CP035403.1--8	96.780	1192	97	1180	0.0	1898	RS-GCF-004119655.1-NZ-CP035403.1--8
14681-1492R-17	RS-GCF-002216085.1-NZ-CP022287.1	96.780	1192	97	1180	0.0	1898	RS-GCF-002216085.1-NZ-CP022287.1
14681-1492R-17	RS-GCF-003665215.1-NZ-CP032855.1--2	96.780	1192	97	1180	0.0	1898	RS-GCF-003665215.1-NZ-CP032855.1--2
14681-1492R-17	RS-GCF-015844655.1-NZ-LDGA01000012.1	96.780	1192	97	1180	0.0	1898	RS-GCF-015844655.1-NZ-LDGA01000012.1
14681-1492R-17	RS-GCF-002906075.1-NZ-NJPW01000001.1	96.780	1192	97	1180	0.0	1898	RS-GCF-002906075.1-NZ-NJPW01000001.1
14681-1492R-17	RS-GCF-003390415.1-NZ-CP031424.1--9	96.780	1192	97	1180	0.0	1898	RS-GCF-003390415.1-NZ-CP031424.1--9
14681-1492R-17	RS-GCF-003667745.1-NZ-CP033054.1--3	96.780	1192	97	1180	0.0	1898	RS-GCF-003667745.1-NZ-CP033054.1--3
14681-1492R-17	RS-GCF-002796465.1-NZ-CP024897.1--6	96.780	1192	97	1180	0.0	1898	RS-GCF-002796465.1-NZ-CP024897.1--6
14681-1492R-17	RS-GCF-001596755.1-NZ-CP014783.1--5	96.780	1192	97	1180	0.0	1898	RS-GCF-001596755.1-NZ-CP014783.1--5
14681-1492R-17	RS-GCF-004135455.2-NZ-CP043809.1	96.780	1192	97	1180	0.0	1898	RS-GCF-004135455.2-NZ-CP043809.1
14681-1492R-17	RS-GCF-019093835.1-NZ-JAGTPD010000013.1	96.780	1192	97	1180	0.0	1898	RS-GCF-019093835.1-NZ-JAGTPD010000013.1
14681-1492R-17	RS-GCF-000259405.1-NZ-AJST01000001.1--10	96.780	1192	97	1180	0.0	1898	RS-GCF-000259405.1-NZ-AJST01000001.1--10
14681-1492R-17	RS-GCF-000259405.1-NZ-AJST01000001.1--2	96.780	1192	97	1180	0.0	1898	RS-GCF-000259405.1-NZ-AJST01000001.1--2
14681-1492R-17	RS-GCF-002761535.1-NZ-CP018133.1--7	96.780	1192	97	1180	0.0	1898	RS-GCF-002761535.1-NZ-CP018133.1--7
14681-1492R-17	RS-GCF-002761535.1-NZ-CP018133.1--6	96.780	1192	97	1180	0.0	1898	RS-GCF-002761535.1-NZ-CP018133.1--6
14681-1492R-17	RS-GCF-002761535.1-NZ-CP018133.1--5	96.780	1192	97	1180	0.0	1898	RS-GCF-002761535.1-NZ-CP018133.1--5
14681-1492R-17	RS-GCF-003855275.1-NZ-CP034037.1--6	96.780	1192	97	1180	0.0	1898	RS-GCF-003855275.1-NZ-CP034037.1--6
14681-1492R-17	RS-GCF-003855275.1-NZ-CP034037.1--5	96.780	1192	97	1180	0.0	1898	RS-GCF-003855275.1-NZ-CP034037.1--5
14681-1492R-17	RS-GCF-014706595.1-NZ-CP047119.1--2	96.780	1192	97	1180	0.0	1898	RS-GCF-014706595.1-NZ-CP047119.1--2
14681-1492R-17	RS-GCF-000583065.1-NZ-CP007244.1--5	96.780	1192	97	1180	0.0	1898	RS-GCF-000583065.1-NZ-CP007244.1--5
14681-1492R-17	RS-GCF-000815145.1-NZ-CP010406.1--9	96.780	1192	97	1180	0.0	1898	RS-GCF-000815145.1-NZ-CP010406.1--9
14681-1492R-17	RS-GCF-001709115.1-NZ-LYNC01000069.1	96.780	1192	97	1180	0.0	1898	RS-GCF-001709115.1-NZ-LYNC01000069.1
14681-1492R-17	RS-GCF-001874385.1-NZ-CP017953.1--7	96.780	1192	97	1180	0.0	1898	RS-GCF-001874385.1-NZ-CP017953.1--7
14681-1492R-17	RS-GCF-014791945.1-NZ-CP061852.1--9	96.780	1192	97	1180	0.0	1898	RS-GCF-014791945.1-NZ-CP061852.1--9
14681-1492R-17	RS-GCF-001687745.1-NZ-CP015911.1--2	96.780	1192	97	1180	0.0	1898	RS-GCF-001687745.1-NZ-CP015911.1--2
14681-1492R-17	RS-GCF-001687745.1-NZ-CP015911.1	96.780	1192	97	1180	0.0	1898	RS-GCF-001687745.1-NZ-CP015911.1
14681-1492R-17	RS-GCF-003265265.1-NZ-CP028375.1--5	96.780	1192	97	1180	0.0	1898	RS-GCF-003265265.1-NZ-CP028375.1--5
14681-1492R-17	RS-GCF-009663035.1-NZ-CP045926.1--9	96.780	1192	97	1180	0.0	1898	RS-GCF-009663035.1-NZ-CP045926.1--9
14681-1492R-17	RS-GCF-009663035.1-NZ-CP045926.1--3	96.780	1192	97	1180	0.0	1898	RS-GCF-009663035.1-NZ-CP045926.1--3
14681-1492R-17	RS-GCF-009663035.1-NZ-CP045926.1	96.780	1192	97	1180	0.0	1898	RS-GCF-009663035.1-NZ-CP045926.1
14681-1492R-17	RS-GCF-014854735.1-NZ-CP029466.1--9	96.780	1192	97	1180	0.0	1898	RS-GCF-014854735.1-NZ-CP029466.1--9
14681-1492R-17	RS-GCF-014854735.1-NZ-CP029466.1--5	96.780	1192	97	1180	0.0	1898	RS-GCF-014854735.1-NZ-CP029466.1--5
14681-1492R-17	RS-GCF-003149795.1-NZ-CP029071.1--9	96.780	1192	97	1180	0.0	1898	RS-GCF-003149795.1-NZ-CP029071.1--9
14681-1492R-17	RS-GCF-018771665.1-NZ-CP076290.1--9	96.780	1192	97	1180	0.0	1898	RS-GCF-018771665.1-NZ-CP076290.1--9
14681-1492R-17	RS-GCF-018771665.1-NZ-CP076290.1	96.780	1192	97	1180	0.0	1898	RS-GCF-018771665.1-NZ-CP076290.1
14681-1492R-17	RS-GCF-006489255.1-NZ-CP041143.1--9	96.780	1192	97	1180	0.0	1898	RS-GCF-006489255.1-NZ-CP041143.1--9
14681-1492R-17	RS-GCF-009913355.1-NZ-CP028207.1--3	96.780	1192	97	1180	0.0	1898	RS-GCF-009913355.1-NZ-CP028207.1--3
14681-1492R-17	RS-GCF-000508265.1-NC-023073.1--10	96.780	1192	97	1180	0.0	1898	RS-GCF-000508265.1-NC-023073.1--10
14681-1492R-17	RS-GCF-000508265.1-NC-023073.1--9	96.780	1192	97	1180	0.0	1898	RS-GCF-000508265.1-NC-023073.1--9
14681-1492R-17	RS-GCF-000508265.1-NC-023073.1--7	96.780	1192	97	1180	0.0	1898	RS-GCF-000508265.1-NC-023073.1--7
14681-1492R-17	RS-GCF-000283695.1-NC-016784.1--9	96.780	1192	97	1180	0.0	1898	RS-GCF-000283695.1-NC-016784.1--9
14681-1492R-17	RS-GCF-000319475.1-NC-019842.1--9	96.780	1192	97	1180	0.0	1898	RS-GCF-000319475.1-NC-019842.1--9
14681-1492R-17	RS-GCF-006489235.1-NZ-CP041144.1--7	96.780	1192	97	1180	0.0	1898	RS-GCF-006489235.1-NZ-CP041144.1--7
14681-1492R-17	RS-GCF-001536925.1-NZ-LN999829.1	96.780	1192	97	1180	0.0	1898	RS-GCF-001536925.1-NZ-LN999829.1
14681-1492R-17	RS-GCF-008727675.1-NZ-CP044133.1--8	96.780	1192	97	1180	0.0	1898	RS-GCF-008727675.1-NZ-CP044133.1--8
14681-1492R-17	RS-GCF-008727675.1-NZ-CP044133.1--3	96.780	1192	97	1180	0.0	1898	RS-GCF-008727675.1-NZ-CP044133.1--3
14681-1492R-17	RS-GCF-002556565.1-NZ-CP023748.1--7	96.780	1192	97	1180	0.0	1898	RS-GCF-002556565.1-NZ-CP023748.1--7
14681-1492R-17	RS-GCF-002556565.1-NZ-CP023748.1--4	96.780	1192	97	1180	0.0	1898	RS-GCF-002556565.1-NZ-CP023748.1--4
14681-1492R-17	RS-GCF-002556565.1-NZ-CP023748.1	96.780	1192	97	1180	0.0	1898	RS-GCF-002556565.1-NZ-CP023748.1
14681-1492R-17	RS-GCF-009931675.1-NZ-CP048002.1--7	96.780	1192	97	1180	0.0	1898	RS-GCF-009931675.1-NZ-CP048002.1--7
14681-1492R-17	RS-GCF-009931675.1-NZ-CP048002.1--2	96.780	1192	97	1180	0.0	1898	RS-GCF-009931675.1-NZ-CP048002.1--2
14681-1492R-17	RS-GCF-001461835.1-NZ-LLZA01000025.1	96.780	1192	97	1180	0.0	1898	RS-GCF-001461835.1-NZ-LLZA01000025.1
14681-1492R-17	RS-GCF-001889285.1-NZ-CP018152.1	96.780	1192	97	1180	0.0	1898	RS-GCF-001889285.1-NZ-CP018152.1
14681-1492R-17	RS-GCF-001175005.1-NZ-CVPA01000001.1	96.780	1192	97	1180	0.0	1898	RS-GCF-001175005.1-NZ-CVPA01000001.1
14681-1492R-17	RS-GCF-018398955.1-NZ-CP074685.1--9	96.780	1192	97	1180	0.0	1898	RS-GCF-018398955.1-NZ-CP074685.1--9
14681-1492R-17	RS-GCF-018398955.1-NZ-CP074685.1--8	96.780	1192	97	1180	0.0	1898	RS-GCF-018398955.1-NZ-CP074685.1--8
14681-1492R-17	RS-GCF-016909415.1-NZ-JAFBFS010000024.1	96.780	1192	97	1180	0.0	1898	RS-GCF-016909415.1-NZ-JAFBFS010000024.1
14681-1492R-17	GB-GCA-003417765.1-QKQQ01000021.1--2	96.780	1192	97	1180	0.0	1898	GB-GCA-003417765.1-QKQQ01000021.1--2
14681-1492R-17	RS-GCF-002850475.1-NZ-CP021011.1--9	96.780	1192	97	1180	0.0	1898	RS-GCF-002850475.1-NZ-CP021011.1--9
14681-1492R-17	RS-GCF-003990455.1-NZ-RQPF01000032.1	96.780	1192	97	1180	0.0	1898	RS-GCF-003990455.1-NZ-RQPF01000032.1
14681-1492R-17	RS-GCF-009913295.1-NZ-CP028204.1--3	96.780	1192	97	1180	0.0	1898	RS-GCF-009913295.1-NZ-CP028204.1--3
14681-1492R-17	RS-GCF-009738165.1-NZ-CP045711.1--8	96.780	1192	97	1180	0.0	1898	RS-GCF-009738165.1-NZ-CP045711.1--8
14681-1492R-17	RS-GCF-002105595.1-NZ-CP020805.1--4	96.780	1192	97	1180	0.0	1898	RS-GCF-002105595.1-NZ-CP020805.1--4
14681-1492R-17	RS-GCF-002105595.1-NZ-CP020805.1--3	96.780	1192	97	1180	0.0	1898	RS-GCF-002105595.1-NZ-CP020805.1--3
14681-1492R-17	RS-GCF-000769515.1-NZ-CP009684.1--5	96.780	1192	97	1180	0.0	1898	RS-GCF-000769515.1-NZ-CP009684.1--5
14681-1492R-17	RS-GCF-002205715.1-NZ-CP021976.1--5	96.780	1192	97	1180	0.0	1898	RS-GCF-002205715.1-NZ-CP021976.1--5
14681-1492R-17	RS-GCF-009913375.1-NZ-CP028208.1--5	96.780	1192	97	1180	0.0	1898	RS-GCF-009913375.1-NZ-CP028208.1--5
14681-1492R-17	RS-GCF-018406485.1-NZ-AP024603.1--9	96.780	1192	97	1180	0.0	1898	RS-GCF-018406485.1-NZ-AP024603.1--9
14681-1492R-17	RS-GCF-000772165.1-NZ-CP009749.1--7	96.780	1192	97	1180	0.0	1898	RS-GCF-000772165.1-NZ-CP009749.1--7
14681-1492R-17	RS-GCF-004331895.1-NZ-CP036527.1--3	96.780	1192	97	1180	0.0	1898	RS-GCF-004331895.1-NZ-CP036527.1--3
14681-1492R-17	RS-GCF-002916875.1-NZ-NEOS01000010.1	96.780	1192	97	1180	0.0	1898	RS-GCF-002916875.1-NZ-NEOS01000010.1
14681-1492R-17	RS-GCF-005843905.1-NZ-VCBE01000008.1	96.780	1192	97	1180	0.0	1898	RS-GCF-005843905.1-NZ-VCBE01000008.1
14681-1492R-17	RS-GCF-016834435.1-NZ-CP069214.1--7	96.780	1192	97	1180	0.0	1898	RS-GCF-016834435.1-NZ-CP069214.1--7
14681-1492R-17	RS-GCF-000465655.1-NZ-AVQH01000027.1	96.780	1192	97	1180	0.0	1898	RS-GCF-000465655.1-NZ-AVQH01000027.1
14681-1492R-17	RS-GCF-002893845.1-NZ-CP025939.1--8	96.780	1192	97	1180	0.0	1898	RS-GCF-002893845.1-NZ-CP025939.1--8
14681-1492R-17	RS-GCF-002893845.1-NZ-CP025939.1--3	96.780	1192	97	1180	0.0	1898	RS-GCF-002893845.1-NZ-CP025939.1--3
14681-1492R-17	RS-GCF-002845365.1-NZ-CP025341.1--2	96.780	1192	97	1180	0.0	1898	RS-GCF-002845365.1-NZ-CP025341.1--2
14681-1492R-17	RS-GCF-002845365.1-NZ-CP025341.1	96.780	1192	97	1180	0.0	1898	RS-GCF-002845365.1-NZ-CP025341.1
14681-1492R-17	GB-GCA-002157265.1-CP021338.1--7	96.780	1192	97	1180	0.0	1898	GB-GCA-002157265.1-CP021338.1--7
14681-1492R-17	RS-GCF-001266825.1-NZ-LGAT01000020.1	96.780	1192	97	1180	0.0	1898	RS-GCF-001266825.1-NZ-LGAT01000020.1
14681-1492R-17	RS-GCF-013201465.1-NZ-CP053764.1--7	96.780	1192	97	1180	0.0	1898	RS-GCF-013201465.1-NZ-CP053764.1--7
14681-1492R-17	RS-GCF-013201465.1-NZ-CP053764.1--2	96.780	1192	97	1180	0.0	1898	RS-GCF-013201465.1-NZ-CP053764.1--2
14681-1492R-17	RS-GCF-013201465.1-NZ-CP053764.1	96.780	1192	97	1180	0.0	1898	RS-GCF-013201465.1-NZ-CP053764.1
14681-1492R-17	RS-GCF-014211995.1-NZ-CP060085.1--8	96.780	1192	97	1180	0.0	1898	RS-GCF-014211995.1-NZ-CP060085.1--8
14681-1492R-17	RS-GCF-012647845.1-NZ-CP051463.1--8	96.780	1192	97	1180	0.0	1898	RS-GCF-012647845.1-NZ-CP051463.1--8
14681-1492R-17	RS-GCF-012275165.1-NZ-CP051011.1	96.780	1192	97	1180	0.0	1898	RS-GCF-012275165.1-NZ-CP051011.1
14681-1492R-17	RS-GCF-009914135.1-NZ-CP028961.1	96.780	1192	97	1180	0.0	1898	RS-GCF-009914135.1-NZ-CP028961.1
14681-1492R-17	RS-GCF-014048385.1-NZ-CP059497.1--8	96.780	1192	97	1180	0.0	1898	RS-GCF-014048385.1-NZ-CP059497.1--8
14681-1492R-17	RS-GCF-006965525.1-NZ-CP041361.1--9	96.780	1192	97	1180	0.0	1898	RS-GCF-006965525.1-NZ-CP041361.1--9
14681-1492R-17	RS-GCF-006965525.1-NZ-CP041361.1--8	96.780	1192	97	1180	0.0	1898	RS-GCF-006965525.1-NZ-CP041361.1--8
14681-1492R-17	RS-GCF-014764325.1-NZ-CP061704.1--9	96.780	1192	97	1180	0.0	1898	RS-GCF-014764325.1-NZ-CP061704.1--9
14681-1492R-17	RS-GCF-017603845.1-NZ-CP071970.1--5	96.780	1192	97	1180	0.0	1898	RS-GCF-017603845.1-NZ-CP071970.1--5
14681-1492R-17	GB-GCA-001247635.1-LGYP01000001.1--6	96.780	1192	97	1180	0.0	1898	GB-GCA-001247635.1-LGYP01000001.1--6
14681-1492R-17	RS-GCF-001483885.1-NZ-CP013727.1--3	96.780	1192	97	1180	0.0	1898	RS-GCF-001483885.1-NZ-CP013727.1--3
14681-1492R-17	RS-GCF-002968415.1-NZ-CP026610.1--9	96.780	1192	97	1180	0.0	1898	RS-GCF-002968415.1-NZ-CP026610.1--9
14681-1492R-17	RS-GCF-002968415.1-NZ-CP026610.1--7	96.780	1192	97	1180	0.0	1898	RS-GCF-002968415.1-NZ-CP026610.1--7
14681-1492R-17	RS-GCF-001593765.1-NZ-CP006058.1--8	96.780	1192	97	1180	0.0	1898	RS-GCF-001593765.1-NZ-CP006058.1--8
14681-1492R-17	RS-GCF-001593765.1-NZ-CP006058.1	96.780	1192	97	1180	0.0	1898	RS-GCF-001593765.1-NZ-CP006058.1
14681-1492R-17	RS-GCF-014495825.1-NZ-CP061087.1--8	96.780	1192	97	1180	0.0	1898	RS-GCF-014495825.1-NZ-CP061087.1--8
14681-1492R-17	RS-GCF-014495825.1-NZ-CP061087.1--6	96.780	1192	97	1180	0.0	1898	RS-GCF-014495825.1-NZ-CP061087.1--6
14681-1492R-17	RS-GCF-002072695.1-NZ-CP020375.1--9	96.780	1192	97	1180	0.0	1898	RS-GCF-002072695.1-NZ-CP020375.1--9
14681-1492R-17	RS-GCF-009913315.1-NZ-CP028205.1--7	96.780	1192	97	1180	0.0	1898	RS-GCF-009913315.1-NZ-CP028205.1--7
14681-1492R-17	RS-GCF-008824205.1-NZ-CP044444.1--5	96.780	1192	97	1180	0.0	1898	RS-GCF-008824205.1-NZ-CP044444.1--5
14681-1492R-17	RS-GCF-002057535.1-NZ-CP018007.1--3	96.780	1192	97	1180	0.0	1898	RS-GCF-002057535.1-NZ-CP018007.1--3
14681-1492R-17	RS-GCF-008802875.1-NZ-CP044349.1--9	96.780	1192	97	1180	0.0	1898	RS-GCF-008802875.1-NZ-CP044349.1--9
14681-1492R-17	RS-GCF-008802875.1-NZ-CP044349.1--7	96.780	1192	97	1180	0.0	1898	RS-GCF-008802875.1-NZ-CP044349.1--7
14681-1492R-17	RS-GCF-008802875.1-NZ-CP044349.1--6	96.780	1192	97	1180	0.0	1898	RS-GCF-008802875.1-NZ-CP044349.1--6
14681-1492R-17	GB-GCA-018141325.1-CP047587.1--7	96.780	1192	97	1180	0.0	1898	GB-GCA-018141325.1-CP047587.1--7
14681-1492R-17	RS-GCF-013348705.1-NZ-CP054714.1--9	96.780	1192	97	1180	0.0	1898	RS-GCF-013348705.1-NZ-CP054714.1--9
14681-1492R-17	RS-GCF-013348705.1-NZ-CP054714.1--3	96.780	1192	97	1180	0.0	1898	RS-GCF-013348705.1-NZ-CP054714.1--3
14681-1492R-17	RS-GCF-013348705.1-NZ-CP054714.1	96.780	1192	97	1180	0.0	1898	RS-GCF-013348705.1-NZ-CP054714.1
14681-1492R-17	RS-GCF-002276265.1-NZ-NQXV01000057.1	96.780	1192	97	1180	0.0	1898	RS-GCF-002276265.1-NZ-NQXV01000057.1
14681-1492R-17	RS-GCF-003432425.1-NZ-CP023075.1--8	96.780	1192	97	1180	0.0	1898	RS-GCF-003432425.1-NZ-CP023075.1--8
14681-1492R-17	RS-GCF-003432425.1-NZ-CP023075.1--4	96.780	1192	97	1180	0.0	1898	RS-GCF-003432425.1-NZ-CP023075.1--4
14681-1492R-17	RS-GCF-003432425.1-NZ-CP023075.1--3	96.780	1192	97	1180	0.0	1898	RS-GCF-003432425.1-NZ-CP023075.1--3
14681-1492R-17	RS-GCF-003047025.1-NZ-CP028439.1--6	96.780	1192	97	1180	0.0	1898	RS-GCF-003047025.1-NZ-CP028439.1--6
14681-1492R-17	RS-GCF-018861275.1-NZ-CP076408.1--9	96.780	1192	97	1180	0.0	1898	RS-GCF-018861275.1-NZ-CP076408.1--9
14681-1492R-17	RS-GCF-018861275.1-NZ-CP076408.1--7	96.780	1192	97	1180	0.0	1898	RS-GCF-018861275.1-NZ-CP076408.1--7
14681-1492R-17	RS-GCF-018861275.1-NZ-CP076408.1--5	96.780	1192	97	1180	0.0	1898	RS-GCF-018861275.1-NZ-CP076408.1--5
14681-1492R-17	RS-GCF-018861275.1-NZ-CP076408.1--4	96.780	1192	97	1180	0.0	1898	RS-GCF-018861275.1-NZ-CP076408.1--4
14681-1492R-17	RS-GCF-011421515.1-NZ-WOYD01000012.1	96.780	1192	97	1180	0.0	1898	RS-GCF-011421515.1-NZ-WOYD01000012.1
14681-1492R-17	RS-GCF-003312895.1-NZ-CP030097.1--9	96.780	1192	97	1180	0.0	1898	RS-GCF-003312895.1-NZ-CP030097.1--9
14681-1492R-17	RS-GCF-018866365.1-NZ-CP076450.1--9	96.780	1192	97	1180	0.0	1898	RS-GCF-018866365.1-NZ-CP076450.1--9
14681-1492R-17	RS-GCF-018866365.1-NZ-CP076450.1--8	96.780	1192	97	1180	0.0	1898	RS-GCF-018866365.1-NZ-CP076450.1--8
14681-1492R-17	RS-GCF-018866365.1-NZ-CP076450.1--7	96.780	1192	97	1180	0.0	1898	RS-GCF-018866365.1-NZ-CP076450.1--7
14681-1492R-17	RS-GCF-014048285.1-NZ-CP059495.1--8	96.780	1192	97	1180	0.0	1898	RS-GCF-014048285.1-NZ-CP059495.1--8
14681-1492R-17	RS-GCF-002082435.1-NZ-NBMO01000012.1	96.780	1192	97	1180	0.0	1898	RS-GCF-002082435.1-NZ-NBMO01000012.1
14681-1492R-17	RS-GCF-904842145.1-NZ-CAJGVG010000001.1--9	96.780	1192	97	1180	0.0	1898	RS-GCF-904842145.1-NZ-CAJGVG010000001.1--9
14681-1492R-17	RS-GCF-904842145.1-NZ-CAJGVG010000001.1--7	96.780	1192	97	1180	0.0	1898	RS-GCF-904842145.1-NZ-CAJGVG010000001.1--7
14681-1492R-17	RS-GCF-904842145.1-NZ-CAJGVG010000001.1--4	96.780	1192	97	1180	0.0	1898	RS-GCF-904842145.1-NZ-CAJGVG010000001.1--4
14681-1492R-17	RS-GCF-904842145.1-NZ-CAJGVG010000001.1--2	96.780	1192	97	1180	0.0	1898	RS-GCF-904842145.1-NZ-CAJGVG010000001.1--2
14681-1492R-17	RS-GCF-904842145.1-NZ-CAJGVG010000001.1	96.780	1192	97	1180	0.0	1898	RS-GCF-904842145.1-NZ-CAJGVG010000001.1
14681-1492R-17	RS-GCF-008244925.1-NZ-CP043416.1--8	96.780	1192	97	1180	0.0	1898	RS-GCF-008244925.1-NZ-CP043416.1--8
14681-1492R-17	RS-GCF-002243325.2-NZ-CP022654.2	96.780	1192	97	1180	0.0	1898	RS-GCF-002243325.2-NZ-CP022654.2
14681-1492R-17	RS-GCF-900100225.1-NZ-FNER01000016.1	96.780	1192	97	1180	0.0	1898	RS-GCF-900100225.1-NZ-FNER01000016.1
14681-1492R-17	RS-GCF-000934885.1-NZ-JYGH01000005.1	96.780	1192	97	1180	0.0	1898	RS-GCF-000934885.1-NZ-JYGH01000005.1
14681-1492R-17	RS-GCF-004337655.1-NZ-CP037417.1	96.780	1192	97	1180	0.0	1898	RS-GCF-004337655.1-NZ-CP037417.1
14681-1492R-17	RS-GCF-001639945.1-NZ-BDDG01000009.1	96.780	1192	97	1180	0.0	1898	RS-GCF-001639945.1-NZ-BDDG01000009.1
14681-1492R-17	RS-GCF-002844125.1-NZ-CP025308.1--6	96.780	1192	97	1180	0.0	1898	RS-GCF-002844125.1-NZ-CP025308.1--6
14681-1492R-17	RS-GCF-002844125.1-NZ-CP025308.1--4	96.780	1192	97	1180	0.0	1898	RS-GCF-002844125.1-NZ-CP025308.1--4
14681-1492R-17	RS-GCF-002844125.1-NZ-CP025308.1--2	96.780	1192	97	1180	0.0	1898	RS-GCF-002844125.1-NZ-CP025308.1--2
14681-1492R-17	RS-GCF-002844125.1-NZ-CP025308.1	96.780	1192	97	1180	0.0	1898	RS-GCF-002844125.1-NZ-CP025308.1
14681-1492R-17	RS-GCF-009664145.1-NZ-CP041192.1--8	96.780	1192	97	1180	0.0	1898	RS-GCF-009664145.1-NZ-CP041192.1--8
14681-1492R-17	RS-GCF-009664145.1-NZ-CP041192.1	96.780	1192	97	1180	0.0	1898	RS-GCF-009664145.1-NZ-CP041192.1
14681-1492R-17	RS-GCF-009834085.1-NZ-CP047157.1--2	96.780	1192	97	1180	0.0	1898	RS-GCF-009834085.1-NZ-CP047157.1--2
14681-1492R-17	G001687195	96.780	1192	97	1180	0.0	1898	G001687195
14681-1492R-17	G001587325	96.780	1192	97	1180	0.0	1898	G001587325
14681-1492R-17	AB021198	96.780	1192	97	1180	0.0	1898	AB021198
14681-1492R-17	MJ030-1-barcode25-umi38815bins-ubs-13	96.780	1192	97	1180	0.0	1898	MJ030-1-barcode25-umi38815bins-ubs-13
14681-1492R-17	GB-GCA-900445475.1-UAQC01000015.1	96.867	1192	97	1181	0.0	1897	GB-GCA-900445475.1-UAQC01000015.1
14681-1492R-17	RS-GCF-000155325.1-NZ-CM000487.1--7	96.782	1192	97	1181	0.0	1897	RS-GCF-000155325.1-NZ-CM000487.1--7
14681-1492R-17	RS-GCF-000245035.1-NZ-AFSG01000010.1	96.777	1192	97	1179	0.0	1896	RS-GCF-000245035.1-NZ-AFSG01000010.1
14681-1492R-17	RS-GCF-016406185.1-NZ-CP066337.1--4	96.782	1192	97	1181	0.0	1896	RS-GCF-016406185.1-NZ-CP066337.1--4
14681-1492R-17	RS-GCF-001294785.1-NZ-LJDI01000002.1	96.698	1192	97	1181	0.0	1896	RS-GCF-001294785.1-NZ-LJDI01000002.1
14681-1492R-17	GB-GCA-000732055.1-JOKF01000052.1	96.777	1192	97	1179	0.0	1896	GB-GCA-000732055.1-JOKF01000052.1
14681-1492R-17	GB-GCA-001247635.1-LGYP01000005.1	96.698	1192	97	1181	0.0	1896	GB-GCA-001247635.1-LGYP01000005.1
14681-1492R-17	RS-GCF-018729275.1-NZ-JAHHQB010000001.1	96.864	1192	97	1180	0.0	1895	RS-GCF-018729275.1-NZ-JAHHQB010000001.1
14681-1492R-17	RS-GCF-006965425.1-NZ-CP041357.1--6	96.864	1192	97	1180	0.0	1895	RS-GCF-006965425.1-NZ-CP041357.1--6
14681-1492R-17	RS-GCF-016767255.1-NZ-JAEACK010000001.1	96.864	1192	97	1180	0.0	1895	RS-GCF-016767255.1-NZ-JAEACK010000001.1
14681-1492R-17	GB-GCA-003265285.1-CP029052.1--9	96.864	1192	97	1180	0.0	1895	GB-GCA-003265285.1-CP029052.1--9
