14845-1492R-B4	RS-GCF-000177115.1-NZ-ADEY01000022.1--2	96.479	1161	100	1193	0.0	1881	RS-GCF-000177115.1-NZ-ADEY01000022.1--2
14845-1492R-B4	RS-GCF-000177115.1-NZ-ADEY01000003.1	96.396	1161	100	1193	0.0	1880	RS-GCF-000177115.1-NZ-ADEY01000003.1
14845-1492R-B4	RS-GCF-000247125.1-NZ-AHLF01000032.1	96.318	1161	100	1195	0.0	1876	RS-GCF-000247125.1-NZ-AHLF01000032.1
14845-1492R-B4	RS-GCF-001622495.1-NZ-LWCW01000070.1	96.318	1161	100	1195	0.0	1876	RS-GCF-001622495.1-NZ-LWCW01000070.1
14845-1492R-B4	RS-GCF-001659125.1-NZ-LYSH01000037.1	96.318	1161	100	1195	0.0	1876	RS-GCF-001659125.1-NZ-LYSH01000037.1
14845-1492R-B4	RS-GCF-001622445.1-NZ-LWBW01000018.1	96.318	1161	100	1195	0.0	1876	RS-GCF-001622445.1-NZ-LWBW01000018.1
14845-1492R-B4	RS-GCF-000177115.1-NZ-ADEY01000016.1	96.402	1161	100	1195	0.0	1876	RS-GCF-000177115.1-NZ-ADEY01000016.1
14845-1492R-B4	RS-GCF-003979975.1-NZ-LUBS01000131.1	96.318	1161	100	1195	0.0	1876	RS-GCF-003979975.1-NZ-LUBS01000131.1
14845-1492R-B4	RS-GCF-001070565.1-NZ-JVSY01000107.1	96.318	1161	100	1195	0.0	1876	RS-GCF-001070565.1-NZ-JVSY01000107.1
14845-1492R-B4	RS-GCF-001465385.1-NZ-JRVP01000053.1	96.318	1161	100	1195	0.0	1876	RS-GCF-001465385.1-NZ-JRVP01000053.1
14845-1492R-B4	RS-GCF-009897365.1-NZ-SHFF01000044.1	96.318	1161	100	1195	0.0	1876	RS-GCF-009897365.1-NZ-SHFF01000044.1
14845-1492R-B4	RS-GCF-001622835.1-NZ-LWBG01000080.1	96.318	1161	100	1195	0.0	1876	RS-GCF-001622835.1-NZ-LWBG01000080.1
14845-1492R-B4	RS-GCF-001658785.1-NZ-LXRV01000011.1	96.318	1161	100	1195	0.0	1876	RS-GCF-001658785.1-NZ-LXRV01000011.1
14845-1492R-B4	RS-GCF-003980055.1-NZ-LUBM01000100.1	96.318	1161	100	1195	0.0	1876	RS-GCF-003980055.1-NZ-LUBM01000100.1
14845-1492R-B4	RS-GCF-011306775.1-NZ-CP043781.1	96.318	1161	100	1195	0.0	1876	RS-GCF-011306775.1-NZ-CP043781.1
14845-1492R-B4	RS-GCF-001659475.1-NZ-LYWF01000028.1	96.318	1161	100	1195	0.0	1876	RS-GCF-001659475.1-NZ-LYWF01000028.1
14845-1492R-B4	RS-GCF-008922375.1-NZ-WBQL01000044.1	96.318	1161	100	1195	0.0	1876	RS-GCF-008922375.1-NZ-WBQL01000044.1
14845-1492R-B4	RS-GCF-001658715.1-NZ-LXRX01000037.1	96.318	1161	100	1195	0.0	1876	RS-GCF-001658715.1-NZ-LXRX01000037.1
14845-1492R-B4	RS-GCF-003980155.1-NZ-LUBV01000051.1	96.318	1161	100	1195	0.0	1876	RS-GCF-003980155.1-NZ-LUBV01000051.1
14845-1492R-B4	RS-GCF-001658535.1-NZ-LYQA01000020.1	96.318	1161	100	1195	0.0	1876	RS-GCF-001658535.1-NZ-LYQA01000020.1
14845-1492R-B4	RS-GCF-000410915.1-NZ-ARWU01000102.1	96.318	1161	100	1195	0.0	1876	RS-GCF-000410915.1-NZ-ARWU01000102.1
14845-1492R-B4	RS-GCF-006094375.1-NZ-CP035288.1	96.318	1161	100	1195	0.0	1876	RS-GCF-006094375.1-NZ-CP035288.1
14845-1492R-B4	RS-GCF-003980205.1-NZ-MNBF01000052.1	96.318	1161	100	1195	0.0	1876	RS-GCF-003980205.1-NZ-MNBF01000052.1
14845-1492R-B4	RS-GCF-003979985.1-NZ-LUBT01000109.1	96.318	1161	100	1195	0.0	1876	RS-GCF-003979985.1-NZ-LUBT01000109.1
14845-1492R-B4	RS-GCF-003859985.1-NZ-RQYG01000064.1	96.318	1161	100	1195	0.0	1876	RS-GCF-003859985.1-NZ-RQYG01000064.1
14845-1492R-B4	RS-GCF-900205795.1-NZ-OAOB01000025.1	96.318	1161	100	1195	0.0	1876	RS-GCF-900205795.1-NZ-OAOB01000025.1
14845-1492R-B4	RS-GCF-002215535.1-NZ-CP022247.1--6	96.318	1161	100	1195	0.0	1876	RS-GCF-002215535.1-NZ-CP022247.1--6
14845-1492R-B4	RS-GCF-000705075.1-NZ-JMID01000002.1	96.318	1161	100	1195	0.0	1876	RS-GCF-000705075.1-NZ-JMID01000002.1
14845-1492R-B4	RS-GCF-000759555.1-NZ-CP009046.1	96.318	1161	100	1195	0.0	1876	RS-GCF-000759555.1-NZ-CP009046.1
14845-1492R-B4	RS-GCF-003980195.1-NZ-LUBX01000012.1	96.318	1161	100	1195	0.0	1876	RS-GCF-003980195.1-NZ-LUBX01000012.1
14845-1492R-B4	RS-GCF-001072885.1-NZ-JVHR01000007.1	96.318	1161	100	1195	0.0	1876	RS-GCF-001072885.1-NZ-JVHR01000007.1
14845-1492R-B4	GB-GCA-003687755.1-RDFC01000075.1	96.318	1161	100	1195	0.0	1876	GB-GCA-003687755.1-RDFC01000075.1
14845-1492R-B4	RS-GCF-006742205.1-NZ-AP019721.1--6	96.318	1161	100	1195	0.0	1876	RS-GCF-006742205.1-NZ-AP019721.1--6
14845-1492R-B4	RS-GCF-001662985.1-NZ-LYYX01000031.1	96.318	1161	100	1195	0.0	1876	RS-GCF-001662985.1-NZ-LYYX01000031.1
14845-1492R-B4	RS-GCF-001658625.1-NZ-LXRQ01000031.1	96.318	1161	100	1195	0.0	1876	RS-GCF-001658625.1-NZ-LXRQ01000031.1
14845-1492R-B4	RS-GCF-000011925.1-NC-002976.3--3	96.318	1161	100	1195	0.0	1876	RS-GCF-000011925.1-NC-002976.3--3
14845-1492R-B4	G008763925	96.318	1161	100	1195	0.0	1876	G008763925
14845-1492R-B4	G008349105	96.318	1161	100	1195	0.0	1876	G008349105
14845-1492R-B4	G000245655	96.318	1161	100	1195	0.0	1876	G000245655
14845-1492R-B4	D83363	96.318	1161	100	1195	0.0	1876	D83363
14845-1492R-B4	MJ006-1-barcode27-umi62770bins-ubs-9	96.318	1161	100	1195	0.0	1876	MJ006-1-barcode27-umi62770bins-ubs-9
14845-1492R-B4	MJ006-1-barcode27-umi141267bins-ubs-3	96.318	1161	100	1195	0.0	1876	MJ006-1-barcode27-umi141267bins-ubs-3
14845-1492R-B4	MJ006-1-barcode27-umi155401bins-ubs-3	96.318	1161	100	1195	0.0	1876	MJ006-1-barcode27-umi155401bins-ubs-3
14845-1492R-B4	GB-GCA-001658655.1-LXRP01000038.1	97.302	1161	97	1149	0.0	1873	GB-GCA-001658655.1-LXRP01000038.1
14845-1492R-B4	RS-GCF-000705055.1-NZ-JMIE01000043.1	96.234	1161	100	1195	0.0	1872	RS-GCF-000705055.1-NZ-JMIE01000043.1
14845-1492R-B4	RS-GCF-004374765.1-NZ-SNNA01000058.1	96.234	1161	100	1195	0.0	1872	RS-GCF-004374765.1-NZ-SNNA01000058.1
14845-1492R-B4	RS-GCF-000783535.2-NZ-JTAY02000002.1--3	96.234	1161	100	1195	0.0	1872	RS-GCF-000783535.2-NZ-JTAY02000002.1--3
14845-1492R-B4	RS-GCF-902509525.1-NZ-LR735432.1--2	96.234	1161	100	1195	0.0	1872	RS-GCF-902509525.1-NZ-LR735432.1--2
14845-1492R-B4	RS-GCF-001837955.1-NZ-KV834845.1	96.234	1161	100	1195	0.0	1872	RS-GCF-001837955.1-NZ-KV834845.1
14845-1492R-B4	RS-GCF-902509515.1-NZ-LR735437.1--5	96.234	1161	100	1195	0.0	1872	RS-GCF-902509515.1-NZ-LR735437.1--5
14845-1492R-B4	RS-GCF-000627055.1-NZ-JHQC01000040.1	96.234	1161	100	1195	0.0	1872	RS-GCF-000627055.1-NZ-JHQC01000040.1
14845-1492R-B4	RS-GCF-000417965.2-NZ-ATCV02000047.1	96.234	1161	100	1195	0.0	1872	RS-GCF-000417965.2-NZ-ATCV02000047.1
14845-1492R-B4	RS-GCF-003325735.1-NZ-CP030246.1--2	96.318	1161	100	1195	0.0	1872	RS-GCF-003325735.1-NZ-CP030246.1--2
14845-1492R-B4	RS-GCF-008922245.1-NZ-WBQC01000008.1	96.234	1161	100	1195	0.0	1872	RS-GCF-008922245.1-NZ-WBQC01000008.1
14845-1492R-B4	RS-GCF-002087975.1-NZ-NARC01000024.1	96.234	1161	100	1195	0.0	1872	RS-GCF-002087975.1-NZ-NARC01000024.1
14845-1492R-B4	RS-GCF-011306775.1-NZ-CP043781.1--4	96.234	1161	100	1195	0.0	1872	RS-GCF-011306775.1-NZ-CP043781.1--4
14845-1492R-B4	RS-GCF-002085695.1-NZ-CP020463.1--6	96.234	1161	100	1195	0.0	1872	RS-GCF-002085695.1-NZ-CP020463.1--6
14845-1492R-B4	RS-GCF-011306595.1-NZ-CP043777.1--5	96.234	1161	100	1195	0.0	1872	RS-GCF-011306595.1-NZ-CP043777.1--5
14845-1492R-B4	RS-GCF-003578045.1-NZ-QXSL01000097.1	96.234	1161	100	1195	0.0	1872	RS-GCF-003578045.1-NZ-QXSL01000097.1
14845-1492R-B4	RS-GCF-001075805.1-NZ-JUML01000010.1	96.234	1161	100	1195	0.0	1872	RS-GCF-001075805.1-NZ-JUML01000010.1
14845-1492R-B4	RS-GCF-001659245.1-NZ-LYVU01000043.1	96.234	1161	100	1195	0.0	1872	RS-GCF-001659245.1-NZ-LYVU01000043.1
14845-1492R-B4	RS-GCF-000247185.1-NZ-AHLI01000009.1	96.234	1161	100	1195	0.0	1872	RS-GCF-000247185.1-NZ-AHLI01000009.1
14845-1492R-B4	RS-GCF-902363495.1-NZ-CABJAG010000011.1	96.234	1161	100	1195	0.0	1872	RS-GCF-902363495.1-NZ-CABJAG010000011.1
14845-1492R-B4	RS-GCF-008923085.1-NZ-WBRT01000039.1	96.234	1161	100	1195	0.0	1872	RS-GCF-008923085.1-NZ-WBRT01000039.1
14845-1492R-B4	RS-GCF-900458585.1-NZ-UHDD01000001.1--6	96.234	1161	100	1195	0.0	1872	RS-GCF-900458585.1-NZ-UHDD01000001.1--6
14845-1492R-B4	RS-GCF-016406625.1-NZ-CP066376.1--4	96.234	1161	100	1195	0.0	1872	RS-GCF-016406625.1-NZ-CP066376.1--4
14845-1492R-B4	RS-GCF-007678185.1-NZ-VEEC01000021.1	96.234	1161	100	1195	0.0	1872	RS-GCF-007678185.1-NZ-VEEC01000021.1
14845-1492R-B4	RS-GCF-016903575.1-NZ-CP069954.1	96.234	1161	100	1195	0.0	1872	RS-GCF-016903575.1-NZ-CP069954.1
14845-1492R-B4	RS-GCF-003856395.1-NZ-CP034111.1	96.234	1161	100	1195	0.0	1872	RS-GCF-003856395.1-NZ-CP034111.1
14845-1492R-B4	RS-GCF-001956655.1-NZ-CP018842.1--5	96.234	1161	100	1195	0.0	1872	RS-GCF-001956655.1-NZ-CP018842.1--5
14845-1492R-B4	RS-GCF-014334295.1-NZ-CP060528.1--6	96.234	1161	100	1195	0.0	1872	RS-GCF-014334295.1-NZ-CP060528.1--6
14845-1492R-B4	RS-GCF-001072245.1-NZ-JVLY01000033.1	96.234	1161	100	1195	0.0	1872	RS-GCF-001072245.1-NZ-JVLY01000033.1
14845-1492R-B4	RS-GCF-016904135.1-NZ-CP070057.1--5	96.234	1161	100	1195	0.0	1872	RS-GCF-016904135.1-NZ-CP070057.1--5
14845-1492R-B4	RS-GCF-902509485.1-NZ-LR735421.1	96.234	1161	100	1195	0.0	1872	RS-GCF-902509485.1-NZ-LR735421.1
14845-1492R-B4	RS-GCF-013317125.1-NZ-CP040883.1--6	96.234	1161	100	1195	0.0	1872	RS-GCF-013317125.1-NZ-CP040883.1--6
14845-1492R-B4	RS-GCF-013317125.1-NZ-CP040883.1--2	96.234	1161	100	1195	0.0	1872	RS-GCF-013317125.1-NZ-CP040883.1--2
14845-1492R-B4	RS-GCF-009769125.1-NZ-CP043847.1--6	96.234	1161	100	1195	0.0	1872	RS-GCF-009769125.1-NZ-CP043847.1--6
14845-1492R-B4	RS-GCF-006151885.1-NZ-VDEO01000040.1	96.234	1161	100	1195	0.0	1872	RS-GCF-006151885.1-NZ-VDEO01000040.1
14845-1492R-B4	RS-GCF-011307235.1-NZ-CP043788.1--5	96.234	1161	100	1195	0.0	1872	RS-GCF-011307235.1-NZ-CP043788.1--5
14845-1492R-B4	RS-GCF-011307235.1-NZ-CP043788.1--4	96.234	1161	100	1195	0.0	1872	RS-GCF-011307235.1-NZ-CP043788.1--4
14845-1492R-B4	RS-GCF-000418165.2-NZ-ATDH02000015.1	96.234	1161	100	1195	0.0	1872	RS-GCF-000418165.2-NZ-ATDH02000015.1
14845-1492R-B4	RS-GCF-000418165.2-NZ-ATDH02000089.1	96.234	1161	100	1195	0.0	1872	RS-GCF-000418165.2-NZ-ATDH02000089.1
14845-1492R-B4	RS-GCF-900458645.1-NZ-UHDH01000002.1--3	96.234	1161	100	1195	0.0	1872	RS-GCF-900458645.1-NZ-UHDH01000002.1--3
14845-1492R-B4	RS-GCF-900458645.1-NZ-UHDH01000002.1--2	96.234	1161	100	1195	0.0	1872	RS-GCF-900458645.1-NZ-UHDH01000002.1--2
14845-1492R-B4	RS-GCF-003577825.1-NZ-QXSQ01000156.1	96.234	1161	100	1195	0.0	1872	RS-GCF-003577825.1-NZ-QXSQ01000156.1
14845-1492R-B4	RS-GCF-009897305.1-NZ-SHFB01000041.1	96.234	1161	100	1195	0.0	1872	RS-GCF-009897305.1-NZ-SHFB01000041.1
14845-1492R-B4	RS-GCF-016903555.1-NZ-CP069951.1--6	96.234	1161	100	1195	0.0	1872	RS-GCF-016903555.1-NZ-CP069951.1--6
14845-1492R-B4	RS-GCF-000418085.2-NZ-ATDD02000024.1	96.234	1161	100	1195	0.0	1872	RS-GCF-000418085.2-NZ-ATDD02000024.1
14845-1492R-B4	RS-GCF-016834475.1-NZ-CP069215.1--6	96.234	1161	100	1195	0.0	1872	RS-GCF-016834475.1-NZ-CP069215.1--6
14845-1492R-B4	RS-GCF-000011925.1-NC-002976.3--5	96.234	1161	100	1195	0.0	1872	RS-GCF-000011925.1-NC-002976.3--5
14845-1492R-B4	RS-GCF-000276365.1-NZ-AKGR01000002.1	96.234	1161	100	1195	0.0	1872	RS-GCF-000276365.1-NZ-AKGR01000002.1
14845-1492R-B4	RS-GCF-000703025.1-NZ-JNLI01000004.1--5	96.234	1161	100	1195	0.0	1872	RS-GCF-000703025.1-NZ-JNLI01000004.1--5
14845-1492R-B4	RS-GCF-000703025.1-NZ-JNLI01000004.1	96.234	1161	100	1195	0.0	1872	RS-GCF-000703025.1-NZ-JNLI01000004.1
14845-1492R-B4	G000007645	96.234	1161	100	1195	0.0	1872	G000007645
14845-1492R-B4	MJ033-1-barcode35-umi8154bins-ubs-42	96.234	1161	100	1195	0.0	1872	MJ033-1-barcode35-umi8154bins-ubs-42
14845-1492R-B4	MJ020-1-barcode32-umi7281bins-ubs-48	96.234	1161	100	1195	0.0	1872	MJ020-1-barcode32-umi7281bins-ubs-48
14845-1492R-B4	MJ031-1-barcode35-umi11097bins-ubs-46	96.234	1161	100	1195	0.0	1872	MJ031-1-barcode35-umi11097bins-ubs-46
14845-1492R-B4	MJ006-1-barcode27-umi11114bins-ubs-20	96.318	1161	100	1195	0.0	1872	MJ006-1-barcode27-umi11114bins-ubs-20
14845-1492R-B4	MJ006-1-barcode27-umi12109bins-ubs-17	96.234	1161	100	1195	0.0	1872	MJ006-1-barcode27-umi12109bins-ubs-17
14845-1492R-B4	MJ006-1-barcode27-umi11382bins-ubs-18	96.234	1161	100	1195	0.0	1872	MJ006-1-barcode27-umi11382bins-ubs-18
14845-1492R-B4	MJ006-2-barcode71-umi61039bins-ubs-7	96.234	1161	100	1195	0.0	1872	MJ006-2-barcode71-umi61039bins-ubs-7
14845-1492R-B4	MJ006-2-barcode65-umi17920bins-ubs-15	96.234	1161	100	1195	0.0	1872	MJ006-2-barcode65-umi17920bins-ubs-15
14845-1492R-B4	RS-GCF-008922385.1-NZ-WBQK01000040.1	96.309	1161	99	1192	0.0	1871	RS-GCF-008922385.1-NZ-WBQK01000040.1
14845-1492R-B4	RS-GCF-002954055.1-NZ-CP014132.1--2	96.237	1161	100	1196	0.0	1870	RS-GCF-002954055.1-NZ-CP014132.1--2
14845-1492R-B4	RS-GCF-011307475.1-NZ-CP043792.1--6	96.231	1161	99	1194	0.0	1870	RS-GCF-011307475.1-NZ-CP043792.1--6
14845-1492R-B4	RS-GCF-000177115.1-NZ-ADEY01000016.1--2	96.312	1161	100	1193	0.0	1868	RS-GCF-000177115.1-NZ-ADEY01000016.1--2
14845-1492R-B4	RS-GCF-002954055.1-NZ-CP014132.1--4	96.234	1161	100	1195	0.0	1868	RS-GCF-002954055.1-NZ-CP014132.1--4
14845-1492R-B4	RS-GCF-016903575.1-NZ-CP069954.1--6	97.215	1161	97	1149	0.0	1868	RS-GCF-016903575.1-NZ-CP069954.1--6
14845-1492R-B4	RS-GCF-902509535.1-NZ-LR735440.1--6	96.234	1161	100	1195	0.0	1868	RS-GCF-902509535.1-NZ-LR735440.1--6
14845-1492R-B4	GB-GCA-001298115.1-LGJG01000041.1	96.234	1161	100	1195	0.0	1868	GB-GCA-001298115.1-LGJG01000041.1
14845-1492R-B4	RS-GCF-016026915.1-NZ-CP065656.1--5	96.234	1161	100	1195	0.0	1868	RS-GCF-016026915.1-NZ-CP065656.1--5
14845-1492R-B4	RS-GCF-016026915.1-NZ-CP065656.1--2	96.234	1161	100	1195	0.0	1868	RS-GCF-016026915.1-NZ-CP065656.1--2
14845-1492R-B4	RS-GCF-000705035.1-NZ-JMIF01000035.1	97.215	1161	97	1149	0.0	1868	RS-GCF-000705035.1-NZ-JMIF01000035.1
14845-1492R-B4	RS-GCF-900458815.1-NZ-UHDZ01000001.1	96.151	1161	100	1195	0.0	1867	RS-GCF-900458815.1-NZ-UHDZ01000001.1
14845-1492R-B4	RS-GCF-014490515.1-NZ-CP061029.1	96.151	1161	100	1195	0.0	1867	RS-GCF-014490515.1-NZ-CP061029.1
14845-1492R-B4	RS-GCF-009896875.1-NZ-SHEI01000044.1	96.151	1161	100	1195	0.0	1867	RS-GCF-009896875.1-NZ-SHEI01000044.1
14845-1492R-B4	RS-GCF-011307015.1-NZ-CP043784.1--6	96.151	1161	100	1195	0.0	1867	RS-GCF-011307015.1-NZ-CP043784.1--6
14845-1492R-B4	RS-GCF-011306775.1-NZ-CP043781.1--5	96.151	1161	100	1195	0.0	1867	RS-GCF-011306775.1-NZ-CP043781.1--5
14845-1492R-B4	RS-GCF-011306595.1-NZ-CP043777.1--2	96.151	1161	100	1195	0.0	1867	RS-GCF-011306595.1-NZ-CP043777.1--2
14845-1492R-B4	RS-GCF-000362145.1-NZ-KB821726.1	96.151	1161	100	1195	0.0	1867	RS-GCF-000362145.1-NZ-KB821726.1
14845-1492R-B4	GB-GCA-004920235.1-AFTV01000090.1	96.151	1161	100	1195	0.0	1867	GB-GCA-004920235.1-AFTV01000090.1
14845-1492R-B4	RS-GCF-011307695.1-NZ-CP043801.1--3	96.151	1161	100	1195	0.0	1867	RS-GCF-011307695.1-NZ-CP043801.1--3
14845-1492R-B4	RS-GCF-902509505.1-NZ-LR735434.1--6	96.151	1161	100	1195	0.0	1867	RS-GCF-902509505.1-NZ-LR735434.1--6
14845-1492R-B4	RS-GCF-016406625.1-NZ-CP066376.1--2	96.151	1161	100	1195	0.0	1867	RS-GCF-016406625.1-NZ-CP066376.1--2
14845-1492R-B4	GB-GCA-000239515.2-AGUC01000056.1	96.151	1161	100	1195	0.0	1867	GB-GCA-000239515.2-AGUC01000056.1
14845-1492R-B4	RS-GCF-003035705.1-NZ-PYYT01000114.1	96.151	1161	100	1195	0.0	1867	RS-GCF-003035705.1-NZ-PYYT01000114.1
14845-1492R-B4	RS-GCF-001956655.1-NZ-CP018842.1	96.151	1161	100	1195	0.0	1867	RS-GCF-001956655.1-NZ-CP018842.1
14845-1492R-B4	RS-GCF-014489335.1-NZ-CP060794.1--6	96.151	1161	100	1195	0.0	1867	RS-GCF-014489335.1-NZ-CP060794.1--6
14845-1492R-B4	RS-GCF-002215535.1-NZ-CP022247.1--2	96.151	1161	100	1195	0.0	1867	RS-GCF-002215535.1-NZ-CP022247.1--2
14845-1492R-B4	RS-GCF-016026915.1-NZ-CP065656.1--6	96.151	1161	100	1195	0.0	1867	RS-GCF-016026915.1-NZ-CP065656.1--6
14845-1492R-B4	RS-GCF-902509485.1-NZ-LR735421.1--4	96.234	1161	100	1195	0.0	1867	RS-GCF-902509485.1-NZ-LR735421.1--4
14845-1492R-B4	RS-GCF-900458645.1-NZ-UHDH01000002.1--6	96.151	1161	100	1195	0.0	1867	RS-GCF-900458645.1-NZ-UHDH01000002.1--6
14845-1492R-B4	RS-GCF-900458645.1-NZ-UHDH01000002.1	96.151	1161	100	1195	0.0	1867	RS-GCF-900458645.1-NZ-UHDH01000002.1
14845-1492R-B4	MJ009-2-barcode63-umi153bins-ubs-1233	96.151	1161	100	1195	0.0	1867	MJ009-2-barcode63-umi153bins-ubs-1233
14845-1492R-B4	MJ030-1-barcode36-umi2022bins-ubs-102	96.234	1161	100	1195	0.0	1867	MJ030-1-barcode36-umi2022bins-ubs-102
14845-1492R-B4	MJ005-barcode65-umi4676bins-ubs-37	96.151	1161	100	1195	0.0	1867	MJ005-barcode65-umi4676bins-ubs-37
14845-1492R-B4	MJ005-barcode35-umi8548bins-ubs-23	96.151	1161	100	1195	0.0	1867	MJ005-barcode35-umi8548bins-ubs-23
14845-1492R-B4	MJ006-1-barcode27-umi11986bins-ubs-19	96.151	1161	100	1195	0.0	1867	MJ006-1-barcode27-umi11986bins-ubs-19
14845-1492R-B4	MJ006-1-barcode34-umi21823bins-ubs-12	96.151	1161	100	1195	0.0	1867	MJ006-1-barcode34-umi21823bins-ubs-12
14845-1492R-B4	MJ006-1-barcode28-umi92548bins-ubs-5	96.151	1161	100	1195	0.0	1867	MJ006-1-barcode28-umi92548bins-ubs-5
14845-1492R-B4	RS-GCF-001075835.1-NZ-JULX01000113.1	96.151	1161	100	1195	0.0	1865	RS-GCF-001075835.1-NZ-JULX01000113.1
14845-1492R-B4	RS-GCF-003856455.1-NZ-CP034115.1--6	96.151	1161	100	1195	0.0	1864	RS-GCF-003856455.1-NZ-CP034115.1--6
14845-1492R-B4	RS-GCF-902509535.1-NZ-LR735440.1	96.151	1161	100	1195	0.0	1864	RS-GCF-902509535.1-NZ-LR735440.1
14845-1492R-B4	RS-GCF-001956655.1-NZ-CP018842.1--2	96.151	1161	100	1195	0.0	1864	RS-GCF-001956655.1-NZ-CP018842.1--2
14845-1492R-B4	RS-GCF-016026915.1-NZ-CP065656.1	96.151	1161	100	1195	0.0	1864	RS-GCF-016026915.1-NZ-CP065656.1
14845-1492R-B4	RS-GCF-902509485.1-NZ-LR735421.1--5	96.151	1161	100	1195	0.0	1864	RS-GCF-902509485.1-NZ-LR735421.1--5
14845-1492R-B4	RS-GCF-002931555.1-NZ-PSTZ01000013.1	96.067	1161	100	1195	0.0	1863	RS-GCF-002931555.1-NZ-PSTZ01000013.1
14845-1492R-B4	RS-GCF-900458815.1-NZ-UHDZ01000001.1--3	96.067	1161	100	1195	0.0	1863	RS-GCF-900458815.1-NZ-UHDZ01000001.1--3
14845-1492R-B4	RS-GCF-014489335.1-NZ-CP060794.1--2	96.067	1161	100	1195	0.0	1863	RS-GCF-014489335.1-NZ-CP060794.1--2
14845-1492R-B4	RS-GCF-902509495.1-NZ-LR735429.1--6	96.067	1161	100	1195	0.0	1863	RS-GCF-902509495.1-NZ-LR735429.1--6
14845-1492R-B4	AB009935	96.067	1161	100	1195	0.0	1863	AB009935
14845-1492R-B4	AB646616	96.067	1161	100	1195	0.0	1863	AB646616
14845-1492R-B4	AB009937	96.067	1161	100	1195	0.0	1863	AB009937
14845-1492R-B4	MJ005-barcode35-umi14642bins-ubs-15	96.067	1161	100	1195	0.0	1863	MJ005-barcode35-umi14642bins-ubs-15
14845-1492R-B4	MJ006-1-barcode37-umi38836bins-ubs-8	96.067	1161	100	1195	0.0	1863	MJ006-1-barcode37-umi38836bins-ubs-8
14845-1492R-B4	RS-GCF-902509505.1-NZ-LR735434.1	96.067	1161	100	1195	0.0	1860	RS-GCF-902509505.1-NZ-LR735434.1
14845-1492R-B4	RS-GCF-003812425.1-NZ-CP033782.1	96.067	1161	100	1195	0.0	1859	RS-GCF-003812425.1-NZ-CP033782.1
14845-1492R-B4	RS-GCF-001073835.1-NZ-JUYG01000048.1	95.983	1161	100	1195	0.0	1858	RS-GCF-001073835.1-NZ-JUYG01000048.1
14845-1492R-B4	RS-GCF-013267675.1-NZ-CP053957.1--5	95.983	1161	100	1195	0.0	1858	RS-GCF-013267675.1-NZ-CP053957.1--5
14845-1492R-B4	RS-GCF-901482635.1-NZ-CABEEX010000003.1--6	95.983	1161	100	1195	0.0	1858	RS-GCF-901482635.1-NZ-CABEEX010000003.1--6
14845-1492R-B4	RS-GCF-015274185.1-NZ-JACGPS010000019.1	95.983	1161	100	1195	0.0	1858	RS-GCF-015274185.1-NZ-JACGPS010000019.1
14845-1492R-B4	RS-GCF-001069195.1-NZ-JWDH01000068.1	95.983	1161	100	1195	0.0	1858	RS-GCF-001069195.1-NZ-JWDH01000068.1
14845-1492R-B4	RS-GCF-001809655.1-NZ-KV798357.1	95.983	1161	100	1195	0.0	1858	RS-GCF-001809655.1-NZ-KV798357.1
14845-1492R-B4	RS-GCF-001065645.1-NZ-JVAJ01000076.1	95.983	1161	100	1195	0.0	1858	RS-GCF-001065645.1-NZ-JVAJ01000076.1
14845-1492R-B4	RS-GCF-001650475.1-NZ-LWCQ01000014.1	95.983	1161	100	1195	0.0	1858	RS-GCF-001650475.1-NZ-LWCQ01000014.1
14845-1492R-B4	RS-GCF-900138955.1-NZ-FVTG01000022.1	95.983	1161	100	1195	0.0	1858	RS-GCF-900138955.1-NZ-FVTG01000022.1
14845-1492R-B4	G001471555	95.983	1161	100	1195	0.0	1858	G001471555
14845-1492R-B4	MJ005-barcode33-umi4907bins-ubs-37	95.983	1161	100	1195	0.0	1858	MJ005-barcode33-umi4907bins-ubs-37
14845-1492R-B4	RS-GCF-000418205.2-NZ-ATCY02000158.1	95.987	1161	100	1196	0.0	1856	RS-GCF-000418205.2-NZ-ATCY02000158.1
14845-1492R-B4	RS-GCF-000177115.1-NZ-ADEY01000015.1	96.067	1161	100	1195	0.0	1856	RS-GCF-000177115.1-NZ-ADEY01000015.1
14845-1492R-B4	RS-GCF-016791585.1-NZ-JAENGU010000009.1	95.900	1161	100	1195	0.0	1854	RS-GCF-016791585.1-NZ-JAENGU010000009.1
14845-1492R-B4	RS-GCF-004291105.1-NZ-QHKD01000010.1	95.900	1161	100	1195	0.0	1854	RS-GCF-004291105.1-NZ-QHKD01000010.1
14845-1492R-B4	RS-GCF-006546865.1-NZ-RYDR01000031.1--3	95.900	1161	100	1195	0.0	1854	RS-GCF-006546865.1-NZ-RYDR01000031.1--3
14845-1492R-B4	RS-GCF-002591175.1-NZ-CP023966.1--6	95.900	1161	100	1195	0.0	1854	RS-GCF-002591175.1-NZ-CP023966.1--6
14845-1492R-B4	RS-GCF-901482635.1-NZ-CABEEX010000003.1--4	95.900	1161	100	1195	0.0	1854	RS-GCF-901482635.1-NZ-CABEEX010000003.1--4
14845-1492R-B4	RS-GCF-001073365.1-NZ-JVCA01000021.1	95.900	1161	100	1195	0.0	1854	RS-GCF-001073365.1-NZ-JVCA01000021.1
14845-1492R-B4	RS-GCF-000712995.1-NZ-JGYJ01000027.1	95.900	1161	100	1195	0.0	1854	RS-GCF-000712995.1-NZ-JGYJ01000027.1
14845-1492R-B4	RS-GCF-015243435.1-NZ-CP042341.1--6	95.900	1161	100	1195	0.0	1854	RS-GCF-015243435.1-NZ-CP042341.1--6
14845-1492R-B4	RS-GCF-015243435.1-NZ-CP042341.1--2	95.900	1161	100	1195	0.0	1854	RS-GCF-015243435.1-NZ-CP042341.1--2
14845-1492R-B4	RS-GCF-003578385.1-NZ-QXRM01000102.1	95.900	1161	100	1195	0.0	1854	RS-GCF-003578385.1-NZ-QXRM01000102.1
14845-1492R-B4	G001028645	95.900	1161	100	1195	0.0	1854	G001028645
14845-1492R-B4	L37599	95.900	1161	100	1195	0.0	1854	L37599
14845-1492R-B4	MJ006-2-barcode58-umi63197bins-ubs-6	95.900	1161	100	1195	0.0	1854	MJ006-2-barcode58-umi63197bins-ubs-6
14845-1492R-B4	MJ006-2-barcode58-umi181615bins-ubs-3	95.900	1161	100	1195	0.0	1854	MJ006-2-barcode58-umi181615bins-ubs-3
14845-1492R-B4	RS-GCF-000177115.1-NZ-ADEY01000022.1	96.070	1161	100	1196	0.0	1853	RS-GCF-000177115.1-NZ-ADEY01000022.1
14845-1492R-B4	RS-GCF-000759555.1-NZ-CP009046.1--4	95.983	1161	100	1195	0.0	1851	RS-GCF-000759555.1-NZ-CP009046.1--4
14845-1492R-B4	RS-GCF-003966585.1-NZ-AP018585.1	95.816	1161	100	1195	0.0	1849	RS-GCF-003966585.1-NZ-AP018585.1
14845-1492R-B4	RS-GCF-008728795.1-NZ-CP041727.1--5	95.816	1161	100	1195	0.0	1849	RS-GCF-008728795.1-NZ-CP041727.1--5
14845-1492R-B4	RS-GCF-003040615.1-NZ-PZDB01000106.1	95.816	1161	100	1195	0.0	1849	RS-GCF-003040615.1-NZ-PZDB01000106.1
14845-1492R-B4	RS-GCF-003578415.1-NZ-QXRO01000153.1	95.816	1161	100	1195	0.0	1849	RS-GCF-003578415.1-NZ-QXRO01000153.1
14845-1492R-B4	RS-GCF-011307015.1-NZ-CP043784.1--2	95.816	1161	100	1195	0.0	1849	RS-GCF-011307015.1-NZ-CP043784.1--2
14845-1492R-B4	JX139845	95.816	1161	100	1195	0.0	1849	JX139845
14845-1492R-B4	MJ033-1-barcode35-umi3722bins-ubs-104	95.816	1161	100	1195	0.0	1849	MJ033-1-barcode35-umi3722bins-ubs-104
14845-1492R-B4	MJ032-2-barcode71-umi1971bins-ubs-134	95.816	1161	100	1195	0.0	1849	MJ032-2-barcode71-umi1971bins-ubs-134
14845-1492R-B4	MJ006-2-barcode58-umi31344bins-ubs-10	95.816	1161	100	1195	0.0	1849	MJ006-2-barcode58-umi31344bins-ubs-10
14845-1492R-B4	RS-GCF-001469315.1-NZ-LNUS01000001.1--6	95.983	1161	100	1195	0.0	1847	RS-GCF-001469315.1-NZ-LNUS01000001.1--6
14845-1492R-B4	RS-GCF-008728755.1-NZ-CP041725.1--6	96.780	1161	97	1149	0.0	1846	RS-GCF-008728755.1-NZ-CP041725.1--6
14845-1492R-B4	RS-GCF-015243435.1-NZ-CP042341.1--5	95.816	1161	100	1195	0.0	1846	RS-GCF-015243435.1-NZ-CP042341.1--5
14845-1492R-B4	RS-GCF-004745855.1-NZ-SRLF01000044.1	95.732	1161	100	1195	0.0	1845	RS-GCF-004745855.1-NZ-SRLF01000044.1
14845-1492R-B4	RS-GCF-900458665.1-NZ-UHDU01000001.1--6	95.732	1161	100	1195	0.0	1845	RS-GCF-900458665.1-NZ-UHDU01000001.1--6
14845-1492R-B4	RS-GCF-003966605.1-NZ-AP018586.1--5	95.732	1161	100	1195	0.0	1845	RS-GCF-003966605.1-NZ-AP018586.1--5
14845-1492R-B4	RS-GCF-900458385.1-NZ-UHCW01000005.1--2	95.732	1161	100	1195	0.0	1845	RS-GCF-900458385.1-NZ-UHCW01000005.1--2
14845-1492R-B4	RS-GCF-018916935.1-NZ-JAHLNS010000012.1	95.732	1161	100	1195	0.0	1845	RS-GCF-018916935.1-NZ-JAHLNS010000012.1
14845-1492R-B4	RS-GCF-008728775.1-NZ-CP041726.1--5	95.732	1161	100	1195	0.0	1845	RS-GCF-008728775.1-NZ-CP041726.1--5
14845-1492R-B4	RS-GCF-008728815.1-NZ-CP041722.1--4	95.732	1161	100	1195	0.0	1845	RS-GCF-008728815.1-NZ-CP041722.1--4
14845-1492R-B4	RS-GCF-009931395.1-NZ-CP038807.1--6	95.732	1161	100	1195	0.0	1845	RS-GCF-009931395.1-NZ-CP038807.1--6
14845-1492R-B4	RS-GCF-900474705.1-NZ-LS483312.1	95.732	1161	100	1195	0.0	1845	RS-GCF-900474705.1-NZ-LS483312.1
14845-1492R-B4	RS-GCF-013267675.1-NZ-CP053957.1--6	95.732	1161	100	1195	0.0	1845	RS-GCF-013267675.1-NZ-CP053957.1--6
14845-1492R-B4	RS-GCF-003579635.1-NZ-QXVP01000018.1	95.732	1161	100	1195	0.0	1845	RS-GCF-003579635.1-NZ-QXVP01000018.1
14845-1492R-B4	RS-GCF-013364435.1-NZ-CP054883.1--5	95.732	1161	100	1195	0.0	1845	RS-GCF-013364435.1-NZ-CP054883.1--5
14845-1492R-B4	RS-GCF-013267575.1-NZ-CP054006.1--4	95.732	1161	100	1195	0.0	1845	RS-GCF-013267575.1-NZ-CP054006.1--4
14845-1492R-B4	RS-GCF-001808085.1-NZ-KV792045.1	95.732	1161	100	1195	0.0	1845	RS-GCF-001808085.1-NZ-KV792045.1
14845-1492R-B4	RS-GCF-900458635.1-NZ-UHDM01000002.1--4	95.732	1161	100	1195	0.0	1845	RS-GCF-900458635.1-NZ-UHDM01000002.1--4
14845-1492R-B4	RS-GCF-002954105.1-NZ-CP014107.1--6	95.732	1161	100	1195	0.0	1845	RS-GCF-002954105.1-NZ-CP014107.1--6
14845-1492R-B4	RS-GCF-001811375.1-NZ-KV804601.1	95.732	1161	100	1195	0.0	1845	RS-GCF-001811375.1-NZ-KV804601.1
14845-1492R-B4	RS-GCF-001813045.1-NZ-KV811436.1	95.732	1161	100	1195	0.0	1845	RS-GCF-001813045.1-NZ-KV811436.1
14845-1492R-B4	RS-GCF-001876445.1-NZ-LWJO01000064.1	95.732	1161	100	1195	0.0	1845	RS-GCF-001876445.1-NZ-LWJO01000064.1
14845-1492R-B4	RS-GCF-001809305.1-NZ-KV796868.1	95.732	1161	100	1195	0.0	1845	RS-GCF-001809305.1-NZ-KV796868.1
14845-1492R-B4	RS-GCF-016428605.1-NZ-JAELVP010000027.1	95.732	1161	100	1195	0.0	1845	RS-GCF-016428605.1-NZ-JAELVP010000027.1
14845-1492R-B4	RS-GCF-001072965.1-NZ-JVHB01000001.1	95.732	1161	100	1195	0.0	1845	RS-GCF-001072965.1-NZ-JVHB01000001.1
14845-1492R-B4	RS-GCF-003042345.1-NZ-PZHY01000095.1	95.732	1161	100	1195	0.0	1845	RS-GCF-003042345.1-NZ-PZHY01000095.1
14845-1492R-B4	RS-GCF-001807795.1-NZ-KV790884.1	95.732	1161	100	1195	0.0	1845	RS-GCF-001807795.1-NZ-KV790884.1
14845-1492R-B4	RS-GCF-012273435.1-NZ-CP050982.1	95.732	1161	100	1195	0.0	1845	RS-GCF-012273435.1-NZ-CP050982.1
14845-1492R-B4	RS-GCF-004329075.1-NZ-SCHG01000034.1	95.732	1161	100	1195	0.0	1845	RS-GCF-004329075.1-NZ-SCHG01000034.1
14845-1492R-B4	RS-GCF-002114275.1-NZ-NDWY01000001.1--6	95.732	1161	100	1195	0.0	1845	RS-GCF-002114275.1-NZ-NDWY01000001.1--6
14845-1492R-B4	RS-GCF-019048025.1-NZ-CP077270.1--3	95.732	1161	100	1195	0.0	1845	RS-GCF-019048025.1-NZ-CP077270.1--3
14845-1492R-B4	RS-GCF-019048025.1-NZ-CP077270.1--2	95.732	1161	100	1195	0.0	1845	RS-GCF-019048025.1-NZ-CP077270.1--2
14845-1492R-B4	G000183685	95.732	1161	100	1195	0.0	1845	G000183685
14845-1492R-B4	G000025085	95.732	1161	100	1195	0.0	1845	G000025085
14845-1492R-B4	MJ032-2-barcode73-umi13962bins-ubs-34	95.732	1161	100	1195	0.0	1845	MJ032-2-barcode73-umi13962bins-ubs-34
14845-1492R-B4	MJ005-barcode42-umi19192bins-ubs-11	95.732	1161	100	1195	0.0	1845	MJ005-barcode42-umi19192bins-ubs-11
14845-1492R-B4	MJ006-2-barcode55-umi16504bins-ubs-15	95.732	1161	100	1195	0.0	1845	MJ006-2-barcode55-umi16504bins-ubs-15
14845-1492R-B4	MJ006-1-barcode37-umi124932bins-ubs-4	95.732	1161	100	1195	0.0	1845	MJ006-1-barcode37-umi124932bins-ubs-4
14845-1492R-B4	RS-GCF-003966625.1-NZ-AP018587.1--5	95.736	1161	100	1196	0.0	1843	RS-GCF-003966625.1-NZ-AP018587.1--5
14845-1492R-B4	RS-GCF-900458385.1-NZ-UHCW01000005.1--5	95.736	1161	100	1196	0.0	1843	RS-GCF-900458385.1-NZ-UHCW01000005.1--5
14845-1492R-B4	RS-GCF-001469315.1-NZ-LNUS01000001.1--7	95.906	1161	100	1197	0.0	1843	RS-GCF-001469315.1-NZ-LNUS01000001.1--7
14845-1492R-B4	RS-GCF-900458665.1-NZ-UHDU01000001.1	95.656	1161	100	1197	0.0	1841	RS-GCF-900458665.1-NZ-UHDU01000001.1
14845-1492R-B4	RS-GCF-001069395.1-NZ-JVZO01000084.1	95.569	1161	100	1196	0.0	1841	RS-GCF-001069395.1-NZ-JVZO01000084.1
14845-1492R-B4	MJ006-2-barcode58-umi148350bins-ubs-3	95.739	1161	100	1197	0.0	1841	MJ006-2-barcode58-umi148350bins-ubs-3
14845-1492R-B4	RS-GCF-900458825.1-NZ-UHDO01000001.1--3	95.649	1161	100	1195	0.0	1840	RS-GCF-900458825.1-NZ-UHDO01000001.1--3
14845-1492R-B4	RS-GCF-007814385.1-NZ-CP031271.1--6	95.649	1161	100	1195	0.0	1840	RS-GCF-007814385.1-NZ-CP031271.1--6
14845-1492R-B4	RS-GCF-017893095.1-NZ-JAESMI010000148.1	95.649	1161	100	1195	0.0	1840	RS-GCF-017893095.1-NZ-JAESMI010000148.1
14845-1492R-B4	RS-GCF-003042555.1-NZ-PZIO01000037.1	95.649	1161	100	1195	0.0	1840	RS-GCF-003042555.1-NZ-PZIO01000037.1
14845-1492R-B4	RS-GCF-001921685.1-NZ-MSFF01000012.1	95.649	1161	100	1195	0.0	1840	RS-GCF-001921685.1-NZ-MSFF01000012.1
14845-1492R-B4	RS-GCF-001839345.1-NZ-KV840964.1	95.649	1161	100	1195	0.0	1840	RS-GCF-001839345.1-NZ-KV840964.1
14845-1492R-B4	RS-GCF-009931395.1-NZ-CP038807.1--5	95.649	1161	100	1195	0.0	1840	RS-GCF-009931395.1-NZ-CP038807.1--5
14845-1492R-B4	RS-GCF-001558815.2-NZ-CP014023.2--6	95.649	1161	100	1195	0.0	1840	RS-GCF-001558815.2-NZ-CP014023.2--6
14845-1492R-B4	RS-GCF-001558815.2-NZ-CP014023.2--2	95.649	1161	100	1195	0.0	1840	RS-GCF-001558815.2-NZ-CP014023.2--2
14845-1492R-B4	RS-GCF-001809105.1-NZ-KV795680.1	95.649	1161	100	1195	0.0	1840	RS-GCF-001809105.1-NZ-KV795680.1
14845-1492R-B4	RS-GCF-900474705.1-NZ-LS483312.1--6	95.649	1161	100	1195	0.0	1840	RS-GCF-900474705.1-NZ-LS483312.1--6
14845-1492R-B4	RS-GCF-002407165.1-NZ-CP023539.1--6	95.649	1161	100	1195	0.0	1840	RS-GCF-002407165.1-NZ-CP023539.1--6
14845-1492R-B4	RS-GCF-000270465.1-NC-017353.1	95.649	1161	100	1195	0.0	1840	RS-GCF-000270465.1-NC-017353.1
14845-1492R-B4	RS-GCF-002591215.1-NZ-CP023970.1	95.649	1161	100	1195	0.0	1840	RS-GCF-002591215.1-NZ-CP023970.1
14845-1492R-B4	RS-GCF-001809965.1-NZ-KV799486.1	95.649	1161	100	1195	0.0	1840	RS-GCF-001809965.1-NZ-KV799486.1
14845-1492R-B4	RS-GCF-901482635.1-NZ-CABEEX010000003.1--5	95.649	1161	100	1195	0.0	1840	RS-GCF-901482635.1-NZ-CABEEX010000003.1--5
14845-1492R-B4	RS-GCF-003579665.1-NZ-QXVS01000243.1	95.649	1161	100	1195	0.0	1840	RS-GCF-003579665.1-NZ-QXVS01000243.1
14845-1492R-B4	RS-GCF-900006675.1-NZ-FBVO01000001.1--7	95.649	1161	100	1195	0.0	1840	RS-GCF-900006675.1-NZ-FBVO01000001.1--7
14845-1492R-B4	RS-GCF-900006675.1-NZ-FBVO01000001.1--3	95.649	1161	100	1195	0.0	1840	RS-GCF-900006675.1-NZ-FBVO01000001.1--3
14845-1492R-B4	RS-GCF-900006675.1-NZ-FBVO01000001.1	95.649	1161	100	1195	0.0	1840	RS-GCF-900006675.1-NZ-FBVO01000001.1
14845-1492R-B4	RS-GCF-009730135.1-NZ-CP046306.1--3	95.649	1161	100	1195	0.0	1840	RS-GCF-009730135.1-NZ-CP046306.1--3
14845-1492R-B4	RS-GCF-009730135.1-NZ-CP046306.1	95.649	1161	100	1195	0.0	1840	RS-GCF-009730135.1-NZ-CP046306.1
14845-1492R-B4	RS-GCF-013267575.1-NZ-CP054006.1--2	95.649	1161	100	1195	0.0	1840	RS-GCF-013267575.1-NZ-CP054006.1--2
14845-1492R-B4	GB-GCA-013343025.1-CP054550.1	95.649	1161	100	1195	0.0	1840	GB-GCA-013343025.1-CP054550.1
14845-1492R-B4	RS-GCF-002954105.1-NZ-CP014107.1--2	95.649	1161	100	1195	0.0	1840	RS-GCF-002954105.1-NZ-CP014107.1--2
14845-1492R-B4	RS-GCF-900458745.1-NZ-UHDX01000002.1--6	95.649	1161	100	1195	0.0	1840	RS-GCF-900458745.1-NZ-UHDX01000002.1--6
14845-1492R-B4	RS-GCF-900458745.1-NZ-UHDX01000002.1--5	95.649	1161	100	1195	0.0	1840	RS-GCF-900458745.1-NZ-UHDX01000002.1--5
14845-1492R-B4	RS-GCF-007814725.1-NZ-CP031277.1--3	95.649	1161	100	1195	0.0	1840	RS-GCF-007814725.1-NZ-CP031277.1--3
14845-1492R-B4	RS-GCF-007814725.1-NZ-CP031277.1	95.649	1161	100	1195	0.0	1840	RS-GCF-007814725.1-NZ-CP031277.1
14845-1492R-B4	RS-GCF-003042335.1-NZ-PZHX01000047.1	95.649	1161	100	1195	0.0	1840	RS-GCF-003042335.1-NZ-PZHX01000047.1
14845-1492R-B4	RS-GCF-012273435.1-NZ-CP050982.1--2	95.649	1161	100	1195	0.0	1840	RS-GCF-012273435.1-NZ-CP050982.1--2
14845-1492R-B4	RS-GCF-001810265.1-NZ-KV800489.1	95.649	1161	100	1195	0.0	1840	RS-GCF-001810265.1-NZ-KV800489.1
14845-1492R-B4	RS-GCF-001808125.1-NZ-KV792232.1	95.649	1161	100	1195	0.0	1840	RS-GCF-001808125.1-NZ-KV792232.1
14845-1492R-B4	RS-GCF-000763725.1-NZ-JQHA01000040.1	95.649	1161	100	1195	0.0	1840	RS-GCF-000763725.1-NZ-JQHA01000040.1
14845-1492R-B4	RS-GCF-015070445.1-NZ-JADCSR010000087.1	95.649	1161	100	1195	0.0	1840	RS-GCF-015070445.1-NZ-JADCSR010000087.1
14845-1492R-B4	RS-GCF-001072095.1-NZ-JVMX01000045.1	95.649	1161	100	1195	0.0	1840	RS-GCF-001072095.1-NZ-JVMX01000045.1
14845-1492R-B4	RS-GCF-001836865.1-NZ-KV830698.1	95.649	1161	100	1195	0.0	1840	RS-GCF-001836865.1-NZ-KV830698.1
14845-1492R-B4	RS-GCF-903969765.1-NZ-CAJCFZ010000016.1	95.649	1161	100	1195	0.0	1840	RS-GCF-903969765.1-NZ-CAJCFZ010000016.1
14845-1492R-B4	RS-GCF-001705085.1-NZ-JRAX01000123.1	95.649	1161	100	1195	0.0	1840	RS-GCF-001705085.1-NZ-JRAX01000123.1
14845-1492R-B4	RS-GCF-001611955.1-NZ-CP013911.1--5	95.649	1161	100	1195	0.0	1840	RS-GCF-001611955.1-NZ-CP013911.1--5
14845-1492R-B4	RS-GCF-007677695.1-NZ-VEDE01000061.1	95.649	1161	100	1195	0.0	1840	RS-GCF-007677695.1-NZ-VEDE01000061.1
14845-1492R-B4	RS-GCF-001237685.1-NZ-CUDO01000020.1	95.649	1161	100	1195	0.0	1840	RS-GCF-001237685.1-NZ-CUDO01000020.1
14845-1492R-B4	G000009865	95.649	1161	100	1195	0.0	1840	G000009865
14845-1492R-B4	MT586030	95.649	1161	100	1195	0.0	1840	MT586030
14845-1492R-B4	AB233326	95.649	1161	100	1195	0.0	1840	AB233326
14845-1492R-B4	AB009941	95.649	1161	100	1195	0.0	1840	AB009941
14845-1492R-B4	MJ033-1-barcode49-umi38589bins-ubs-5	95.649	1161	100	1195	0.0	1840	MJ033-1-barcode49-umi38589bins-ubs-5
14845-1492R-B4	MJ005-barcode41-umi10095bins-ubs-21	95.649	1161	100	1195	0.0	1840	MJ005-barcode41-umi10095bins-ubs-21
14845-1492R-B4	MJ005-barcode41-umi23030bins-ubs-10	95.649	1161	100	1195	0.0	1840	MJ005-barcode41-umi23030bins-ubs-10
14845-1492R-B4	MJ005-barcode26-umi52474bins-ubs-5	95.649	1161	100	1195	0.0	1840	MJ005-barcode26-umi52474bins-ubs-5
14845-1492R-B4	MJ005-barcode82-umi12879bins-ubs-15	95.649	1161	100	1195	0.0	1840	MJ005-barcode82-umi12879bins-ubs-15
14845-1492R-B4	MJ005-barcode66-umi37397bins-ubs-6	95.649	1161	100	1195	0.0	1840	MJ005-barcode66-umi37397bins-ubs-6
14845-1492R-B4	MJ006-2-barcode58-umi252049bins-ubs-3	95.649	1161	100	1195	0.0	1840	MJ006-2-barcode58-umi252049bins-ubs-3
14845-1492R-B4	MJ006-2-barcode58-umi100729bins-ubs-5	95.649	1161	100	1195	0.0	1840	MJ006-2-barcode58-umi100729bins-ubs-5
14845-1492R-B4	MJ006-2-barcode66-umi7562bins-ubs-20	95.649	1161	100	1195	0.0	1840	MJ006-2-barcode66-umi7562bins-ubs-20
14845-1492R-B4	MJ006-1-barcode26-umi45094bins-ubs-10	95.649	1161	100	1195	0.0	1840	MJ006-1-barcode26-umi45094bins-ubs-10
14845-1492R-B4	MJ006-1-barcode41-umi119145bins-ubs-5	95.649	1161	100	1195	0.0	1840	MJ006-1-barcode41-umi119145bins-ubs-5
14845-1492R-B4	MJ006-1-barcode41-umi131864bins-ubs-4	95.649	1161	100	1195	0.0	1840	MJ006-1-barcode41-umi131864bins-ubs-4
14845-1492R-B4	RS-GCF-900458745.1-NZ-UHDX01000002.1	95.485	1161	100	1196	0.0	1839	RS-GCF-900458745.1-NZ-UHDX01000002.1
14845-1492R-B4	RS-GCF-001839145.1-NZ-KV840194.1	95.645	1161	99	1194	0.0	1838	RS-GCF-001839145.1-NZ-KV840194.1
14845-1492R-B4	RS-GCF-018456105.1-NZ-JAGMUC010000001.1--5	95.649	1161	100	1195	0.0	1837	RS-GCF-018456105.1-NZ-JAGMUC010000001.1--5
14845-1492R-B4	RS-GCF-016623665.1-NZ-JAEKFX010000009.1	95.649	1161	100	1195	0.0	1837	RS-GCF-016623665.1-NZ-JAEKFX010000009.1
14845-1492R-B4	RS-GCF-001659315.1-NZ-LYVT01000015.1	96.249	1161	98	1173	0.0	1837	RS-GCF-001659315.1-NZ-LYVT01000015.1
14845-1492R-B4	MJ006-1-barcode37-umi160189bins-ubs-3	95.649	1161	100	1195	0.0	1837	MJ006-1-barcode37-umi160189bins-ubs-3
14845-1492R-B4	RS-GCF-013345165.1-NZ-JABVEJ010000001.1	95.565	1161	100	1195	0.0	1836	RS-GCF-013345165.1-NZ-JABVEJ010000001.1
14845-1492R-B4	RS-GCF-003580835.1-NZ-QYJM01000112.1	95.565	1161	100	1195	0.0	1836	RS-GCF-003580835.1-NZ-QYJM01000112.1
14845-1492R-B4	RS-GCF-001558775.1-NZ-CP014022.1--6	95.565	1161	100	1195	0.0	1836	RS-GCF-001558775.1-NZ-CP014022.1--6
14845-1492R-B4	RS-GCF-001558815.2-NZ-CP014023.2	95.565	1161	100	1195	0.0	1836	RS-GCF-001558815.2-NZ-CP014023.2
14845-1492R-B4	RS-GCF-016804245.1-NZ-CP060160.1	95.565	1161	100	1195	0.0	1836	RS-GCF-016804245.1-NZ-CP060160.1
14845-1492R-B4	RS-GCF-900478255.1-NZ-LS483482.1--3	95.565	1161	100	1195	0.0	1836	RS-GCF-900478255.1-NZ-LS483482.1--3
14845-1492R-B4	RS-GCF-900478255.1-NZ-LS483482.1	95.565	1161	100	1195	0.0	1836	RS-GCF-900478255.1-NZ-LS483482.1
14845-1492R-B4	RS-GCF-013364435.1-NZ-CP054883.1--6	95.565	1161	100	1195	0.0	1836	RS-GCF-013364435.1-NZ-CP054883.1--6
14845-1492R-B4	RS-GCF-013267575.1-NZ-CP054006.1--6	95.565	1161	100	1195	0.0	1836	RS-GCF-013267575.1-NZ-CP054006.1--6
14845-1492R-B4	RS-GCF-003043015.1-NZ-PZIQ01000082.1	95.565	1161	100	1195	0.0	1836	RS-GCF-003043015.1-NZ-PZIQ01000082.1
14845-1492R-B4	RS-GCF-003043635.1-NZ-PZIE01000133.1	95.565	1161	100	1195	0.0	1836	RS-GCF-003043635.1-NZ-PZIE01000133.1
14845-1492R-B4	RS-GCF-017355005.1-NZ-CP071508.1--6	95.565	1161	100	1195	0.0	1836	RS-GCF-017355005.1-NZ-CP071508.1--6
14845-1492R-B4	RS-GCF-002114275.1-NZ-NDWY01000001.1--5	95.565	1161	100	1195	0.0	1836	RS-GCF-002114275.1-NZ-NDWY01000001.1--5
14845-1492R-B4	RS-GCF-002114275.1-NZ-NDWY01000001.1--2	95.565	1161	100	1195	0.0	1836	RS-GCF-002114275.1-NZ-NDWY01000001.1--2
14845-1492R-B4	RS-GCF-017355025.1-NZ-CP071512.1--6	95.565	1161	100	1195	0.0	1836	RS-GCF-017355025.1-NZ-CP071512.1--6
14845-1492R-B4	RS-GCF-009932935.2-NZ-CP049091.1	95.565	1161	100	1195	0.0	1836	RS-GCF-009932935.2-NZ-CP049091.1
14845-1492R-B4	RS-GCF-000981145.1-NZ-LAKG01000073.1	95.565	1161	100	1195	0.0	1836	RS-GCF-000981145.1-NZ-LAKG01000073.1
14845-1492R-B4	RS-GCF-016695195.1-NZ-CP063274.1--5	95.565	1161	100	1195	0.0	1836	RS-GCF-016695195.1-NZ-CP063274.1--5
14845-1492R-B4	RS-GCF-001814895.1-NZ-KV818357.1	95.565	1161	100	1195	0.0	1836	RS-GCF-001814895.1-NZ-KV818357.1
14845-1492R-B4	GB-GCA-001471285.2-LORN02000015.1--5	95.565	1161	100	1195	0.0	1836	GB-GCA-001471285.2-LORN02000015.1--5
14845-1492R-B4	GB-GCA-001471285.2-LORN02000015.1--4	95.565	1161	100	1195	0.0	1836	GB-GCA-001471285.2-LORN02000015.1--4
14845-1492R-B4	GB-GCA-001471285.2-LORN02000015.1	95.565	1161	100	1195	0.0	1836	GB-GCA-001471285.2-LORN02000015.1
14845-1492R-B4	GB-GCA-002892325.1-PHHQ01000062.1	95.565	1161	100	1195	0.0	1836	GB-GCA-002892325.1-PHHQ01000062.1
14845-1492R-B4	RS-GCF-003042515.1-NZ-PZIN01000065.1	95.565	1161	100	1195	0.0	1836	RS-GCF-003042515.1-NZ-PZIN01000065.1
14845-1492R-B4	RS-GCF-018996905.1-NZ-JAHNUR010000021.1	95.565	1161	100	1195	0.0	1836	RS-GCF-018996905.1-NZ-JAHNUR010000021.1
14845-1492R-B4	RS-GCF-903969845.1-NZ-CAJCGQ010000075.1	95.565	1161	100	1195	0.0	1836	RS-GCF-903969845.1-NZ-CAJCGQ010000075.1
14845-1492R-B4	RS-GCF-003043755.1-NZ-PZIS01000096.1	95.565	1161	100	1195	0.0	1836	RS-GCF-003043755.1-NZ-PZIS01000096.1
14845-1492R-B4	RS-GCF-003042535.1-NZ-PZIP01000064.1	95.565	1161	100	1195	0.0	1836	RS-GCF-003042535.1-NZ-PZIP01000064.1
14845-1492R-B4	RS-GCF-903969905.1-NZ-CAJCGT010000028.1	95.565	1161	100	1195	0.0	1836	RS-GCF-903969905.1-NZ-CAJCGT010000028.1
14845-1492R-B4	MJ005-barcode42-umi22985bins-ubs-10	95.565	1161	100	1195	0.0	1836	MJ005-barcode42-umi22985bins-ubs-10
14845-1492R-B4	MJ006-2-barcode58-umi188846bins-ubs-3	95.565	1161	100	1195	0.0	1836	MJ006-2-barcode58-umi188846bins-ubs-3
14845-1492R-B4	MJ006-2-barcode58-umi89861bins-ubs-6	95.565	1161	100	1195	0.0	1836	MJ006-2-barcode58-umi89861bins-ubs-6
14845-1492R-B4	MJ006-1-barcode26-umi52220bins-ubs-6	95.565	1161	100	1195	0.0	1836	MJ006-1-barcode26-umi52220bins-ubs-6
14845-1492R-B4	MJ006-1-barcode26-umi23484bins-ubs-13	95.565	1161	100	1195	0.0	1836	MJ006-1-barcode26-umi23484bins-ubs-13
14845-1492R-B4	MJ006-1-barcode41-umi79423bins-ubs-5	95.565	1161	100	1195	0.0	1836	MJ006-1-barcode41-umi79423bins-ubs-5
14845-1492R-B4	RS-GCF-003035445.1-NZ-PYZJ01000052.1	95.569	1161	100	1196	0.0	1834	RS-GCF-003035445.1-NZ-PYZJ01000052.1
14845-1492R-B4	RS-GCF-003578115.1-NZ-QXSV01000197.1	95.569	1161	100	1196	0.0	1834	RS-GCF-003578115.1-NZ-QXSV01000197.1
14845-1492R-B4	RS-GCF-903970005.1-NZ-CAJCHB010000026.1	95.561	1161	99	1194	0.0	1834	RS-GCF-903970005.1-NZ-CAJCHB010000026.1
14845-1492R-B4	JN092118	95.554	1161	99	1192	0.0	1834	JN092118
14845-1492R-B4	RS-GCF-013267715.1-NZ-CP054017.1--5	95.634	1161	99	1191	0.0	1833	RS-GCF-013267715.1-NZ-CP054017.1--5
14845-1492R-B4	RS-GCF-001074135.1-NZ-JUVB01000002.1	95.634	1161	99	1191	0.0	1833	RS-GCF-001074135.1-NZ-JUVB01000002.1
14845-1492R-B4	RS-GCF-002442915.1-NZ-CP017463.1--5	95.634	1161	99	1191	0.0	1833	RS-GCF-002442915.1-NZ-CP017463.1--5
14845-1492R-B4	RS-GCF-016751935.1-NZ-JAEPJP010000001.1--3	95.634	1161	99	1191	0.0	1833	RS-GCF-016751935.1-NZ-JAEPJP010000001.1--3
14845-1492R-B4	RS-GCF-016725285.1-NZ-CP068219.1--4	95.634	1161	99	1191	0.0	1833	RS-GCF-016725285.1-NZ-CP068219.1--4
14845-1492R-B4	RS-GCF-016599795.1-NZ-CP067014.1--6	95.634	1161	99	1191	0.0	1833	RS-GCF-016599795.1-NZ-CP067014.1--6
14845-1492R-B4	RS-GCF-016599795.1-NZ-CP067014.1--5	95.634	1161	99	1191	0.0	1833	RS-GCF-016599795.1-NZ-CP067014.1--5
14845-1492R-B4	RS-GCF-003580525.1-NZ-QYJH01000242.1	95.634	1161	99	1191	0.0	1833	RS-GCF-003580525.1-NZ-QYJH01000242.1
14845-1492R-B4	RS-GCF-007833855.1-NZ-CP038242.1--5	95.634	1161	99	1191	0.0	1833	RS-GCF-007833855.1-NZ-CP038242.1--5
14845-1492R-B4	RS-GCF-017898045.1-NZ-JAGMUP010000001.1--6	95.634	1161	99	1191	0.0	1833	RS-GCF-017898045.1-NZ-JAGMUP010000001.1--6
14845-1492R-B4	RS-GCF-003571725.1-NZ-CP032159.1	95.634	1161	99	1191	0.0	1833	RS-GCF-003571725.1-NZ-CP032159.1
14845-1492R-B4	AB009944	95.634	1161	99	1191	0.0	1833	AB009944
14845-1492R-B4	MJ010-1-barcode30-umi51029bins-ubs-13	95.634	1161	99	1191	0.0	1833	MJ010-1-barcode30-umi51029bins-ubs-13
14845-1492R-B4	MJ007-2-barcode55-umi2482bins-ubs-195	95.634	1161	99	1191	0.0	1833	MJ007-2-barcode55-umi2482bins-ubs-195
14845-1492R-B4	RS-GCF-000316075.2-NZ-KB373322.1--2	96.519	1161	97	1149	0.0	1832	RS-GCF-000316075.2-NZ-KB373322.1--2
14845-1492R-B4	RS-GCF-009730115.1-NZ-CP046301.1--6	95.565	1161	100	1195	0.0	1832	RS-GCF-009730115.1-NZ-CP046301.1--6
14845-1492R-B4	RS-GCF-001070475.1-NZ-JVVE01000085.1	96.519	1161	97	1149	0.0	1832	RS-GCF-001070475.1-NZ-JVVE01000085.1
14845-1492R-B4	RS-GCF-019222685.1-NZ-CP078159.1--3	95.565	1161	100	1195	0.0	1832	RS-GCF-019222685.1-NZ-CP078159.1--3
14845-1492R-B4	RS-GCF-003956005.1-NZ-CP033814.1	95.565	1161	100	1195	0.0	1832	RS-GCF-003956005.1-NZ-CP033814.1
14845-1492R-B4	RS-GCF-009932935.2-NZ-CP049091.1--6	95.565	1161	100	1195	0.0	1832	RS-GCF-009932935.2-NZ-CP049091.1--6
14845-1492R-B4	RS-GCF-019048025.1-NZ-CP077270.1--6	95.557	1161	99	1193	0.0	1832	RS-GCF-019048025.1-NZ-CP077270.1--6
14845-1492R-B4	GB-GCA-017571195.1-JAGETU010000002.1	95.816	1161	100	1195	0.0	1832	GB-GCA-017571195.1-JAGETU010000002.1
14845-1492R-B4	MJ006-1-barcode37-umi111585bins-ubs-4	95.565	1161	100	1195	0.0	1832	MJ006-1-barcode37-umi111585bins-ubs-4
14845-1492R-B4	RS-GCF-004684875.1-NZ-SRJF01000030.1	95.481	1161	100	1195	0.0	1831	RS-GCF-004684875.1-NZ-SRJF01000030.1
14845-1492R-B4	RS-GCF-004785665.1-NZ-SRPJ01000017.1	95.481	1161	100	1195	0.0	1831	RS-GCF-004785665.1-NZ-SRPJ01000017.1
14845-1492R-B4	GB-GCA-003970565.1-RXXD01000047.1	95.481	1161	100	1195	0.0	1831	GB-GCA-003970565.1-RXXD01000047.1
14845-1492R-B4	RS-GCF-008728815.1-NZ-CP041722.1--6	95.481	1161	100	1195	0.0	1831	RS-GCF-008728815.1-NZ-CP041722.1--6
14845-1492R-B4	RS-GCF-002591215.1-NZ-CP023970.1--2	95.481	1161	100	1195	0.0	1831	RS-GCF-002591215.1-NZ-CP023970.1--2
14845-1492R-B4	RS-GCF-003043795.1-NZ-PZIT01000225.1	95.481	1161	100	1195	0.0	1831	RS-GCF-003043795.1-NZ-PZIT01000225.1
14845-1492R-B4	RS-GCF-903970045.1-NZ-CAJCHG010000066.1	95.481	1161	100	1195	0.0	1831	RS-GCF-903970045.1-NZ-CAJCHG010000066.1
14845-1492R-B4	GB-GCA-001471285.2-LORN02000015.1--6	95.481	1161	100	1195	0.0	1831	GB-GCA-001471285.2-LORN02000015.1--6
14845-1492R-B4	GB-GCA-001471285.2-LORN02000015.1--2	95.481	1161	100	1195	0.0	1831	GB-GCA-001471285.2-LORN02000015.1--2
14845-1492R-B4	RS-GCF-001611955.1-NZ-CP013911.1--4	95.481	1161	100	1195	0.0	1831	RS-GCF-001611955.1-NZ-CP013911.1--4
14845-1492R-B4	AY953148	95.481	1161	100	1195	0.0	1831	AY953148
14845-1492R-B4	KM873669	95.481	1161	100	1195	0.0	1831	KM873669
14845-1492R-B4	MJ005-barcode41-umi18767bins-ubs-13	95.481	1161	100	1195	0.0	1831	MJ005-barcode41-umi18767bins-ubs-13
14845-1492R-B4	MJ005-barcode41-umi66486bins-ubs-5	95.481	1161	100	1195	0.0	1831	MJ005-barcode41-umi66486bins-ubs-5
14845-1492R-B4	MJ005-barcode33-umi15336bins-ubs-15	95.481	1161	100	1195	0.0	1831	MJ005-barcode33-umi15336bins-ubs-15
14845-1492R-B4	GB-GCA-017571295.1-JAGETP010000002.1--4	95.802	1161	100	1191	0.0	1830	GB-GCA-017571295.1-JAGETP010000002.1--4
14845-1492R-B4	RS-GCF-003035765.1-NZ-PYZI01000031.1	95.401	1161	100	1196	0.0	1829	RS-GCF-003035765.1-NZ-PYZI01000031.1
14845-1492R-B4	RS-GCF-003035725.1-NZ-PYZH01000134.1	95.485	1161	100	1196	0.0	1829	RS-GCF-003035725.1-NZ-PYZH01000134.1
14845-1492R-B4	RS-GCF-900458355.1-NZ-UHCZ01000002.1--3	95.485	1161	100	1196	0.0	1829	RS-GCF-900458355.1-NZ-UHCZ01000002.1--3
14845-1492R-B4	GB-GCA-004920235.1-AFTV01000045.1	95.649	1161	100	1195	0.0	1829	GB-GCA-004920235.1-AFTV01000045.1
14845-1492R-B4	FJ389206	95.485	1161	100	1196	0.0	1829	FJ389206
14845-1492R-B4	RS-GCF-003043235.1-NZ-PZEZ01000134.1	95.550	1161	99	1191	0.0	1829	RS-GCF-003043235.1-NZ-PZEZ01000134.1
14845-1492R-B4	RS-GCF-017086425.1-NZ-CP070964.1	95.550	1161	99	1191	0.0	1829	RS-GCF-017086425.1-NZ-CP070964.1
14845-1492R-B4	RS-GCF-002442915.1-NZ-CP017463.1--3	95.550	1161	99	1191	0.0	1829	RS-GCF-002442915.1-NZ-CP017463.1--3
14845-1492R-B4	RS-GCF-007814825.1-NZ-CP031280.1--5	95.550	1161	99	1191	0.0	1829	RS-GCF-007814825.1-NZ-CP031280.1--5
14845-1492R-B4	RS-GCF-007814825.1-NZ-CP031280.1	95.550	1161	99	1191	0.0	1829	RS-GCF-007814825.1-NZ-CP031280.1
14845-1492R-B4	RS-GCF-016888605.1-NZ-JAFEKM010000002.1--4	95.550	1161	99	1191	0.0	1829	RS-GCF-016888605.1-NZ-JAFEKM010000002.1--4
14845-1492R-B4	RS-GCF-016888605.1-NZ-JAFEKM010000001.1	95.550	1161	99	1191	0.0	1829	RS-GCF-016888605.1-NZ-JAFEKM010000001.1
14845-1492R-B4	RS-GCF-016725205.1-NZ-CP068216.1--6	95.550	1161	99	1191	0.0	1829	RS-GCF-016725205.1-NZ-CP068216.1--6
14845-1492R-B4	RS-GCF-016725205.1-NZ-CP068216.1--4	95.550	1161	99	1191	0.0	1829	RS-GCF-016725205.1-NZ-CP068216.1--4
14845-1492R-B4	RS-GCF-003580755.1-NZ-QXVU01000093.1	95.550	1161	99	1191	0.0	1829	RS-GCF-003580755.1-NZ-QXVU01000093.1
14845-1492R-B4	RS-GCF-900636255.1-NZ-LR134242.1--6	95.550	1161	99	1191	0.0	1829	RS-GCF-900636255.1-NZ-LR134242.1--6
14845-1492R-B4	RS-GCF-900636255.1-NZ-LR134242.1	95.550	1161	99	1191	0.0	1829	RS-GCF-900636255.1-NZ-LR134242.1
14845-1492R-B4	RS-GCF-007666805.1-NZ-VDPX01000022.1	95.550	1161	99	1191	0.0	1829	RS-GCF-007666805.1-NZ-VDPX01000022.1
14845-1492R-B4	RS-GCF-000494875.1-NC-022737.1--2	95.550	1161	99	1191	0.0	1829	RS-GCF-000494875.1-NC-022737.1--2
14845-1492R-B4	RS-GCF-900636265.1-NZ-LR134244.1--6	95.550	1161	99	1191	0.0	1829	RS-GCF-900636265.1-NZ-LR134244.1--6
14845-1492R-B4	RS-GCF-003596365.3-NZ-CP045187.2--5	95.481	1161	100	1195	0.0	1829	RS-GCF-003596365.3-NZ-CP045187.2--5
14845-1492R-B4	G001045675	95.550	1161	99	1191	0.0	1829	G001045675
14845-1492R-B4	X66101	95.481	1161	100	1195	0.0	1829	X66101
14845-1492R-B4	MJ030-2-barcode71-umi4718bins-ubs-69	95.550	1161	99	1191	0.0	1829	MJ030-2-barcode71-umi4718bins-ubs-69
14845-1492R-B4	RS-GCF-002407165.1-NZ-CP023539.1	95.481	1161	100	1195	0.0	1828	RS-GCF-002407165.1-NZ-CP023539.1
14845-1492R-B4	RS-GCF-019222685.1-NZ-CP078159.1--2	95.481	1161	100	1195	0.0	1828	RS-GCF-019222685.1-NZ-CP078159.1--2
14845-1492R-B4	RS-GCF-019222685.1-NZ-CP078159.1	95.481	1161	100	1195	0.0	1828	RS-GCF-019222685.1-NZ-CP078159.1
14845-1492R-B4	RS-GCF-003596365.3-NZ-CP045187.2--4	95.481	1161	100	1195	0.0	1828	RS-GCF-003596365.3-NZ-CP045187.2--4
14845-1492R-B4	RS-GCF-002952715.2-NZ-CP025031.1	95.481	1161	100	1195	0.0	1828	RS-GCF-002952715.2-NZ-CP025031.1
14845-1492R-B4	RS-GCF-002906615.1-NZ-CP025396.1--6	95.481	1161	100	1195	0.0	1828	RS-GCF-002906615.1-NZ-CP025396.1--6
14845-1492R-B4	RS-GCF-013345165.1-NZ-JABVEJ010000001.1--5	95.397	1161	100	1195	0.0	1827	RS-GCF-013345165.1-NZ-JABVEJ010000001.1--5
14845-1492R-B4	RS-GCF-013345165.1-NZ-JABVEJ010000001.1--2	95.397	1161	100	1195	0.0	1827	RS-GCF-013345165.1-NZ-JABVEJ010000001.1--2
14845-1492R-B4	RS-GCF-001983065.1-NZ-MOMS01000106.1	96.435	1161	97	1150	0.0	1826	RS-GCF-001983065.1-NZ-MOMS01000106.1
14845-1492R-B4	RS-GCF-001983085.1-NZ-MOMU01000115.1	96.435	1161	97	1150	0.0	1826	RS-GCF-001983085.1-NZ-MOMU01000115.1
14845-1492R-B4	L37603	95.466	1161	99	1191	0.0	1826	L37603
14845-1492R-B4	RS-GCF-900458355.1-NZ-UHCZ01000002.1--6	95.318	1161	100	1196	0.0	1825	RS-GCF-900458355.1-NZ-UHCZ01000002.1--6
14845-1492R-B4	RS-GCF-013267715.1-NZ-CP054017.1--2	95.550	1161	99	1191	0.0	1825	RS-GCF-013267715.1-NZ-CP054017.1--2
14845-1492R-B4	RS-GCF-003691405.1-NZ-CP033098.1	95.550	1161	99	1191	0.0	1825	RS-GCF-003691405.1-NZ-CP033098.1
14845-1492R-B4	RS-GCF-007667855.1-NZ-VDRX01000042.1	99.516	1161	89	1034	0.0	1825	RS-GCF-007667855.1-NZ-VDRX01000042.1
14845-1492R-B4	MJ005-barcode74-umi3732bins-ubs-44	95.401	1161	100	1196	0.0	1825	MJ005-barcode74-umi3732bins-ubs-44
14845-1492R-B4	RS-GCF-013267715.1-NZ-CP054017.1--3	95.466	1161	99	1191	0.0	1824	RS-GCF-013267715.1-NZ-CP054017.1--3
14845-1492R-B4	RS-GCF-003491325.1-NZ-CP022881.1	95.466	1161	99	1191	0.0	1824	RS-GCF-003491325.1-NZ-CP022881.1
14845-1492R-B4	RS-GCF-016725285.1-NZ-CP068219.1--6	95.466	1161	99	1191	0.0	1824	RS-GCF-016725285.1-NZ-CP068219.1--6
14845-1492R-B4	RS-GCF-900636265.1-NZ-LR134244.1	95.466	1161	99	1191	0.0	1824	RS-GCF-900636265.1-NZ-LR134244.1
14845-1492R-B4	GB-GCA-009189185.2-CP045137.2--4	95.489	1161	100	1197	0.0	1824	GB-GCA-009189185.2-CP045137.2--4
14845-1492R-B4	G000332735	95.466	1161	99	1191	0.0	1824	G000332735
14845-1492R-B4	MJ020-2-barcode61-umi871bins-ubs-375	95.466	1161	99	1191	0.0	1824	MJ020-2-barcode61-umi871bins-ubs-375
14845-1492R-B4	MJ010-1-barcode30-umi19329bins-ubs-34	95.466	1161	99	1191	0.0	1824	MJ010-1-barcode30-umi19329bins-ubs-34
14845-1492R-B4	RS-GCF-002407165.1-NZ-CP023539.1--2	95.397	1161	100	1195	0.0	1823	RS-GCF-002407165.1-NZ-CP023539.1--2
14845-1492R-B4	RS-GCF-017898045.1-NZ-JAGMUP010000001.1	95.302	1161	99	1192	0.0	1823	RS-GCF-017898045.1-NZ-JAGMUP010000001.1
14845-1492R-B4	RS-GCF-002952715.2-NZ-CP025031.1--6	95.397	1161	100	1195	0.0	1823	RS-GCF-002952715.2-NZ-CP025031.1--6
14845-1492R-B4	GB-GCA-017571195.1-JAGETU010000002.1--3	95.732	1161	100	1195	0.0	1823	GB-GCA-017571195.1-JAGETU010000002.1--3
14845-1492R-B4	RS-GCF-002931395.1-NZ-PSYA01000021.1	95.314	1161	100	1195	0.0	1822	RS-GCF-002931395.1-NZ-PSYA01000021.1
14845-1492R-B4	RS-GCF-001808095.1-NZ-KV792101.1	95.314	1161	100	1195	0.0	1822	RS-GCF-001808095.1-NZ-KV792101.1
14845-1492R-B4	RS-GCF-001061155.1-NZ-JWBA01000059.1	96.348	1161	97	1150	0.0	1821	RS-GCF-001061155.1-NZ-JWBA01000059.1
14845-1492R-B4	RS-GCF-003239175.1-NZ-PZTW01000023.1	96.348	1161	97	1150	0.0	1821	RS-GCF-003239175.1-NZ-PZTW01000023.1
14845-1492R-B4	RS-GCF-000573045.1-NZ-KK047918.1	96.348	1161	97	1150	0.0	1821	RS-GCF-000573045.1-NZ-KK047918.1
14845-1492R-B4	RS-GCF-001068315.1-NZ-JULJ01000090.1	96.348	1161	97	1150	0.0	1821	RS-GCF-001068315.1-NZ-JULJ01000090.1
14845-1492R-B4	RS-GCF-018622975.1-NZ-CP076029.1--8	96.348	1161	97	1150	0.0	1821	RS-GCF-018622975.1-NZ-CP076029.1--8
14845-1492R-B4	RS-GCF-001045595.1-NZ-JTFJ01000057.1	96.348	1161	97	1150	0.0	1821	RS-GCF-001045595.1-NZ-JTFJ01000057.1
14845-1492R-B4	RS-GCF-008630775.1-NZ-CP043919.1--3	96.348	1161	97	1150	0.0	1821	RS-GCF-008630775.1-NZ-CP043919.1--3
14845-1492R-B4	RS-GCF-003952625.1-NZ-CP034441.1--3	96.348	1161	97	1150	0.0	1821	RS-GCF-003952625.1-NZ-CP034441.1--3
14845-1492R-B4	RS-GCF-002904355.1-NZ-LKNK01000025.1	96.348	1161	97	1150	0.0	1821	RS-GCF-002904355.1-NZ-LKNK01000025.1
14845-1492R-B4	RS-GCF-018995495.1-NZ-JAHNFS010000004.1	96.348	1161	97	1150	0.0	1821	RS-GCF-018995495.1-NZ-JAHNFS010000004.1
14845-1492R-B4	RS-GCF-002905145.1-NZ-LKOT01000025.1	96.348	1161	97	1150	0.0	1821	RS-GCF-002905145.1-NZ-LKOT01000025.1
14845-1492R-B4	RS-GCF-014529875.1-NZ-JACVFE010000055.1	96.348	1161	97	1150	0.0	1821	RS-GCF-014529875.1-NZ-JACVFE010000055.1
14845-1492R-B4	RS-GCF-002904415.1-NZ-LKNL01000031.1	96.348	1161	97	1150	0.0	1821	RS-GCF-002904415.1-NZ-LKNL01000031.1
14845-1492R-B4	RS-GCF-900082185.1-NZ-FKTC01000009.1	96.348	1161	97	1150	0.0	1821	RS-GCF-900082185.1-NZ-FKTC01000009.1
14845-1492R-B4	RS-GCF-002887475.1-NZ-LPWT01000030.1	96.348	1161	97	1150	0.0	1821	RS-GCF-002887475.1-NZ-LPWT01000030.1
14845-1492R-B4	RS-GCF-018093205.1-NZ-CP071102.1--5	96.348	1161	97	1150	0.0	1821	RS-GCF-018093205.1-NZ-CP071102.1--5
14845-1492R-B4	RS-GCF-000681475.1-NZ-AVPA01000021.1	96.348	1161	97	1150	0.0	1821	RS-GCF-000681475.1-NZ-AVPA01000021.1
14845-1492R-B4	RS-GCF-003957315.1-NZ-CP034486.1--6	96.348	1161	97	1150	0.0	1821	RS-GCF-003957315.1-NZ-CP034486.1--6
14845-1492R-B4	RS-GCF-011032785.1-NZ-CP048431.1--6	96.348	1161	97	1150	0.0	1821	RS-GCF-011032785.1-NZ-CP048431.1--6
14845-1492R-B4	RS-GCF-011032785.1-NZ-CP048431.1	96.348	1161	97	1150	0.0	1821	RS-GCF-011032785.1-NZ-CP048431.1
14845-1492R-B4	GB-GCA-014696835.1-CP051483.1--6	96.348	1161	97	1150	0.0	1821	GB-GCA-014696835.1-CP051483.1--6
14845-1492R-B4	RS-GCF-002904935.1-NZ-LKOL01000008.1	96.348	1161	97	1150	0.0	1821	RS-GCF-002904935.1-NZ-LKOL01000008.1
14845-1492R-B4	RS-GCF-005707015.1-NZ-CP039167.1	96.348	1161	97	1150	0.0	1821	RS-GCF-005707015.1-NZ-CP039167.1
14845-1492R-B4	RS-GCF-003113955.1-NZ-BEXZ01000017.1	96.348	1161	97	1150	0.0	1821	RS-GCF-003113955.1-NZ-BEXZ01000017.1
14845-1492R-B4	RS-GCF-013187685.1-NZ-CP029751.1--6	96.348	1161	97	1150	0.0	1821	RS-GCF-013187685.1-NZ-CP029751.1--6
14845-1492R-B4	RS-GCF-002905235.1-NZ-LKOU01000022.1	96.348	1161	97	1150	0.0	1821	RS-GCF-002905235.1-NZ-LKOU01000022.1
14845-1492R-B4	RS-GCF-003426145.1-NZ-CP031673.1--4	96.348	1161	97	1150	0.0	1821	RS-GCF-003426145.1-NZ-CP031673.1--4
14845-1492R-B4	RS-GCF-900457445.1-NZ-UGZQ01000001.1--5	96.348	1161	97	1150	0.0	1821	RS-GCF-900457445.1-NZ-UGZQ01000001.1--5
14845-1492R-B4	RS-GCF-000626975.1-NZ-JHPX01000013.1	96.348	1161	97	1150	0.0	1821	RS-GCF-000626975.1-NZ-JHPX01000013.1
14845-1492R-B4	RS-GCF-011319595.1-NZ-SEZC01000057.1	96.348	1161	97	1150	0.0	1821	RS-GCF-011319595.1-NZ-SEZC01000057.1
14845-1492R-B4	RS-GCF-018998505.1-NZ-JAHNVG010000054.1	96.348	1161	97	1150	0.0	1821	RS-GCF-018998505.1-NZ-JAHNVG010000054.1
14845-1492R-B4	GB-GCA-015290965.1-CP063990.1--6	96.348	1161	97	1150	0.0	1821	GB-GCA-015290965.1-CP063990.1--6
14845-1492R-B4	RS-GCF-900098055.1-NZ-FMPO01000029.1	96.348	1161	97	1150	0.0	1821	RS-GCF-900098055.1-NZ-FMPO01000029.1
14845-1492R-B4	GB-GCA-001469065.1-LNOP01000188.1	96.348	1161	97	1150	0.0	1821	GB-GCA-001469065.1-LNOP01000188.1
14845-1492R-B4	RS-GCF-003194205.1-NZ-CP021353.1--6	96.348	1161	97	1150	0.0	1821	RS-GCF-003194205.1-NZ-CP021353.1--6
14845-1492R-B4	GB-GCA-001982975.1-MOMQ01000023.1	96.348	1161	97	1150	0.0	1821	GB-GCA-001982975.1-MOMQ01000023.1
14845-1492R-B4	RS-GCF-002904555.1-NZ-LKNR01000005.1	96.348	1161	97	1150	0.0	1821	RS-GCF-002904555.1-NZ-LKNR01000005.1
14845-1492R-B4	GB-GCA-014336195.1-CP060618.1	96.348	1161	97	1150	0.0	1821	GB-GCA-014336195.1-CP060618.1
14845-1492R-B4	RS-GCF-003193665.1-NZ-CP029649.1--5	96.348	1161	97	1150	0.0	1821	RS-GCF-003193665.1-NZ-CP029649.1--5
14845-1492R-B4	RS-GCF-003193665.1-NZ-CP029649.1--3	96.348	1161	97	1150	0.0	1821	RS-GCF-003193665.1-NZ-CP029649.1--3
14845-1492R-B4	RS-GCF-011035105.1-NZ-CP047021.1	96.348	1161	97	1150	0.0	1821	RS-GCF-011035105.1-NZ-CP047021.1
14845-1492R-B4	RS-GCF-003113935.1-NZ-BEXY01000022.1	96.348	1161	97	1150	0.0	1821	RS-GCF-003113935.1-NZ-BEXY01000022.1
14845-1492R-B4	RS-GCF-003309965.1-NZ-PTBE01000047.1	96.348	1161	97	1150	0.0	1821	RS-GCF-003309965.1-NZ-PTBE01000047.1
14845-1492R-B4	RS-GCF-017581525.1-NZ-JAGFCK010000021.1	96.348	1161	97	1150	0.0	1821	RS-GCF-017581525.1-NZ-JAGFCK010000021.1
14845-1492R-B4	RS-GCF-000636515.1-NZ-KK218794.1	96.348	1161	97	1150	0.0	1821	RS-GCF-000636515.1-NZ-KK218794.1
14845-1492R-B4	RS-GCF-000636515.1-NZ-KK218801.1	96.348	1161	97	1150	0.0	1821	RS-GCF-000636515.1-NZ-KK218801.1
14845-1492R-B4	RS-GCF-002905535.1-NZ-LKUM01000015.1	96.348	1161	97	1150	0.0	1821	RS-GCF-002905535.1-NZ-LKUM01000015.1
14845-1492R-B4	RS-GCF-900458025.1-NZ-UHBK01000002.1	96.348	1161	97	1150	0.0	1821	RS-GCF-900458025.1-NZ-UHBK01000002.1
14845-1492R-B4	RS-GCF-012274715.1-NZ-SJAX01000009.1	96.348	1161	97	1150	0.0	1821	RS-GCF-012274715.1-NZ-SJAX01000009.1
14845-1492R-B4	RS-GCF-012274715.1-NZ-SJAX01000004.1	96.348	1161	97	1150	0.0	1821	RS-GCF-012274715.1-NZ-SJAX01000004.1
14845-1492R-B4	RS-GCF-012274715.1-NZ-SJAX01000005.1	96.348	1161	97	1150	0.0	1821	RS-GCF-012274715.1-NZ-SJAX01000005.1
14845-1492R-B4	RS-GCF-017088385.1-NZ-CP070983.1--5	96.348	1161	97	1150	0.0	1821	RS-GCF-017088385.1-NZ-CP070983.1--5
14845-1492R-B4	RS-GCF-003238285.1-NZ-PZVR01000020.1	96.348	1161	97	1150	0.0	1821	RS-GCF-003238285.1-NZ-PZVR01000020.1
14845-1492R-B4	RS-GCF-016894285.1-NZ-CP069799.1--6	96.348	1161	97	1150	0.0	1821	RS-GCF-016894285.1-NZ-CP069799.1--6
14845-1492R-B4	RS-GCF-001298325.2-NZ-CP019945.1--4	96.348	1161	97	1150	0.0	1821	RS-GCF-001298325.2-NZ-CP019945.1--4
14845-1492R-B4	RS-GCF-003017635.1-NZ-NGNL01000001.1--3	96.348	1161	97	1150	0.0	1821	RS-GCF-003017635.1-NZ-NGNL01000001.1--3
14845-1492R-B4	RS-GCF-002904575.1-NZ-LKNS01000019.1	96.348	1161	97	1150	0.0	1821	RS-GCF-002904575.1-NZ-LKNS01000019.1
14845-1492R-B4	RS-GCF-006511775.1-NZ-SZYV01000083.1	96.348	1161	97	1150	0.0	1821	RS-GCF-006511775.1-NZ-SZYV01000083.1
14845-1492R-B4	RS-GCF-000636875.1-NZ-KK219541.1	96.348	1161	97	1150	0.0	1821	RS-GCF-000636875.1-NZ-KK219541.1
14845-1492R-B4	RS-GCF-003857255.1-NZ-RDEV01000009.1	96.348	1161	97	1150	0.0	1821	RS-GCF-003857255.1-NZ-RDEV01000009.1
14845-1492R-B4	RS-GCF-900457905.1-NZ-UHAV01000001.1--6	96.348	1161	97	1150	0.0	1821	RS-GCF-900457905.1-NZ-UHAV01000001.1--6
14845-1492R-B4	RS-GCF-002304615.1-NZ-LKXR01000025.1	96.348	1161	97	1150	0.0	1821	RS-GCF-002304615.1-NZ-LKXR01000025.1
14845-1492R-B4	RS-GCF-009912055.1-NZ-CP047807.1--6	96.348	1161	97	1150	0.0	1821	RS-GCF-009912055.1-NZ-CP047807.1--6
14845-1492R-B4	RS-GCF-009912055.1-NZ-CP047807.1--5	96.348	1161	97	1150	0.0	1821	RS-GCF-009912055.1-NZ-CP047807.1--5
14845-1492R-B4	RS-GCF-000878095.1-NZ-JXID01000165.1	96.348	1161	97	1150	0.0	1821	RS-GCF-000878095.1-NZ-JXID01000165.1
