14846-1429R-B8	RS-GCF-002863375.1-NZ-PKJV01000027.1	97.666	1182	97	1157	0.0	1920	RS-GCF-002863375.1-NZ-PKJV01000027.1
14846-1429R-B8	RS-GCF-002554275.1-NZ-PDEF01000001.1	97.666	1182	97	1157	0.0	1920	RS-GCF-002554275.1-NZ-PDEF01000001.1
14846-1429R-B8	RS-GCF-002008305.4-NZ-CP042169.1	97.666	1182	97	1157	0.0	1920	RS-GCF-002008305.4-NZ-CP042169.1
14846-1429R-B8	RS-GCF-009378265.1-NZ-RCJE01000048.1	97.666	1182	97	1157	0.0	1920	RS-GCF-009378265.1-NZ-RCJE01000048.1
14846-1429R-B8	RS-GCF-002863345.1-NZ-PKJT01000003.1	97.580	1182	97	1157	0.0	1917	RS-GCF-002863345.1-NZ-PKJT01000003.1
14846-1429R-B8	RS-GCF-016403245.1-NZ-CP066288.1	97.580	1182	97	1157	0.0	1916	RS-GCF-016403245.1-NZ-CP066288.1
14846-1429R-B8	RS-GCF-003989335.1-NZ-RBLS01000138.1	97.580	1182	97	1157	0.0	1916	RS-GCF-003989335.1-NZ-RBLS01000138.1
14846-1429R-B8	RS-GCF-000632005.1-NZ-JFYP01000057.1	97.580	1182	97	1157	0.0	1916	RS-GCF-000632005.1-NZ-JFYP01000057.1
14846-1429R-B8	G001247715	97.580	1182	97	1157	0.0	1916	G001247715
14846-1429R-B8	FJ214355	97.580	1182	97	1157	0.0	1916	FJ214355
14846-1429R-B8	GB-GCA-003071525.2-CP025616.2--2	97.494	1182	97	1157	0.0	1911	GB-GCA-003071525.2-CP025616.2--2
14846-1429R-B8	RS-GCF-900452945.1-NZ-UGPO01000002.1	97.494	1182	97	1157	0.0	1911	RS-GCF-900452945.1-NZ-UGPO01000002.1
14846-1429R-B8	RS-GCF-017355335.1-NZ-JADIJO010000119.1	97.494	1182	97	1157	0.0	1911	RS-GCF-017355335.1-NZ-JADIJO010000119.1
14846-1429R-B8	GB-GCA-004117015.1-CP026366.1	97.494	1182	97	1157	0.0	1911	GB-GCA-004117015.1-CP026366.1
14846-1429R-B8	RS-GCF-016878755.1-NZ-WMFE01000121.1	97.494	1182	97	1157	0.0	1911	RS-GCF-016878755.1-NZ-WMFE01000121.1
14846-1429R-B8	RS-GCF-007667915.1-NZ-VDRZ01000022.1	97.494	1182	97	1157	0.0	1911	RS-GCF-007667915.1-NZ-VDRZ01000022.1
14846-1429R-B8	RS-GCF-000946635.1-NZ-JXSP01000167.1	97.494	1182	97	1157	0.0	1911	RS-GCF-000946635.1-NZ-JXSP01000167.1
14846-1429R-B8	RS-GCF-000176875.1-NZ-ADCD01000038.1	97.494	1182	97	1157	0.0	1911	RS-GCF-000176875.1-NZ-ADCD01000038.1
14846-1429R-B8	RS-GCF-902506395.1-NZ-LR732370.1	97.494	1182	97	1157	0.0	1911	RS-GCF-902506395.1-NZ-LR732370.1
14846-1429R-B8	RS-GCF-014138885.1-NZ-JACJIK010000001.1--2	97.407	1182	97	1157	0.0	1907	RS-GCF-014138885.1-NZ-JACJIK010000001.1--2
14846-1429R-B8	RS-GCF-013426035.1-NZ-CP059046.1	97.407	1182	97	1157	0.0	1907	RS-GCF-013426035.1-NZ-CP059046.1
14846-1429R-B8	RS-GCF-900453025.1-NZ-UGPQ01000001.1	97.407	1182	97	1157	0.0	1907	RS-GCF-900453025.1-NZ-UGPQ01000001.1
14846-1429R-B8	RS-GCF-013041625.1-NZ-JABBWS010000133.1	97.407	1182	97	1157	0.0	1907	RS-GCF-013041625.1-NZ-JABBWS010000133.1
14846-1429R-B8	RS-GCF-001619895.1-NZ-LRFD01000039.1	97.407	1182	97	1157	0.0	1907	RS-GCF-001619895.1-NZ-LRFD01000039.1
14846-1429R-B8	RS-GCF-014217235.1-NZ-CP058971.1--2	97.407	1182	97	1157	0.0	1907	RS-GCF-014217235.1-NZ-CP058971.1--2
14846-1429R-B8	RS-GCF-014205115.1-NZ-JACHMW010000001.1	97.321	1182	97	1157	0.0	1902	RS-GCF-014205115.1-NZ-JACHMW010000001.1
14846-1429R-B8	RS-GCF-002287775.1-NZ-NRSP01000001.1	97.321	1182	97	1157	0.0	1902	RS-GCF-002287775.1-NZ-NRSP01000001.1
14846-1429R-B8	RS-GCF-900475555.1-NZ-LS483396.1	97.321	1182	97	1157	0.0	1902	RS-GCF-900475555.1-NZ-LS483396.1
14846-1429R-B8	RS-GCF-001556945.1-NZ-LSKC01000103.1	97.321	1182	97	1157	0.0	1902	RS-GCF-001556945.1-NZ-LSKC01000103.1
14846-1429R-B8	G000023205	97.321	1182	97	1157	0.0	1902	G000023205
14846-1429R-B8	AJ536198	97.321	1182	97	1157	0.0	1902	AJ536198
14846-1429R-B8	EU005372	97.321	1182	97	1157	0.0	1902	EU005372
14846-1429R-B8	RS-GCF-001975485.1-NZ-MQNQ02000041.1	97.237	1182	97	1158	0.0	1896	RS-GCF-001975485.1-NZ-MQNQ02000041.1
14846-1429R-B8	GB-GCA-006094415.1-CP035298.1--2	97.237	1182	97	1158	0.0	1896	GB-GCA-006094415.1-CP035298.1--2
14846-1429R-B8	KF524364	97.391	1182	96	1150	0.0	1894	KF524364
14846-1429R-B8	RS-GCF-000257765.1-NZ-AICP01000064.1	98.290	1182	93	1111	0.0	1884	RS-GCF-000257765.1-NZ-AICP01000064.1
14846-1429R-B8	DQ491453	96.802	1182	97	1157	0.0	1879	DQ491453
14846-1429R-B8	RS-GCF-014644875.1-NZ-BMLA01000027.1	96.802	1182	97	1157	0.0	1875	RS-GCF-014644875.1-NZ-BMLA01000027.1
14846-1429R-B8	G002206575	96.713	1182	97	1156	0.0	1869	G002206575
14846-1429R-B8	X80750	96.626	1182	97	1156	0.0	1865	X80750
14846-1429R-B8	AJ005932	96.626	1182	97	1156	0.0	1861	AJ005932
14846-1429R-B8	RS-GCF-005280335.1-NZ-CP040019.1--3	96.647	1182	97	1163	0.0	1859	RS-GCF-005280335.1-NZ-CP040019.1--3
14846-1429R-B8	RS-GCF-900116905.1-NZ-FPCG01000027.1	96.456	1182	97	1157	0.0	1857	RS-GCF-900116905.1-NZ-FPCG01000027.1
14846-1429R-B8	FJ423763	96.370	1182	97	1157	0.0	1853	FJ423763
14846-1429R-B8	RS-GCF-014205175.1-NZ-JACHNA010000001.1	96.370	1182	97	1157	0.0	1849	RS-GCF-014205175.1-NZ-JACHNA010000001.1
14846-1429R-B8	RS-GCF-007677955.1-NZ-VEDR01000040.1	99.149	1182	89	1057	0.0	1846	RS-GCF-007677955.1-NZ-VEDR01000040.1
14846-1429R-B8	GB-GCA-003417425.1-QVMY01000302.1	97.399	1182	93	1115	0.0	1839	GB-GCA-003417425.1-QVMY01000302.1
14846-1429R-B8	FR832424	96.351	1182	96	1151	0.0	1838	FR832424
14846-1429R-B8	RS-GCF-004462905.1-NZ-SMVL01000038.1	98.959	1182	89	1057	0.0	1837	RS-GCF-004462905.1-NZ-SMVL01000038.1
14846-1429R-B8	RS-GCF-014199555.1-NZ-JACHNW010000001.1	96.024	1182	97	1157	0.0	1835	RS-GCF-014199555.1-NZ-JACHNW010000001.1
14846-1429R-B8	G000224415	96.024	1182	97	1157	0.0	1835	G000224415
14846-1429R-B8	EU305672	95.938	1182	97	1157	0.0	1830	EU305672
14846-1429R-B8	GU797177	95.506	1182	97	1157	0.0	1808	GU797177
14846-1429R-B8	RS-GCF-902506195.1-NZ-LR732817.1	95.427	1182	97	1159	0.0	1804	RS-GCF-902506195.1-NZ-LR732817.1
14846-1429R-B8	G000348945	95.333	1182	97	1157	0.0	1802	G000348945
14846-1429R-B8	AJ606061	95.333	1182	97	1157	0.0	1802	AJ606061
14846-1429R-B8	AM931709	95.333	1182	97	1157	0.0	1802	AM931709
14846-1429R-B8	FM992367	95.341	1182	97	1159	0.0	1800	FM992367
14846-1429R-B8	GB-GCA-016892645.1-JAFEMX010000032.1	95.160	1182	97	1157	0.0	1793	GB-GCA-016892645.1-JAFEMX010000032.1
14846-1429R-B8	RS-GCF-015751895.1-NZ-JADOTZ010000001.1	95.329	1182	97	1156	0.0	1793	RS-GCF-015751895.1-NZ-JADOTZ010000001.1
14846-1429R-B8	AB778260	95.329	1182	97	1156	0.0	1793	AB778260
14846-1429R-B8	RS-GCF-005877055.1-NZ-CP039424.1	95.255	1182	97	1159	0.0	1792	RS-GCF-005877055.1-NZ-CP039424.1
14846-1429R-B8	Y15885	95.230	1182	96	1153	0.0	1791	Y15885
14846-1429R-B8	FN673681	95.160	1182	97	1157	0.0	1790	FN673681
14846-1429R-B8	G001887245	95.073	1182	97	1157	0.0	1785	G001887245
14846-1429R-B8	EU939716	95.073	1182	97	1157	0.0	1785	EU939716
14846-1429R-B8	RS-GCF-018613795.1-NZ-JAGGPN010000039.1	94.987	1182	97	1157	0.0	1784	RS-GCF-018613795.1-NZ-JAGGPN010000039.1
14846-1429R-B8	RS-GCF-002008315.2-NZ-MVDG02000001.1	94.987	1182	97	1157	0.0	1784	RS-GCF-002008315.2-NZ-MVDG02000001.1
14846-1429R-B8	RS-GCF-019084045.1-NZ-JAHRED010000022.1	94.987	1182	97	1157	0.0	1784	RS-GCF-019084045.1-NZ-JAHRED010000022.1
14846-1429R-B8	X80740	94.987	1182	97	1157	0.0	1784	X80740
14846-1429R-B8	RS-GCF-001969265.1-NZ-CP019304.1	94.991	1182	97	1158	0.0	1783	RS-GCF-001969265.1-NZ-CP019304.1
14846-1429R-B8	G003575975	94.987	1182	97	1157	0.0	1781	G003575975
14846-1429R-B8	MH119719	94.987	1182	97	1157	0.0	1781	MH119719
14846-1429R-B8	RS-GCF-012271785.1-NZ-JAAWVT010000023.1	94.901	1182	97	1157	0.0	1780	RS-GCF-012271785.1-NZ-JAAWVT010000023.1
14846-1429R-B8	MT311166	94.901	1182	97	1157	0.0	1780	MT311166
14846-1429R-B8	RS-GCF-003386075.1-NZ-QREH01000001.1	94.909	1182	97	1159	0.0	1777	RS-GCF-003386075.1-NZ-QREH01000001.1
14846-1429R-B8	RS-GCF-003640665.1-NZ-QQXL01000012.1	94.987	1182	97	1157	0.0	1777	RS-GCF-003640665.1-NZ-QQXL01000012.1
14846-1429R-B8	AY376164	94.909	1182	97	1159	0.0	1777	AY376164
14846-1429R-B8	MH119720	94.987	1182	97	1157	0.0	1777	MH119720
14846-1429R-B8	RS-GCF-004358765.1-NZ-SMZQ01000029.1	94.814	1182	97	1157	0.0	1775	RS-GCF-004358765.1-NZ-SMZQ01000029.1
14846-1429R-B8	EU583729	94.814	1182	97	1157	0.0	1775	EU583729
14846-1429R-B8	AJ616763	94.814	1182	97	1157	0.0	1775	AJ616763
14846-1429R-B8	X83409	94.728	1182	97	1157	0.0	1772	X83409
14846-1429R-B8	RS-GCF-014190875.1-NZ-JACHVS010000001.1	94.728	1182	97	1157	0.0	1771	RS-GCF-014190875.1-NZ-JACHVS010000001.1
14846-1429R-B8	RS-GCF-017876535.1-NZ-JAGIOF010000001.1	94.728	1182	97	1157	0.0	1771	RS-GCF-017876535.1-NZ-JAGIOF010000001.1
14846-1429R-B8	G000238915	94.732	1182	97	1158	0.0	1769	G000238915
14846-1429R-B8	M23411	94.732	1182	97	1158	0.0	1769	M23411
14846-1429R-B8	KP144782	94.732	1182	97	1158	0.0	1769	KP144782
14846-1429R-B8	RS-GCF-002008315.2-NZ-MVDG02000001.1--4	94.814	1182	97	1157	0.0	1768	RS-GCF-002008315.2-NZ-MVDG02000001.1--4
14846-1429R-B8	RS-GCF-014694315.1-NZ-JAAOXD010000003.1	94.728	1182	97	1157	0.0	1767	RS-GCF-014694315.1-NZ-JAAOXD010000003.1
14846-1429R-B8	RS-GCF-018613805.1-NZ-JAGGPL010000031.1	94.641	1182	97	1157	0.0	1766	RS-GCF-018613805.1-NZ-JAGGPL010000031.1
14846-1429R-B8	RS-GCF-006715715.1-NZ-VFNR01000001.1	94.641	1182	97	1157	0.0	1766	RS-GCF-006715715.1-NZ-VFNR01000001.1
14846-1429R-B8	EU847536	94.732	1182	97	1158	0.0	1765	EU847536
14846-1429R-B8	GQ406812	94.870	1182	96	1150	0.0	1764	GQ406812
14846-1429R-B8	G002332245	94.792	1182	96	1152	0.0	1763	G002332245
14846-1429R-B8	RS-GCF-004136585.1-NZ-NOIR01000006.1	94.732	1182	97	1158	0.0	1762	RS-GCF-004136585.1-NZ-NOIR01000006.1
14846-1429R-B8	RS-GCF-006715715.1-NZ-VFNR01000001.1--2	94.555	1182	97	1157	0.0	1762	RS-GCF-006715715.1-NZ-VFNR01000001.1--2
14846-1429R-B8	RS-GCF-004365615.1-NZ-SOBD01000023.1	94.555	1182	97	1157	0.0	1762	RS-GCF-004365615.1-NZ-SOBD01000023.1
14846-1429R-B8	MF510149	94.732	1182	97	1158	0.0	1762	MF510149
14846-1429R-B8	MF510150	94.732	1182	97	1158	0.0	1762	MF510150
14846-1429R-B8	FJ425902	94.632	1182	97	1155	0.0	1762	FJ425902
14846-1429R-B8	KT318581	94.574	1182	97	1161	0.0	1761	KT318581
14846-1429R-B8	RS-GCF-005280255.1-NZ-CP040018.1--5	94.555	1182	97	1157	0.0	1758	RS-GCF-005280255.1-NZ-CP040018.1--5
14846-1429R-B8	GB-GCA-902636655.1-CACPSI010000094.1	94.865	1182	96	1149	0.0	1758	GB-GCA-902636655.1-CACPSI010000094.1
14846-1429R-B8	G004217565	94.555	1182	97	1157	0.0	1758	G004217565
14846-1429R-B8	EU937748	94.723	1182	97	1156	0.0	1758	EU937748
14846-1429R-B8	DQ372937	94.555	1182	97	1157	0.0	1758	DQ372937
14846-1429R-B8	RS-GCF-900102785.1-NZ-FNGC01000031.1	94.468	1182	97	1157	0.0	1757	RS-GCF-900102785.1-NZ-FNGC01000031.1
14846-1429R-B8	RS-GCF-005280255.1-NZ-CP040018.1--2	94.468	1182	97	1157	0.0	1757	RS-GCF-005280255.1-NZ-CP040018.1--2
14846-1429R-B8	RS-GCF-900102895.1-NZ-FNGD01000025.1	94.468	1182	97	1157	0.0	1757	RS-GCF-900102895.1-NZ-FNGD01000025.1
14846-1429R-B8	RS-GCF-005937985.2-NZ-CP042172.1	94.468	1182	97	1157	0.0	1757	RS-GCF-005937985.2-NZ-CP042172.1
14846-1429R-B8	RS-GCF-003634095.1-NZ-RBIR01000018.1	94.468	1182	97	1157	0.0	1757	RS-GCF-003634095.1-NZ-RBIR01000018.1
14846-1429R-B8	RS-GCF-000520575.1-NZ-KI914938.1	94.468	1182	97	1157	0.0	1757	RS-GCF-000520575.1-NZ-KI914938.1
14846-1429R-B8	AJ606062	94.468	1182	97	1157	0.0	1757	AJ606062
14846-1429R-B8	AB279889	94.468	1182	97	1157	0.0	1757	AB279889
14846-1429R-B8	AB279890	94.468	1182	97	1157	0.0	1757	AB279890
14846-1429R-B8	RS-GCF-008370855.1-NZ-CP043624.1--4	94.637	1182	97	1156	0.0	1754	RS-GCF-008370855.1-NZ-CP043624.1--4
14846-1429R-B8	RS-GCF-017832975.1-NZ-JAFIBI010000001.1	94.382	1182	97	1157	0.0	1753	RS-GCF-017832975.1-NZ-JAFIBI010000001.1
14846-1429R-B8	RS-GCF-017833075.1-NZ-JAFIBQ010000001.1--5	94.382	1182	97	1157	0.0	1753	RS-GCF-017833075.1-NZ-JAFIBQ010000001.1--5
14846-1429R-B8	RS-GCF-017833075.1-NZ-JAFIBQ010000001.1	94.382	1182	97	1157	0.0	1753	RS-GCF-017833075.1-NZ-JAFIBQ010000001.1
14846-1429R-B8	G001424565	94.382	1182	97	1157	0.0	1753	G001424565
14846-1429R-B8	G000196235	94.382	1182	97	1157	0.0	1753	G000196235
14846-1429R-B8	RS-GCF-002979915.1-NZ-PCQA01000013.1	94.555	1182	97	1157	0.0	1752	RS-GCF-002979915.1-NZ-PCQA01000013.1
14846-1429R-B8	RS-GCF-014644555.1-NZ-BMKX01000018.1	94.555	1182	97	1157	0.0	1752	RS-GCF-014644555.1-NZ-BMKX01000018.1
14846-1429R-B8	RS-GCF-014672815.1-NZ-CP059853.1	94.555	1182	97	1157	0.0	1752	RS-GCF-014672815.1-NZ-CP059853.1
14846-1429R-B8	AJ609630	94.555	1182	97	1157	0.0	1752	AJ609630
14846-1429R-B8	RS-GCF-900609065.1-NZ-UXAU01000019.1	94.296	1182	97	1157	0.0	1748	RS-GCF-900609065.1-NZ-UXAU01000019.1
14846-1429R-B8	MK211245	94.296	1182	97	1157	0.0	1748	MK211245
14846-1429R-B8	RS-GCF-004320535.1-NZ-SIHY01000005.1	94.468	1182	97	1157	0.0	1747	RS-GCF-004320535.1-NZ-SIHY01000005.1
14846-1429R-B8	RS-GCF-002979865.1-NZ-PCPZ01000002.1	94.468	1182	97	1157	0.0	1747	RS-GCF-002979865.1-NZ-PCPZ01000002.1
14846-1429R-B8	RS-GCF-002979855.1-NZ-PCPY01000014.1	94.468	1182	97	1157	0.0	1747	RS-GCF-002979855.1-NZ-PCPY01000014.1
14846-1429R-B8	RS-GCF-001013455.1-NZ-LCYH01000002.1	94.468	1182	97	1157	0.0	1747	RS-GCF-001013455.1-NZ-LCYH01000002.1
14846-1429R-B8	RS-GCF-002797775.1-NZ-PGEY01000001.1--6	94.468	1182	97	1157	0.0	1747	RS-GCF-002797775.1-NZ-PGEY01000001.1--6
14846-1429R-B8	RS-GCF-002797775.1-NZ-PGEY01000001.1	94.468	1182	97	1157	0.0	1747	RS-GCF-002797775.1-NZ-PGEY01000001.1
14846-1429R-B8	RS-GCF-003687415.1-NZ-CP033081.1--5	94.468	1182	97	1157	0.0	1747	RS-GCF-003687415.1-NZ-CP033081.1--5
14846-1429R-B8	RS-GCF-003687415.1-NZ-CP033081.1	94.468	1182	97	1157	0.0	1747	RS-GCF-003687415.1-NZ-CP033081.1
14846-1429R-B8	RS-GCF-008370855.1-NZ-CP043624.1--2	94.468	1182	97	1157	0.0	1747	RS-GCF-008370855.1-NZ-CP043624.1--2
14846-1429R-B8	RS-GCF-008370855.1-NZ-CP043624.1	94.468	1182	97	1157	0.0	1747	RS-GCF-008370855.1-NZ-CP043624.1
14846-1429R-B8	X80739	94.464	1182	97	1156	0.0	1746	X80739
14846-1429R-B8	G002087015	94.296	1182	97	1157	0.0	1745	G002087015
14846-1429R-B8	KP128918	94.296	1182	97	1157	0.0	1745	KP128918
14846-1429R-B8	KM507333	94.219	1182	97	1159	0.0	1745	KM507333
14846-1429R-B8	RS-GCF-001663775.1-NZ-KV467168.1	94.209	1182	97	1157	0.0	1744	RS-GCF-001663775.1-NZ-KV467168.1
14846-1429R-B8	RS-GCF-008370855.1-NZ-CP043624.1--3	94.382	1182	97	1157	0.0	1744	RS-GCF-008370855.1-NZ-CP043624.1--3
14846-1429R-B8	GB-GCA-001512275.1-LNUU01000002.1	94.382	1182	97	1157	0.0	1743	GB-GCA-001512275.1-LNUU01000002.1
14846-1429R-B8	RS-GCF-012221945.1-NZ-CP032549.1	94.382	1182	97	1157	0.0	1743	RS-GCF-012221945.1-NZ-CP032549.1
14846-1429R-B8	RS-GCF-009903675.1-NZ-WYDN01000033.1	94.382	1182	97	1157	0.0	1743	RS-GCF-009903675.1-NZ-WYDN01000033.1
14846-1429R-B8	RS-GCF-002797775.1-NZ-PGEY01000001.1--3	94.382	1182	97	1157	0.0	1743	RS-GCF-002797775.1-NZ-PGEY01000001.1--3
14846-1429R-B8	RS-GCF-001552115.1-NZ-BCQO01000012.1	94.382	1182	97	1157	0.0	1743	RS-GCF-001552115.1-NZ-BCQO01000012.1
14846-1429R-B8	RS-GCF-014672815.1-NZ-CP059853.1--4	94.382	1182	97	1157	0.0	1743	RS-GCF-014672815.1-NZ-CP059853.1--4
14846-1429R-B8	G001302565	94.382	1182	97	1157	0.0	1743	G001302565
14846-1429R-B8	EF660748	94.382	1182	97	1157	0.0	1743	EF660748
14846-1429R-B8	AJ617482	94.382	1182	97	1157	0.0	1743	AJ617482
14846-1429R-B8	KT444697	94.382	1182	97	1157	0.0	1743	KT444697
14846-1429R-B8	RS-GCF-000374925.1-NZ-KB895563.1	94.788	1182	95	1132	0.0	1742	RS-GCF-000374925.1-NZ-KB895563.1
14846-1429R-B8	RS-GCF-016907775.1-NZ-JAFBCO010000001.1--3	94.148	1182	97	1162	0.0	1741	RS-GCF-016907775.1-NZ-JAFBCO010000001.1--3
14846-1429R-B8	X93354	94.148	1182	97	1162	0.0	1741	X93354
14846-1429R-B8	RS-GCF-012952295.1-NZ-JABBCH010000041.1	94.209	1182	97	1157	0.0	1740	RS-GCF-012952295.1-NZ-JABBCH010000041.1
14846-1429R-B8	RS-GCF-017603825.1-NZ-CP072014.1	94.209	1182	97	1157	0.0	1740	RS-GCF-017603825.1-NZ-CP072014.1
14846-1429R-B8	RS-GCF-002849715.1-NZ-CP018863.1	94.209	1182	97	1157	0.0	1740	RS-GCF-002849715.1-NZ-CP018863.1
14846-1429R-B8	X80738	94.209	1182	97	1157	0.0	1740	X80738
14846-1429R-B8	RS-GCF-006715295.1-NZ-VFMZ01000001.1--2	94.123	1182	97	1157	0.0	1739	RS-GCF-006715295.1-NZ-VFMZ01000001.1--2
14846-1429R-B8	AJ344143	94.406	1182	97	1162	0.0	1739	AJ344143
14846-1429R-B8	RS-GCF-004525745.1-NZ-SPDS01000002.1--2	94.296	1182	97	1157	0.0	1738	RS-GCF-004525745.1-NZ-SPDS01000002.1--2
14846-1429R-B8	G001281115	94.296	1182	97	1157	0.0	1738	G001281115
14846-1429R-B8	G000197735	94.296	1182	97	1157	0.0	1738	G000197735
14846-1429R-B8	KM114214	94.296	1182	97	1157	0.0	1738	KM114214
14846-1429R-B8	FQ311875	94.296	1182	97	1157	0.0	1738	FQ311875
14846-1429R-B8	RS-GCF-004136635.1-NZ-NOIU01000008.1	94.209	1182	97	1157	0.0	1737	RS-GCF-004136635.1-NZ-NOIU01000008.1
14846-1429R-B8	RS-GCF-003143995.1-NZ-QFWG01000021.1	94.062	1182	97	1162	0.0	1737	RS-GCF-003143995.1-NZ-QFWG01000021.1
14846-1429R-B8	RS-GCF-002847605.1-NZ-PKGR01000010.1	94.062	1182	97	1162	0.0	1737	RS-GCF-002847605.1-NZ-PKGR01000010.1
14846-1429R-B8	AJ551163	94.301	1182	97	1158	0.0	1737	AJ551163
14846-1429R-B8	RS-GCF-900105345.1-NZ-FNSN01000007.1	94.123	1182	97	1157	0.0	1736	RS-GCF-900105345.1-NZ-FNSN01000007.1
14846-1429R-B8	RS-GCF-008370855.1-NZ-CP043624.1--5	94.296	1182	97	1157	0.0	1736	RS-GCF-008370855.1-NZ-CP043624.1--5
14846-1429R-B8	LC065376	94.123	1182	97	1157	0.0	1736	LC065376
14846-1429R-B8	G001552095	94.123	1182	97	1157	0.0	1736	G001552095
14846-1429R-B8	X93353	94.123	1182	97	1157	0.0	1736	X93353
14846-1429R-B8	RS-GCF-002953935.1-NZ-CP026514.1	94.214	1182	97	1158	0.0	1735	RS-GCF-002953935.1-NZ-CP026514.1
14846-1429R-B8	RS-GCF-018531425.1-NZ-JAHBOI010000013.1	94.214	1182	97	1158	0.0	1735	RS-GCF-018531425.1-NZ-JAHBOI010000013.1
14846-1429R-B8	G000813845	94.036	1182	97	1157	0.0	1735	G000813845
14846-1429R-B8	G000189535	94.214	1182	97	1158	0.0	1735	G000189535
14846-1429R-B8	GB-GCA-003602285.1-QZVU01000014.1	94.047	1182	97	1159	0.0	1734	GB-GCA-003602285.1-QZVU01000014.1
14846-1429R-B8	RS-GCF-017876615.1-NZ-JAGIOJ010000001.1	94.209	1182	97	1157	0.0	1734	RS-GCF-017876615.1-NZ-JAGIOJ010000001.1
14846-1429R-B8	G001807575	94.057	1182	97	1161	0.0	1734	G001807575
14846-1429R-B8	X80745	94.209	1182	97	1157	0.0	1734	X80745
14846-1429R-B8	RS-GCF-001456945.1-NZ-KQ758466.1	94.214	1182	97	1158	0.0	1733	RS-GCF-001456945.1-NZ-KQ758466.1
14846-1429R-B8	RS-GCF-016907775.1-NZ-JAFBCO010000001.1	93.976	1182	97	1162	0.0	1732	RS-GCF-016907775.1-NZ-JAFBCO010000001.1
14846-1429R-B8	RS-GCF-005796225.1-NZ-VAHO01000028.1	94.224	1182	97	1160	0.0	1732	RS-GCF-005796225.1-NZ-VAHO01000028.1
14846-1429R-B8	DQ979377	94.123	1182	97	1157	0.0	1732	DQ979377
14846-1429R-B8	RS-GCF-013359725.1-NZ-JABFMW010000051.1	94.036	1182	97	1157	0.0	1731	RS-GCF-013359725.1-NZ-JABFMW010000051.1
14846-1429R-B8	RS-GCF-001046895.1-NZ-CAQI01000001.1	94.036	1182	97	1157	0.0	1731	RS-GCF-001046895.1-NZ-CAQI01000001.1
14846-1429R-B8	RS-GCF-007858535.1-NZ-CP040174.1--5	94.036	1182	97	1157	0.0	1731	RS-GCF-007858535.1-NZ-CP040174.1--5
14846-1429R-B8	RS-GCF-007858535.1-NZ-CP040174.1--2	94.036	1182	97	1157	0.0	1731	RS-GCF-007858535.1-NZ-CP040174.1--2
14846-1429R-B8	RS-GCF-002929215.1-NZ-PJII01000039.1	94.036	1182	97	1157	0.0	1731	RS-GCF-002929215.1-NZ-PJII01000039.1
14846-1429R-B8	X87756	94.036	1182	97	1157	0.0	1731	X87756
14846-1429R-B8	AM409361	94.036	1182	97	1157	0.0	1731	AM409361
14846-1429R-B8	GU815139	94.036	1182	97	1157	0.0	1731	GU815139
14846-1429R-B8	RS-GCF-005796185.1-NZ-VAHM01000031.1	94.128	1182	97	1158	0.0	1730	RS-GCF-005796185.1-NZ-VAHM01000031.1
14846-1429R-B8	RS-GCF-006715285.1-NZ-VFMX01000001.1	93.950	1182	97	1157	0.0	1730	RS-GCF-006715285.1-NZ-VFMX01000001.1
14846-1429R-B8	RS-GCF-006715225.1-NZ-VFMU01000001.1	94.128	1182	97	1158	0.0	1730	RS-GCF-006715225.1-NZ-VFMU01000001.1
14846-1429R-B8	X83408	93.950	1182	97	1157	0.0	1730	X83408
14846-1429R-B8	RS-GCF-015751715.1-NZ-JADOUV010000033.1	93.960	1182	97	1159	0.0	1729	RS-GCF-015751715.1-NZ-JADOUV010000033.1
14846-1429R-B8	RS-GCF-902506095.1-NZ-LR733293.1	94.041	1182	97	1158	0.0	1729	RS-GCF-902506095.1-NZ-LR733293.1
14846-1429R-B8	RS-GCF-001807395.1-NZ-KV788997.1	93.971	1182	97	1161	0.0	1729	RS-GCF-001807395.1-NZ-KV788997.1
14846-1429R-B8	G000520555	93.960	1182	97	1159	0.0	1729	G000520555
14846-1429R-B8	MN203626	93.960	1182	97	1159	0.0	1729	MN203626
14846-1429R-B8	RS-GCF-007666515.1-NZ-VDPH01000022.1	94.123	1182	97	1157	0.0	1728	RS-GCF-007666515.1-NZ-VDPH01000022.1
14846-1429R-B8	RS-GCF-001512285.1-NZ-LNUV01000006.1	94.036	1182	97	1157	0.0	1728	RS-GCF-001512285.1-NZ-LNUV01000006.1
14846-1429R-B8	RS-GCF-017876035.1-NZ-JAGINL010000001.1--2	94.036	1182	97	1157	0.0	1728	RS-GCF-017876035.1-NZ-JAGINL010000001.1--2
14846-1429R-B8	RS-GCF-013393275.1-NZ-QJRB01000014.1	94.036	1182	97	1157	0.0	1728	RS-GCF-013393275.1-NZ-QJRB01000014.1
14846-1429R-B8	RS-GCF-002975395.1-NZ-PCPO01000063.1	94.036	1182	97	1157	0.0	1728	RS-GCF-002975395.1-NZ-PCPO01000063.1
14846-1429R-B8	G000014925	94.036	1182	97	1157	0.0	1728	G000014925
14846-1429R-B8	AJ512504	94.036	1182	97	1157	0.0	1728	AJ512504
14846-1429R-B8	X83405	94.036	1182	97	1157	0.0	1728	X83405
14846-1429R-B8	RS-GCF-001483755.1-NZ-LQBK01000029.1	93.950	1182	97	1157	0.0	1727	RS-GCF-001483755.1-NZ-LQBK01000029.1
14846-1429R-B8	RS-GCF-003061105.1-NZ-QAIQ01000696.1	93.950	1182	97	1157	0.0	1727	RS-GCF-003061105.1-NZ-QAIQ01000696.1
14846-1429R-B8	RS-GCF-009741265.1-NZ-WOWL01000001.1--4	93.950	1182	97	1157	0.0	1727	RS-GCF-009741265.1-NZ-WOWL01000001.1--4
14846-1429R-B8	RS-GCF-009741265.1-NZ-WOWL01000001.1	93.950	1182	97	1157	0.0	1727	RS-GCF-009741265.1-NZ-WOWL01000001.1
14846-1429R-B8	RS-GCF-013314975.1-NZ-JABTYH010000064.1	93.950	1182	97	1157	0.0	1727	RS-GCF-013314975.1-NZ-JABTYH010000064.1
14846-1429R-B8	RS-GCF-006715165.1-NZ-VFMS01000001.1	93.950	1182	97	1157	0.0	1727	RS-GCF-006715165.1-NZ-VFMS01000001.1
14846-1429R-B8	RS-GCF-000962805.1-NZ-JZTW01000013.1	94.128	1182	97	1158	0.0	1727	RS-GCF-000962805.1-NZ-JZTW01000013.1
14846-1429R-B8	RS-GCF-006715305.1-NZ-VFMY01000001.1	93.950	1182	97	1157	0.0	1727	RS-GCF-006715305.1-NZ-VFMY01000001.1
14846-1429R-B8	RS-GCF-017579825.1-NZ-CP049819.1--3	93.950	1182	97	1157	0.0	1727	RS-GCF-017579825.1-NZ-CP049819.1--3
14846-1429R-B8	RS-GCF-017579825.1-NZ-CP049819.1	93.950	1182	97	1157	0.0	1727	RS-GCF-017579825.1-NZ-CP049819.1
14846-1429R-B8	RS-GCF-004358895.1-NZ-SMZT01000015.1	93.950	1182	97	1157	0.0	1727	RS-GCF-004358895.1-NZ-SMZT01000015.1
14846-1429R-B8	RS-GCF-900637715.1-NZ-LR134391.1	93.950	1182	97	1157	0.0	1727	RS-GCF-900637715.1-NZ-LR134391.1
14846-1429R-B8	G001428365	93.950	1182	97	1157	0.0	1727	G001428365
14846-1429R-B8	G000786195	93.950	1182	97	1157	0.0	1727	G000786195
14846-1429R-B8	KC806052	93.950	1182	97	1157	0.0	1727	KC806052
14846-1429R-B8	FN673551	94.128	1182	97	1158	0.0	1727	FN673551
14846-1429R-B8	X80741	93.950	1182	97	1157	0.0	1727	X80741
14846-1429R-B8	RS-GCF-016907795.1-NZ-JAFBCR010000001.1	94.047	1182	97	1159	0.0	1726	RS-GCF-016907795.1-NZ-JAFBCR010000001.1
14846-1429R-B8	G001275345	94.047	1182	97	1159	0.0	1726	G001275345
14846-1429R-B8	G001063195	94.041	1182	97	1158	0.0	1726	G001063195
14846-1429R-B8	Y16263	94.047	1182	97	1159	0.0	1726	Y16263
14846-1429R-B8	AM176541	94.041	1182	97	1158	0.0	1726	AM176541
14846-1429R-B8	RS-GCF-001641125.1-NZ-LWLP01000001.1	93.955	1182	97	1158	0.0	1725	RS-GCF-001641125.1-NZ-LWLP01000001.1
14846-1429R-B8	MH063435	94.174	1182	96	1150	0.0	1724	MH063435
14846-1429R-B8	RS-GCF-006964045.1-NZ-SDXQ01000016.1	93.950	1182	97	1157	0.0	1723	RS-GCF-006964045.1-NZ-SDXQ01000016.1
14846-1429R-B8	MT326212	94.087	1182	96	1150	0.0	1723	MT326212
14846-1429R-B8	RS-GCF-014636775.1-NZ-BMEQ01000073.1	93.863	1182	97	1157	0.0	1722	RS-GCF-014636775.1-NZ-BMEQ01000073.1
14846-1429R-B8	RS-GCF-014712225.1-NZ-JACXBW010000033.1	93.863	1182	97	1157	0.0	1722	RS-GCF-014712225.1-NZ-JACXBW010000033.1
14846-1429R-B8	RS-GCF-900105535.1-NZ-LT629779.1--3	94.041	1182	97	1158	0.0	1722	RS-GCF-900105535.1-NZ-LT629779.1--3
14846-1429R-B8	RS-GCF-006517815.1-NZ-CP041198.1	93.863	1182	97	1157	0.0	1722	RS-GCF-006517815.1-NZ-CP041198.1
14846-1429R-B8	RS-GCF-014694415.1-NZ-JAAUWU010000038.1	93.863	1182	97	1157	0.0	1722	RS-GCF-014694415.1-NZ-JAAUWU010000038.1
14846-1429R-B8	JQ762279	93.863	1182	97	1157	0.0	1722	JQ762279
14846-1429R-B8	AJ131121	93.863	1182	97	1157	0.0	1722	AJ131121
14846-1429R-B8	RS-GCF-900008265.1-NZ-CZJR01000085.1	93.960	1182	97	1159	0.0	1721	RS-GCF-900008265.1-NZ-CZJR01000085.1
14846-1429R-B8	MH063845	94.097	1182	96	1152	0.0	1720	MH063845
14846-1429R-B8	AF235090	93.869	1182	97	1158	0.0	1720	AF235090
14846-1429R-B8	AF235091	93.869	1182	97	1158	0.0	1720	AF235091
14846-1429R-B8	RS-GCF-014764445.1-NZ-CP061721.1--4	94.087	1182	96	1150	0.0	1719	RS-GCF-014764445.1-NZ-CP061721.1--4
14846-1429R-B8	RS-GCF-014764445.1-NZ-CP061721.1--3	94.087	1182	96	1150	0.0	1719	RS-GCF-014764445.1-NZ-CP061721.1--3
14846-1429R-B8	AJ243421	93.643	1182	97	1164	0.0	1719	AJ243421
14846-1429R-B8	RS-GCF-017357425.1-NZ-CP014571.1	93.863	1182	97	1157	0.0	1718	RS-GCF-017357425.1-NZ-CP014571.1
14846-1429R-B8	RS-GCF-017579825.1-NZ-CP049819.1--4	93.863	1182	97	1157	0.0	1718	RS-GCF-017579825.1-NZ-CP049819.1--4
14846-1429R-B8	KT715739	93.788	1182	97	1159	0.0	1718	KT715739
14846-1429R-B8	RS-GCF-004798705.1-NZ-CP039290.1	93.777	1182	97	1157	0.0	1718	RS-GCF-004798705.1-NZ-CP039290.1
14846-1429R-B8	RS-GCF-001512305.1-NZ-LNUT01000004.1	93.777	1182	97	1157	0.0	1718	RS-GCF-001512305.1-NZ-LNUT01000004.1
14846-1429R-B8	GB-GCA-001549895.1-AP014719.1	93.955	1182	97	1158	0.0	1718	GB-GCA-001549895.1-AP014719.1
14846-1429R-B8	RS-GCF-004364695.1-NZ-SOBI01000019.1	93.777	1182	97	1157	0.0	1718	RS-GCF-004364695.1-NZ-SOBI01000019.1
14846-1429R-B8	G001263615	93.955	1182	97	1158	0.0	1718	G001263615
14846-1429R-B8	LT674162	93.777	1182	97	1157	0.0	1718	LT674162
14846-1429R-B8	JF421614	93.793	1182	97	1160	0.0	1718	JF421614
14846-1429R-B8	G012396615	93.858	1182	97	1156	0.0	1717	G012396615
14846-1429R-B8	G000482545	93.869	1182	97	1158	0.0	1717	G000482545
14846-1429R-B8	DQ822568	93.858	1182	97	1156	0.0	1717	DQ822568
14846-1429R-B8	JN176140	93.685	1182	97	1156	0.0	1717	JN176140
14846-1429R-B8	AB248526	93.782	1182	97	1158	0.0	1716	AB248526
14846-1429R-B8	RS-GCF-010367585.1-NZ-JAAAXP010000001.1--4	94.000	1182	96	1150	0.0	1715	RS-GCF-010367585.1-NZ-JAAAXP010000001.1--4
14846-1429R-B8	RS-GCF-010367585.1-NZ-JAAAXP010000001.1	94.000	1182	96	1150	0.0	1715	RS-GCF-010367585.1-NZ-JAAAXP010000001.1
14846-1429R-B8	RS-GCF-015752345.1-NZ-JADOUT010000067.1	93.788	1182	97	1159	0.0	1715	RS-GCF-015752345.1-NZ-JADOUT010000067.1
14846-1429R-B8	FJ607312	93.863	1182	97	1157	0.0	1715	FJ607312
14846-1429R-B8	RS-GCF-000517125.1-NZ-KI912155.1	93.793	1182	97	1160	0.0	1714	RS-GCF-000517125.1-NZ-KI912155.1
14846-1429R-B8	G000328305	93.777	1182	97	1157	0.0	1714	G000328305
14846-1429R-B8	G000022025	93.879	1182	97	1160	0.0	1714	G000022025
14846-1429R-B8	CP001341	93.879	1182	97	1160	0.0	1714	CP001341
14846-1429R-B8	RS-GCF-003287955.1-NZ-QMKP01000042.1	93.691	1182	97	1157	0.0	1713	RS-GCF-003287955.1-NZ-QMKP01000042.1
14846-1429R-B8	RS-GCF-009911795.1-NZ-CP047898.1	93.691	1182	97	1157	0.0	1713	RS-GCF-009911795.1-NZ-CP047898.1
14846-1429R-B8	RS-GCF-016907875.1-NZ-JAFBCU010000001.1	93.777	1182	97	1157	0.0	1713	RS-GCF-016907875.1-NZ-JAFBCU010000001.1
14846-1429R-B8	RS-GCF-000427315.1-NZ-AUPJ01000263.1	93.691	1182	97	1157	0.0	1713	RS-GCF-000427315.1-NZ-AUPJ01000263.1
14846-1429R-B8	RS-GCF-001422645.1-NZ-LMLR01000001.1	93.691	1182	97	1157	0.0	1713	RS-GCF-001422645.1-NZ-LMLR01000001.1
14846-1429R-B8	RS-GCF-006517235.1-NZ-CP041188.1	93.691	1182	97	1157	0.0	1713	RS-GCF-006517235.1-NZ-CP041188.1
14846-1429R-B8	RS-GCF-002929755.1-NZ-PJIW01000040.1	93.691	1182	97	1157	0.0	1713	RS-GCF-002929755.1-NZ-PJIW01000040.1
14846-1429R-B8	MN559964	93.691	1182	97	1157	0.0	1713	MN559964
14846-1429R-B8	RS-GCF-016907495.1-NZ-JAFBCC010000001.1	93.701	1182	97	1159	0.0	1712	RS-GCF-016907495.1-NZ-JAFBCC010000001.1
14846-1429R-B8	RS-GCF-007666205.1-NZ-VDOR01000028.1	93.788	1182	97	1159	0.0	1712	RS-GCF-007666205.1-NZ-VDOR01000028.1
14846-1429R-B8	RS-GCF-008370855.1-NZ-CP043624.1--6	94.036	1182	97	1157	0.0	1711	RS-GCF-008370855.1-NZ-CP043624.1--6
14846-1429R-B8	G001484605	93.696	1182	97	1158	0.0	1711	G001484605
14846-1429R-B8	RS-GCF-014635585.1-NZ-BMDC01000006.1	93.777	1182	97	1157	0.0	1710	RS-GCF-014635585.1-NZ-BMDC01000006.1
14846-1429R-B8	RS-GCF-000468215.1-NZ-ASZW01000035.1	93.701	1182	97	1159	0.0	1710	RS-GCF-000468215.1-NZ-ASZW01000035.1
14846-1429R-B8	G000520515	93.701	1182	97	1159	0.0	1710	G000520515
14846-1429R-B8	AB537168	93.701	1182	97	1159	0.0	1710	AB537168
14846-1429R-B8	G001428435	93.615	1182	97	1159	0.0	1709	G001428435
14846-1429R-B8	AJ292364	94.449	1182	95	1135	0.0	1709	AJ292364
14846-1429R-B8	AJ315069	93.615	1182	97	1159	0.0	1709	AJ315069
14846-1429R-B8	AF330692	93.680	1182	97	1155	0.0	1709	AF330692
14846-1429R-B8	RS-GCF-014836775.1-NZ-JACSQD010000011.1	93.604	1182	97	1157	0.0	1709	RS-GCF-014836775.1-NZ-JACSQD010000011.1
14846-1429R-B8	RS-GCF-014926485.1-NZ-PZKO01000079.1	93.604	1182	97	1157	0.0	1709	RS-GCF-014926485.1-NZ-PZKO01000079.1
14846-1429R-B8	RS-GCF-001552075.1-NZ-BCQM01000025.1	93.604	1182	97	1157	0.0	1709	RS-GCF-001552075.1-NZ-BCQM01000025.1
14846-1429R-B8	AJ243422	93.604	1182	97	1157	0.0	1709	AJ243422
14846-1429R-B8	KF479547	93.604	1182	97	1157	0.0	1709	KF479547
14846-1429R-B8	KF150696	93.782	1182	97	1158	0.0	1709	KF150696
14846-1429R-B8	RS-GCF-001750145.1-NZ-CP015732.1	93.696	1182	97	1158	0.0	1708	RS-GCF-001750145.1-NZ-CP015732.1
14846-1429R-B8	RS-GCF-000520475.1-NZ-KI914607.1	93.615	1182	97	1159	0.0	1708	RS-GCF-000520475.1-NZ-KI914607.1
14846-1429R-B8	AJ278868	93.696	1182	97	1158	0.0	1708	AJ278868
14846-1429R-B8	MJ030-1-barcode32-umi10881bins-ubs-39	93.615	1182	97	1159	0.0	1708	MJ030-1-barcode32-umi10881bins-ubs-39
14846-1429R-B8	RS-GCF-011927905.1-NZ-JAATJL010000001.1--3	93.529	1182	97	1159	0.0	1707	RS-GCF-011927905.1-NZ-JAATJL010000001.1--3
14846-1429R-B8	RS-GCF-011927905.1-NZ-JAATJL010000001.1	93.529	1182	97	1159	0.0	1707	RS-GCF-011927905.1-NZ-JAATJL010000001.1
14846-1429R-B8	X83410	93.974	1182	96	1145	0.0	1707	X83410
14846-1429R-B8	G000376245	93.476	1182	97	1165	0.0	1706	G000376245
14846-1429R-B8	AQXM01000028	93.476	1182	97	1165	0.0	1706	AQXM01000028
14846-1429R-B8	GB-GCA-002370555.1-AP014718.1--2	93.604	1182	97	1157	0.0	1705	GB-GCA-002370555.1-AP014718.1--2
14846-1429R-B8	RS-GCF-014873955.1-NZ-JADBED010000001.1	93.604	1182	97	1157	0.0	1705	RS-GCF-014873955.1-NZ-JADBED010000001.1
14846-1429R-B8	G000800955	93.299	1182	97	1164	0.0	1705	G000800955
14846-1429R-B8	AY588278	93.604	1182	97	1157	0.0	1705	AY588278
14846-1429R-B8	DQ059617	93.615	1182	97	1159	0.0	1705	DQ059617
14846-1429R-B8	KR610332	93.299	1182	97	1164	0.0	1705	KR610332
14846-1429R-B8	AJ278870	93.691	1182	97	1157	0.0	1705	AJ278870
14846-1429R-B8	RS-GCF-015355785.1-NZ-JADKYW010000001.1	93.518	1182	97	1157	0.0	1704	RS-GCF-015355785.1-NZ-JADKYW010000001.1
14846-1429R-B8	G001482365	93.523	1182	97	1158	0.0	1702	G001482365
14846-1429R-B8	CP013254	93.523	1182	97	1158	0.0	1702	CP013254
14846-1429R-B8	AJ639829	93.443	1182	97	1159	0.0	1702	AJ639829
14846-1429R-B8	RS-GCF-000812065.1-NZ-JPZK01000022.1	93.604	1182	97	1157	0.0	1701	RS-GCF-000812065.1-NZ-JPZK01000022.1
14846-1429R-B8	RS-GCF-002224285.1-NZ-CP022436.1--6	93.518	1182	97	1157	0.0	1700	RS-GCF-002224285.1-NZ-CP022436.1--6
14846-1429R-B8	RS-GCF-002224285.1-NZ-CP022436.1--2	93.518	1182	97	1157	0.0	1700	RS-GCF-002224285.1-NZ-CP022436.1--2
14846-1429R-B8	RS-GCF-017347075.1-NZ-JADPRY010000047.1	93.518	1182	97	1157	0.0	1700	RS-GCF-017347075.1-NZ-JADPRY010000047.1
14846-1429R-B8	RS-GCF-014138825.1-NZ-JACJIH010000001.1--2	93.518	1182	97	1157	0.0	1700	RS-GCF-014138825.1-NZ-JACJIH010000001.1--2
14846-1429R-B8	RS-GCF-014138825.1-NZ-JACJIH010000001.1	93.518	1182	97	1157	0.0	1700	RS-GCF-014138825.1-NZ-JACJIH010000001.1
14846-1429R-B8	G001483765	93.518	1182	97	1157	0.0	1700	G001483765
14846-1429R-B8	AY588277	93.518	1182	97	1157	0.0	1700	AY588277
14846-1429R-B8	AY928901	93.518	1182	97	1157	0.0	1700	AY928901
14846-1429R-B8	KU878871	93.734	1182	96	1149	0.0	1700	KU878871
14846-1429R-B8	X80737	93.431	1182	97	1157	0.0	1700	X80737
14846-1429R-B8	DQ097525	93.454	1182	97	1161	0.0	1700	DQ097525
14846-1429R-B8	X80743	93.523	1182	97	1158	0.0	1700	X80743
14846-1429R-B8	RS-GCF-002953615.1-NZ-CP024915.1	92.985	1182	97	1169	0.0	1698	RS-GCF-002953615.1-NZ-CP024915.1
14846-1429R-B8	RS-GCF-004362545.1-NZ-SNXQ01000002.1	93.518	1182	97	1157	0.0	1698	RS-GCF-004362545.1-NZ-SNXQ01000002.1
14846-1429R-B8	RS-GCF-001476175.1-NZ-LDRF01000019.1	93.518	1182	97	1157	0.0	1698	RS-GCF-001476175.1-NZ-LDRF01000019.1
14846-1429R-B8	RS-GCF-016028855.1-NZ-CP065738.1	93.518	1182	97	1157	0.0	1698	RS-GCF-016028855.1-NZ-CP065738.1
14846-1429R-B8	G001580365	93.437	1182	97	1158	0.0	1698	G001580365
14846-1429R-B8	G001476195	93.518	1182	97	1157	0.0	1698	G001476195
14846-1429R-B8	DQ531634	93.437	1182	97	1158	0.0	1698	DQ531634
14846-1429R-B8	GB-GCA-002370555.1-AP014718.1--3	93.518	1182	97	1157	0.0	1697	GB-GCA-002370555.1-AP014718.1--3
14846-1429R-B8	G000520595	93.443	1182	97	1159	0.0	1697	G000520595
14846-1429R-B8	RS-GCF-002929375.1-NZ-PJIP01000026.1	92.906	1182	97	1170	0.0	1696	RS-GCF-002929375.1-NZ-PJIP01000026.1
14846-1429R-B8	RS-GCF-014874065.1-NZ-JADBEE010000001.1	93.431	1182	97	1157	0.0	1696	RS-GCF-014874065.1-NZ-JADBEE010000001.1
14846-1429R-B8	RS-GCF-018678105.1-NZ-JAHHIO010000059.1	93.523	1182	97	1158	0.0	1696	RS-GCF-018678105.1-NZ-JAHHIO010000059.1
14846-1429R-B8	MG210584	93.523	1182	97	1158	0.0	1696	MG210584
14846-1429R-B8	AY226508	93.431	1182	97	1157	0.0	1696	AY226508
14846-1429R-B8	RS-GCF-014644475.1-NZ-BMKT01000177.1	93.282	1182	97	1161	0.0	1693	RS-GCF-014644475.1-NZ-BMKT01000177.1
14846-1429R-B8	G006539205	93.282	1182	97	1161	0.0	1693	G006539205
14846-1429R-B8	G004136555	93.351	1182	97	1158	0.0	1693	G004136555
14846-1429R-B8	G000816565	92.900	1182	97	1169	0.0	1693	G000816565
14846-1429R-B8	EU370704	93.282	1182	97	1161	0.0	1693	EU370704
14846-1429R-B8	X80746	93.282	1182	97	1161	0.0	1693	X80746
14846-1429R-B8	X80749	93.431	1182	97	1157	0.0	1693	X80749
14846-1429R-B8	EU286964	93.351	1182	97	1158	0.0	1693	EU286964
14846-1429R-B8	JX141781	93.443	1182	97	1159	0.0	1692	JX141781
14846-1429R-B8	RS-GCF-019173455.1-NZ-JADPQH010000001.1	93.345	1182	97	1157	0.0	1691	RS-GCF-019173455.1-NZ-JADPQH010000001.1
14846-1429R-B8	RS-GCF-004364585.1-NZ-SOAN01000020.1	93.345	1182	97	1157	0.0	1691	RS-GCF-004364585.1-NZ-SOAN01000020.1
14846-1429R-B8	RS-GCF-011602805.1-NZ-JAAOZS010000043.1	93.133	1182	97	1165	0.0	1691	RS-GCF-011602805.1-NZ-JAAOZS010000043.1
14846-1429R-B8	RS-GCF-006094275.1-NZ-CP034412.1	93.133	1182	97	1165	0.0	1691	RS-GCF-006094275.1-NZ-CP034412.1
14846-1429R-B8	RS-GCF-003667205.1-NZ-RCON01000037.1	93.356	1182	97	1159	0.0	1691	RS-GCF-003667205.1-NZ-RCON01000037.1
14846-1429R-B8	RS-GCF-900452325.1-NZ-UGNN01000001.1	93.621	1182	97	1160	0.0	1691	RS-GCF-900452325.1-NZ-UGNN01000001.1
14846-1429R-B8	G000786655	93.356	1182	97	1159	0.0	1691	G000786655
14846-1429R-B8	FJ607311	93.362	1182	97	1160	0.0	1691	FJ607311
14846-1429R-B8	RS-GCF-002929255.1-NZ-PJIJ01000008.1	93.258	1182	97	1157	0.0	1691	RS-GCF-002929255.1-NZ-PJIJ01000008.1
14846-1429R-B8	KT946776	93.582	1182	96	1153	0.0	1691	KT946776
14846-1429R-B8	KF040423	93.560	1182	96	1149	0.0	1691	KF040423
14846-1429R-B8	RS-GCF-001061655.1-NZ-JVST01000026.1	93.351	1182	97	1158	0.0	1690	RS-GCF-001061655.1-NZ-JVST01000026.1
14846-1429R-B8	RS-GCF-013409905.1-NZ-JACCBL010000001.1	93.282	1182	97	1161	0.0	1689	RS-GCF-013409905.1-NZ-JACCBL010000001.1
14846-1429R-B8	G005774635	93.127	1182	97	1164	0.0	1689	G005774635
14846-1429R-B8	HG795012	93.258	1182	97	1157	0.0	1689	HG795012
14846-1429R-B8	RS-GCF-018622995.1-NZ-CP076022.1	93.253	1182	97	1156	0.0	1688	RS-GCF-018622995.1-NZ-CP076022.1
14846-1429R-B8	X83406	93.345	1182	97	1157	0.0	1688	X83406
14846-1429R-B8	RS-GCF-003687455.1-NZ-PHOA01000099.1	93.184	1182	97	1159	0.0	1687	RS-GCF-003687455.1-NZ-PHOA01000099.1
14846-1429R-B8	AJ639830	94.340	1182	93	1113	0.0	1687	AJ639830
14846-1429R-B8	RS-GCF-001294625.1-NZ-CP012677.1--2	92.906	1182	97	1170	0.0	1686	RS-GCF-001294625.1-NZ-CP012677.1--2
14846-1429R-B8	RS-GCF-001294625.1-NZ-CP012677.1	92.906	1182	97	1170	0.0	1686	RS-GCF-001294625.1-NZ-CP012677.1
14846-1429R-B8	AJ316140	93.172	1182	97	1157	0.0	1686	AJ316140
14846-1429R-B8	GB-GCA-004001285.1-AP018697.1--2	92.814	1182	97	1169	0.0	1685	GB-GCA-004001285.1-AP018697.1--2
14846-1429R-B8	RS-GCF-001837295.1-NZ-KV831974.1	93.264	1182	97	1158	0.0	1685	RS-GCF-001837295.1-NZ-KV831974.1
14846-1429R-B8	RS-GCF-001065115.1-NZ-JVFT01000001.1	93.264	1182	97	1158	0.0	1685	RS-GCF-001065115.1-NZ-JVFT01000001.1
14846-1429R-B8	AJ622907	93.178	1182	97	1158	0.0	1684	AJ622907
14846-1429R-B8	RS-GCF-003226895.2-NZ-PNJG02000008.1	93.097	1182	97	1159	0.0	1682	RS-GCF-003226895.2-NZ-PNJG02000008.1
14846-1429R-B8	RS-GCF-018866305.1-NZ-CP076456.1--4	93.172	1182	97	1157	0.0	1682	RS-GCF-018866305.1-NZ-CP076456.1--4
14846-1429R-B8	AY211385	93.184	1182	97	1159	0.0	1682	AY211385
14846-1429R-B8	MG547562	93.097	1182	97	1159	0.0	1682	MG547562
14846-1429R-B8	RS-GCF-009696625.1-NZ-VULS01000023.1	93.086	1182	97	1157	0.0	1682	RS-GCF-009696625.1-NZ-VULS01000023.1
14846-1429R-B8	RS-GCF-018622995.1-NZ-CP076022.1--2	93.086	1182	97	1157	0.0	1682	RS-GCF-018622995.1-NZ-CP076022.1--2
14846-1429R-B8	RS-GCF-001294625.1-NZ-CP012677.1--6	92.821	1182	97	1170	0.0	1682	RS-GCF-001294625.1-NZ-CP012677.1--6
14846-1429R-B8	JF346427	93.190	1182	97	1160	0.0	1682	JF346427
14846-1429R-B8	RS-GCF-017876395.1-NZ-JAGINX010000001.1--2	93.178	1182	97	1158	0.0	1681	RS-GCF-017876395.1-NZ-JAGINX010000001.1--2
14846-1429R-B8	RS-GCF-017876395.1-NZ-JAGINX010000001.1	93.178	1182	97	1158	0.0	1681	RS-GCF-017876395.1-NZ-JAGINX010000001.1
14846-1429R-B8	RS-GCF-001062855.1-NZ-JVRG01000010.1	93.178	1182	97	1158	0.0	1681	RS-GCF-001062855.1-NZ-JVRG01000010.1
14846-1429R-B8	GB-GCA-015265395.1-JABZXT010000001.1	93.322	1182	96	1153	0.0	1681	GB-GCA-015265395.1-JABZXT010000001.1
14846-1429R-B8	RS-GCF-001812285.1-NZ-KV808398.1	93.178	1182	97	1158	0.0	1681	RS-GCF-001812285.1-NZ-KV808398.1
14846-1429R-B8	KJ809567	93.178	1182	97	1158	0.0	1681	KJ809567
14846-1429R-B8	AJ639827	92.894	1182	97	1168	0.0	1681	AJ639827
14846-1429R-B8	RS-GCF-004354015.1-NZ-SMRU01000071.1	93.883	1182	95	1128	0.0	1680	RS-GCF-004354015.1-NZ-SMRU01000071.1
14846-1429R-B8	RS-GCF-016907545.1-NZ-JAFBCD010000001.1	93.184	1182	97	1159	0.0	1680	RS-GCF-016907545.1-NZ-JAFBCD010000001.1
14846-1429R-B8	AJ315070	93.213	1182	97	1164	0.0	1680	AJ315070
14846-1429R-B8	HQ657321	93.109	1182	97	1161	0.0	1680	HQ657321
14846-1429R-B8	JQ955626	93.184	1182	97	1159	0.0	1680	JQ955626
14846-1429R-B8	RS-GCF-001063995.1-NZ-JVPY01000012.1	93.172	1182	97	1157	0.0	1679	RS-GCF-001063995.1-NZ-JVPY01000012.1
14846-1429R-B8	KF895368	92.624	1182	97	1166	0.0	1679	KF895368
14846-1429R-B8	RS-GCF-007681705.1-NZ-VELM01000021.1	93.011	1182	97	1159	0.0	1678	RS-GCF-007681705.1-NZ-VELM01000021.1
14846-1429R-B8	RS-GCF-003989235.1-NZ-RBMA01000176.1	93.011	1182	97	1159	0.0	1678	RS-GCF-003989235.1-NZ-RBMA01000176.1
14846-1429R-B8	RS-GCF-900637835.1-NZ-LR134409.1	93.011	1182	97	1159	0.0	1678	RS-GCF-900637835.1-NZ-LR134409.1
14846-1429R-B8	RS-GCF-001190985.1-NZ-JPWX02000090.1	93.011	1182	97	1159	0.0	1678	RS-GCF-001190985.1-NZ-JPWX02000090.1
14846-1429R-B8	RS-GCF-009826915.1-NZ-WUMJ01000041.1	93.011	1182	97	1159	0.0	1678	RS-GCF-009826915.1-NZ-WUMJ01000041.1
14846-1429R-B8	RS-GCF-000813865.1-NZ-JWTC01000032.1	93.011	1182	97	1159	0.0	1678	RS-GCF-000813865.1-NZ-JWTC01000032.1
14846-1429R-B8	RS-GCF-003667225.1-NZ-RCOM01000116.1	93.011	1182	97	1159	0.0	1678	RS-GCF-003667225.1-NZ-RCOM01000116.1
14846-1429R-B8	G000010285	93.011	1182	97	1159	0.0	1678	G000010285
14846-1429R-B8	KF876688	93.011	1182	97	1159	0.0	1678	KF876688
14846-1429R-B8	GQ352404	93.011	1182	97	1159	0.0	1678	GQ352404
14846-1429R-B8	Y16264	93.011	1182	97	1159	0.0	1678	Y16264
14846-1429R-B8	RS-GCF-001281315.1-NZ-CP012477.1	92.937	1182	96	1161	0.0	1677	RS-GCF-001281315.1-NZ-CP012477.1
14846-1429R-B8	RS-GCF-000755585.2-NZ-CP013745.1--7	92.735	1182	97	1170	0.0	1677	RS-GCF-000755585.2-NZ-CP013745.1--7
14846-1429R-B8	RS-GCF-000755585.2-NZ-CP013745.1	92.735	1182	97	1170	0.0	1677	RS-GCF-000755585.2-NZ-CP013745.1
14846-1429R-B8	G001307035	92.999	1182	97	1157	0.0	1677	G001307035
14846-1429R-B8	G000785535	92.735	1182	97	1170	0.0	1677	G000785535
14846-1429R-B8	AJ290397	93.092	1182	97	1158	0.0	1677	AJ290397
14846-1429R-B8	GQ227413	92.735	1182	97	1170	0.0	1677	GQ227413
14846-1429R-B8	RS-GCF-014642675.1-NZ-BMIS01000026.1	93.092	1182	97	1158	0.0	1676	RS-GCF-014642675.1-NZ-BMIS01000026.1
14846-1429R-B8	RS-GCF-900014985.1-NZ-CZJX01000094.1	93.023	1182	97	1161	0.0	1676	RS-GCF-900014985.1-NZ-CZJX01000094.1
14846-1429R-B8	RS-GCF-001064585.1-NZ-JVLK01000032.1	93.235	1182	96	1153	0.0	1676	RS-GCF-001064585.1-NZ-JVLK01000032.1
14846-1429R-B8	RS-GCF-001812895.1-NZ-KV810708.1	93.235	1182	96	1153	0.0	1676	RS-GCF-001812895.1-NZ-KV810708.1
14846-1429R-B8	RS-GCF-001811075.1-NZ-KZ627124.1	93.092	1182	97	1158	0.0	1676	RS-GCF-001811075.1-NZ-KZ627124.1
14846-1429R-B8	RS-GCF-001814645.1-NZ-KV817350.1	93.092	1182	97	1158	0.0	1676	RS-GCF-001814645.1-NZ-KV817350.1
14846-1429R-B8	RS-GCF-001815755.1-NZ-KV821851.1	93.235	1182	96	1153	0.0	1676	RS-GCF-001815755.1-NZ-KV821851.1
14846-1429R-B8	RS-GCF-001814995.1-NZ-KV818677.1	93.235	1182	96	1153	0.0	1676	RS-GCF-001814995.1-NZ-KV818677.1
14846-1429R-B8	RS-GCF-003219815.1-NZ-QJVD01000066.1	92.949	1182	96	1163	0.0	1675	RS-GCF-003219815.1-NZ-QJVD01000066.1
14846-1429R-B8	RS-GCF-001766675.1-NZ-MJLT01000027.1	95.310	1182	90	1066	0.0	1675	RS-GCF-001766675.1-NZ-MJLT01000027.1
14846-1429R-B8	GQ406811	92.949	1182	96	1163	0.0	1675	GQ406811
14846-1429R-B8	RS-GCF-000374905.1-NZ-KB895539.1	94.550	1182	92	1101	0.0	1674	RS-GCF-000374905.1-NZ-KB895539.1
14846-1429R-B8	RS-GCF-018866305.1-NZ-CP076456.1--6	93.086	1182	97	1157	0.0	1674	RS-GCF-018866305.1-NZ-CP076456.1--6
14846-1429R-B8	RS-GCF-001065485.1-NZ-JVBL01000150.1	93.086	1182	97	1157	0.0	1674	RS-GCF-001065485.1-NZ-JVBL01000150.1
14846-1429R-B8	RS-GCF-001809565.1-NZ-KV797954.1	93.086	1182	97	1157	0.0	1674	RS-GCF-001809565.1-NZ-KV797954.1
14846-1429R-B8	RS-GCF-001813565.1-NZ-KV812868.1	93.086	1182	97	1157	0.0	1674	RS-GCF-001813565.1-NZ-KV812868.1
14846-1429R-B8	RS-GCF-001808945.1-NZ-KV795043.1	93.086	1182	97	1157	0.0	1674	RS-GCF-001808945.1-NZ-KV795043.1
14846-1429R-B8	X87758	93.097	1182	97	1159	0.0	1674	X87758
14846-1429R-B8	RS-GCF-002250745.2-NZ-CP059343.1	92.925	1182	97	1159	0.0	1673	RS-GCF-002250745.2-NZ-CP059343.1
14846-1429R-B8	G001408335	92.925	1182	97	1159	0.0	1673	G001408335
14846-1429R-B8	RS-GCF-018866305.1-NZ-CP076456.1--5	92.913	1182	97	1157	0.0	1673	RS-GCF-018866305.1-NZ-CP076456.1--5
14846-1429R-B8	G000455245	93.211	1182	96	1149	0.0	1673	G000455245
14846-1429R-B8	CBLL010000172	93.211	1182	96	1149	0.0	1673	CBLL010000172
14846-1429R-B8	MK634692	92.999	1182	97	1157	0.0	1673	MK634692
14846-1429R-B8	AB248527	93.005	1182	97	1158	0.0	1673	AB248527
14846-1429R-B8	RS-GCF-001810135.1-NZ-KV800084.1	93.148	1182	96	1153	0.0	1672	RS-GCF-001810135.1-NZ-KV800084.1
14846-1429R-B8	RS-GCF-002861015.1-NZ-PKIQ01000008.1	93.148	1182	96	1153	0.0	1672	RS-GCF-002861015.1-NZ-PKIQ01000008.1
14846-1429R-B8	G000011025	93.148	1182	96	1153	0.0	1672	G000011025
14846-1429R-B8	GB-GCA-004001285.1-AP018697.1	92.650	1182	97	1170	0.0	1671	GB-GCA-004001285.1-AP018697.1
14846-1429R-B8	RS-GCF-001854365.1-NZ-CP017421.1	92.784	1182	97	1164	0.0	1671	RS-GCF-001854365.1-NZ-CP017421.1
14846-1429R-B8	RS-GCF-011393315.1-NZ-JAAGBD010000040.1	92.784	1182	97	1164	0.0	1671	RS-GCF-011393315.1-NZ-JAAGBD010000040.1
14846-1429R-B8	RS-GCF-014076395.1-NZ-CP043010.1	92.784	1182	97	1164	0.0	1671	RS-GCF-014076395.1-NZ-CP043010.1
14846-1429R-B8	RS-GCF-019067065.1-NZ-JAGIXT010000050.1	92.784	1182	97	1164	0.0	1671	RS-GCF-019067065.1-NZ-JAGIXT010000050.1
14846-1429R-B8	G001542565	92.784	1182	97	1164	0.0	1671	G001542565
14846-1429R-B8	GB-GCA-015260035.1-JABZXL010000001.1	92.999	1182	97	1157	0.0	1670	GB-GCA-015260035.1-JABZXL010000001.1
14846-1429R-B8	LT601575	93.011	1182	97	1159	0.0	1670	LT601575
14846-1429R-B8	RS-GCF-001499775.1-NZ-CZJW01000020.1	92.839	1182	97	1159	0.0	1669	RS-GCF-001499775.1-NZ-CZJW01000020.1
14846-1429R-B8	GB-GCA-900638535.1-LR134521.1	92.913	1182	97	1157	0.0	1669	GB-GCA-900638535.1-LR134521.1
14846-1429R-B8	RS-GCF-002861025.1-NZ-PKIR01000001.1	92.913	1182	97	1157	0.0	1669	RS-GCF-002861025.1-NZ-PKIR01000001.1
14846-1429R-B8	G000164695	92.913	1182	97	1157	0.0	1669	G000164695
14846-1429R-B8	CP002280	92.913	1182	97	1157	0.0	1669	CP002280
14846-1429R-B8	RS-GCF-003797835.1-NZ-RKMF01000028.1	92.551	1182	97	1168	0.0	1668	RS-GCF-003797835.1-NZ-RKMF01000028.1
14846-1429R-B8	EF680886	93.005	1182	97	1158	0.0	1668	EF680886
14846-1429R-B8	AY574575	93.124	1182	96	1149	0.0	1668	AY574575
14846-1429R-B8	RS-GCF-001281315.1-NZ-CP012477.1--4	92.845	1182	96	1160	0.0	1667	RS-GCF-001281315.1-NZ-CP012477.1--4
14846-1429R-B8	RS-GCF-901875305.1-NZ-CABFLY010000004.1	93.062	1182	96	1153	0.0	1667	RS-GCF-901875305.1-NZ-CABFLY010000004.1
14846-1429R-B8	RS-GCF-001810775.1-NZ-KV802661.1	93.062	1182	96	1153	0.0	1667	RS-GCF-001810775.1-NZ-KV802661.1
14846-1429R-B8	RS-GCF-000175615.1-NZ-ACVO01000020.1	93.062	1182	96	1153	0.0	1667	RS-GCF-000175615.1-NZ-ACVO01000020.1
14846-1429R-B8	X87754	92.851	1182	97	1161	0.0	1667	X87754
14846-1429R-B8	RS-GCF-001064265.1-NZ-JVNP01000013.1	92.913	1182	97	1157	0.0	1665	RS-GCF-001064265.1-NZ-JVNP01000013.1
14846-1429R-B8	RS-GCF-001814655.1-NZ-KV817384.1	92.826	1182	97	1157	0.0	1664	RS-GCF-001814655.1-NZ-KV817384.1
14846-1429R-B8	AJ640198	92.765	1182	96	1161	0.0	1664	AJ640198
14846-1429R-B8	RS-GCF-011758685.1-NZ-JAAMOY010000004.1	92.919	1182	97	1158	0.0	1663	RS-GCF-011758685.1-NZ-JAAMOY010000004.1
14846-1429R-B8	G000421745	93.037	1182	96	1149	0.0	1663	G000421745
14846-1429R-B8	ATXP01000006	93.037	1182	96	1149	0.0	1663	ATXP01000006
14846-1429R-B8	RS-GCF-003268655.1-NZ-CP029642.1--5	92.691	1182	96	1163	0.0	1662	RS-GCF-003268655.1-NZ-CP029642.1--5
14846-1429R-B8	RS-GCF-003268655.1-NZ-CP029642.1	92.691	1182	96	1163	0.0	1662	RS-GCF-003268655.1-NZ-CP029642.1
14846-1429R-B8	RS-GCF-013376095.1-NZ-JAAMFN010000078.1	92.691	1182	96	1163	0.0	1662	RS-GCF-013376095.1-NZ-JAAMFN010000078.1
14846-1429R-B8	AY116496	92.746	1182	97	1158	0.0	1662	AY116496
14846-1429R-B8	RS-GCF-008831305.1-NZ-ML708642.1	93.482	1182	93	1120	0.0	1661	RS-GCF-008831305.1-NZ-ML708642.1
14846-1429R-B8	JX398975	92.734	1182	97	1156	0.0	1660	JX398975
14846-1429R-B8	G000420805	92.777	1182	97	1163	0.0	1659	G000420805
14846-1429R-B8	AY228479	92.777	1182	97	1163	0.0	1659	AY228479
14846-1429R-B8	MK163557	92.380	1182	97	1168	0.0	1659	MK163557
14846-1429R-B8	G000688395	92.727	1182	96	1155	0.0	1657	G000688395
14846-1429R-B8	X83407	92.752	1182	97	1159	0.0	1657	X83407
14846-1429R-B8	EU086805	92.727	1182	96	1155	0.0	1657	EU086805
14846-1429R-B8	LC042214	92.573	1182	97	1158	0.0	1656	LC042214
14846-1429R-B8	G000576575	92.832	1182	97	1158	0.0	1655	G000576575
14846-1429R-B8	AY226510	92.876	1182	96	1151	0.0	1655	AY226510
14846-1429R-B8	G900070355	92.653	1182	97	1157	0.0	1654	G900070355
14846-1429R-B8	EU009865	92.653	1182	97	1157	0.0	1654	EU009865
14846-1429R-B8	RS-GCF-016623465.1-NZ-JAEDAJ010000022.1	92.567	1182	97	1157	0.0	1653	RS-GCF-016623465.1-NZ-JAEDAJ010000022.1
14846-1429R-B8	RS-GCF-007922635.1-NZ-CP042335.1--2	92.752	1182	97	1159	0.0	1653	RS-GCF-007922635.1-NZ-CP042335.1--2
14846-1429R-B8	G009299795	92.567	1182	97	1157	0.0	1653	G009299795
