15072-1492R-T-F12	RS-GCF-900636255.1-NZ-LR134242.1	96.691	1154	95	1118	0.0	1801	RS-GCF-900636255.1-NZ-LR134242.1
15072-1492R-T-F12	RS-GCF-007666805.1-NZ-VDPX01000022.1	96.691	1154	95	1118	0.0	1801	RS-GCF-007666805.1-NZ-VDPX01000022.1
15072-1492R-T-F12	RS-GCF-000494875.1-NC-022737.1--2	96.691	1154	95	1118	0.0	1801	RS-GCF-000494875.1-NC-022737.1--2
15072-1492R-T-F12	RS-GCF-900636265.1-NZ-LR134244.1--6	96.691	1154	95	1118	0.0	1801	RS-GCF-900636265.1-NZ-LR134244.1--6
15072-1492R-T-F12	G001045675	96.691	1154	95	1118	0.0	1801	G001045675
15072-1492R-T-F12	MJ030-2-barcode71-umi4718bins-ubs-69	96.691	1154	95	1118	0.0	1801	MJ030-2-barcode71-umi4718bins-ubs-69
15072-1492R-T-F12	L37603	96.601	1154	95	1118	0.0	1798	L37603
15072-1492R-T-F12	RS-GCF-001074135.1-NZ-JUVB01000002.1	96.601	1154	95	1118	0.0	1796	RS-GCF-001074135.1-NZ-JUVB01000002.1
15072-1492R-T-F12	RS-GCF-900636255.1-NZ-LR134242.1--6	96.601	1154	95	1118	0.0	1796	RS-GCF-900636255.1-NZ-LR134242.1--6
15072-1492R-T-F12	RS-GCF-007833855.1-NZ-CP038242.1--5	96.601	1154	95	1118	0.0	1796	RS-GCF-007833855.1-NZ-CP038242.1--5
15072-1492R-T-F12	RS-GCF-900636265.1-NZ-LR134244.1	96.601	1154	95	1118	0.0	1796	RS-GCF-900636265.1-NZ-LR134244.1
15072-1492R-T-F12	RS-GCF-017898045.1-NZ-JAGMUP010000001.1--6	96.601	1154	95	1118	0.0	1796	RS-GCF-017898045.1-NZ-JAGMUP010000001.1--6
15072-1492R-T-F12	RS-GCF-003571725.1-NZ-CP032159.1	96.601	1154	95	1118	0.0	1796	RS-GCF-003571725.1-NZ-CP032159.1
15072-1492R-T-F12	G000332735	96.601	1154	95	1118	0.0	1796	G000332735
15072-1492R-T-F12	MJ020-2-barcode53-umi57974bins-ubs-8	96.601	1154	95	1118	0.0	1796	MJ020-2-barcode53-umi57974bins-ubs-8
15072-1492R-T-F12	MJ007-2-barcode55-umi2482bins-ubs-195	96.601	1154	95	1118	0.0	1796	MJ007-2-barcode55-umi2482bins-ubs-195
15072-1492R-T-F12	RS-GCF-013267715.1-NZ-CP054017.1--5	96.512	1154	95	1118	0.0	1792	RS-GCF-013267715.1-NZ-CP054017.1--5
15072-1492R-T-F12	RS-GCF-003043235.1-NZ-PZEZ01000134.1	96.512	1154	95	1118	0.0	1792	RS-GCF-003043235.1-NZ-PZEZ01000134.1
15072-1492R-T-F12	RS-GCF-017086425.1-NZ-CP070964.1	96.512	1154	95	1118	0.0	1792	RS-GCF-017086425.1-NZ-CP070964.1
15072-1492R-T-F12	RS-GCF-017898045.1-NZ-JAGMUP010000001.1	96.512	1154	95	1118	0.0	1792	RS-GCF-017898045.1-NZ-JAGMUP010000001.1
15072-1492R-T-F12	GB-GCA-004117035.1-CP026367.1--4	96.512	1154	95	1118	0.0	1788	GB-GCA-004117035.1-CP026367.1--4
15072-1492R-T-F12	RS-GCF-003691405.1-NZ-CP033098.1	96.512	1154	95	1118	0.0	1788	RS-GCF-003691405.1-NZ-CP033098.1
15072-1492R-T-F12	RS-GCF-003491325.1-NZ-CP022881.1	96.422	1154	95	1118	0.0	1787	RS-GCF-003491325.1-NZ-CP022881.1
15072-1492R-T-F12	RS-GCF-002442915.1-NZ-CP017463.1--5	96.422	1154	95	1118	0.0	1787	RS-GCF-002442915.1-NZ-CP017463.1--5
15072-1492R-T-F12	RS-GCF-016751935.1-NZ-JAEPJP010000001.1--3	96.422	1154	95	1118	0.0	1787	RS-GCF-016751935.1-NZ-JAEPJP010000001.1--3
15072-1492R-T-F12	RS-GCF-016888605.1-NZ-JAFEKM010000002.1--4	96.422	1154	95	1118	0.0	1787	RS-GCF-016888605.1-NZ-JAFEKM010000002.1--4
15072-1492R-T-F12	RS-GCF-016725205.1-NZ-CP068216.1--6	96.422	1154	95	1118	0.0	1787	RS-GCF-016725205.1-NZ-CP068216.1--6
15072-1492R-T-F12	RS-GCF-003580525.1-NZ-QYJH01000242.1	96.422	1154	95	1118	0.0	1787	RS-GCF-003580525.1-NZ-QYJH01000242.1
15072-1492R-T-F12	AB009944	96.422	1154	95	1118	0.0	1787	AB009944
15072-1492R-T-F12	MJ010-1-barcode30-umi51029bins-ubs-13	96.422	1154	95	1118	0.0	1787	MJ010-1-barcode30-umi51029bins-ubs-13
15072-1492R-T-F12	RS-GCF-001471795.2-NZ-LORQ02000003.1--6	96.512	1154	95	1118	0.0	1784	RS-GCF-001471795.2-NZ-LORQ02000003.1--6
15072-1492R-T-F12	RS-GCF-013267715.1-NZ-CP054017.1--2	96.422	1154	95	1118	0.0	1783	RS-GCF-013267715.1-NZ-CP054017.1--2
15072-1492R-T-F12	RS-GCF-013267715.1-NZ-CP054017.1--3	96.333	1154	95	1118	0.0	1783	RS-GCF-013267715.1-NZ-CP054017.1--3
15072-1492R-T-F12	RS-GCF-002442915.1-NZ-CP017463.1--3	96.333	1154	95	1118	0.0	1783	RS-GCF-002442915.1-NZ-CP017463.1--3
15072-1492R-T-F12	RS-GCF-016725285.1-NZ-CP068219.1--4	96.333	1154	95	1118	0.0	1783	RS-GCF-016725285.1-NZ-CP068219.1--4
15072-1492R-T-F12	RS-GCF-007814825.1-NZ-CP031280.1--5	96.333	1154	95	1118	0.0	1783	RS-GCF-007814825.1-NZ-CP031280.1--5
15072-1492R-T-F12	RS-GCF-016888605.1-NZ-JAFEKM010000001.1	96.333	1154	95	1118	0.0	1783	RS-GCF-016888605.1-NZ-JAFEKM010000001.1
15072-1492R-T-F12	RS-GCF-016599795.1-NZ-CP067014.1--6	96.333	1154	95	1118	0.0	1783	RS-GCF-016599795.1-NZ-CP067014.1--6
15072-1492R-T-F12	RS-GCF-016599795.1-NZ-CP067014.1--5	96.333	1154	95	1118	0.0	1783	RS-GCF-016599795.1-NZ-CP067014.1--5
15072-1492R-T-F12	RS-GCF-016725205.1-NZ-CP068216.1--4	96.333	1154	95	1118	0.0	1783	RS-GCF-016725205.1-NZ-CP068216.1--4
15072-1492R-T-F12	RS-GCF-003580755.1-NZ-QXVU01000093.1	96.333	1154	95	1118	0.0	1783	RS-GCF-003580755.1-NZ-QXVU01000093.1
15072-1492R-T-F12	MJ020-2-barcode61-umi871bins-ubs-375	96.333	1154	95	1118	0.0	1783	MJ020-2-barcode61-umi871bins-ubs-375
15072-1492R-T-F12	RS-GCF-016725285.1-NZ-CP068219.1--6	96.243	1154	95	1118	0.0	1778	RS-GCF-016725285.1-NZ-CP068219.1--6
15072-1492R-T-F12	RS-GCF-007814825.1-NZ-CP031280.1	96.243	1154	95	1118	0.0	1778	RS-GCF-007814825.1-NZ-CP031280.1
15072-1492R-T-F12	MJ010-1-barcode30-umi19329bins-ubs-34	96.243	1154	95	1118	0.0	1778	MJ010-1-barcode30-umi19329bins-ubs-34
15072-1492R-T-F12	RS-GCF-014495745.1-NZ-CP061041.1	96.422	1154	95	1118	0.0	1776	RS-GCF-014495745.1-NZ-CP061041.1
15072-1492R-T-F12	RS-GCF-009660935.1-NZ-WJSV01000036.1	95.534	1154	97	1142	0.0	1773	RS-GCF-009660935.1-NZ-WJSV01000036.1
15072-1492R-T-F12	RS-GCF-003426145.1-NZ-CP031673.1--4	96.154	1154	95	1118	0.0	1773	RS-GCF-003426145.1-NZ-CP031673.1--4
15072-1492R-T-F12	GB-GCA-015290965.1-CP063990.1--6	96.154	1154	95	1118	0.0	1773	GB-GCA-015290965.1-CP063990.1--6
15072-1492R-T-F12	RS-GCF-002633845.1-NZ-CP017679.1	96.154	1154	95	1118	0.0	1773	RS-GCF-002633845.1-NZ-CP017679.1
15072-1492R-T-F12	RS-GCF-900124815.1-NZ-FQDQ01000002.1	96.154	1154	95	1118	0.0	1773	RS-GCF-900124815.1-NZ-FQDQ01000002.1
15072-1492R-T-F12	G000025085	96.154	1154	95	1118	0.0	1773	G000025085
15072-1492R-T-F12	RS-GCF-000556585.1-NZ-KK013547.1	95.989	1154	96	1122	0.0	1772	RS-GCF-000556585.1-NZ-KK013547.1
15072-1492R-T-F12	RS-GCF-001019255.2-NZ-CP026968.1--7	95.526	1154	97	1140	0.0	1770	RS-GCF-001019255.2-NZ-CP026968.1--7
15072-1492R-T-F12	RS-GCF-900187055.1-NZ-LT906460.1--5	96.064	1154	95	1118	0.0	1769	RS-GCF-900187055.1-NZ-LT906460.1--5
15072-1492R-T-F12	RS-GCF-900187055.1-NZ-LT906460.1--4	96.064	1154	95	1118	0.0	1769	RS-GCF-900187055.1-NZ-LT906460.1--4
15072-1492R-T-F12	RS-GCF-017357005.1-NZ-CP071589.1--2	96.064	1154	95	1118	0.0	1769	RS-GCF-017357005.1-NZ-CP071589.1--2
15072-1492R-T-F12	RS-GCF-017368755.1-NZ-JAFNLZ010000002.1	96.064	1154	95	1118	0.0	1769	RS-GCF-017368755.1-NZ-JAFNLZ010000002.1
15072-1492R-T-F12	RS-GCF-900636685.1-NZ-LR134304.1--6	96.064	1154	95	1118	0.0	1769	RS-GCF-900636685.1-NZ-LR134304.1--6
15072-1492R-T-F12	RS-GCF-014877095.1-NZ-JADAMT010000037.1	96.064	1154	95	1118	0.0	1769	RS-GCF-014877095.1-NZ-JADAMT010000037.1
15072-1492R-T-F12	RS-GCF-001839345.1-NZ-KV840964.1	96.064	1154	95	1118	0.0	1769	RS-GCF-001839345.1-NZ-KV840964.1
15072-1492R-T-F12	RS-GCF-001558775.1-NZ-CP014022.1--6	96.064	1154	95	1118	0.0	1769	RS-GCF-001558775.1-NZ-CP014022.1--6
15072-1492R-T-F12	RS-GCF-009931395.1-NZ-CP038807.1--6	96.064	1154	95	1118	0.0	1769	RS-GCF-009931395.1-NZ-CP038807.1--6
15072-1492R-T-F12	RS-GCF-009931395.1-NZ-CP038807.1--5	96.064	1154	95	1118	0.0	1769	RS-GCF-009931395.1-NZ-CP038807.1--5
15072-1492R-T-F12	RS-GCF-001839145.1-NZ-KV840194.1	96.064	1154	95	1118	0.0	1769	RS-GCF-001839145.1-NZ-KV840194.1
15072-1492R-T-F12	RS-GCF-001558815.2-NZ-CP014023.2--6	96.064	1154	95	1118	0.0	1769	RS-GCF-001558815.2-NZ-CP014023.2--6
15072-1492R-T-F12	RS-GCF-001558815.2-NZ-CP014023.2	96.064	1154	95	1118	0.0	1769	RS-GCF-001558815.2-NZ-CP014023.2
15072-1492R-T-F12	RS-GCF-001809105.1-NZ-KV795680.1	96.064	1154	95	1118	0.0	1769	RS-GCF-001809105.1-NZ-KV795680.1
15072-1492R-T-F12	RS-GCF-002407165.1-NZ-CP023539.1--6	96.064	1154	95	1118	0.0	1769	RS-GCF-002407165.1-NZ-CP023539.1--6
15072-1492R-T-F12	RS-GCF-016804245.1-NZ-CP060160.1	96.064	1154	95	1118	0.0	1769	RS-GCF-016804245.1-NZ-CP060160.1
15072-1492R-T-F12	RS-GCF-002591215.1-NZ-CP023970.1	96.064	1154	95	1118	0.0	1769	RS-GCF-002591215.1-NZ-CP023970.1
15072-1492R-T-F12	RS-GCF-900478255.1-NZ-LS483482.1--3	96.064	1154	95	1118	0.0	1769	RS-GCF-900478255.1-NZ-LS483482.1--3
15072-1492R-T-F12	RS-GCF-001809965.1-NZ-KV799486.1	96.064	1154	95	1118	0.0	1769	RS-GCF-001809965.1-NZ-KV799486.1
15072-1492R-T-F12	RS-GCF-001969635.1-NZ-LWAN01000180.1	96.064	1154	95	1118	0.0	1769	RS-GCF-001969635.1-NZ-LWAN01000180.1
15072-1492R-T-F12	RS-GCF-001208665.1-NZ-CSPH01000033.1	96.064	1154	95	1118	0.0	1769	RS-GCF-001208665.1-NZ-CSPH01000033.1
15072-1492R-T-F12	GB-GCA-000189435.3-CP024649.1--2	96.064	1154	95	1118	0.0	1769	GB-GCA-000189435.3-CP024649.1--2
15072-1492R-T-F12	RS-GCF-000540455.1-NZ-KI976226.1	96.064	1154	95	1118	0.0	1769	RS-GCF-000540455.1-NZ-KI976226.1
15072-1492R-T-F12	RS-GCF-003236895.1-NZ-PZTJ01000054.1	96.064	1154	95	1118	0.0	1769	RS-GCF-003236895.1-NZ-PZTJ01000054.1
15072-1492R-T-F12	RS-GCF-001611535.1-NZ-LSBE01000067.1	96.064	1154	95	1118	0.0	1769	RS-GCF-001611535.1-NZ-LSBE01000067.1
15072-1492R-T-F12	RS-GCF-000570035.1-NZ-KK039208.1	96.064	1154	95	1118	0.0	1769	RS-GCF-000570035.1-NZ-KK039208.1
15072-1492R-T-F12	RS-GCF-000602105.1-NZ-JGGB01000005.1	96.064	1154	95	1118	0.0	1769	RS-GCF-000602105.1-NZ-JGGB01000005.1
15072-1492R-T-F12	RS-GCF-000573125.1-NZ-KK048020.1	96.064	1154	95	1118	0.0	1769	RS-GCF-000573125.1-NZ-KK048020.1
15072-1492R-T-F12	RS-GCF-001019205.2-NZ-CP026953.1	96.064	1154	95	1118	0.0	1769	RS-GCF-001019205.2-NZ-CP026953.1
15072-1492R-T-F12	RS-GCF-000601825.1-NZ-JGFN01000020.1	96.064	1154	95	1118	0.0	1769	RS-GCF-000601825.1-NZ-JGFN01000020.1
15072-1492R-T-F12	RS-GCF-000732805.1-NZ-AZMY01000070.1	96.064	1154	95	1118	0.0	1769	RS-GCF-000732805.1-NZ-AZMY01000070.1
15072-1492R-T-F12	RS-GCF-000360925.1-NZ-KB821272.1--5	96.064	1154	95	1118	0.0	1769	RS-GCF-000360925.1-NZ-KB821272.1--5
15072-1492R-T-F12	RS-GCF-001064135.1-NZ-JVOI01000179.1	96.064	1154	95	1118	0.0	1769	RS-GCF-001064135.1-NZ-JVOI01000179.1
15072-1492R-T-F12	RS-GCF-000573045.1-NZ-KK047918.1--6	96.064	1154	95	1118	0.0	1769	RS-GCF-000573045.1-NZ-KK047918.1--6
15072-1492R-T-F12	RS-GCF-000602645.1-NZ-JGHC01000009.1--2	96.064	1154	95	1118	0.0	1769	RS-GCF-000602645.1-NZ-JGHC01000009.1--2
15072-1492R-T-F12	RS-GCF-000981205.1-NZ-LAKI01000029.1	96.064	1154	95	1118	0.0	1769	RS-GCF-000981205.1-NZ-LAKI01000029.1
15072-1492R-T-F12	RS-GCF-000539355.1-NZ-KI974889.1	96.064	1154	95	1118	0.0	1769	RS-GCF-000539355.1-NZ-KI974889.1
15072-1492R-T-F12	RS-GCF-009937785.1-NZ-CP047809.1--4	96.064	1154	95	1118	0.0	1769	RS-GCF-009937785.1-NZ-CP047809.1--4
15072-1492R-T-F12	RS-GCF-000574045.1-NZ-KK064819.1	96.064	1154	95	1118	0.0	1769	RS-GCF-000574045.1-NZ-KK064819.1
15072-1492R-T-F12	RS-GCF-000560025.1-NZ-KK022628.1	96.064	1154	95	1118	0.0	1769	RS-GCF-000560025.1-NZ-KK022628.1
15072-1492R-T-F12	RS-GCF-000554625.1-NZ-KK008103.1	96.064	1154	95	1118	0.0	1769	RS-GCF-000554625.1-NZ-KK008103.1
15072-1492R-T-F12	RS-GCF-018502005.1-NZ-CP075506.1--5	96.064	1154	95	1118	0.0	1769	RS-GCF-018502005.1-NZ-CP075506.1--5
15072-1492R-T-F12	RS-GCF-900125965.1-NZ-FQIA01000001.1	96.064	1154	95	1118	0.0	1769	RS-GCF-900125965.1-NZ-FQIA01000001.1
15072-1492R-T-F12	RS-GCF-001197715.1-NZ-CSSP01000032.1	96.064	1154	95	1118	0.0	1769	RS-GCF-001197715.1-NZ-CSSP01000032.1
15072-1492R-T-F12	RS-GCF-008079405.1-NZ-VRNK01000095.1	96.064	1154	95	1118	0.0	1769	RS-GCF-008079405.1-NZ-VRNK01000095.1
15072-1492R-T-F12	RS-GCF-900457405.1-NZ-UGZD01000003.1--5	96.154	1154	95	1118	0.0	1769	RS-GCF-900457405.1-NZ-UGZD01000003.1--5
15072-1492R-T-F12	RS-GCF-003238075.1-NZ-PZUM01000001.1--2	96.064	1154	95	1118	0.0	1769	RS-GCF-003238075.1-NZ-PZUM01000001.1--2
15072-1492R-T-F12	RS-GCF-000554345.1-NZ-KK007459.1	96.064	1154	95	1118	0.0	1769	RS-GCF-000554345.1-NZ-KK007459.1
15072-1492R-T-F12	RS-GCF-900126375.1-NZ-FQJP01000013.1	96.064	1154	95	1118	0.0	1769	RS-GCF-900126375.1-NZ-FQJP01000013.1
15072-1492R-T-F12	RS-GCF-008462245.1-NZ-CP040232.1--6	96.064	1154	95	1118	0.0	1769	RS-GCF-008462245.1-NZ-CP040232.1--6
15072-1492R-T-F12	RS-GCF-003354805.1-NZ-CP022892.1--4	96.064	1154	95	1118	0.0	1769	RS-GCF-003354805.1-NZ-CP022892.1--4
15072-1492R-T-F12	RS-GCF-000538975.1-NZ-KI974533.1	96.064	1154	95	1118	0.0	1769	RS-GCF-000538975.1-NZ-KI974533.1
15072-1492R-T-F12	RS-GCF-000610845.1-NZ-KK099778.1--3	96.064	1154	95	1118	0.0	1769	RS-GCF-000610845.1-NZ-KK099778.1--3
15072-1492R-T-F12	RS-GCF-000558665.1-NZ-KK019127.1--3	96.064	1154	95	1118	0.0	1769	RS-GCF-000558665.1-NZ-KK019127.1--3
15072-1492R-T-F12	RS-GCF-017329085.1-NZ-CP071352.1--5	96.064	1154	95	1118	0.0	1769	RS-GCF-017329085.1-NZ-CP071352.1--5
15072-1492R-T-F12	RS-GCF-003017355.1-NZ-NGNI01000001.1--5	96.064	1154	95	1118	0.0	1769	RS-GCF-003017355.1-NZ-NGNI01000001.1--5
15072-1492R-T-F12	RS-GCF-003017355.1-NZ-NGNI01000001.1--2	96.064	1154	95	1118	0.0	1769	RS-GCF-003017355.1-NZ-NGNI01000001.1--2
15072-1492R-T-F12	RS-GCF-000645855.1-NZ-KK237710.1--2	96.064	1154	95	1118	0.0	1769	RS-GCF-000645855.1-NZ-KK237710.1--2
15072-1492R-T-F12	RS-GCF-000564735.1-NZ-KK032934.1	96.064	1154	95	1118	0.0	1769	RS-GCF-000564735.1-NZ-KK032934.1
15072-1492R-T-F12	RS-GCF-000982105.1-NZ-LBIJ01000016.1	96.064	1154	95	1118	0.0	1769	RS-GCF-000982105.1-NZ-LBIJ01000016.1
15072-1492R-T-F12	RS-GCF-000982105.1-NZ-LBIJ01000016.1	96.064	1154	95	1118	0.0	1769	RS-GCF-000982105.1-NZ-LBIJ01000016.1
15072-1492R-T-F12	RS-GCF-000982105.1-NZ-LBIJ01000016.1	96.064	1154	95	1118	0.0	1769	RS-GCF-000982105.1-NZ-LBIJ01000016.1
15072-1492R-T-F12	RS-GCF-000362065.1-NZ-KB821688.1--3	96.064	1154	95	1118	0.0	1769	RS-GCF-000362065.1-NZ-KB821688.1--3
15072-1492R-T-F12	RS-GCF-001717705.1-NZ-CP016861.1--6	96.064	1154	95	1118	0.0	1769	RS-GCF-001717705.1-NZ-CP016861.1--6
15072-1492R-T-F12	RS-GCF-000362525.1-NZ-KB821863.1	96.154	1154	95	1118	0.0	1769	RS-GCF-000362525.1-NZ-KB821863.1
15072-1492R-T-F12	RS-GCF-001656075.1-NZ-CP015646.1--3	96.064	1154	95	1118	0.0	1769	RS-GCF-001656075.1-NZ-CP015646.1--3
15072-1492R-T-F12	RS-GCF-000525565.1-NZ-KI966328.1--2	96.064	1154	95	1118	0.0	1769	RS-GCF-000525565.1-NZ-KI966328.1--2
15072-1492R-T-F12	RS-GCF-002983355.1-NZ-PHWS01000029.1	96.064	1154	95	1118	0.0	1769	RS-GCF-002983355.1-NZ-PHWS01000029.1
15072-1492R-T-F12	RS-GCF-900149275.1-NZ-FSRW01000024.1	96.064	1154	95	1118	0.0	1769	RS-GCF-900149275.1-NZ-FSRW01000024.1
15072-1492R-T-F12	RS-GCF-009912155.1-NZ-CP047779.1--6	96.064	1154	95	1118	0.0	1769	RS-GCF-009912155.1-NZ-CP047779.1--6
15072-1492R-T-F12	RS-GCF-000597005.1-NZ-JEUV01000001.1	96.064	1154	95	1118	0.0	1769	RS-GCF-000597005.1-NZ-JEUV01000001.1
15072-1492R-T-F12	RS-GCF-000594865.1-NZ-JFSM01000008.1	96.064	1154	95	1118	0.0	1769	RS-GCF-000594865.1-NZ-JFSM01000008.1
15072-1492R-T-F12	RS-GCF-900250305.1-NZ-OFUK01000031.1	96.064	1154	95	1118	0.0	1769	RS-GCF-900250305.1-NZ-OFUK01000031.1
15072-1492R-T-F12	RS-GCF-000570455.1-NZ-KK040001.1	96.064	1154	95	1118	0.0	1769	RS-GCF-000570455.1-NZ-KK040001.1
15072-1492R-T-F12	RS-GCF-004797195.1-NZ-CP038819.1	96.064	1154	95	1118	0.0	1769	RS-GCF-004797195.1-NZ-CP038819.1
15072-1492R-T-F12	RS-GCF-001735645.1-NZ-MCID02000001.1	96.064	1154	95	1118	0.0	1769	RS-GCF-001735645.1-NZ-MCID02000001.1
15072-1492R-T-F12	RS-GCF-000527915.1-NZ-KI966943.1--2	96.064	1154	95	1118	0.0	1769	RS-GCF-000527915.1-NZ-KI966943.1--2
15072-1492R-T-F12	RS-GCF-000144955.1-NC-017338.1	96.064	1154	95	1118	0.0	1769	RS-GCF-000144955.1-NC-017338.1
15072-1492R-T-F12	RS-GCF-000578115.1-NZ-KK070710.1	96.064	1154	95	1118	0.0	1769	RS-GCF-000578115.1-NZ-KK070710.1
15072-1492R-T-F12	RS-GCF-000643555.1-NZ-KK232777.1	96.064	1154	95	1118	0.0	1769	RS-GCF-000643555.1-NZ-KK232777.1
15072-1492R-T-F12	RS-GCF-002904635.1-NZ-NGVP01000079.1	96.064	1154	95	1118	0.0	1769	RS-GCF-002904635.1-NZ-NGVP01000079.1
15072-1492R-T-F12	RS-GCF-000541395.1-NZ-KI977260.1	96.064	1154	95	1118	0.0	1769	RS-GCF-000541395.1-NZ-KI977260.1
15072-1492R-T-F12	GB-GCA-015774835.1-CP065355.1--5	96.064	1154	95	1118	0.0	1769	GB-GCA-015774835.1-CP065355.1--5
15072-1492R-T-F12	RS-GCF-002982535.1-NZ-PHVD01000037.1	96.064	1154	95	1118	0.0	1769	RS-GCF-002982535.1-NZ-PHVD01000037.1
15072-1492R-T-F12	RS-GCF-000639075.1-NZ-KK223848.1	96.064	1154	95	1118	0.0	1769	RS-GCF-000639075.1-NZ-KK223848.1
15072-1492R-T-F12	RS-GCF-000564815.1-NZ-KK033099.1	96.064	1154	95	1118	0.0	1769	RS-GCF-000564815.1-NZ-KK033099.1
15072-1492R-T-F12	RS-GCF-009725595.1-NZ-WFHQ01000055.1	96.064	1154	95	1118	0.0	1769	RS-GCF-009725595.1-NZ-WFHQ01000055.1
15072-1492R-T-F12	RS-GCF-000639515.1-NZ-KK224639.1--2	96.064	1154	95	1118	0.0	1769	RS-GCF-000639515.1-NZ-KK224639.1--2
15072-1492R-T-F12	RS-GCF-001471675.2-NZ-LORT02000003.1--4	96.064	1154	95	1118	0.0	1769	RS-GCF-001471675.2-NZ-LORT02000003.1--4
15072-1492R-T-F12	RS-GCF-000571775.1-NZ-KK042107.1	96.064	1154	95	1118	0.0	1769	RS-GCF-000571775.1-NZ-KK042107.1
15072-1492R-T-F12	RS-GCF-000601785.1-NZ-JGFL01000025.1	96.064	1154	95	1118	0.0	1769	RS-GCF-000601785.1-NZ-JGFL01000025.1
15072-1492R-T-F12	RS-GCF-000571515.1-NZ-KK041673.1	96.064	1154	95	1118	0.0	1769	RS-GCF-000571515.1-NZ-KK041673.1
15072-1492R-T-F12	RS-GCF-000639875.1-NZ-KK225367.1	96.064	1154	95	1118	0.0	1769	RS-GCF-000639875.1-NZ-KK225367.1
15072-1492R-T-F12	RS-GCF-900474575.1-NZ-LS483309.1--4	96.064	1154	95	1118	0.0	1769	RS-GCF-900474575.1-NZ-LS483309.1--4
15072-1492R-T-F12	RS-GCF-002094085.1-NZ-MBTB01000022.1	96.064	1154	95	1118	0.0	1769	RS-GCF-002094085.1-NZ-MBTB01000022.1
15072-1492R-T-F12	RS-GCF-000609105.1-NZ-KK099010.1	96.064	1154	95	1118	0.0	1769	RS-GCF-000609105.1-NZ-KK099010.1
15072-1492R-T-F12	RS-GCF-001061075.1-NZ-JWBS01000100.1	96.064	1154	95	1118	0.0	1769	RS-GCF-001061075.1-NZ-JWBS01000100.1
15072-1492R-T-F12	RS-GCF-900457955.1-NZ-UHBH01000002.1	96.064	1154	95	1118	0.0	1769	RS-GCF-900457955.1-NZ-UHBH01000002.1
15072-1492R-T-F12	RS-GCF-900457725.1-NZ-UAUW01000003.1	96.064	1154	95	1118	0.0	1769	RS-GCF-900457725.1-NZ-UAUW01000003.1
15072-1492R-T-F12	RS-GCF-002267125.1-NZ-LGWY01000075.1	96.064	1154	95	1118	0.0	1769	RS-GCF-002267125.1-NZ-LGWY01000075.1
15072-1492R-T-F12	RS-GCF-014337075.1-NZ-CP060628.1--6	96.064	1154	95	1118	0.0	1769	RS-GCF-014337075.1-NZ-CP060628.1--6
15072-1492R-T-F12	RS-GCF-000638415.1-NZ-KK222637.1	96.064	1154	95	1118	0.0	1769	RS-GCF-000638415.1-NZ-KK222637.1
15072-1492R-T-F12	RS-GCF-000606725.1-NZ-KK096810.1	96.064	1154	95	1118	0.0	1769	RS-GCF-000606725.1-NZ-KK096810.1
15072-1492R-T-F12	RS-GCF-000609305.1-NZ-KK099076.1--4	96.064	1154	95	1118	0.0	1769	RS-GCF-000609305.1-NZ-KK099076.1--4
15072-1492R-T-F12	RS-GCF-008620055.1-NZ-AP020320.1--2	96.064	1154	95	1118	0.0	1769	RS-GCF-008620055.1-NZ-AP020320.1--2
15072-1492R-T-F12	RS-GCF-001045975.1-NZ-LALM01000028.1	96.064	1154	95	1118	0.0	1769	RS-GCF-001045975.1-NZ-LALM01000028.1
15072-1492R-T-F12	RS-GCF-000570215.1-NZ-KK039535.1	96.064	1154	95	1118	0.0	1769	RS-GCF-000570215.1-NZ-KK039535.1
15072-1492R-T-F12	RS-GCF-000579975.1-NZ-KK073509.1	96.064	1154	95	1118	0.0	1769	RS-GCF-000579975.1-NZ-KK073509.1
15072-1492R-T-F12	RS-GCF-000596905.1-NZ-JEUQ01000010.1	96.064	1154	95	1118	0.0	1769	RS-GCF-000596905.1-NZ-JEUQ01000010.1
15072-1492R-T-F12	RS-GCF-018595915.1-NZ-JAGPWM010000024.1	96.064	1154	95	1118	0.0	1769	RS-GCF-018595915.1-NZ-JAGPWM010000024.1
15072-1492R-T-F12	RS-GCF-003813705.1-NZ-RHFR01000043.1	96.064	1154	95	1118	0.0	1769	RS-GCF-003813705.1-NZ-RHFR01000043.1
15072-1492R-T-F12	RS-GCF-003354885.1-NZ-CP022910.1--4	96.064	1154	95	1118	0.0	1769	RS-GCF-003354885.1-NZ-CP022910.1--4
15072-1492R-T-F12	RS-GCF-000593725.1-NZ-JDGP01000011.1	96.064	1154	95	1118	0.0	1769	RS-GCF-000593725.1-NZ-JDGP01000011.1
15072-1492R-T-F12	RS-GCF-900235985.1-NZ-OEMX01000029.1	96.064	1154	95	1118	0.0	1769	RS-GCF-900235985.1-NZ-OEMX01000029.1
15072-1492R-T-F12	RS-GCF-003238155.1-NZ-PZUS01000064.1	96.064	1154	95	1118	0.0	1769	RS-GCF-003238155.1-NZ-PZUS01000064.1
15072-1492R-T-F12	RS-GCF-900098335.1-NZ-FMQR01000037.1	96.064	1154	95	1118	0.0	1769	RS-GCF-900098335.1-NZ-FMQR01000037.1
15072-1492R-T-F12	RS-GCF-003238755.1-NZ-PZXR01000044.1	96.064	1154	95	1118	0.0	1769	RS-GCF-003238755.1-NZ-PZXR01000044.1
15072-1492R-T-F12	RS-GCF-000587315.1-NZ-KK075486.1	96.064	1154	95	1118	0.0	1769	RS-GCF-000587315.1-NZ-KK075486.1
15072-1492R-T-F12	RS-GCF-000009585.1-NC-017333.1--6	96.064	1154	95	1118	0.0	1769	RS-GCF-000009585.1-NC-017333.1--6
15072-1492R-T-F12	RS-GCF-014235205.1-NZ-JACJGS010000044.1	96.064	1154	95	1118	0.0	1769	RS-GCF-014235205.1-NZ-JACJGS010000044.1
15072-1492R-T-F12	RS-GCF-001208805.1-NZ-CSCB01000016.1	96.064	1154	95	1118	0.0	1769	RS-GCF-001208805.1-NZ-CSCB01000016.1
15072-1492R-T-F12	RS-GCF-000647275.1-NZ-KK240600.1	96.064	1154	95	1118	0.0	1769	RS-GCF-000647275.1-NZ-KK240600.1
15072-1492R-T-F12	RS-GCF-000543485.1-NZ-KI981834.1	96.064	1154	95	1118	0.0	1769	RS-GCF-000543485.1-NZ-KI981834.1
15072-1492R-T-F12	RS-GCF-019209765.1-NZ-JAHUTU010000012.1	96.064	1154	95	1118	0.0	1769	RS-GCF-019209765.1-NZ-JAHUTU010000012.1
15072-1492R-T-F12	RS-GCF-000746505.1-NZ-CP007499.1--5	96.064	1154	95	1118	0.0	1769	RS-GCF-000746505.1-NZ-CP007499.1--5
15072-1492R-T-F12	GB-GCA-018630415.1-JAGDNB010000030.1	96.064	1154	95	1118	0.0	1769	GB-GCA-018630415.1-JAGDNB010000030.1
15072-1492R-T-F12	RS-GCF-000610945.1-NZ-KK099887.1	96.064	1154	95	1118	0.0	1769	RS-GCF-000610945.1-NZ-KK099887.1
15072-1492R-T-F12	RS-GCF-000532935.1-NZ-KI972868.1	96.064	1154	95	1118	0.0	1769	RS-GCF-000532935.1-NZ-KI972868.1
15072-1492R-T-F12	RS-GCF-000532935.1-NZ-KI972868.1	96.064	1154	95	1118	0.0	1769	RS-GCF-000532935.1-NZ-KI972868.1
15072-1492R-T-F12	RS-GCF-000248875.1-NZ-AHVS01000002.1	96.064	1154	95	1118	0.0	1769	RS-GCF-000248875.1-NZ-AHVS01000002.1
15072-1492R-T-F12	RS-GCF-000363745.1-NZ-KB822305.1	96.064	1154	95	1118	0.0	1769	RS-GCF-000363745.1-NZ-KB822305.1
15072-1492R-T-F12	RS-GCF-000551305.1-NZ-KK000042.1	96.064	1154	95	1118	0.0	1769	RS-GCF-000551305.1-NZ-KK000042.1
15072-1492R-T-F12	RS-GCF-000587655.1-NZ-KK075977.1	96.064	1154	95	1118	0.0	1769	RS-GCF-000587655.1-NZ-KK075977.1
15072-1492R-T-F12	RS-GCF-000563955.1-NZ-KK031052.1	96.064	1154	95	1118	0.0	1769	RS-GCF-000563955.1-NZ-KK031052.1
15072-1492R-T-F12	RS-GCF-000572905.1-NZ-KK047876.1--2	96.064	1154	95	1118	0.0	1769	RS-GCF-000572905.1-NZ-KK047876.1--2
15072-1492R-T-F12	RS-GCF-001184325.1-NZ-LFEB02000021.1	96.064	1154	95	1118	0.0	1769	RS-GCF-001184325.1-NZ-LFEB02000021.1
15072-1492R-T-F12	RS-GCF-000560845.1-NZ-KK024198.1	96.064	1154	95	1118	0.0	1769	RS-GCF-000560845.1-NZ-KK024198.1
15072-1492R-T-F12	RS-GCF-001192075.1-NZ-CSLR01000048.1	96.064	1154	95	1118	0.0	1769	RS-GCF-001192075.1-NZ-CSLR01000048.1
15072-1492R-T-F12	RS-GCF-003238915.1-NZ-PZSR01000087.1	96.064	1154	95	1118	0.0	1769	RS-GCF-003238915.1-NZ-PZSR01000087.1
15072-1492R-T-F12	RS-GCF-000643575.1-NZ-KK232817.1--2	96.064	1154	95	1118	0.0	1769	RS-GCF-000643575.1-NZ-KK232817.1--2
15072-1492R-T-F12	RS-GCF-000643975.1-NZ-KK233686.1--2	96.064	1154	95	1118	0.0	1769	RS-GCF-000643975.1-NZ-KK233686.1--2
15072-1492R-T-F12	RS-GCF-000645175.1-NZ-KK236330.1--2	96.064	1154	95	1118	0.0	1769	RS-GCF-000645175.1-NZ-KK236330.1--2
15072-1492R-T-F12	RS-GCF-017582155.1-NZ-JAGFCU010000083.1	96.154	1154	95	1118	0.0	1769	RS-GCF-017582155.1-NZ-JAGFCU010000083.1
15072-1492R-T-F12	RS-GCF-000359925.1-NZ-KB820925.1--4	96.064	1154	95	1118	0.0	1769	RS-GCF-000359925.1-NZ-KB820925.1--4
15072-1492R-T-F12	RS-GCF-900083455.1-NZ-FKXY01000002.1	96.064	1154	95	1118	0.0	1769	RS-GCF-900083455.1-NZ-FKXY01000002.1
15072-1492R-T-F12	RS-GCF-000562345.1-NZ-KK027671.1	96.064	1154	95	1118	0.0	1769	RS-GCF-000562345.1-NZ-KK027671.1
15072-1492R-T-F12	RS-GCF-000610205.1-NZ-KK099449.1	96.064	1154	95	1118	0.0	1769	RS-GCF-000610205.1-NZ-KK099449.1
15072-1492R-T-F12	RS-GCF-002993865.1-NZ-CP027476.1--5	96.064	1154	95	1118	0.0	1769	RS-GCF-002993865.1-NZ-CP027476.1--5
15072-1492R-T-F12	RS-GCF-000967405.1-NC-020537.1	96.064	1154	95	1118	0.0	1769	RS-GCF-000967405.1-NC-020537.1
15072-1492R-T-F12	RS-GCF-000360885.1-NZ-KB821251.1--5	96.064	1154	95	1118	0.0	1769	RS-GCF-000360885.1-NZ-KB821251.1--5
15072-1492R-T-F12	RS-GCF-900252215.1-NZ-OGBR01000015.1	96.064	1154	95	1118	0.0	1769	RS-GCF-900252215.1-NZ-OGBR01000015.1
15072-1492R-T-F12	RS-GCF-000530445.1-NZ-KI971423.1	96.064	1154	95	1118	0.0	1769	RS-GCF-000530445.1-NZ-KI971423.1
15072-1492R-T-F12	RS-GCF-003237975.1-NZ-PZRW01000023.1	96.064	1154	95	1118	0.0	1769	RS-GCF-003237975.1-NZ-PZRW01000023.1
15072-1492R-T-F12	RS-GCF-001184335.1-NZ-LFEC02000008.1	96.064	1154	95	1118	0.0	1769	RS-GCF-001184335.1-NZ-LFEC02000008.1
15072-1492R-T-F12	RS-GCF-000249015.1-NZ-AHVY01000002.1	96.064	1154	95	1118	0.0	1769	RS-GCF-000249015.1-NZ-AHVY01000002.1
15072-1492R-T-F12	RS-GCF-000573145.1-NZ-KK062818.1	96.064	1154	95	1118	0.0	1769	RS-GCF-000573145.1-NZ-KK062818.1
15072-1492R-T-F12	RS-GCF-900620245.1-NZ-LR130515.1--5	96.064	1154	95	1118	0.0	1769	RS-GCF-900620245.1-NZ-LR130515.1--5
15072-1492R-T-F12	GB-GCA-000452885.1-ARPA01000003.1	96.064	1154	95	1118	0.0	1769	GB-GCA-000452885.1-ARPA01000003.1
15072-1492R-T-F12	RS-GCF-000646055.1-NZ-KK238101.1	96.064	1154	95	1118	0.0	1769	RS-GCF-000646055.1-NZ-KK238101.1
15072-1492R-T-F12	RS-GCF-000570175.1-NZ-KK039422.1	96.064	1154	95	1118	0.0	1769	RS-GCF-000570175.1-NZ-KK039422.1
15072-1492R-T-F12	RS-GCF-900096745.1-NZ-LT615218.1--4	96.064	1154	95	1118	0.0	1769	RS-GCF-900096745.1-NZ-LT615218.1--4
15072-1492R-T-F12	RS-GCF-000606525.1-NZ-KK096423.1	96.064	1154	95	1118	0.0	1769	RS-GCF-000606525.1-NZ-KK096423.1
15072-1492R-T-F12	RS-GCF-009769095.1-NZ-CP043843.1--5	96.064	1154	95	1118	0.0	1769	RS-GCF-009769095.1-NZ-CP043843.1--5
15072-1492R-T-F12	RS-GCF-000530545.1-NZ-KI971450.1	96.064	1154	95	1118	0.0	1769	RS-GCF-000530545.1-NZ-KI971450.1
15072-1492R-T-F12	RS-GCF-001060135.1-NZ-JWGC01000142.1	96.064	1154	95	1118	0.0	1769	RS-GCF-001060135.1-NZ-JWGC01000142.1
15072-1492R-T-F12	RS-GCF-000593745.1-NZ-JDGQ01000004.1	96.064	1154	95	1118	0.0	1769	RS-GCF-000593745.1-NZ-JDGQ01000004.1
15072-1492R-T-F12	RS-GCF-003841415.1-NZ-RCOQ01000077.1	96.064	1154	95	1118	0.0	1769	RS-GCF-003841415.1-NZ-RCOQ01000077.1
15072-1492R-T-F12	RS-GCF-000363805.1-NZ-KB822313.1	96.064	1154	95	1118	0.0	1769	RS-GCF-000363805.1-NZ-KB822313.1
15072-1492R-T-F12	RS-GCF-003309905.1-NZ-PTAL01000021.1	96.064	1154	95	1118	0.0	1769	RS-GCF-003309905.1-NZ-PTAL01000021.1
15072-1492R-T-F12	RS-GCF-009912115.1-NZ-CP047792.1	96.064	1154	95	1118	0.0	1769	RS-GCF-009912115.1-NZ-CP047792.1
15072-1492R-T-F12	RS-GCF-900482605.1-NZ-UEKJ01000053.1	96.064	1154	95	1118	0.0	1769	RS-GCF-900482605.1-NZ-UEKJ01000053.1
15072-1492R-T-F12	RS-GCF-000646695.1-NZ-KK239523.1	96.064	1154	95	1118	0.0	1769	RS-GCF-000646695.1-NZ-KK239523.1
15072-1492R-T-F12	RS-GCF-000564275.1-NZ-KK031774.1	96.064	1154	95	1118	0.0	1769	RS-GCF-000564275.1-NZ-KK031774.1
15072-1492R-T-F12	RS-GCF-001986135.1-NZ-CP019563.1	96.064	1154	95	1118	0.0	1769	RS-GCF-001986135.1-NZ-CP019563.1
15072-1492R-T-F12	RS-GCF-003237575.1-NZ-PZVL01000059.1	96.064	1154	95	1118	0.0	1769	RS-GCF-003237575.1-NZ-PZVL01000059.1
15072-1492R-T-F12	RS-GCF-002905355.1-NZ-LKSW01000020.1	96.064	1154	95	1118	0.0	1769	RS-GCF-002905355.1-NZ-LKSW01000020.1
15072-1492R-T-F12	RS-GCF-000578355.1-NZ-KK071101.1	96.064	1154	95	1118	0.0	1769	RS-GCF-000578355.1-NZ-KK071101.1
15072-1492R-T-F12	RS-GCF-000539235.1-NZ-KI974751.1	96.064	1154	95	1118	0.0	1769	RS-GCF-000539235.1-NZ-KI974751.1
15072-1492R-T-F12	RS-GCF-000642935.1-NZ-KK231566.1--2	96.064	1154	95	1118	0.0	1769	RS-GCF-000642935.1-NZ-KK231566.1--2
15072-1492R-T-F12	RS-GCF-000732825.1-NZ-AZJQ01000099.1	96.064	1154	95	1118	0.0	1769	RS-GCF-000732825.1-NZ-AZJQ01000099.1
15072-1492R-T-F12	RS-GCF-010363815.1-NZ-JAAFLJ010000056.1	96.064	1154	95	1118	0.0	1769	RS-GCF-010363815.1-NZ-JAAFLJ010000056.1
15072-1492R-T-F12	RS-GCF-000360105.1-NZ-KB820999.1--5	96.064	1154	95	1118	0.0	1769	RS-GCF-000360105.1-NZ-KB820999.1--5
15072-1492R-T-F12	RS-GCF-002442975.1-NZ-CP020741.1--4	95.975	1154	95	1118	0.0	1769	RS-GCF-002442975.1-NZ-CP020741.1--4
15072-1492R-T-F12	RS-GCF-006511635.1-NZ-SZZD01000062.1	96.064	1154	95	1118	0.0	1769	RS-GCF-006511635.1-NZ-SZZD01000062.1
15072-1492R-T-F12	RS-GCF-001224705.1-NZ-CTWO01000006.1	96.064	1154	95	1118	0.0	1769	RS-GCF-001224705.1-NZ-CTWO01000006.1
15072-1492R-T-F12	RS-GCF-002983175.1-NZ-PHWK01000019.1	96.064	1154	95	1118	0.0	1769	RS-GCF-002983175.1-NZ-PHWK01000019.1
15072-1492R-T-F12	RS-GCF-000608205.1-NZ-KK098301.1--2	96.064	1154	95	1118	0.0	1769	RS-GCF-000608205.1-NZ-KK098301.1--2
15072-1492R-T-F12	GB-GCA-900458205.1-UHCL01000003.1--4	96.064	1154	95	1118	0.0	1769	GB-GCA-900458205.1-UHCL01000003.1--4
15072-1492R-T-F12	RS-GCF-000607545.1-NZ-KK097877.1--2	96.064	1154	95	1118	0.0	1769	RS-GCF-000607545.1-NZ-KK097877.1--2
15072-1492R-T-F12	RS-GCF-000570275.1-NZ-KK039639.1	96.064	1154	95	1118	0.0	1769	RS-GCF-000570275.1-NZ-KK039639.1
15072-1492R-T-F12	RS-GCF-000601665.1-NZ-JGFF01000001.1--2	96.064	1154	95	1118	0.0	1769	RS-GCF-000601665.1-NZ-JGFF01000001.1--2
15072-1492R-T-F12	RS-GCF-000563875.1-NZ-KK030967.1	96.064	1154	95	1118	0.0	1769	RS-GCF-000563875.1-NZ-KK030967.1
15072-1492R-T-F12	GB-GCA-015290965.1-CP063990.1--5	96.064	1154	95	1118	0.0	1769	GB-GCA-015290965.1-CP063990.1--5
15072-1492R-T-F12	RS-GCF-000644255.1-NZ-KK234352.1--2	96.064	1154	95	1118	0.0	1769	RS-GCF-000644255.1-NZ-KK234352.1--2
15072-1492R-T-F12	RS-GCF-002982795.1-NZ-PHVR01000039.1	96.064	1154	95	1118	0.0	1769	RS-GCF-002982795.1-NZ-PHVR01000039.1
15072-1492R-T-F12	RS-GCF-003114335.1-NZ-BEYJ01000017.1	96.064	1154	95	1118	0.0	1769	RS-GCF-003114335.1-NZ-BEYJ01000017.1
15072-1492R-T-F12	RS-GCF-003111745.1-NZ-CP029172.1--2	96.064	1154	95	1118	0.0	1769	RS-GCF-003111745.1-NZ-CP029172.1--2
15072-1492R-T-F12	RS-GCF-003240215.1-NZ-PZXS01000055.1	96.064	1154	95	1118	0.0	1769	RS-GCF-003240215.1-NZ-PZXS01000055.1
15072-1492R-T-F12	RS-GCF-001717645.1-NZ-CP016855.1	96.064	1154	95	1118	0.0	1769	RS-GCF-001717645.1-NZ-CP016855.1
15072-1492R-T-F12	RS-GCF-900474665.1-NZ-LS483310.1--5	96.064	1154	95	1118	0.0	1769	RS-GCF-900474665.1-NZ-LS483310.1--5
15072-1492R-T-F12	RS-GCF-003114015.1-NZ-BEYC01000022.1	96.064	1154	95	1118	0.0	1769	RS-GCF-003114015.1-NZ-BEYC01000022.1
15072-1492R-T-F12	RS-GCF-000645955.1-NZ-KK237881.1	96.064	1154	95	1118	0.0	1769	RS-GCF-000645955.1-NZ-KK237881.1
15072-1492R-T-F12	RS-GCF-000561585.1-NZ-KK025919.1	96.064	1154	95	1118	0.0	1769	RS-GCF-000561585.1-NZ-KK025919.1
15072-1492R-T-F12	RS-GCF-000540635.1-NZ-KI976427.1	96.064	1154	95	1118	0.0	1769	RS-GCF-000540635.1-NZ-KI976427.1
15072-1492R-T-F12	RS-GCF-018682195.1-NZ-JAEUDZ010000032.1	96.064	1154	95	1118	0.0	1769	RS-GCF-018682195.1-NZ-JAEUDZ010000032.1
15072-1492R-T-F12	RS-GCF-000362125.1-NZ-KB821715.1	96.064	1154	95	1118	0.0	1769	RS-GCF-000362125.1-NZ-KB821715.1
15072-1492R-T-F12	RS-GCF-000362465.1-NZ-KB821836.1--2	96.064	1154	95	1118	0.0	1769	RS-GCF-000362465.1-NZ-KB821836.1--2
15072-1492R-T-F12	RS-GCF-000536935.1-NZ-JBIB01000003.1	96.064	1154	95	1118	0.0	1769	RS-GCF-000536935.1-NZ-JBIB01000003.1
15072-1492R-T-F12	RS-GCF-008620175.1-NZ-AP020322.1--2	96.064	1154	95	1118	0.0	1769	RS-GCF-008620175.1-NZ-AP020322.1--2
15072-1492R-T-F12	RS-GCF-009912975.1-NZ-CP047867.1--6	96.064	1154	95	1118	0.0	1769	RS-GCF-009912975.1-NZ-CP047867.1--6
15072-1492R-T-F12	RS-GCF-000573745.1-NZ-KK064187.1	96.064	1154	95	1118	0.0	1769	RS-GCF-000573745.1-NZ-KK064187.1
15072-1492R-T-F12	RS-GCF-001019295.2-NZ-JXZL02000005.1	96.064	1154	95	1118	0.0	1769	RS-GCF-001019295.2-NZ-JXZL02000005.1
15072-1492R-T-F12	RS-GCF-000605145.1-NZ-KK094242.1	96.064	1154	95	1118	0.0	1769	RS-GCF-000605145.1-NZ-KK094242.1
15072-1492R-T-F12	RS-GCF-000538275.1-NZ-KI973802.1	96.064	1154	95	1118	0.0	1769	RS-GCF-000538275.1-NZ-KI973802.1
15072-1492R-T-F12	RS-GCF-000578555.1-NZ-KK071490.1	96.064	1154	95	1118	0.0	1769	RS-GCF-000578555.1-NZ-KK071490.1
15072-1492R-T-F12	RS-GCF-900474565.1-NZ-LS483302.1--5	96.064	1154	95	1118	0.0	1769	RS-GCF-900474565.1-NZ-LS483302.1--5
15072-1492R-T-F12	RS-GCF-900474565.1-NZ-LS483302.1--2	96.064	1154	95	1118	0.0	1769	RS-GCF-900474565.1-NZ-LS483302.1--2
15072-1492R-T-F12	RS-GCF-900474565.1-NZ-LS483302.1	96.064	1154	95	1118	0.0	1769	RS-GCF-900474565.1-NZ-LS483302.1
15072-1492R-T-F12	RS-GCF-001062455.1-NZ-JVWU01000155.1	96.064	1154	95	1118	0.0	1769	RS-GCF-001062455.1-NZ-JVWU01000155.1
15072-1492R-T-F12	GB-GCA-000564875.1-AYXU01000245.1	96.064	1154	95	1118	0.0	1769	GB-GCA-000564875.1-AYXU01000245.1
15072-1492R-T-F12	RS-GCF-001297295.1-NZ-LFMG01000028.1	96.064	1154	95	1118	0.0	1769	RS-GCF-001297295.1-NZ-LFMG01000028.1
15072-1492R-T-F12	RS-GCF-000638595.1-NZ-KK222948.1	96.064	1154	95	1118	0.0	1769	RS-GCF-000638595.1-NZ-KK222948.1
15072-1492R-T-F12	RS-GCF-000606865.1-NZ-KK097095.1	96.064	1154	95	1118	0.0	1769	RS-GCF-000606865.1-NZ-KK097095.1
15072-1492R-T-F12	RS-GCF-009912375.1-NZ-CP047828.1	96.064	1154	95	1118	0.0	1769	RS-GCF-009912375.1-NZ-CP047828.1
15072-1492R-T-F12	RS-GCF-000639975.1-NZ-KK225626.1	96.064	1154	95	1118	0.0	1769	RS-GCF-000639975.1-NZ-KK225626.1
15072-1492R-T-F12	RS-GCF-000571375.1-NZ-KK041417.1--2	96.064	1154	95	1118	0.0	1769	RS-GCF-000571375.1-NZ-KK041417.1--2
15072-1492R-T-F12	RS-GCF-000571375.1-NZ-KK041417.1	96.064	1154	95	1118	0.0	1769	RS-GCF-000571375.1-NZ-KK041417.1
15072-1492R-T-F12	RS-GCF-000284895.1-NZ-BAEA01000046.1	96.064	1154	95	1118	0.0	1769	RS-GCF-000284895.1-NZ-BAEA01000046.1
15072-1492R-T-F12	RS-GCF-000545645.1-NZ-KI986945.1	96.064	1154	95	1118	0.0	1769	RS-GCF-000545645.1-NZ-KI986945.1
15072-1492R-T-F12	RS-GCF-003031465.1-NZ-CP020544.1--6	96.064	1154	95	1118	0.0	1769	RS-GCF-003031465.1-NZ-CP020544.1--6
15072-1492R-T-F12	RS-GCF-900457415.1-NZ-UHAA01000001.1--6	96.064	1154	95	1118	0.0	1769	RS-GCF-900457415.1-NZ-UHAA01000001.1--6
15072-1492R-T-F12	RS-GCF-900457415.1-NZ-UHAA01000001.1--5	96.064	1154	95	1118	0.0	1769	RS-GCF-900457415.1-NZ-UHAA01000001.1--5
15072-1492R-T-F12	RS-GCF-011007275.1-NZ-WBTI01000036.1	96.064	1154	95	1118	0.0	1769	RS-GCF-011007275.1-NZ-WBTI01000036.1
15072-1492R-T-F12	RS-GCF-000645435.1-NZ-KK236829.1	96.064	1154	95	1118	0.0	1769	RS-GCF-000645435.1-NZ-KK236829.1
15072-1492R-T-F12	RS-GCF-000525125.1-NZ-KI966039.1	96.064	1154	95	1118	0.0	1769	RS-GCF-000525125.1-NZ-KI966039.1
15072-1492R-T-F12	RS-GCF-001611475.1-NZ-LSAN01000058.1	96.064	1154	95	1118	0.0	1769	RS-GCF-001611475.1-NZ-LSAN01000058.1
15072-1492R-T-F12	RS-GCF-000364105.1-NZ-KB822376.1--2	96.064	1154	95	1118	0.0	1769	RS-GCF-000364105.1-NZ-KB822376.1--2
15072-1492R-T-F12	RS-GCF-000643035.1-NZ-KK231738.1	96.064	1154	95	1118	0.0	1769	RS-GCF-000643035.1-NZ-KK231738.1
15072-1492R-T-F12	RS-GCF-000637455.1-NZ-KK220768.1	96.064	1154	95	1118	0.0	1769	RS-GCF-000637455.1-NZ-KK220768.1
15072-1492R-T-F12	RS-GCF-000525485.1-NZ-KI966258.1--2	96.064	1154	95	1118	0.0	1769	RS-GCF-000525485.1-NZ-KI966258.1--2
15072-1492R-T-F12	RS-GCF-009799545.1-NZ-WTUK01000032.1	96.064	1154	95	1118	0.0	1769	RS-GCF-009799545.1-NZ-WTUK01000032.1
15072-1492R-T-F12	RS-GCF-000361545.1-NZ-KB821479.1	96.064	1154	95	1118	0.0	1769	RS-GCF-000361545.1-NZ-KB821479.1
15072-1492R-T-F12	RS-GCF-002273385.1-NZ-LKWI01000095.1	96.064	1154	95	1118	0.0	1769	RS-GCF-002273385.1-NZ-LKWI01000095.1
15072-1492R-T-F12	RS-GCF-000642895.1-NZ-KK231468.1	96.064	1154	95	1118	0.0	1769	RS-GCF-000642895.1-NZ-KK231468.1
15072-1492R-T-F12	RS-GCF-000642895.1-NZ-KK231482.1--2	96.064	1154	95	1118	0.0	1769	RS-GCF-000642895.1-NZ-KK231482.1--2
15072-1492R-T-F12	RS-GCF-000571795.1-NZ-KK042136.1	96.064	1154	95	1118	0.0	1769	RS-GCF-000571795.1-NZ-KK042136.1
15072-1492R-T-F12	RS-GCF-003114635.1-NZ-BEYN01000028.1	96.064	1154	95	1118	0.0	1769	RS-GCF-003114635.1-NZ-BEYN01000028.1
15072-1492R-T-F12	RS-GCF-000607645.1-NZ-KK097936.1	96.064	1154	95	1118	0.0	1769	RS-GCF-000607645.1-NZ-KK097936.1
15072-1492R-T-F12	RS-GCF-900457625.1-NZ-UGZZ01000001.1--6	96.064	1154	95	1118	0.0	1769	RS-GCF-900457625.1-NZ-UGZZ01000001.1--6
15072-1492R-T-F12	RS-GCF-000360045.1-NZ-KB820976.1--6	96.064	1154	95	1118	0.0	1769	RS-GCF-000360045.1-NZ-KB820976.1--6
15072-1492R-T-F12	RS-GCF-000564155.1-NZ-KK031453.1	96.064	1154	95	1118	0.0	1769	RS-GCF-000564155.1-NZ-KK031453.1
15072-1492R-T-F12	RS-GCF-003354645.1-NZ-CP022897.1--6	96.064	1154	95	1118	0.0	1769	RS-GCF-003354645.1-NZ-CP022897.1--6
15072-1492R-T-F12	RS-GCF-003354645.1-NZ-CP022897.1--4	96.154	1154	95	1118	0.0	1769	RS-GCF-003354645.1-NZ-CP022897.1--4
15072-1492R-T-F12	RS-GCF-900458105.1-NZ-UHCF01000001.1	96.064	1154	95	1118	0.0	1769	RS-GCF-900458105.1-NZ-UHCF01000001.1
15072-1492R-T-F12	RS-GCF-008619795.1-NZ-AP020316.1--6	96.064	1154	95	1118	0.0	1769	RS-GCF-008619795.1-NZ-AP020316.1--6
15072-1492R-T-F12	RS-GCF-014334435.1-NZ-CP060598.1--5	96.064	1154	95	1118	0.0	1769	RS-GCF-014334435.1-NZ-CP060598.1--5
15072-1492R-T-F12	RS-GCF-000574245.1-NZ-KK065390.1	96.064	1154	95	1118	0.0	1769	RS-GCF-000574245.1-NZ-KK065390.1
15072-1492R-T-F12	RS-GCF-001229905.1-NZ-CTWY01000037.1	96.064	1154	95	1118	0.0	1769	RS-GCF-001229905.1-NZ-CTWY01000037.1
15072-1492R-T-F12	RS-GCF-000637115.1-NZ-KK220030.1	96.064	1154	95	1118	0.0	1769	RS-GCF-000637115.1-NZ-KK220030.1
15072-1492R-T-F12	RS-GCF-000594165.1-NZ-JDZB01000001.1	96.064	1154	95	1118	0.0	1769	RS-GCF-000594165.1-NZ-JDZB01000001.1
15072-1492R-T-F12	RS-GCF-000555265.1-NZ-KK009952.1--2	96.064	1154	95	1118	0.0	1769	RS-GCF-000555265.1-NZ-KK009952.1--2
15072-1492R-T-F12	RS-GCF-000646795.1-NZ-KK239711.1	96.064	1154	95	1118	0.0	1769	RS-GCF-000646795.1-NZ-KK239711.1
15072-1492R-T-F12	RS-GCF-000646795.1-NZ-KK239720.1--2	96.064	1154	95	1118	0.0	1769	RS-GCF-000646795.1-NZ-KK239720.1--2
15072-1492R-T-F12	RS-GCF-000544825.1-NZ-KI985145.1--2	96.064	1154	95	1118	0.0	1769	RS-GCF-000544825.1-NZ-KI985145.1--2
15072-1492R-T-F12	RS-GCF-000587275.1-NZ-KK075445.1	96.064	1154	95	1118	0.0	1769	RS-GCF-000587275.1-NZ-KK075445.1
15072-1492R-T-F12	RS-GCF-000644975.1-NZ-KK235911.1--2	96.064	1154	95	1118	0.0	1769	RS-GCF-000644975.1-NZ-KK235911.1--2
15072-1492R-T-F12	RS-GCF-000570815.1-NZ-KK040627.1	96.064	1154	95	1118	0.0	1769	RS-GCF-000570815.1-NZ-KK040627.1
15072-1492R-T-F12	RS-GCF-012274745.1-NZ-SJAW01000005.1	96.064	1154	95	1118	0.0	1769	RS-GCF-012274745.1-NZ-SJAW01000005.1
15072-1492R-T-F12	RS-GCF-001239705.1-NZ-CTWV01000044.1	96.064	1154	95	1118	0.0	1769	RS-GCF-001239705.1-NZ-CTWV01000044.1
15072-1492R-T-F12	RS-GCF-000562715.1-NZ-KK028472.1	96.064	1154	95	1118	0.0	1769	RS-GCF-000562715.1-NZ-KK028472.1
15072-1492R-T-F12	RS-GCF-003017635.1-NZ-NGNL01000001.1--6	96.064	1154	95	1118	0.0	1769	RS-GCF-003017635.1-NZ-NGNL01000001.1--6
15072-1492R-T-F12	RS-GCF-000562735.1-NZ-KK028525.1	96.064	1154	95	1118	0.0	1769	RS-GCF-000562735.1-NZ-KK028525.1
15072-1492R-T-F12	RS-GCF-000569475.1-NZ-KK038440.1--2	96.064	1154	95	1118	0.0	1769	RS-GCF-000569475.1-NZ-KK038440.1--2
15072-1492R-T-F12	RS-GCF-000361685.1-NZ-KB821506.1--2	96.064	1154	95	1118	0.0	1769	RS-GCF-000361685.1-NZ-KB821506.1--2
15072-1492R-T-F12	RS-GCF-901542495.1-NZ-CABEIE010000001.1--5	96.064	1154	95	1118	0.0	1769	RS-GCF-901542495.1-NZ-CABEIE010000001.1--5
15072-1492R-T-F12	RS-GCF-000362885.1-NZ-KB822042.1	96.064	1154	95	1118	0.0	1769	RS-GCF-000362885.1-NZ-KB822042.1
15072-1492R-T-F12	RS-GCF-002124245.1-NZ-NDSU01000038.1	96.064	1154	95	1118	0.0	1769	RS-GCF-002124245.1-NZ-NDSU01000038.1
15072-1492R-T-F12	RS-GCF-000604645.1-NZ-KK093160.1	96.064	1154	95	1118	0.0	1769	RS-GCF-000604645.1-NZ-KK093160.1
15072-1492R-T-F12	RS-GCF-000576925.1-NZ-KK070163.1	96.064	1154	95	1118	0.0	1769	RS-GCF-000576925.1-NZ-KK070163.1
15072-1492R-T-F12	RS-GCF-003185005.1-NZ-CP028470.1--6	96.064	1154	95	1118	0.0	1769	RS-GCF-003185005.1-NZ-CP028470.1--6
15072-1492R-T-F12	RS-GCF-017581425.1-NZ-JAGFCN010000020.1	96.064	1154	95	1118	0.0	1769	RS-GCF-017581425.1-NZ-JAGFCN010000020.1
15072-1492R-T-F12	RS-GCF-000636355.1-NZ-KK218492.1--2	96.064	1154	95	1118	0.0	1769	RS-GCF-000636355.1-NZ-KK218492.1--2
15072-1492R-T-F12	RS-GCF-000646455.1-NZ-KK238971.1--2	96.064	1154	95	1118	0.0	1769	RS-GCF-000646455.1-NZ-KK238971.1--2
15072-1492R-T-F12	RS-GCF-000171455.1-NZ-ABFB01000067.1	96.064	1154	95	1118	0.0	1769	RS-GCF-000171455.1-NZ-ABFB01000067.1
15072-1492R-T-F12	RS-GCF-000557105.1-NZ-KK014929.1--2	96.064	1154	95	1118	0.0	1769	RS-GCF-000557105.1-NZ-KK014929.1--2
15072-1492R-T-F12	RS-GCF-900081205.1-NZ-FKPL01000014.1	96.064	1154	95	1118	0.0	1769	RS-GCF-900081205.1-NZ-FKPL01000014.1
15072-1492R-T-F12	RS-GCF-000604485.1-NZ-KK092323.1	96.064	1154	95	1118	0.0	1769	RS-GCF-000604485.1-NZ-KK092323.1
15072-1492R-T-F12	RS-GCF-900636335.1-NZ-LR134271.1	95.447	1154	97	1142	0.0	1769	RS-GCF-900636335.1-NZ-LR134271.1
15072-1492R-T-F12	RS-GCF-005153985.1-NZ-CP039759.1--6	96.064	1154	95	1118	0.0	1769	RS-GCF-005153985.1-NZ-CP039759.1--6
15072-1492R-T-F12	RS-GCF-014334415.1-NZ-CP060597.1--4	96.064	1154	95	1118	0.0	1769	RS-GCF-014334415.1-NZ-CP060597.1--4
15072-1492R-T-F12	RS-GCF-001224505.1-NZ-CTYT01000013.1	96.064	1154	95	1118	0.0	1769	RS-GCF-001224505.1-NZ-CTYT01000013.1
15072-1492R-T-F12	RS-GCF-000579735.1-NZ-KK073204.1	96.064	1154	95	1118	0.0	1769	RS-GCF-000579735.1-NZ-KK073204.1
15072-1492R-T-F12	RS-GCF-000605125.1-NZ-KK094219.1	96.064	1154	95	1118	0.0	1769	RS-GCF-000605125.1-NZ-KK094219.1
15072-1492R-T-F12	RS-GCF-001515765.1-NZ-CP012012.1--3	96.064	1154	95	1118	0.0	1769	RS-GCF-001515765.1-NZ-CP012012.1--3
15072-1492R-T-F12	RS-GCF-003029665.1-NZ-CP020553.1--6	96.064	1154	95	1118	0.0	1769	RS-GCF-003029665.1-NZ-CP020553.1--6
15072-1492R-T-F12	RS-GCF-000540935.1-NZ-KI976723.1	96.064	1154	95	1118	0.0	1769	RS-GCF-000540935.1-NZ-KI976723.1
15072-1492R-T-F12	RS-GCF-000540935.1-NZ-KI976724.1	96.064	1154	95	1118	0.0	1769	RS-GCF-000540935.1-NZ-KI976724.1
15072-1492R-T-F12	RS-GCF-009739675.1-NZ-CP033982.1--5	96.064	1154	95	1118	0.0	1769	RS-GCF-009739675.1-NZ-CP033982.1--5
15072-1492R-T-F12	RS-GCF-001469015.1-NZ-LNOO01000048.1	96.064	1154	95	1118	0.0	1769	RS-GCF-001469015.1-NZ-LNOO01000048.1
15072-1492R-T-F12	RS-GCF-000638895.1-NZ-KK223501.1--2	96.064	1154	95	1118	0.0	1769	RS-GCF-000638895.1-NZ-KK223501.1--2
15072-1492R-T-F12	RS-GCF-000636995.1-NZ-KK219785.1--2	96.064	1154	95	1118	0.0	1769	RS-GCF-000636995.1-NZ-KK219785.1--2
15072-1492R-T-F12	RS-GCF-004026165.1-NZ-CP035005.1--5	96.064	1154	95	1118	0.0	1769	RS-GCF-004026165.1-NZ-CP035005.1--5
15072-1492R-T-F12	RS-GCF-000643095.1-NZ-KK231896.1	96.064	1154	95	1118	0.0	1769	RS-GCF-000643095.1-NZ-KK231896.1
15072-1492R-T-F12	RS-GCF-000643095.1-NZ-KK231870.1	96.064	1154	95	1118	0.0	1769	RS-GCF-000643095.1-NZ-KK231870.1
15072-1492R-T-F12	RS-GCF-000683115.1-NZ-JIIT01000002.1	96.064	1154	95	1118	0.0	1769	RS-GCF-000683115.1-NZ-JIIT01000002.1
15072-1492R-T-F12	RS-GCF-000563395.1-NZ-KK029830.1	96.064	1154	95	1118	0.0	1769	RS-GCF-000563395.1-NZ-KK029830.1
15072-1492R-T-F12	RS-GCF-000606925.1-NZ-KK097194.1	96.064	1154	95	1118	0.0	1769	RS-GCF-000606925.1-NZ-KK097194.1
15072-1492R-T-F12	RS-GCF-002904815.1-NZ-LKOB01000023.1	96.064	1154	95	1118	0.0	1769	RS-GCF-002904815.1-NZ-LKOB01000023.1
15072-1492R-T-F12	RS-GCF-000571615.1-NZ-KK041845.1	96.064	1154	95	1118	0.0	1769	RS-GCF-000571615.1-NZ-KK041845.1
15072-1492R-T-F12	RS-GCF-000607925.1-NZ-KK098148.1	96.064	1154	95	1118	0.0	1769	RS-GCF-000607925.1-NZ-KK098148.1
15072-1492R-T-F12	GB-GCA-014696975.1-CP051484.1--5	96.064	1154	95	1118	0.0	1769	GB-GCA-014696975.1-CP051484.1--5
15072-1492R-T-F12	RS-GCF-018999165.1-NZ-JAHNHV010000034.1	96.064	1154	95	1118	0.0	1769	RS-GCF-018999165.1-NZ-JAHNHV010000034.1
15072-1492R-T-F12	RS-GCF-003038335.1-NZ-PYEU01000002.1	96.064	1154	95	1118	0.0	1769	RS-GCF-003038335.1-NZ-PYEU01000002.1
15072-1492R-T-F12	RS-GCF-003236955.1-NZ-PZTO01000022.1	96.064	1154	95	1118	0.0	1769	RS-GCF-003236955.1-NZ-PZTO01000022.1
15072-1492R-T-F12	RS-GCF-000539055.1-NZ-KI974599.1	96.064	1154	95	1118	0.0	1769	RS-GCF-000539055.1-NZ-KI974599.1
15072-1492R-T-F12	RS-GCF-000539055.1-NZ-KI974601.1	96.064	1154	95	1118	0.0	1769	RS-GCF-000539055.1-NZ-KI974601.1
15072-1492R-T-F12	RS-GCF-001046075.1-NZ-LALW01000031.1	96.064	1154	95	1118	0.0	1769	RS-GCF-001046075.1-NZ-LALW01000031.1
15072-1492R-T-F12	RS-GCF-000360205.1-NZ-KB821038.1--4	96.064	1154	95	1118	0.0	1769	RS-GCF-000360205.1-NZ-KB821038.1--4
15072-1492R-T-F12	RS-GCF-002982635.1-NZ-PHVI01000033.1	96.064	1154	95	1118	0.0	1769	RS-GCF-002982635.1-NZ-PHVI01000033.1
15072-1492R-T-F12	RS-GCF-003075955.1-NZ-QDHR01000101.1	96.064	1154	95	1118	0.0	1769	RS-GCF-003075955.1-NZ-QDHR01000101.1
15072-1492R-T-F12	RS-GCF-000594125.1-NZ-JDYZ01000005.1	96.064	1154	95	1118	0.0	1769	RS-GCF-000594125.1-NZ-JDYZ01000005.1
15072-1492R-T-F12	RS-GCF-000595985.1-NZ-JFQP01000048.1	96.064	1154	95	1118	0.0	1769	RS-GCF-000595985.1-NZ-JFQP01000048.1
15072-1492R-T-F12	RS-GCF-000527715.1-NZ-KI966478.1	96.064	1154	95	1118	0.0	1769	RS-GCF-000527715.1-NZ-KI966478.1
15072-1492R-T-F12	RS-GCF-000572745.1-NZ-KK047826.1	96.064	1154	95	1118	0.0	1769	RS-GCF-000572745.1-NZ-KK047826.1
15072-1492R-T-F12	RS-GCF-001235465.1-NZ-CTYU01000017.1	96.064	1154	95	1118	0.0	1769	RS-GCF-001235465.1-NZ-CTYU01000017.1
15072-1492R-T-F12	RS-GCF-000570995.1-NZ-KK040828.1	96.064	1154	95	1118	0.0	1769	RS-GCF-000570995.1-NZ-KK040828.1
15072-1492R-T-F12	RS-GCF-017798245.1-NZ-CP060278.1--3	96.064	1154	95	1118	0.0	1769	RS-GCF-017798245.1-NZ-CP060278.1--3
15072-1492R-T-F12	RS-GCF-000772025.1-NZ-CP009554.1--4	96.064	1154	95	1118	0.0	1769	RS-GCF-000772025.1-NZ-CP009554.1--4
15072-1492R-T-F12	RS-GCF-004137035.1-NZ-RBAZ01000041.1	96.064	1154	95	1118	0.0	1769	RS-GCF-004137035.1-NZ-RBAZ01000041.1
15072-1492R-T-F12	RS-GCF-000578475.1-NZ-KK071342.1	96.064	1154	95	1118	0.0	1769	RS-GCF-000578475.1-NZ-KK071342.1
15072-1492R-T-F12	RS-GCF-004328315.1-NZ-SJEQ01000010.1	96.064	1154	95	1118	0.0	1769	RS-GCF-004328315.1-NZ-SJEQ01000010.1
15072-1492R-T-F12	RS-GCF-000541235.1-NZ-KI977056.1	96.064	1154	95	1118	0.0	1769	RS-GCF-000541235.1-NZ-KI977056.1
15072-1492R-T-F12	RS-GCF-001224885.1-NZ-CTXS01000010.1	96.064	1154	95	1118	0.0	1769	RS-GCF-001224885.1-NZ-CTXS01000010.1
15072-1492R-T-F12	RS-GCF-008079625.1-NZ-VRNS01000005.1	96.064	1154	95	1118	0.0	1769	RS-GCF-008079625.1-NZ-VRNS01000005.1
15072-1492R-T-F12	RS-GCF-000187145.1-NZ-GL638161.1	96.064	1154	95	1118	0.0	1769	RS-GCF-000187145.1-NZ-GL638161.1
15072-1492R-T-F12	RS-GCF-000569815.1-NZ-KK038919.1--2	96.064	1154	95	1118	0.0	1769	RS-GCF-000569815.1-NZ-KK038919.1--2
15072-1492R-T-F12	RS-GCF-000563795.1-NZ-KK030747.1	96.064	1154	95	1118	0.0	1769	RS-GCF-000563795.1-NZ-KK030747.1
15072-1492R-T-F12	RS-GCF-000683295.1-NZ-JIKK01000027.1	96.064	1154	95	1118	0.0	1769	RS-GCF-000683295.1-NZ-JIKK01000027.1
15072-1492R-T-F12	RS-GCF-003114655.1-NZ-BEYO01000040.1	96.064	1154	95	1118	0.0	1769	RS-GCF-003114655.1-NZ-BEYO01000040.1
15072-1492R-T-F12	RS-GCF-002786465.1-NZ-CP022290.1--2	96.064	1154	95	1118	0.0	1769	RS-GCF-002786465.1-NZ-CP022290.1--2
15072-1492R-T-F12	RS-GCF-000580015.1-NZ-KK073581.1--2	96.064	1154	95	1118	0.0	1769	RS-GCF-000580015.1-NZ-KK073581.1--2
15072-1492R-T-F12	RS-GCF-000580015.1-NZ-KK073581.1	96.064	1154	95	1118	0.0	1769	RS-GCF-000580015.1-NZ-KK073581.1
15072-1492R-T-F12	GB-GCA-017088185.1-CP070989.1--2	96.064	1154	95	1118	0.0	1769	GB-GCA-017088185.1-CP070989.1--2
15072-1492R-T-F12	RS-GCF-018682255.1-NZ-JAEUDX010000031.1	96.064	1154	95	1118	0.0	1769	RS-GCF-018682255.1-NZ-JAEUDX010000031.1
15072-1492R-T-F12	RS-GCF-000550665.1-NZ-KI998601.1	96.064	1154	95	1118	0.0	1769	RS-GCF-000550665.1-NZ-KI998601.1
15072-1492R-T-F12	RS-GCF-001060535.1-NZ-JVZK01000072.1	96.064	1154	95	1118	0.0	1769	RS-GCF-001060535.1-NZ-JVZK01000072.1
15072-1492R-T-F12	G001233785	96.064	1154	95	1118	0.0	1769	G001233785
15072-1492R-T-F12	AB009941	96.064	1154	95	1118	0.0	1769	AB009941
15072-1492R-T-F12	AY727530	96.064	1154	95	1118	0.0	1769	AY727530
15072-1492R-T-F12	MJ032-2-barcode69-umi1404bins-ubs-169	96.064	1154	95	1118	0.0	1769	MJ032-2-barcode69-umi1404bins-ubs-169
15072-1492R-T-F12	MJ005-barcode25-umi523bins-ubs-123	96.064	1154	95	1118	0.0	1769	MJ005-barcode25-umi523bins-ubs-123
15072-1492R-T-F12	MJ006-1-barcode39-umi101304bins-ubs-4	96.064	1154	95	1118	0.0	1769	MJ006-1-barcode39-umi101304bins-ubs-4
15072-1492R-T-F12	RS-GCF-000609525.1-NZ-KK099171.1--3	96.061	1154	95	1117	0.0	1767	RS-GCF-000609525.1-NZ-KK099171.1--3
15072-1492R-T-F12	RS-GCF-900457955.1-NZ-UHBH01000002.1--4	96.068	1154	95	1119	0.0	1767	RS-GCF-900457955.1-NZ-UHBH01000002.1--4
15072-1492R-T-F12	RS-GCF-000525105.1-NZ-KI966013.1--3	96.061	1154	95	1117	0.0	1767	RS-GCF-000525105.1-NZ-KI966013.1--3
15072-1492R-T-F12	RS-GCF-002356675.1-NZ-AP014921.1	95.979	1154	95	1119	0.0	1767	RS-GCF-002356675.1-NZ-AP014921.1
15072-1492R-T-F12	RS-GCF-000248775.1-NZ-AHVU01000007.1	95.606	1154	97	1138	0.0	1767	RS-GCF-000248775.1-NZ-AHVU01000007.1
15072-1492R-T-F12	RS-GCF-003577825.1-NZ-QXSQ01000156.1	95.602	1154	97	1137	0.0	1766	RS-GCF-003577825.1-NZ-QXSQ01000156.1
15072-1492R-T-F12	RS-GCF-900149265.1-NZ-FSRX01000021.1	95.975	1154	95	1118	0.0	1766	RS-GCF-900149265.1-NZ-FSRX01000021.1
15072-1492R-T-F12	RS-GCF-002303825.1-NZ-LLBF01000016.1	95.975	1154	95	1118	0.0	1766	RS-GCF-002303825.1-NZ-LLBF01000016.1
15072-1492R-T-F12	RS-GCF-002983335.1-NZ-PHWR01000026.1	95.975	1154	95	1118	0.0	1766	RS-GCF-002983335.1-NZ-PHWR01000026.1
15072-1492R-T-F12	RS-GCF-002275465.1-NZ-LKYD01000137.1	95.975	1154	95	1118	0.0	1766	RS-GCF-002275465.1-NZ-LKYD01000137.1
15072-1492R-T-F12	RS-GCF-003724015.1-NZ-RBVO01000016.1	95.975	1154	95	1118	0.0	1766	RS-GCF-003724015.1-NZ-RBVO01000016.1
15072-1492R-T-F12	RS-GCF-007827105.1-NZ-CP042048.1--3	95.975	1154	95	1118	0.0	1766	RS-GCF-007827105.1-NZ-CP042048.1--3
15072-1492R-T-F12	RS-GCF-007827105.1-NZ-CP042048.1	95.975	1154	95	1118	0.0	1766	RS-GCF-007827105.1-NZ-CP042048.1
15072-1492R-T-F12	RS-GCF-900125915.1-NZ-FQHW01000004.1	95.975	1154	95	1118	0.0	1765	RS-GCF-900125915.1-NZ-FQHW01000004.1
15072-1492R-T-F12	RS-GCF-018998885.1-NZ-JAHNHK010000020.1	95.975	1154	95	1118	0.0	1765	RS-GCF-018998885.1-NZ-JAHNHK010000020.1
15072-1492R-T-F12	RS-GCF-000642895.1-NZ-KK231482.1	96.057	1154	95	1116	0.0	1765	RS-GCF-000642895.1-NZ-KK231482.1
15072-1492R-T-F12	RS-GCF-007998145.1-NZ-CP042650.1--6	95.975	1154	95	1118	0.0	1765	RS-GCF-007998145.1-NZ-CP042650.1--6
15072-1492R-T-F12	RS-GCF-000639955.1-NZ-KK225615.1--2	96.057	1154	95	1116	0.0	1765	RS-GCF-000639955.1-NZ-KK225615.1--2
15072-1492R-T-F12	RS-GCF-900474705.1-NZ-LS483312.1	95.975	1154	95	1118	0.0	1764	RS-GCF-900474705.1-NZ-LS483312.1
15072-1492R-T-F12	RS-GCF-002591215.1-NZ-CP023970.1--2	95.975	1154	95	1118	0.0	1764	RS-GCF-002591215.1-NZ-CP023970.1--2
15072-1492R-T-F12	RS-GCF-900478255.1-NZ-LS483482.1	95.975	1154	95	1118	0.0	1764	RS-GCF-900478255.1-NZ-LS483482.1
15072-1492R-T-F12	RS-GCF-003595345.1-NZ-CP023076.1--5	95.975	1154	95	1118	0.0	1764	RS-GCF-003595345.1-NZ-CP023076.1--5
15072-1492R-T-F12	GB-GCA-014353125.1-JACSHN010000001.1--6	95.975	1154	95	1118	0.0	1764	GB-GCA-014353125.1-JACSHN010000001.1--6
15072-1492R-T-F12	RS-GCF-001061155.1-NZ-JWBA01000059.1	95.975	1154	95	1118	0.0	1764	RS-GCF-001061155.1-NZ-JWBA01000059.1
15072-1492R-T-F12	RS-GCF-003239175.1-NZ-PZTW01000023.1	95.975	1154	95	1118	0.0	1764	RS-GCF-003239175.1-NZ-PZTW01000023.1
15072-1492R-T-F12	RS-GCF-001194525.1-NZ-CSCV01000016.1	95.975	1154	95	1118	0.0	1764	RS-GCF-001194525.1-NZ-CSCV01000016.1
15072-1492R-T-F12	RS-GCF-000644915.1-NZ-KK235775.1--2	95.975	1154	95	1118	0.0	1764	RS-GCF-000644915.1-NZ-KK235775.1--2
15072-1492R-T-F12	RS-GCF-015999445.1-NZ-CP065515.1--4	95.975	1154	95	1118	0.0	1764	RS-GCF-015999445.1-NZ-CP065515.1--4
15072-1492R-T-F12	RS-GCF-003186105.1-NZ-CP029629.1--3	95.975	1154	95	1118	0.0	1764	RS-GCF-003186105.1-NZ-CP029629.1--3
15072-1492R-T-F12	RS-GCF-000573045.1-NZ-KK047918.1--5	95.975	1154	95	1118	0.0	1764	RS-GCF-000573045.1-NZ-KK047918.1--5
15072-1492R-T-F12	RS-GCF-000573045.1-NZ-KK047918.1	95.975	1154	95	1118	0.0	1764	RS-GCF-000573045.1-NZ-KK047918.1
15072-1492R-T-F12	RS-GCF-008693765.1-NZ-CP044106.1--6	95.975	1154	95	1118	0.0	1764	RS-GCF-008693765.1-NZ-CP044106.1--6
15072-1492R-T-F12	GB-GCA-900457655.1-UAUX01000006.1	95.975	1154	95	1118	0.0	1764	GB-GCA-900457655.1-UAUX01000006.1
15072-1492R-T-F12	RS-GCF-900081545.1-NZ-FKQS01000014.1	95.975	1154	95	1118	0.0	1764	RS-GCF-900081545.1-NZ-FKQS01000014.1
15072-1492R-T-F12	RS-GCF-013389715.1-NZ-CP058312.1--4	95.975	1154	95	1118	0.0	1764	RS-GCF-013389715.1-NZ-CP058312.1--4
15072-1492R-T-F12	RS-GCF-008039665.1-NZ-QNXF01000003.1--4	95.975	1154	95	1118	0.0	1764	RS-GCF-008039665.1-NZ-QNXF01000003.1--4
15072-1492R-T-F12	RS-GCF-001068315.1-NZ-JULJ01000090.1	95.975	1154	95	1118	0.0	1764	RS-GCF-001068315.1-NZ-JULJ01000090.1
15072-1492R-T-F12	RS-GCF-000550905.1-NZ-KI998869.1	95.975	1154	95	1118	0.0	1764	RS-GCF-000550905.1-NZ-KI998869.1
15072-1492R-T-F12	RS-GCF-009912915.1-NZ-CP047849.1--2	95.975	1154	95	1118	0.0	1764	RS-GCF-009912915.1-NZ-CP047849.1--2
15072-1492R-T-F12	RS-GCF-000610305.1-NZ-KK099484.1--3	95.975	1154	95	1118	0.0	1764	RS-GCF-000610305.1-NZ-KK099484.1--3
15072-1492R-T-F12	RS-GCF-000577065.1-NZ-KK070255.1--2	95.975	1154	95	1118	0.0	1764	RS-GCF-000577065.1-NZ-KK070255.1--2
15072-1492R-T-F12	RS-GCF-018622975.1-NZ-CP076029.1--8	95.975	1154	95	1118	0.0	1764	RS-GCF-018622975.1-NZ-CP076029.1--8
15072-1492R-T-F12	RS-GCF-001021875.1-NZ-CP007670.1--6	95.975	1154	95	1118	0.0	1764	RS-GCF-001021875.1-NZ-CP007670.1--6
15072-1492R-T-F12	RS-GCF-003017575.1-NZ-NGNK01000001.1--4	95.975	1154	95	1118	0.0	1764	RS-GCF-003017575.1-NZ-NGNK01000001.1--4
15072-1492R-T-F12	RS-GCF-000554745.1-NZ-KK008415.1	95.975	1154	95	1118	0.0	1764	RS-GCF-000554745.1-NZ-KK008415.1
15072-1492R-T-F12	RS-GCF-000558665.1-NZ-KK019127.1--2	95.975	1154	95	1118	0.0	1764	RS-GCF-000558665.1-NZ-KK019127.1--2
15072-1492R-T-F12	RS-GCF-001045595.1-NZ-JTFJ01000057.1	95.975	1154	95	1118	0.0	1764	RS-GCF-001045595.1-NZ-JTFJ01000057.1
15072-1492R-T-F12	RS-GCF-000645855.1-NZ-KK237710.1	95.975	1154	95	1118	0.0	1764	RS-GCF-000645855.1-NZ-KK237710.1
15072-1492R-T-F12	RS-GCF-900125665.1-NZ-FQGX01000010.1	95.975	1154	95	1118	0.0	1764	RS-GCF-900125665.1-NZ-FQGX01000010.1
15072-1492R-T-F12	RS-GCF-000558465.1-NZ-KK018716.1	95.975	1154	95	1118	0.0	1764	RS-GCF-000558465.1-NZ-KK018716.1
15072-1492R-T-F12	RS-GCF-000542295.1-NZ-KI978272.1--2	95.975	1154	95	1118	0.0	1764	RS-GCF-000542295.1-NZ-KI978272.1--2
15072-1492R-T-F12	RS-GCF-000362065.1-NZ-KB821688.1--4	95.975	1154	95	1118	0.0	1764	RS-GCF-000362065.1-NZ-KB821688.1--4
15072-1492R-T-F12	RS-GCF-008630775.1-NZ-CP043919.1--3	95.975	1154	95	1118	0.0	1764	RS-GCF-008630775.1-NZ-CP043919.1--3
15072-1492R-T-F12	RS-GCF-000462955.1-NC-022222.1--5	95.975	1154	95	1118	0.0	1764	RS-GCF-000462955.1-NC-022222.1--5
15072-1492R-T-F12	RS-GCF-000248915.1-NZ-AHVI01000002.1	95.975	1154	95	1118	0.0	1764	RS-GCF-000248915.1-NZ-AHVI01000002.1
15072-1492R-T-F12	RS-GCF-003952625.1-NZ-CP034441.1--3	95.975	1154	95	1118	0.0	1764	RS-GCF-003952625.1-NZ-CP034441.1--3
15072-1492R-T-F12	RS-GCF-002904355.1-NZ-LKNK01000025.1	95.975	1154	95	1118	0.0	1764	RS-GCF-002904355.1-NZ-LKNK01000025.1
15072-1492R-T-F12	RS-GCF-900124995.1-NZ-FQEI01000005.1	95.975	1154	95	1118	0.0	1764	RS-GCF-900124995.1-NZ-FQEI01000005.1
15072-1492R-T-F12	RS-GCF-900457745.1-NZ-UHAI01000002.1--4	95.975	1154	95	1118	0.0	1764	RS-GCF-900457745.1-NZ-UHAI01000002.1--4
15072-1492R-T-F12	RS-GCF-018995495.1-NZ-JAHNFS010000004.1	95.975	1154	95	1118	0.0	1764	RS-GCF-018995495.1-NZ-JAHNFS010000004.1
15072-1492R-T-F12	RS-GCF-002905145.1-NZ-LKOT01000025.1	95.975	1154	95	1118	0.0	1764	RS-GCF-002905145.1-NZ-LKOT01000025.1
15072-1492R-T-F12	RS-GCF-002633765.1-NZ-CP017685.1--6	95.975	1154	95	1118	0.0	1764	RS-GCF-002633765.1-NZ-CP017685.1--6
15072-1492R-T-F12	RS-GCF-001183725.2-NZ-CP012120.2--4	95.975	1154	95	1118	0.0	1764	RS-GCF-001183725.2-NZ-CP012120.2--4
15072-1492R-T-F12	RS-GCF-000563415.1-NZ-KK029882.1--4	95.975	1154	95	1118	0.0	1764	RS-GCF-000563415.1-NZ-KK029882.1--4
15072-1492R-T-F12	RS-GCF-018968725.1-NZ-CP076660.1--4	95.975	1154	95	1118	0.0	1764	RS-GCF-018968725.1-NZ-CP076660.1--4
15072-1492R-T-F12	RS-GCF-000577175.1-NZ-KK070278.1--2	95.975	1154	95	1118	0.0	1764	RS-GCF-000577175.1-NZ-KK070278.1--2
15072-1492R-T-F12	RS-GCF-000579695.1-NZ-KK073169.1--2	95.975	1154	95	1118	0.0	1764	RS-GCF-000579695.1-NZ-KK073169.1--2
15072-1492R-T-F12	RS-GCF-900457565.1-NZ-UGZV01000001.1--5	95.975	1154	95	1118	0.0	1764	RS-GCF-900457565.1-NZ-UGZV01000001.1--5
15072-1492R-T-F12	RS-GCF-014529875.1-NZ-JACVFE010000055.1	95.975	1154	95	1118	0.0	1764	RS-GCF-014529875.1-NZ-JACVFE010000055.1
15072-1492R-T-F12	RS-GCF-000577685.1-NZ-KK070462.1--2	95.975	1154	95	1118	0.0	1764	RS-GCF-000577685.1-NZ-KK070462.1--2
15072-1492R-T-F12	RS-GCF-016917335.1-NZ-CP070306.1--5	95.975	1154	95	1118	0.0	1764	RS-GCF-016917335.1-NZ-CP070306.1--5
15072-1492R-T-F12	RS-GCF-000587155.1-NZ-KK075266.1	95.975	1154	95	1118	0.0	1764	RS-GCF-000587155.1-NZ-KK075266.1
15072-1492R-T-F12	RS-GCF-000527575.1-NZ-JBDZ01000014.1	95.975	1154	95	1118	0.0	1764	RS-GCF-000527575.1-NZ-JBDZ01000014.1
15072-1492R-T-F12	RS-GCF-000608725.1-NZ-KK098638.1	95.975	1154	95	1118	0.0	1764	RS-GCF-000608725.1-NZ-KK098638.1
15072-1492R-T-F12	RS-GCF-000536815.1-NZ-JBGU01000005.1--2	95.975	1154	95	1118	0.0	1764	RS-GCF-000536815.1-NZ-JBGU01000005.1--2
15072-1492R-T-F12	RS-GCF-000554965.1-NZ-KK009062.1	95.975	1154	95	1118	0.0	1764	RS-GCF-000554965.1-NZ-KK009062.1
15072-1492R-T-F12	RS-GCF-000636535.1-NZ-KK218834.1--2	95.975	1154	95	1118	0.0	1764	RS-GCF-000636535.1-NZ-KK218834.1--2
15072-1492R-T-F12	RS-GCF-000537475.1-NZ-JBLP01000006.1--3	95.975	1154	95	1118	0.0	1764	RS-GCF-000537475.1-NZ-JBLP01000006.1--3
15072-1492R-T-F12	RS-GCF-000554265.1-NZ-KK007269.1	95.975	1154	95	1118	0.0	1764	RS-GCF-000554265.1-NZ-KK007269.1
15072-1492R-T-F12	RS-GCF-000530775.1-NZ-KI971532.1--2	95.975	1154	95	1118	0.0	1764	RS-GCF-000530775.1-NZ-KI971532.1--2
15072-1492R-T-F12	RS-GCF-002904415.1-NZ-LKNL01000031.1	95.975	1154	95	1118	0.0	1764	RS-GCF-002904415.1-NZ-LKNL01000031.1
15072-1492R-T-F12	RS-GCF-000553205.1-NZ-KK004755.1	95.975	1154	95	1118	0.0	1764	RS-GCF-000553205.1-NZ-KK004755.1
15072-1492R-T-F12	RS-GCF-003017595.1-NZ-NGNN01000001.1--6	95.975	1154	95	1118	0.0	1764	RS-GCF-003017595.1-NZ-NGNN01000001.1--6
15072-1492R-T-F12	RS-GCF-000554305.1-NZ-KK007377.1--2	95.975	1154	95	1118	0.0	1764	RS-GCF-000554305.1-NZ-KK007377.1--2
15072-1492R-T-F12	RS-GCF-900082185.1-NZ-FKTC01000009.1	95.975	1154	95	1118	0.0	1764	RS-GCF-900082185.1-NZ-FKTC01000009.1
15072-1492R-T-F12	RS-GCF-900474575.1-NZ-LS483309.1--5	95.975	1154	95	1118	0.0	1764	RS-GCF-900474575.1-NZ-LS483309.1--5
15072-1492R-T-F12	RS-GCF-018502065.1-NZ-CP075514.1--6	95.975	1154	95	1118	0.0	1764	RS-GCF-018502065.1-NZ-CP075514.1--6
15072-1492R-T-F12	GB-GCA-002206395.2-NJFS02000003.1--5	95.975	1154	95	1118	0.0	1764	GB-GCA-002206395.2-NJFS02000003.1--5
15072-1492R-T-F12	GB-GCA-002206395.2-NJFS02000003.1--3	95.975	1154	95	1118	0.0	1764	GB-GCA-002206395.2-NJFS02000003.1--3
15072-1492R-T-F12	RS-GCF-900457525.1-NZ-UHAF01000004.1--5	95.975	1154	95	1118	0.0	1764	RS-GCF-900457525.1-NZ-UHAF01000004.1--5
15072-1492R-T-F12	RS-GCF-000364025.1-NZ-KB822352.1--4	95.975	1154	95	1118	0.0	1764	RS-GCF-000364025.1-NZ-KB822352.1--4
15072-1492R-T-F12	RS-GCF-002887475.1-NZ-LPWT01000030.1	95.975	1154	95	1118	0.0	1764	RS-GCF-002887475.1-NZ-LPWT01000030.1
15072-1492R-T-F12	RS-GCF-003237095.1-NZ-PZRV01000036.1	95.975	1154	95	1118	0.0	1764	RS-GCF-003237095.1-NZ-PZRV01000036.1
15072-1492R-T-F12	RS-GCF-001232765.1-NZ-CTXK01000068.1	95.975	1154	95	1118	0.0	1764	RS-GCF-001232765.1-NZ-CTXK01000068.1
15072-1492R-T-F12	RS-GCF-000575705.1-NZ-KK069090.1--3	95.975	1154	95	1118	0.0	1764	RS-GCF-000575705.1-NZ-KK069090.1--3
15072-1492R-T-F12	RS-GCF-000540615.1-NZ-KI976385.1	95.975	1154	95	1118	0.0	1764	RS-GCF-000540615.1-NZ-KI976385.1
15072-1492R-T-F12	RS-GCF-003031425.1-NZ-CP020467.1	95.975	1154	95	1118	0.0	1764	RS-GCF-003031425.1-NZ-CP020467.1
