15072-1492R-T-G3	RS-GCF-016403245.1-NZ-CP066288.1	98.797	672	99	665	0.0	1146	RS-GCF-016403245.1-NZ-CP066288.1
15072-1492R-T-G3	RS-GCF-000176875.1-NZ-ADCD01000038.1	98.797	672	99	665	0.0	1146	RS-GCF-000176875.1-NZ-ADCD01000038.1
15072-1492R-T-G3	RS-GCF-003989335.1-NZ-RBLS01000138.1	98.797	672	99	665	0.0	1146	RS-GCF-003989335.1-NZ-RBLS01000138.1
15072-1492R-T-G3	RS-GCF-002863375.1-NZ-PKJV01000027.1	98.647	672	99	665	0.0	1141	RS-GCF-002863375.1-NZ-PKJV01000027.1
15072-1492R-T-G3	RS-GCF-002554275.1-NZ-PDEF01000001.1	98.647	672	99	665	0.0	1141	RS-GCF-002554275.1-NZ-PDEF01000001.1
15072-1492R-T-G3	RS-GCF-007677955.1-NZ-VEDR01000040.1	98.647	672	99	665	0.0	1141	RS-GCF-007677955.1-NZ-VEDR01000040.1
15072-1492R-T-G3	RS-GCF-002008305.4-NZ-CP042169.1	98.647	672	99	665	0.0	1141	RS-GCF-002008305.4-NZ-CP042169.1
15072-1492R-T-G3	RS-GCF-000632005.1-NZ-JFYP01000057.1	98.647	672	99	665	0.0	1141	RS-GCF-000632005.1-NZ-JFYP01000057.1
15072-1492R-T-G3	RS-GCF-009378265.1-NZ-RCJE01000048.1	98.647	672	99	665	0.0	1141	RS-GCF-009378265.1-NZ-RCJE01000048.1
15072-1492R-T-G3	G001247715	98.647	672	99	665	0.0	1141	G001247715
15072-1492R-T-G3	FJ214355	98.647	672	99	665	0.0	1141	FJ214355
15072-1492R-T-G3	RS-GCF-002863345.1-NZ-PKJT01000003.1	98.496	672	99	665	0.0	1138	RS-GCF-002863345.1-NZ-PKJT01000003.1
15072-1492R-T-G3	RS-GCF-014205115.1-NZ-JACHMW010000001.1	98.496	672	99	665	0.0	1137	RS-GCF-014205115.1-NZ-JACHMW010000001.1
15072-1492R-T-G3	RS-GCF-001975485.1-NZ-MQNQ02000041.1	98.496	672	99	665	0.0	1137	RS-GCF-001975485.1-NZ-MQNQ02000041.1
15072-1492R-T-G3	GB-GCA-003071525.2-CP025616.2--2	98.496	672	99	665	0.0	1137	GB-GCA-003071525.2-CP025616.2--2
15072-1492R-T-G3	RS-GCF-900452945.1-NZ-UGPO01000002.1	98.496	672	99	665	0.0	1137	RS-GCF-900452945.1-NZ-UGPO01000002.1
15072-1492R-T-G3	RS-GCF-017355335.1-NZ-JADIJO010000119.1	98.496	672	99	665	0.0	1137	RS-GCF-017355335.1-NZ-JADIJO010000119.1
15072-1492R-T-G3	RS-GCF-900475555.1-NZ-LS483396.1	98.496	672	99	665	0.0	1137	RS-GCF-900475555.1-NZ-LS483396.1
15072-1492R-T-G3	RS-GCF-001556945.1-NZ-LSKC01000103.1	98.496	672	99	665	0.0	1137	RS-GCF-001556945.1-NZ-LSKC01000103.1
15072-1492R-T-G3	RS-GCF-013426035.1-NZ-CP059046.1	98.496	672	99	665	0.0	1137	RS-GCF-013426035.1-NZ-CP059046.1
15072-1492R-T-G3	GB-GCA-004117015.1-CP026366.1	98.496	672	99	665	0.0	1137	GB-GCA-004117015.1-CP026366.1
15072-1492R-T-G3	RS-GCF-900453025.1-NZ-UGPQ01000001.1	98.496	672	99	665	0.0	1137	RS-GCF-900453025.1-NZ-UGPQ01000001.1
15072-1492R-T-G3	RS-GCF-000946635.1-NZ-JXSP01000167.1	98.496	672	99	665	0.0	1137	RS-GCF-000946635.1-NZ-JXSP01000167.1
15072-1492R-T-G3	RS-GCF-014217235.1-NZ-CP058971.1--2	98.496	672	99	665	0.0	1137	RS-GCF-014217235.1-NZ-CP058971.1--2
15072-1492R-T-G3	G000023205	98.496	672	99	665	0.0	1137	G000023205
15072-1492R-T-G3	AJ536198	98.496	672	99	665	0.0	1137	AJ536198
15072-1492R-T-G3	EU005372	98.496	672	99	665	0.0	1137	EU005372
15072-1492R-T-G3	KF524364	98.494	672	99	664	0.0	1135	KF524364
15072-1492R-T-G3	RS-GCF-000257765.1-NZ-AICP01000064.1	98.346	672	99	665	0.0	1132	RS-GCF-000257765.1-NZ-AICP01000064.1
15072-1492R-T-G3	RS-GCF-014138885.1-NZ-JACJIK010000001.1--2	98.346	672	99	665	0.0	1132	RS-GCF-014138885.1-NZ-JACJIK010000001.1--2
15072-1492R-T-G3	RS-GCF-004462905.1-NZ-SMVL01000038.1	98.346	672	99	665	0.0	1132	RS-GCF-004462905.1-NZ-SMVL01000038.1
15072-1492R-T-G3	RS-GCF-016878755.1-NZ-WMFE01000121.1	98.346	672	99	665	0.0	1132	RS-GCF-016878755.1-NZ-WMFE01000121.1
15072-1492R-T-G3	RS-GCF-007667915.1-NZ-VDRZ01000022.1	98.346	672	99	665	0.0	1132	RS-GCF-007667915.1-NZ-VDRZ01000022.1
15072-1492R-T-G3	RS-GCF-902506395.1-NZ-LR732370.1	98.346	672	99	665	0.0	1132	RS-GCF-902506395.1-NZ-LR732370.1
15072-1492R-T-G3	RS-GCF-013041625.1-NZ-JABBWS010000133.1	98.346	672	99	665	0.0	1132	RS-GCF-013041625.1-NZ-JABBWS010000133.1
15072-1492R-T-G3	RS-GCF-001619895.1-NZ-LRFD01000039.1	98.346	672	99	665	0.0	1132	RS-GCF-001619895.1-NZ-LRFD01000039.1
15072-1492R-T-G3	GB-GCA-006094415.1-CP035298.1--2	98.348	672	99	666	0.0	1131	GB-GCA-006094415.1-CP035298.1--2
15072-1492R-T-G3	RS-GCF-002287775.1-NZ-NRSP01000001.1	98.195	672	99	665	0.0	1128	RS-GCF-002287775.1-NZ-NRSP01000001.1
15072-1492R-T-G3	RS-GCF-014644875.1-NZ-BMLA01000027.1	97.895	672	99	665	0.0	1119	RS-GCF-014644875.1-NZ-BMLA01000027.1
15072-1492R-T-G3	DQ491453	97.748	672	99	666	0.0	1113	DQ491453
15072-1492R-T-G3	G002206575	97.594	672	99	665	0.0	1110	G002206575
15072-1492R-T-G3	X80750	97.444	672	99	665	0.0	1105	X80750
15072-1492R-T-G3	RS-GCF-005280335.1-NZ-CP040019.1--3	97.341	672	100	677	0.0	1104	RS-GCF-005280335.1-NZ-CP040019.1--3
15072-1492R-T-G3	AJ005932	97.293	672	99	665	0.0	1097	AJ005932
15072-1492R-T-G3	RS-GCF-900116905.1-NZ-FPCG01000027.1	97.143	672	99	665	0.0	1096	RS-GCF-900116905.1-NZ-FPCG01000027.1
15072-1492R-T-G3	RS-GCF-014199555.1-NZ-JACHNW010000001.1	96.992	672	99	665	0.0	1092	RS-GCF-014199555.1-NZ-JACHNW010000001.1
15072-1492R-T-G3	G000224415	96.992	672	99	665	0.0	1092	G000224415
15072-1492R-T-G3	FJ423763	96.992	672	99	665	0.0	1092	FJ423763
15072-1492R-T-G3	G000348945	96.577	672	100	672	0.0	1091	G000348945
15072-1492R-T-G3	AJ606061	96.577	672	100	672	0.0	1091	AJ606061
15072-1492R-T-G3	RS-GCF-902506195.1-NZ-LR732817.1	96.842	672	99	665	0.0	1087	RS-GCF-902506195.1-NZ-LR732817.1
15072-1492R-T-G3	EU305672	96.842	672	99	665	0.0	1087	EU305672
15072-1492R-T-G3	AM931709	96.429	672	100	672	0.0	1086	AM931709
15072-1492R-T-G3	RS-GCF-014205175.1-NZ-JACHNA010000001.1	96.842	672	99	665	0.0	1084	RS-GCF-014205175.1-NZ-JACHNA010000001.1
15072-1492R-T-G3	FR832424	96.842	672	99	665	0.0	1084	FR832424
15072-1492R-T-G3	GB-GCA-003417425.1-QVMY01000302.1	98.730	672	94	630	0.0	1083	GB-GCA-003417425.1-QVMY01000302.1
15072-1492R-T-G3	FM992367	96.692	672	99	665	0.0	1083	FM992367
15072-1492R-T-G3	RS-GCF-012271785.1-NZ-JAAWVT010000023.1	96.131	672	100	672	0.0	1077	RS-GCF-012271785.1-NZ-JAAWVT010000023.1
15072-1492R-T-G3	MT311166	96.131	672	100	672	0.0	1077	MT311166
15072-1492R-T-G3	RS-GCF-015751895.1-NZ-JADOTZ010000001.1	96.391	672	99	665	0.0	1070	RS-GCF-015751895.1-NZ-JADOTZ010000001.1
15072-1492R-T-G3	AB778260	96.391	672	99	665	0.0	1070	AB778260
15072-1492R-T-G3	RS-GCF-019084045.1-NZ-JAHRED010000022.1	95.833	672	100	672	0.0	1068	RS-GCF-019084045.1-NZ-JAHRED010000022.1
15072-1492R-T-G3	Y15885	96.235	672	99	664	0.0	1067	Y15885
15072-1492R-T-G3	RS-GCF-018613795.1-NZ-JAGGPN010000039.1	95.685	672	100	672	0.0	1064	RS-GCF-018613795.1-NZ-JAGGPN010000039.1
15072-1492R-T-G3	GB-GCA-016892645.1-JAFEMX010000032.1	95.685	672	100	672	0.0	1064	GB-GCA-016892645.1-JAFEMX010000032.1
15072-1492R-T-G3	RS-GCF-003386075.1-NZ-QREH01000001.1	95.940	672	99	665	0.0	1060	RS-GCF-003386075.1-NZ-QREH01000001.1
15072-1492R-T-G3	RS-GCF-004136585.1-NZ-NOIR01000006.1	95.685	672	100	672	0.0	1060	RS-GCF-004136585.1-NZ-NOIR01000006.1
15072-1492R-T-G3	MF510149	95.685	672	100	672	0.0	1060	MF510149
15072-1492R-T-G3	MF510150	95.685	672	100	672	0.0	1060	MF510150
15072-1492R-T-G3	FN673681	95.685	672	100	672	0.0	1060	FN673681
15072-1492R-T-G3	GU797177	95.940	672	99	665	0.0	1060	GU797177
15072-1492R-T-G3	AY376164	95.940	672	99	665	0.0	1060	AY376164
15072-1492R-T-G3	RS-GCF-002008315.2-NZ-MVDG02000001.1	95.536	672	100	672	0.0	1059	RS-GCF-002008315.2-NZ-MVDG02000001.1
15072-1492R-T-G3	AJ616763	95.536	672	100	672	0.0	1059	AJ616763
15072-1492R-T-G3	X80740	95.536	672	100	672	0.0	1059	X80740
15072-1492R-T-G3	RS-GCF-005877055.1-NZ-CP039424.1	95.952	672	99	667	0.0	1058	RS-GCF-005877055.1-NZ-CP039424.1
15072-1492R-T-G3	RS-GCF-001969265.1-NZ-CP019304.1	95.542	672	100	673	0.0	1058	RS-GCF-001969265.1-NZ-CP019304.1
15072-1492R-T-G3	X83409	95.387	672	100	672	0.0	1056	X83409
15072-1492R-T-G3	RS-GCF-017876535.1-NZ-JAGIOF010000001.1	95.387	672	100	672	0.0	1055	RS-GCF-017876535.1-NZ-JAGIOF010000001.1
15072-1492R-T-G3	KP144782	95.387	672	100	672	0.0	1055	KP144782
15072-1492R-T-G3	RS-GCF-002979915.1-NZ-PCQA01000013.1	95.928	672	99	663	0.0	1053	RS-GCF-002979915.1-NZ-PCQA01000013.1
15072-1492R-T-G3	RS-GCF-014644555.1-NZ-BMKX01000018.1	95.928	672	99	663	0.0	1053	RS-GCF-014644555.1-NZ-BMKX01000018.1
15072-1492R-T-G3	AJ609630	95.928	672	99	663	0.0	1053	AJ609630
15072-1492R-T-G3	KT318581	95.789	672	99	665	0.0	1052	KT318581
15072-1492R-T-G3	G003575975	95.387	672	100	672	0.0	1051	G003575975
15072-1492R-T-G3	G001887245	95.387	672	100	672	0.0	1051	G001887245
15072-1492R-T-G3	EU939716	95.387	672	100	672	0.0	1051	EU939716
15072-1492R-T-G3	MH119719	95.387	672	100	672	0.0	1051	MH119719
15072-1492R-T-G3	RS-GCF-014190875.1-NZ-JACHVS010000001.1	95.238	672	100	672	0.0	1050	RS-GCF-014190875.1-NZ-JACHVS010000001.1
15072-1492R-T-G3	RS-GCF-004358765.1-NZ-SMZQ01000029.1	95.238	672	100	672	0.0	1050	RS-GCF-004358765.1-NZ-SMZQ01000029.1
15072-1492R-T-G3	AJ606062	95.238	672	100	672	0.0	1050	AJ606062
15072-1492R-T-G3	GQ406812	95.633	672	99	664	0.0	1049	GQ406812
15072-1492R-T-G3	RS-GCF-002979855.1-NZ-PCPY01000014.1	95.777	672	99	663	0.0	1049	RS-GCF-002979855.1-NZ-PCPY01000014.1
15072-1492R-T-G3	GB-GCA-902636655.1-CACPSI010000094.1	95.777	672	99	663	0.0	1049	GB-GCA-902636655.1-CACPSI010000094.1
15072-1492R-T-G3	G000238915	95.245	672	100	673	0.0	1049	G000238915
15072-1492R-T-G3	EU937748	95.789	672	99	665	0.0	1049	EU937748
15072-1492R-T-G3	AJ551163	95.777	672	99	663	0.0	1049	AJ551163
15072-1492R-T-G3	M23411	95.245	672	100	673	0.0	1049	M23411
15072-1492R-T-G3	RS-GCF-016907775.1-NZ-JAFBCO010000001.1--3	95.639	672	99	665	0.0	1048	RS-GCF-016907775.1-NZ-JAFBCO010000001.1--3
15072-1492R-T-G3	RS-GCF-003143995.1-NZ-QFWG01000021.1	95.639	672	99	665	0.0	1048	RS-GCF-003143995.1-NZ-QFWG01000021.1
15072-1492R-T-G3	RS-GCF-002847605.1-NZ-PKGR01000010.1	95.639	672	99	665	0.0	1048	RS-GCF-002847605.1-NZ-PKGR01000010.1
15072-1492R-T-G3	G001807575	95.639	672	99	665	0.0	1048	G001807575
15072-1492R-T-G3	X93354	95.639	672	99	665	0.0	1048	X93354
15072-1492R-T-G3	RS-GCF-014694315.1-NZ-JAAOXD010000003.1	95.238	672	100	672	0.0	1047	RS-GCF-014694315.1-NZ-JAAOXD010000003.1
15072-1492R-T-G3	RS-GCF-018613805.1-NZ-JAGGPL010000031.1	95.089	672	100	672	0.0	1046	RS-GCF-018613805.1-NZ-JAGGPL010000031.1
15072-1492R-T-G3	RS-GCF-006715715.1-NZ-VFNR01000001.1--2	95.089	672	100	672	0.0	1046	RS-GCF-006715715.1-NZ-VFNR01000001.1--2
15072-1492R-T-G3	RS-GCF-006715715.1-NZ-VFNR01000001.1	95.089	672	100	672	0.0	1046	RS-GCF-006715715.1-NZ-VFNR01000001.1
15072-1492R-T-G3	RS-GCF-004365615.1-NZ-SOBD01000023.1	95.089	672	100	672	0.0	1046	RS-GCF-004365615.1-NZ-SOBD01000023.1
15072-1492R-T-G3	EU583729	95.089	672	100	672	0.0	1046	EU583729
15072-1492R-T-G3	MH063845	95.633	672	99	664	0.0	1046	MH063845
15072-1492R-T-G3	RS-GCF-004320535.1-NZ-SIHY01000005.1	95.626	672	99	663	0.0	1044	RS-GCF-004320535.1-NZ-SIHY01000005.1
15072-1492R-T-G3	RS-GCF-002979865.1-NZ-PCPZ01000002.1	95.626	672	99	663	0.0	1044	RS-GCF-002979865.1-NZ-PCPZ01000002.1
15072-1492R-T-G3	RS-GCF-003687415.1-NZ-CP033081.1	95.626	672	99	663	0.0	1044	RS-GCF-003687415.1-NZ-CP033081.1
15072-1492R-T-G3	RS-GCF-014672815.1-NZ-CP059853.1	95.626	672	99	663	0.0	1044	RS-GCF-014672815.1-NZ-CP059853.1
15072-1492R-T-G3	RS-GCF-008370855.1-NZ-CP043624.1--4	95.626	672	99	663	0.0	1044	RS-GCF-008370855.1-NZ-CP043624.1--4
15072-1492R-T-G3	RS-GCF-008370855.1-NZ-CP043624.1--2	95.626	672	99	663	0.0	1044	RS-GCF-008370855.1-NZ-CP043624.1--2
15072-1492R-T-G3	RS-GCF-008370855.1-NZ-CP043624.1	95.626	672	99	663	0.0	1044	RS-GCF-008370855.1-NZ-CP043624.1
15072-1492R-T-G3	KM114214	95.626	672	99	663	0.0	1044	KM114214
15072-1492R-T-G3	RS-GCF-016907775.1-NZ-JAFBCO010000001.1	95.489	672	99	665	0.0	1043	RS-GCF-016907775.1-NZ-JAFBCO010000001.1
15072-1492R-T-G3	RS-GCF-002008315.2-NZ-MVDG02000001.1--4	95.238	672	100	672	0.0	1043	RS-GCF-002008315.2-NZ-MVDG02000001.1--4
15072-1492R-T-G3	RS-GCF-003640665.1-NZ-QQXL01000012.1	95.489	672	99	665	0.0	1043	RS-GCF-003640665.1-NZ-QQXL01000012.1
15072-1492R-T-G3	RS-GCF-001807395.1-NZ-KV788997.1	95.489	672	99	665	0.0	1043	RS-GCF-001807395.1-NZ-KV788997.1
15072-1492R-T-G3	AJ243421	95.489	672	99	665	0.0	1043	AJ243421
15072-1492R-T-G3	MH119720	95.489	672	99	665	0.0	1043	MH119720
15072-1492R-T-G3	RS-GCF-900105345.1-NZ-FNSN01000007.1	95.089	672	100	672	0.0	1042	RS-GCF-900105345.1-NZ-FNSN01000007.1
15072-1492R-T-G3	G002332245	95.338	672	99	665	0.0	1042	G002332245
15072-1492R-T-G3	G002087015	95.089	672	100	672	0.0	1042	G002087015
15072-1492R-T-G3	G001552095	95.089	672	100	672	0.0	1042	G001552095
15072-1492R-T-G3	X93353	95.089	672	100	672	0.0	1042	X93353
15072-1492R-T-G3	RS-GCF-008370855.1-NZ-CP043624.1--3	95.475	672	99	663	0.0	1040	RS-GCF-008370855.1-NZ-CP043624.1--3
15072-1492R-T-G3	MT326212	95.331	672	99	664	0.0	1040	MT326212
15072-1492R-T-G3	GB-GCA-001512275.1-LNUU01000002.1	95.475	672	99	663	0.0	1040	GB-GCA-001512275.1-LNUU01000002.1
15072-1492R-T-G3	RS-GCF-012221945.1-NZ-CP032549.1	95.475	672	99	663	0.0	1040	RS-GCF-012221945.1-NZ-CP032549.1
15072-1492R-T-G3	RS-GCF-002797775.1-NZ-PGEY01000001.1--6	95.475	672	99	663	0.0	1040	RS-GCF-002797775.1-NZ-PGEY01000001.1--6
15072-1492R-T-G3	RS-GCF-002797775.1-NZ-PGEY01000001.1--3	95.475	672	99	663	0.0	1040	RS-GCF-002797775.1-NZ-PGEY01000001.1--3
15072-1492R-T-G3	RS-GCF-002797775.1-NZ-PGEY01000001.1	95.475	672	99	663	0.0	1040	RS-GCF-002797775.1-NZ-PGEY01000001.1
15072-1492R-T-G3	RS-GCF-001552115.1-NZ-BCQO01000012.1	95.475	672	99	663	0.0	1040	RS-GCF-001552115.1-NZ-BCQO01000012.1
15072-1492R-T-G3	RS-GCF-003687415.1-NZ-CP033081.1--5	95.475	672	99	663	0.0	1040	RS-GCF-003687415.1-NZ-CP033081.1--5
15072-1492R-T-G3	RS-GCF-014672815.1-NZ-CP059853.1--4	95.475	672	99	663	0.0	1040	RS-GCF-014672815.1-NZ-CP059853.1--4
15072-1492R-T-G3	G001302565	95.475	672	99	663	0.0	1040	G001302565
15072-1492R-T-G3	X80739	95.475	672	99	663	0.0	1040	X80739
15072-1492R-T-G3	AJ617482	95.475	672	99	663	0.0	1040	AJ617482
15072-1492R-T-G3	KT444697	95.475	672	99	663	0.0	1040	KT444697
15072-1492R-T-G3	RS-GCF-014644475.1-NZ-BMKT01000177.1	95.089	672	100	672	0.0	1039	RS-GCF-014644475.1-NZ-BMKT01000177.1
15072-1492R-T-G3	G006539205	95.089	672	100	672	0.0	1039	G006539205
15072-1492R-T-G3	X80746	95.089	672	100	672	0.0	1039	X80746
15072-1492R-T-G3	RS-GCF-005280255.1-NZ-CP040018.1--5	94.792	672	100	672	0.0	1038	RS-GCF-005280255.1-NZ-CP040018.1--5
15072-1492R-T-G3	RS-GCF-001766675.1-NZ-MJLT01000027.1	94.940	672	100	672	0.0	1038	RS-GCF-001766675.1-NZ-MJLT01000027.1
15072-1492R-T-G3	EU847536	95.331	672	99	664	0.0	1037	EU847536
15072-1492R-T-G3	KM507333	94.792	672	100	672	0.0	1037	KM507333
15072-1492R-T-G3	RS-GCF-001013455.1-NZ-LCYH01000002.1	95.324	672	99	663	0.0	1035	RS-GCF-001013455.1-NZ-LCYH01000002.1
15072-1492R-T-G3	RS-GCF-003633665.1-NZ-RBLB01000002.1	95.324	672	99	663	0.0	1035	RS-GCF-003633665.1-NZ-RBLB01000002.1
15072-1492R-T-G3	RS-GCF-009903675.1-NZ-WYDN01000033.1	95.324	672	99	663	0.0	1035	RS-GCF-009903675.1-NZ-WYDN01000033.1
15072-1492R-T-G3	RS-GCF-004525745.1-NZ-SPDS01000002.1--2	95.324	672	99	663	0.0	1035	RS-GCF-004525745.1-NZ-SPDS01000002.1--2
15072-1492R-T-G3	G001281115	95.324	672	99	663	0.0	1035	G001281115
15072-1492R-T-G3	G000197735	95.324	672	99	663	0.0	1035	G000197735
15072-1492R-T-G3	EF660748	95.324	672	99	663	0.0	1035	EF660748
15072-1492R-T-G3	FQ311875	95.324	672	99	663	0.0	1035	FQ311875
15072-1492R-T-G3	EU370704	94.940	672	100	672	0.0	1034	EU370704
15072-1492R-T-G3	RS-GCF-004136635.1-NZ-NOIU01000008.1	95.038	672	99	665	0.0	1033	RS-GCF-004136635.1-NZ-NOIU01000008.1
15072-1492R-T-G3	RS-GCF-017579825.1-NZ-CP049819.1--3	94.792	672	100	672	0.0	1033	RS-GCF-017579825.1-NZ-CP049819.1--3
15072-1492R-T-G3	RS-GCF-017579825.1-NZ-CP049819.1	94.792	672	100	672	0.0	1033	RS-GCF-017579825.1-NZ-CP049819.1
15072-1492R-T-G3	AB248531	94.792	672	100	672	0.0	1033	AB248531
15072-1492R-T-G3	DQ979377	95.038	672	99	665	0.0	1033	DQ979377
15072-1492R-T-G3	AJ344143	95.352	672	99	667	0.0	1033	AJ344143
15072-1492R-T-G3	RS-GCF-900102785.1-NZ-FNGC01000031.1	94.643	672	100	672	0.0	1032	RS-GCF-900102785.1-NZ-FNGC01000031.1
15072-1492R-T-G3	RS-GCF-005280255.1-NZ-CP040018.1--2	94.643	672	100	672	0.0	1032	RS-GCF-005280255.1-NZ-CP040018.1--2
15072-1492R-T-G3	RS-GCF-900102895.1-NZ-FNGD01000025.1	94.643	672	100	672	0.0	1032	RS-GCF-900102895.1-NZ-FNGD01000025.1
15072-1492R-T-G3	RS-GCF-005937985.2-NZ-CP042172.1	94.643	672	100	672	0.0	1032	RS-GCF-005937985.2-NZ-CP042172.1
15072-1492R-T-G3	RS-GCF-003634095.1-NZ-RBIR01000018.1	94.643	672	100	672	0.0	1032	RS-GCF-003634095.1-NZ-RBIR01000018.1
15072-1492R-T-G3	RS-GCF-017832975.1-NZ-JAFIBI010000001.1	94.643	672	100	672	0.0	1032	RS-GCF-017832975.1-NZ-JAFIBI010000001.1
15072-1492R-T-G3	RS-GCF-000520575.1-NZ-KI914938.1	94.643	672	100	672	0.0	1032	RS-GCF-000520575.1-NZ-KI914938.1
15072-1492R-T-G3	RS-GCF-000374925.1-NZ-KB895563.1	94.643	672	100	672	0.0	1032	RS-GCF-000374925.1-NZ-KB895563.1
15072-1492R-T-G3	RS-GCF-017833075.1-NZ-JAFIBQ010000001.1--5	94.643	672	100	672	0.0	1032	RS-GCF-017833075.1-NZ-JAFIBQ010000001.1--5
15072-1492R-T-G3	RS-GCF-017833075.1-NZ-JAFIBQ010000001.1	94.643	672	100	672	0.0	1032	RS-GCF-017833075.1-NZ-JAFIBQ010000001.1
15072-1492R-T-G3	RS-GCF-008370855.1-NZ-CP043624.1--5	95.324	672	99	663	0.0	1032	RS-GCF-008370855.1-NZ-CP043624.1--5
15072-1492R-T-G3	G000196235	94.643	672	100	672	0.0	1032	G000196235
15072-1492R-T-G3	AB279889	94.643	672	100	672	0.0	1032	AB279889
15072-1492R-T-G3	AB279890	94.643	672	100	672	0.0	1032	AB279890
15072-1492R-T-G3	RS-GCF-017876615.1-NZ-JAGIOJ010000001.1	95.173	672	99	663	0.0	1031	RS-GCF-017876615.1-NZ-JAGIOJ010000001.1
15072-1492R-T-G3	X80745	95.173	672	99	663	0.0	1031	X80745
15072-1492R-T-G3	RS-GCF-001456945.1-NZ-KQ758466.1	95.181	672	99	664	0.0	1030	RS-GCF-001456945.1-NZ-KQ758466.1
15072-1492R-T-G3	RS-GCF-008370855.1-NZ-CP043624.1--6	95.324	672	99	663	0.0	1029	RS-GCF-008370855.1-NZ-CP043624.1--6
15072-1492R-T-G3	G001063195	94.643	672	100	672	0.0	1029	G001063195
15072-1492R-T-G3	G000688395	94.643	672	100	672	0.0	1029	G000688395
15072-1492R-T-G3	KF479547	94.643	672	100	672	0.0	1029	KF479547
15072-1492R-T-G3	EU086805	94.643	672	100	672	0.0	1029	EU086805
15072-1492R-T-G3	G001424565	94.494	672	100	672	0.0	1028	G001424565
15072-1492R-T-G3	RS-GCF-016907795.1-NZ-JAFBCR010000001.1	94.903	672	99	667	0.0	1027	RS-GCF-016907795.1-NZ-JAFBCR010000001.1
15072-1492R-T-G3	G001275345	94.903	672	99	667	0.0	1027	G001275345
15072-1492R-T-G3	Y16263	94.903	672	99	667	0.0	1027	Y16263
15072-1492R-T-G3	RS-GCF-003614925.1-NZ-QYLP01000008.1	94.887	672	99	665	0.0	1025	RS-GCF-003614925.1-NZ-QYLP01000008.1
15072-1492R-T-G3	RS-GCF-007666515.1-NZ-VDPH01000022.1	94.887	672	99	665	0.0	1025	RS-GCF-007666515.1-NZ-VDPH01000022.1
15072-1492R-T-G3	RS-GCF-017579825.1-NZ-CP049819.1--4	94.643	672	100	672	0.0	1025	RS-GCF-017579825.1-NZ-CP049819.1--4
15072-1492R-T-G3	MH063435	94.510	672	100	674	0.0	1025	MH063435
15072-1492R-T-G3	RS-GCF-012952295.1-NZ-JABBCH010000041.1	94.494	672	100	672	0.0	1024	RS-GCF-012952295.1-NZ-JABBCH010000041.1
15072-1492R-T-G3	RS-GCF-017603825.1-NZ-CP072014.1	94.494	672	100	672	0.0	1024	RS-GCF-017603825.1-NZ-CP072014.1
15072-1492R-T-G3	RS-GCF-002849715.1-NZ-CP018863.1	94.494	672	100	672	0.0	1024	RS-GCF-002849715.1-NZ-CP018863.1
15072-1492R-T-G3	G004217565	94.494	672	100	672	0.0	1024	G004217565
15072-1492R-T-G3	AJ131121	94.494	672	100	672	0.0	1024	AJ131121
15072-1492R-T-G3	KC806052	94.494	672	100	672	0.0	1024	KC806052
15072-1492R-T-G3	X80738	94.494	672	100	672	0.0	1024	X80738
15072-1492R-T-G3	DQ372937	94.494	672	100	672	0.0	1024	DQ372937
15072-1492R-T-G3	RS-GCF-900609065.1-NZ-UXAU01000019.1	94.345	672	100	672	0.0	1023	RS-GCF-900609065.1-NZ-UXAU01000019.1
15072-1492R-T-G3	MK211245	94.345	672	100	672	0.0	1023	MK211245
15072-1492R-T-G3	RS-GCF-016623465.1-NZ-JAEDAJ010000022.1	94.737	672	99	665	0.0	1022	RS-GCF-016623465.1-NZ-JAEDAJ010000022.1
15072-1492R-T-G3	RS-GCF-900008265.1-NZ-CZJR01000085.1	94.753	672	99	667	0.0	1022	RS-GCF-900008265.1-NZ-CZJR01000085.1
15072-1492R-T-G3	G009299795	94.737	672	99	665	0.0	1022	G009299795
15072-1492R-T-G3	KP128918	94.729	672	99	664	0.0	1022	KP128918
15072-1492R-T-G3	X83410	94.872	672	99	663	0.0	1021	X83410
15072-1492R-T-G3	RS-GCF-009734705.1-NZ-WOGT01000002.1	94.737	672	99	665	0.0	1021	RS-GCF-009734705.1-NZ-WOGT01000002.1
15072-1492R-T-G3	FJ607312	94.737	672	99	665	0.0	1021	FJ607312
15072-1492R-T-G3	RS-GCF-016907875.1-NZ-JAFBCU010000001.1	94.345	672	100	672	0.0	1020	RS-GCF-016907875.1-NZ-JAFBCU010000001.1
15072-1492R-T-G3	AJ278870	94.345	672	100	672	0.0	1020	AJ278870
15072-1492R-T-G3	FJ425902	94.345	672	100	672	0.0	1020	FJ425902
15072-1492R-T-G3	RS-GCF-001663775.1-NZ-KV467168.1	94.196	672	100	672	0.0	1019	RS-GCF-001663775.1-NZ-KV467168.1
15072-1492R-T-G3	RS-GCF-002929305.1-NZ-PJIO01000034.1	94.729	672	99	664	0.0	1019	RS-GCF-002929305.1-NZ-PJIO01000034.1
15072-1492R-T-G3	RS-GCF-006715295.1-NZ-VFMZ01000001.1--2	94.196	672	100	672	0.0	1019	RS-GCF-006715295.1-NZ-VFMZ01000001.1--2
15072-1492R-T-G3	RS-GCF-002929705.1-NZ-PJIN01000024.1	94.729	672	99	664	0.0	1019	RS-GCF-002929705.1-NZ-PJIN01000024.1
15072-1492R-T-G3	RS-GCF-006094275.1-NZ-CP034412.1	94.729	672	99	664	0.0	1019	RS-GCF-006094275.1-NZ-CP034412.1
15072-1492R-T-G3	G005774635	94.729	672	99	664	0.0	1019	G005774635
15072-1492R-T-G3	EF125186	94.985	672	98	658	0.0	1019	EF125186
15072-1492R-T-G3	JX949500	94.729	672	99	664	0.0	1019	JX949500
15072-1492R-T-G3	RS-GCF-000517125.1-NZ-KI912155.1	94.737	672	99	665	0.0	1018	RS-GCF-000517125.1-NZ-KI912155.1
15072-1492R-T-G3	RS-GCF-007666205.1-NZ-VDOR01000028.1	94.603	672	99	667	0.0	1018	RS-GCF-007666205.1-NZ-VDOR01000028.1
15072-1492R-T-G3	MW344073	94.586	672	99	665	0.0	1018	MW344073
15072-1492R-T-G3	JX398975	94.586	672	99	665	0.0	1018	JX398975
15072-1492R-T-G3	AF235090	94.354	672	100	673	0.0	1018	AF235090
15072-1492R-T-G3	RS-GCF-003219815.1-NZ-QJVD01000066.1	94.745	672	99	666	0.0	1017	RS-GCF-003219815.1-NZ-QJVD01000066.1
15072-1492R-T-G3	G012396615	94.721	672	99	663	0.0	1017	G012396615
15072-1492R-T-G3	DQ822568	94.721	672	99	663	0.0	1017	DQ822568
15072-1492R-T-G3	GQ406811	94.745	672	99	666	0.0	1017	GQ406811
15072-1492R-T-G3	AF134179	94.721	672	99	663	0.0	1017	AF134179
15072-1492R-T-G3	JF507603	94.570	672	99	663	0.0	1016	JF507603
15072-1492R-T-G3	RS-GCF-001483755.1-NZ-LQBK01000029.1	94.196	672	100	672	0.0	1015	RS-GCF-001483755.1-NZ-LQBK01000029.1
15072-1492R-T-G3	GB-GCA-001549895.1-AP014719.1	94.745	672	99	666	0.0	1015	GB-GCA-001549895.1-AP014719.1
15072-1492R-T-G3	RS-GCF-004362545.1-NZ-SNXQ01000002.1	94.595	672	99	666	0.0	1015	RS-GCF-004362545.1-NZ-SNXQ01000002.1
15072-1492R-T-G3	RS-GCF-001476175.1-NZ-LDRF01000019.1	94.595	672	99	666	0.0	1015	RS-GCF-001476175.1-NZ-LDRF01000019.1
15072-1492R-T-G3	RS-GCF-016028855.1-NZ-CP065738.1	94.595	672	99	666	0.0	1015	RS-GCF-016028855.1-NZ-CP065738.1
15072-1492R-T-G3	RS-GCF-004358895.1-NZ-SMZT01000015.1	94.196	672	100	672	0.0	1015	RS-GCF-004358895.1-NZ-SMZT01000015.1
15072-1492R-T-G3	RS-GCF-900637715.1-NZ-LR134391.1	94.196	672	100	672	0.0	1015	RS-GCF-900637715.1-NZ-LR134391.1
15072-1492R-T-G3	G001476195	94.595	672	99	666	0.0	1015	G001476195
15072-1492R-T-G3	G001263615	94.745	672	99	666	0.0	1015	G001263615
15072-1492R-T-G3	G000786195	94.196	672	100	672	0.0	1015	G000786195
15072-1492R-T-G3	KJ809567	94.729	672	99	664	0.0	1015	KJ809567
15072-1492R-T-G3	KF876688	94.196	672	100	672	0.0	1015	KF876688
15072-1492R-T-G3	X87756	94.196	672	100	672	0.0	1015	X87756
15072-1492R-T-G3	X80749	94.595	672	99	666	0.0	1015	X80749
15072-1492R-T-G3	AB588633	94.578	672	99	664	0.0	1015	AB588633
15072-1492R-T-G3	RS-GCF-001281315.1-NZ-CP012477.1	94.578	672	99	664	0.0	1014	RS-GCF-001281315.1-NZ-CP012477.1
15072-1492R-T-G3	RS-GCF-018531425.1-NZ-JAHBOI010000013.1	94.354	672	100	673	0.0	1014	RS-GCF-018531425.1-NZ-JAHBOI010000013.1
15072-1492R-T-G3	RS-GCF-000755585.2-NZ-CP013745.1--7	94.578	672	99	664	0.0	1014	RS-GCF-000755585.2-NZ-CP013745.1--7
15072-1492R-T-G3	RS-GCF-000755585.2-NZ-CP013745.1	94.578	672	99	664	0.0	1014	RS-GCF-000755585.2-NZ-CP013745.1
15072-1492R-T-G3	RS-GCF-013408645.1-NZ-JACBZZ010000001.1--4	94.578	672	99	664	0.0	1014	RS-GCF-013408645.1-NZ-JACBZZ010000001.1--4
15072-1492R-T-G3	RS-GCF-013408645.1-NZ-JACBZZ010000001.1	94.578	672	99	664	0.0	1014	RS-GCF-013408645.1-NZ-JACBZZ010000001.1
15072-1492R-T-G3	AJ639827	94.578	672	99	664	0.0	1014	AJ639827
15072-1492R-T-G3	GQ227413	94.578	672	99	664	0.0	1014	GQ227413
15072-1492R-T-G3	G000225825	94.436	672	99	665	0.0	1013	G000225825
15072-1492R-T-G3	GQ339911	94.436	672	99	665	0.0	1013	GQ339911
15072-1492R-T-G3	RS-GCF-001061655.1-NZ-JVST01000026.1	94.436	672	99	665	0.0	1012	RS-GCF-001061655.1-NZ-JVST01000026.1
15072-1492R-T-G3	GB-GCA-900638535.1-LR134521.1	94.196	672	100	672	0.0	1012	GB-GCA-900638535.1-LR134521.1
15072-1492R-T-G3	G000164695	94.196	672	100	672	0.0	1012	G000164695
15072-1492R-T-G3	CP002280	94.196	672	100	672	0.0	1012	CP002280
15072-1492R-T-G3	RS-GCF-013359725.1-NZ-JABFMW010000051.1	94.048	672	100	672	0.0	1011	RS-GCF-013359725.1-NZ-JABFMW010000051.1
15072-1492R-T-G3	RS-GCF-013408295.1-NZ-JACBYQ010000001.1	94.048	672	100	672	0.0	1011	RS-GCF-013408295.1-NZ-JACBYQ010000001.1
15072-1492R-T-G3	LC065376	94.048	672	100	672	0.0	1011	LC065376
15072-1492R-T-G3	AM409361	94.048	672	100	672	0.0	1011	AM409361
15072-1492R-T-G3	RS-GCF-005796185.1-NZ-VAHM01000031.1	94.205	672	100	673	0.0	1010	RS-GCF-005796185.1-NZ-VAHM01000031.1
15072-1492R-T-G3	RS-GCF-006715285.1-NZ-VFMX01000001.1	93.899	672	100	672	0.0	1010	RS-GCF-006715285.1-NZ-VFMX01000001.1
15072-1492R-T-G3	RS-GCF-002953935.1-NZ-CP026514.1	94.205	672	100	673	0.0	1010	RS-GCF-002953935.1-NZ-CP026514.1
15072-1492R-T-G3	RS-GCF-013409905.1-NZ-JACCBL010000001.1	94.428	672	99	664	0.0	1010	RS-GCF-013409905.1-NZ-JACCBL010000001.1
15072-1492R-T-G3	RS-GCF-001294625.1-NZ-CP012677.1--2	94.428	672	99	664	0.0	1010	RS-GCF-001294625.1-NZ-CP012677.1--2
15072-1492R-T-G3	RS-GCF-001294625.1-NZ-CP012677.1	94.428	672	99	664	0.0	1010	RS-GCF-001294625.1-NZ-CP012677.1
15072-1492R-T-G3	G000813845	93.899	672	100	672	0.0	1010	G000813845
15072-1492R-T-G3	G000785535	94.428	672	99	664	0.0	1010	G000785535
15072-1492R-T-G3	G000189535	94.205	672	100	673	0.0	1010	G000189535
15072-1492R-T-G3	HQ657321	94.428	672	99	664	0.0	1010	HQ657321
15072-1492R-T-G3	JF421614	93.908	672	100	673	0.0	1010	JF421614
15072-1492R-T-G3	RS-GCF-005796225.1-NZ-VAHO01000028.1	94.586	672	99	665	0.0	1009	RS-GCF-005796225.1-NZ-VAHO01000028.1
15072-1492R-T-G3	RS-GCF-014191425.1-NZ-JACHWP010000009.1	94.048	672	100	672	0.0	1009	RS-GCF-014191425.1-NZ-JACHWP010000009.1
15072-1492R-T-G3	RS-GCF-001814995.1-NZ-KV818677.1	94.419	672	99	663	0.0	1008	RS-GCF-001814995.1-NZ-KV818677.1
15072-1492R-T-G3	RS-GCF-001064265.1-NZ-JVNP01000013.1	94.419	672	99	663	0.0	1008	RS-GCF-001064265.1-NZ-JVNP01000013.1
15072-1492R-T-G3	RS-GCF-000175615.1-NZ-ACVO01000020.1	94.419	672	99	663	0.0	1008	RS-GCF-000175615.1-NZ-ACVO01000020.1
15072-1492R-T-G3	RS-GCF-003989295.1-NZ-RBLW01000013.1	94.554	672	98	661	0.0	1007	RS-GCF-003989295.1-NZ-RBLW01000013.1
15072-1492R-T-G3	RS-GCF-000413375.1-NZ-KE340308.1	94.554	672	98	661	0.0	1007	RS-GCF-000413375.1-NZ-KE340308.1
15072-1492R-T-G3	RS-GCF-001570785.1-NZ-BCSI01000020.1	94.554	672	98	661	0.0	1007	RS-GCF-001570785.1-NZ-BCSI01000020.1
15072-1492R-T-G3	RS-GCF-000775415.1-NZ-KN323196.1	94.554	672	98	661	0.0	1007	RS-GCF-000775415.1-NZ-KN323196.1
15072-1492R-T-G3	RS-GCF-001807585.1-NZ-KV789427.1	94.554	672	98	661	0.0	1007	RS-GCF-001807585.1-NZ-KV789427.1
15072-1492R-T-G3	RS-GCF-001062855.1-NZ-JVRG01000010.1	94.286	672	99	665	0.0	1007	RS-GCF-001062855.1-NZ-JVRG01000010.1
15072-1492R-T-G3	RS-GCF-001814655.1-NZ-KV817384.1	94.048	672	100	672	0.0	1007	RS-GCF-001814655.1-NZ-KV817384.1
15072-1492R-T-G3	RS-GCF-001811075.1-NZ-KZ627124.1	94.286	672	99	665	0.0	1007	RS-GCF-001811075.1-NZ-KZ627124.1
15072-1492R-T-G3	GB-GCA-015265395.1-JABZXT010000001.1	94.286	672	99	665	0.0	1007	GB-GCA-015265395.1-JABZXT010000001.1
15072-1492R-T-G3	RS-GCF-001814645.1-NZ-KV817350.1	94.286	672	99	665	0.0	1007	RS-GCF-001814645.1-NZ-KV817350.1
15072-1492R-T-G3	RS-GCF-001815755.1-NZ-KV821851.1	94.286	672	99	665	0.0	1007	RS-GCF-001815755.1-NZ-KV821851.1
15072-1492R-T-G3	RS-GCF-001837295.1-NZ-KV831974.1	94.286	672	99	665	0.0	1007	RS-GCF-001837295.1-NZ-KV831974.1
15072-1492R-T-G3	RS-GCF-001812285.1-NZ-KV808398.1	94.286	672	99	665	0.0	1007	RS-GCF-001812285.1-NZ-KV808398.1
15072-1492R-T-G3	RS-GCF-001065115.1-NZ-JVFT01000001.1	94.286	672	99	665	0.0	1007	RS-GCF-001065115.1-NZ-JVFT01000001.1
15072-1492R-T-G3	G001678905	94.554	672	98	661	0.0	1007	G001678905
15072-1492R-T-G3	G001403775	94.554	672	98	661	0.0	1007	G001403775
15072-1492R-T-G3	KP903369	94.554	672	98	661	0.0	1007	KP903369
15072-1492R-T-G3	HQ605707	95.378	672	96	649	0.0	1007	HQ605707
15072-1492R-T-G3	AJ278868	94.048	672	100	672	0.0	1007	AJ278868
15072-1492R-T-G3	RS-GCF-001046895.1-NZ-CAQI01000001.1	93.899	672	100	672	0.0	1006	RS-GCF-001046895.1-NZ-CAQI01000001.1
15072-1492R-T-G3	RS-GCF-014636775.1-NZ-BMEQ01000073.1	93.899	672	100	672	0.0	1006	RS-GCF-014636775.1-NZ-BMEQ01000073.1
15072-1492R-T-G3	RS-GCF-001281315.1-NZ-CP012477.1--4	94.428	672	99	664	0.0	1006	RS-GCF-001281315.1-NZ-CP012477.1--4
15072-1492R-T-G3	RS-GCF-007858535.1-NZ-CP040174.1--5	93.899	672	100	672	0.0	1006	RS-GCF-007858535.1-NZ-CP040174.1--5
15072-1492R-T-G3	RS-GCF-007858535.1-NZ-CP040174.1--2	93.899	672	100	672	0.0	1006	RS-GCF-007858535.1-NZ-CP040174.1--2
15072-1492R-T-G3	RS-GCF-002929215.1-NZ-PJII01000039.1	93.899	672	100	672	0.0	1006	RS-GCF-002929215.1-NZ-PJII01000039.1
15072-1492R-T-G3	RS-GCF-000962805.1-NZ-JZTW01000013.1	94.444	672	99	666	0.0	1006	RS-GCF-000962805.1-NZ-JZTW01000013.1
15072-1492R-T-G3	RS-GCF-900105535.1-NZ-LT629779.1--3	94.444	672	99	666	0.0	1006	RS-GCF-900105535.1-NZ-LT629779.1--3
15072-1492R-T-G3	KT715739	93.899	672	100	672	0.0	1006	KT715739
15072-1492R-T-G3	G001428365	93.899	672	100	672	0.0	1006	G001428365
15072-1492R-T-G3	G000022025	94.444	672	99	666	0.0	1006	G000022025
15072-1492R-T-G3	JQ762279	93.899	672	100	672	0.0	1006	JQ762279
15072-1492R-T-G3	LT674162	93.899	672	100	672	0.0	1006	LT674162
15072-1492R-T-G3	FN673551	94.444	672	99	666	0.0	1006	FN673551
15072-1492R-T-G3	CP001341	94.444	672	99	666	0.0	1006	CP001341
15072-1492R-T-G3	GU815139	93.899	672	100	672	0.0	1006	GU815139
15072-1492R-T-G3	RS-GCF-014712225.1-NZ-JACXBW010000033.1	94.277	672	99	664	0.0	1005	RS-GCF-014712225.1-NZ-JACXBW010000033.1
15072-1492R-T-G3	RS-GCF-006715225.1-NZ-VFMU01000001.1	94.056	672	100	673	0.0	1005	RS-GCF-006715225.1-NZ-VFMU01000001.1
15072-1492R-T-G3	RS-GCF-014764445.1-NZ-CP061721.1--4	94.277	672	99	664	0.0	1005	RS-GCF-014764445.1-NZ-CP061721.1--4
15072-1492R-T-G3	RS-GCF-014764445.1-NZ-CP061721.1--3	94.277	672	99	664	0.0	1005	RS-GCF-014764445.1-NZ-CP061721.1--3
15072-1492R-T-G3	RS-GCF-001294625.1-NZ-CP012677.1--6	94.277	672	99	664	0.0	1005	RS-GCF-001294625.1-NZ-CP012677.1--6
15072-1492R-T-G3	G000328305	94.277	672	99	664	0.0	1005	G000328305
15072-1492R-T-G3	AM176541	94.056	672	100	673	0.0	1005	AM176541
15072-1492R-T-G3	X83408	93.750	672	100	672	0.0	1005	X83408
15072-1492R-T-G3	RS-GCF-014639275.1-NZ-BMFW01000078.1	94.127	672	99	664	0.0	1004	RS-GCF-014639275.1-NZ-BMFW01000078.1
15072-1492R-T-G3	RS-GCF-902506095.1-NZ-LR733293.1	93.908	672	100	673	0.0	1004	RS-GCF-902506095.1-NZ-LR733293.1
15072-1492R-T-G3	RS-GCF-014191425.1-NZ-JACHWP010000001.1--2	93.899	672	100	672	0.0	1004	RS-GCF-014191425.1-NZ-JACHWP010000001.1--2
15072-1492R-T-G3	EU477050	93.899	672	100	672	0.0	1004	EU477050
15072-1492R-T-G3	AJ315070	94.436	672	99	665	0.0	1004	AJ315070
15072-1492R-T-G3	KJ082091	94.127	672	99	664	0.0	1004	KJ082091
15072-1492R-T-G3	RS-GCF-901875305.1-NZ-CABFLY010000004.1	94.268	672	99	663	0.0	1003	RS-GCF-901875305.1-NZ-CABFLY010000004.1
15072-1492R-T-G3	RS-GCF-001065485.1-NZ-JVBL01000150.1	94.268	672	99	663	0.0	1003	RS-GCF-001065485.1-NZ-JVBL01000150.1
15072-1492R-T-G3	RS-GCF-001809565.1-NZ-KV797954.1	94.268	672	99	663	0.0	1003	RS-GCF-001809565.1-NZ-KV797954.1
15072-1492R-T-G3	RS-GCF-001810135.1-NZ-KV800084.1	94.268	672	99	663	0.0	1003	RS-GCF-001810135.1-NZ-KV800084.1
15072-1492R-T-G3	RS-GCF-001813565.1-NZ-KV812868.1	94.268	672	99	663	0.0	1003	RS-GCF-001813565.1-NZ-KV812868.1
15072-1492R-T-G3	RS-GCF-001064585.1-NZ-JVLK01000032.1	94.268	672	99	663	0.0	1003	RS-GCF-001064585.1-NZ-JVLK01000032.1
15072-1492R-T-G3	RS-GCF-001810775.1-NZ-KV802661.1	94.268	672	99	663	0.0	1003	RS-GCF-001810775.1-NZ-KV802661.1
15072-1492R-T-G3	RS-GCF-001808945.1-NZ-KV795043.1	94.268	672	99	663	0.0	1003	RS-GCF-001808945.1-NZ-KV795043.1
15072-1492R-T-G3	RS-GCF-001812895.1-NZ-KV810708.1	94.268	672	99	663	0.0	1003	RS-GCF-001812895.1-NZ-KV810708.1
15072-1492R-T-G3	RS-GCF-001063995.1-NZ-JVPY01000012.1	94.268	672	99	663	0.0	1003	RS-GCF-001063995.1-NZ-JVPY01000012.1
15072-1492R-T-G3	RS-GCF-002861015.1-NZ-PKIQ01000008.1	94.268	672	99	663	0.0	1003	RS-GCF-002861015.1-NZ-PKIQ01000008.1
15072-1492R-T-G3	GB-GCA-015260035.1-JABZXL010000001.1	94.268	672	99	663	0.0	1003	GB-GCA-015260035.1-JABZXL010000001.1
15072-1492R-T-G3	G000376245	94.286	672	99	665	0.0	1003	G000376245
15072-1492R-T-G3	G000011025	94.268	672	99	663	0.0	1003	G000011025
15072-1492R-T-G3	X87758	94.268	672	99	663	0.0	1003	X87758
15072-1492R-T-G3	AF235091	94.286	672	99	665	0.0	1003	AF235091
15072-1492R-T-G3	AQXM01000028	94.286	672	99	665	0.0	1003	AQXM01000028
15072-1492R-T-G3	RS-GCF-014873955.1-NZ-JADBED010000001.1	94.135	672	99	665	0.0	1003	RS-GCF-014873955.1-NZ-JADBED010000001.1
15072-1492R-T-G3	RS-GCF-017347075.1-NZ-JADPRY010000047.1	94.135	672	99	665	0.0	1003	RS-GCF-017347075.1-NZ-JADPRY010000047.1
15072-1492R-T-G3	RS-GCF-008693925.1-NZ-CP044108.1--3	94.402	672	98	661	0.0	1003	RS-GCF-008693925.1-NZ-CP044108.1--3
15072-1492R-T-G3	RS-GCF-002861025.1-NZ-PKIR01000001.1	94.135	672	99	665	0.0	1003	RS-GCF-002861025.1-NZ-PKIR01000001.1
15072-1492R-T-G3	AY588278	94.135	672	99	665	0.0	1003	AY588278
15072-1492R-T-G3	RS-GCF-003061105.1-NZ-QAIQ01000696.1	93.750	672	100	672	0.0	1002	RS-GCF-003061105.1-NZ-QAIQ01000696.1
15072-1492R-T-G3	RS-GCF-009741265.1-NZ-WOWL01000001.1--4	93.750	672	100	672	0.0	1002	RS-GCF-009741265.1-NZ-WOWL01000001.1--4
15072-1492R-T-G3	RS-GCF-009741265.1-NZ-WOWL01000001.1	93.750	672	100	672	0.0	1002	RS-GCF-009741265.1-NZ-WOWL01000001.1
15072-1492R-T-G3	RS-GCF-013314975.1-NZ-JABTYH010000064.1	93.750	672	100	672	0.0	1002	RS-GCF-013314975.1-NZ-JABTYH010000064.1
15072-1492R-T-G3	RS-GCF-006715165.1-NZ-VFMS01000001.1	93.750	672	100	672	0.0	1002	RS-GCF-006715165.1-NZ-VFMS01000001.1
15072-1492R-T-G3	RS-GCF-006715305.1-NZ-VFMY01000001.1	93.750	672	100	672	0.0	1002	RS-GCF-006715305.1-NZ-VFMY01000001.1
15072-1492R-T-G3	RS-GCF-006517815.1-NZ-CP041198.1	93.750	672	100	672	0.0	1002	RS-GCF-006517815.1-NZ-CP041198.1
15072-1492R-T-G3	RS-GCF-014694415.1-NZ-JAAUWU010000038.1	93.750	672	100	672	0.0	1002	RS-GCF-014694415.1-NZ-JAAUWU010000038.1
15072-1492R-T-G3	G000420805	93.750	672	100	672	0.0	1002	G000420805
15072-1492R-T-G3	AY228479	93.750	672	100	672	0.0	1002	AY228479
15072-1492R-T-G3	AB248526	93.750	672	100	672	0.0	1002	AB248526
15072-1492R-T-G3	X80741	93.750	672	100	672	0.0	1002	X80741
15072-1492R-T-G3	RS-GCF-003130585.1-NZ-QFKX01000011.1	94.135	672	99	665	0.0	1001	RS-GCF-003130585.1-NZ-QFKX01000011.1
15072-1492R-T-G3	RS-GCF-010367585.1-NZ-JAAAXP010000001.1--4	94.127	672	99	664	0.0	1001	RS-GCF-010367585.1-NZ-JAAAXP010000001.1--4
15072-1492R-T-G3	RS-GCF-010367585.1-NZ-JAAAXP010000001.1	94.127	672	99	664	0.0	1001	RS-GCF-010367585.1-NZ-JAAAXP010000001.1
15072-1492R-T-G3	RS-GCF-015752345.1-NZ-JADOUT010000067.1	94.127	672	99	664	0.0	1001	RS-GCF-015752345.1-NZ-JADOUT010000067.1
15072-1492R-T-G3	RS-GCF-000468215.1-NZ-ASZW01000035.1	94.127	672	99	664	0.0	1001	RS-GCF-000468215.1-NZ-ASZW01000035.1
15072-1492R-T-G3	G000520515	94.127	672	99	664	0.0	1001	G000520515
15072-1492R-T-G3	G000338055	94.377	672	98	658	0.0	1001	G000338055
15072-1492R-T-G3	MH289757	94.135	672	99	665	0.0	1001	MH289757
15072-1492R-T-G3	KT946776	94.144	672	99	666	0.0	1001	KT946776
15072-1492R-T-G3	AB537168	94.127	672	99	664	0.0	1001	AB537168
15072-1492R-T-G3	GU784867	94.127	672	99	664	0.0	1001	GU784867
15072-1492R-T-G3	RS-GCF-001641125.1-NZ-LWLP01000001.1	93.759	672	100	673	0.0	1000	RS-GCF-001641125.1-NZ-LWLP01000001.1
15072-1492R-T-G3	G001657475	94.234	672	98	659	0.0	1000	G001657475
15072-1492R-T-G3	X76728	94.251	672	98	661	0.0	1000	X76728
15072-1492R-T-G3	X91033	93.985	672	99	665	0.0	1000	X91033
15072-1492R-T-G3	KP899144	94.512	672	98	656	0.0	1000	KP899144
15072-1492R-T-G3	RS-GCF-011045165.1-NZ-JAAKZI010000065.1	94.144	672	99	666	0.0	999	RS-GCF-011045165.1-NZ-JAAKZI010000065.1
15072-1492R-T-G3	KY608092	94.144	672	99	666	0.0	999	KY608092
15072-1492R-T-G3	RS-GCF-001512285.1-NZ-LNUV01000006.1	93.985	672	99	665	0.0	998	RS-GCF-001512285.1-NZ-LNUV01000006.1
15072-1492R-T-G3	RS-GCF-014874065.1-NZ-JADBEE010000001.1	93.985	672	99	665	0.0	998	RS-GCF-014874065.1-NZ-JADBEE010000001.1
15072-1492R-T-G3	RS-GCF-005876955.1-NZ-SSCL01000031.1	93.750	672	100	672	0.0	998	RS-GCF-005876955.1-NZ-SSCL01000031.1
15072-1492R-T-G3	RS-GCF-006964045.1-NZ-SDXQ01000016.1	93.985	672	99	665	0.0	998	RS-GCF-006964045.1-NZ-SDXQ01000016.1
15072-1492R-T-G3	RS-GCF-011605365.1-NZ-JAAOXO010000020.1	93.985	672	99	665	0.0	998	RS-GCF-011605365.1-NZ-JAAOXO010000020.1
15072-1492R-T-G3	RS-GCF-017876035.1-NZ-JAGINL010000001.1--2	93.985	672	99	665	0.0	998	RS-GCF-017876035.1-NZ-JAGINL010000001.1--2
15072-1492R-T-G3	RS-GCF-014138825.1-NZ-JACJIH010000001.1--2	93.985	672	99	665	0.0	998	RS-GCF-014138825.1-NZ-JACJIH010000001.1--2
15072-1492R-T-G3	RS-GCF-014138825.1-NZ-JACJIH010000001.1	93.985	672	99	665	0.0	998	RS-GCF-014138825.1-NZ-JACJIH010000001.1
15072-1492R-T-G3	RS-GCF-013393275.1-NZ-QJRB01000014.1	93.985	672	99	665	0.0	998	RS-GCF-013393275.1-NZ-QJRB01000014.1
15072-1492R-T-G3	RS-GCF-002975395.1-NZ-PCPO01000063.1	93.985	672	99	665	0.0	998	RS-GCF-002975395.1-NZ-PCPO01000063.1
15072-1492R-T-G3	G001483765	93.985	672	99	665	0.0	998	G001483765
15072-1492R-T-G3	G000950575	93.985	672	99	665	0.0	998	G000950575
15072-1492R-T-G3	G000014925	93.985	672	99	665	0.0	998	G000014925
15072-1492R-T-G3	AY588277	93.985	672	99	665	0.0	998	AY588277
15072-1492R-T-G3	AY928901	93.985	672	99	665	0.0	998	AY928901
15072-1492R-T-G3	AY226508	93.985	672	99	665	0.0	998	AY226508
15072-1492R-T-G3	AJ512504	93.985	672	99	665	0.0	998	AJ512504
15072-1492R-T-G3	X83405	93.985	672	99	665	0.0	998	X83405
15072-1492R-T-G3	KU921532	93.985	672	99	665	0.0	998	KU921532
15072-1492R-T-G3	RS-GCF-001512305.1-NZ-LNUT01000004.1	93.601	672	100	672	0.0	997	RS-GCF-001512305.1-NZ-LNUT01000004.1
15072-1492R-T-G3	RS-GCF-004364695.1-NZ-SOBI01000019.1	93.601	672	100	672	0.0	997	RS-GCF-004364695.1-NZ-SOBI01000019.1
15072-1492R-T-G3	G001580365	93.601	672	100	672	0.0	997	G001580365
15072-1492R-T-G3	G001482365	93.601	672	100	672	0.0	997	G001482365
15072-1492R-T-G3	DQ531634	93.601	672	100	672	0.0	997	DQ531634
15072-1492R-T-G3	CP013254	93.601	672	100	672	0.0	997	CP013254
15072-1492R-T-G3	JN176140	93.825	672	99	664	0.0	997	JN176140
15072-1492R-T-G3	KF150696	94.144	672	99	666	0.0	997	KF150696
15072-1492R-T-G3	AJ640198	94.127	672	99	664	0.0	997	AJ640198
15072-1492R-T-G3	RS-GCF-015209585.1-NZ-JADEYR010000010.1	94.225	672	98	658	0.0	996	RS-GCF-015209585.1-NZ-JADEYR010000010.1
15072-1492R-T-G3	RS-GCF-016907495.1-NZ-JAFBCC010000001.1	93.853	672	99	667	0.0	996	RS-GCF-016907495.1-NZ-JAFBCC010000001.1
15072-1492R-T-G3	RS-GCF-000520475.1-NZ-KI914607.1	93.853	672	99	667	0.0	996	RS-GCF-000520475.1-NZ-KI914607.1
15072-1492R-T-G3	RS-GCF-003343285.1-NZ-CP029236.1	93.853	672	99	667	0.0	996	RS-GCF-003343285.1-NZ-CP029236.1
15072-1492R-T-G3	G001428435	93.853	672	99	667	0.0	996	G001428435
15072-1492R-T-G3	G000520595	93.976	672	99	664	0.0	996	G000520595
15072-1492R-T-G3	G000430705	93.976	672	99	664	0.0	996	G000430705
15072-1492R-T-G3	G000018885	93.853	672	99	667	0.0	996	G000018885
15072-1492R-T-G3	AUMN01000007	93.976	672	99	664	0.0	996	AUMN01000007
15072-1492R-T-G3	AF180950	93.853	672	99	667	0.0	996	AF180950
15072-1492R-T-G3	MJ030-1-barcode32-umi10881bins-ubs-39	93.853	672	99	667	0.0	996	MJ030-1-barcode32-umi10881bins-ubs-39
15072-1492R-T-G3	RS-GCF-011927905.1-NZ-JAATJL010000001.1--3	93.472	672	100	674	0.0	995	RS-GCF-011927905.1-NZ-JAATJL010000001.1--3
15072-1492R-T-G3	RS-GCF-011927905.1-NZ-JAATJL010000001.1	93.472	672	100	674	0.0	995	RS-GCF-011927905.1-NZ-JAATJL010000001.1
15072-1492R-T-G3	DQ059617	93.611	672	100	673	0.0	995	DQ059617
15072-1492R-T-G3	AJ639829	93.472	672	100	674	0.0	995	AJ639829
15072-1492R-T-G3	RS-GCF-004919045.1-NZ-SWDW01000030.1	93.985	672	99	665	0.0	994	RS-GCF-004919045.1-NZ-SWDW01000030.1
15072-1492R-T-G3	RS-GCF-008831305.1-NZ-ML708642.1	93.175	672	99	674	0.0	994	RS-GCF-008831305.1-NZ-ML708642.1
15072-1492R-T-G3	RS-GCF-003268655.1-NZ-CP029642.1--5	93.994	672	99	666	0.0	994	RS-GCF-003268655.1-NZ-CP029642.1--5
15072-1492R-T-G3	RS-GCF-003268655.1-NZ-CP029642.1	93.994	672	99	666	0.0	994	RS-GCF-003268655.1-NZ-CP029642.1
15072-1492R-T-G3	RS-GCF-013376095.1-NZ-JAAMFN010000078.1	93.994	672	99	666	0.0	994	RS-GCF-013376095.1-NZ-JAAMFN010000078.1
15072-1492R-T-G3	RS-GCF-014635585.1-NZ-BMDC01000006.1	93.967	672	99	663	0.0	994	RS-GCF-014635585.1-NZ-BMDC01000006.1
15072-1492R-T-G3	AJ537574	94.234	672	98	659	0.0	994	AJ537574
15072-1492R-T-G3	KF040423	93.967	672	99	663	0.0	994	KF040423
15072-1492R-T-G3	KF895368	93.175	672	99	674	0.0	994	KF895368
15072-1492R-T-G3	RS-GCF-019173455.1-NZ-JADPQH010000001.1	93.835	672	99	665	0.0	994	RS-GCF-019173455.1-NZ-JADPQH010000001.1
15072-1492R-T-G3	RS-GCF-005877005.1-NZ-SSNH01000028.1	93.601	672	100	672	0.0	994	RS-GCF-005877005.1-NZ-SSNH01000028.1
15072-1492R-T-G3	RS-GCF-004364585.1-NZ-SOAN01000020.1	93.835	672	99	665	0.0	994	RS-GCF-004364585.1-NZ-SOAN01000020.1
15072-1492R-T-G3	RS-GCF-003667205.1-NZ-RCON01000037.1	93.853	672	99	667	0.0	994	RS-GCF-003667205.1-NZ-RCON01000037.1
15072-1492R-T-G3	RS-GCF-017167545.1-NZ-JAFDPQ010000020.1	93.853	672	99	667	0.0	994	RS-GCF-017167545.1-NZ-JAFDPQ010000020.1
15072-1492R-T-G3	G000786655	93.853	672	99	667	0.0	994	G000786655
15072-1492R-T-G3	KC841860	93.601	672	100	672	0.0	994	KC841860
15072-1492R-T-G3	FJ527420	93.835	672	99	665	0.0	994	FJ527420
15072-1492R-T-G3	AY684123	93.835	672	99	665	0.0	994	AY684123
15072-1492R-T-G3	HG795012	93.835	672	99	665	0.0	994	HG795012
15072-1492R-T-G3	AY211385	93.853	672	99	667	0.0	994	AY211385
15072-1492R-T-G3	AJ315069	93.703	672	99	667	0.0	994	AJ315069
15072-1492R-T-G3	RS-GCF-004798705.1-NZ-CP039290.1	93.452	672	100	672	0.0	993	RS-GCF-004798705.1-NZ-CP039290.1
15072-1492R-T-G3	RS-GCF-003287955.1-NZ-QMKP01000042.1	93.452	672	100	672	0.0	993	RS-GCF-003287955.1-NZ-QMKP01000042.1
15072-1492R-T-G3	RS-GCF-900258505.1-NZ-LT984895.1	94.225	672	98	658	0.0	993	RS-GCF-900258505.1-NZ-LT984895.1
15072-1492R-T-G3	RS-GCF-009911795.1-NZ-CP047898.1	93.452	672	100	672	0.0	993	RS-GCF-009911795.1-NZ-CP047898.1
15072-1492R-T-G3	RS-GCF-000427315.1-NZ-AUPJ01000263.1	93.452	672	100	672	0.0	993	RS-GCF-000427315.1-NZ-AUPJ01000263.1
15072-1492R-T-G3	RS-GCF-001422645.1-NZ-LMLR01000001.1	93.452	672	100	672	0.0	993	RS-GCF-001422645.1-NZ-LMLR01000001.1
15072-1492R-T-G3	RS-GCF-006517235.1-NZ-CP041188.1	93.452	672	100	672	0.0	993	RS-GCF-006517235.1-NZ-CP041188.1
15072-1492R-T-G3	RS-GCF-002929755.1-NZ-PJIW01000040.1	93.452	672	100	672	0.0	993	RS-GCF-002929755.1-NZ-PJIW01000040.1
15072-1492R-T-G3	RS-GCF-002209145.2-NZ-CP022038.2--5	93.675	672	99	664	0.0	993	RS-GCF-002209145.2-NZ-CP022038.2--5
15072-1492R-T-G3	G004136555	93.684	672	99	665	0.0	993	G004136555
15072-1492R-T-G3	G000024065	93.675	672	99	664	0.0	993	G000024065
15072-1492R-T-G3	MN559964	93.452	672	100	672	0.0	993	MN559964
15072-1492R-T-G3	CP001706	93.675	672	99	664	0.0	993	CP001706
15072-1492R-T-G3	LT601575	93.684	672	99	665	0.0	993	LT601575
15072-1492R-T-G3	EU286964	93.684	672	99	665	0.0	993	EU286964
15072-1492R-T-G3	RS-GCF-005490785.1-NZ-CP027295.1	94.073	672	98	658	0.0	992	RS-GCF-005490785.1-NZ-CP027295.1
15072-1492R-T-G3	RS-GCF-900014985.1-NZ-CZJX01000094.1	93.722	672	99	669	0.0	992	RS-GCF-900014985.1-NZ-CZJX01000094.1
15072-1492R-T-G3	G000482545	93.611	672	100	673	0.0	992	G000482545
15072-1492R-T-G3	AJ415376	94.073	672	98	658	0.0	992	AJ415376
15072-1492R-T-G3	AB537169	94.073	672	98	658	0.0	992	AB537169
15072-1492R-T-G3	X87754	93.722	672	99	669	0.0	992	X87754
15072-1492R-T-G3	GB-GCA-003602285.1-QZVU01000014.1	93.323	672	100	674	0.0	991	GB-GCA-003602285.1-QZVU01000014.1
15072-1492R-T-G3	G900163655	93.684	672	99	665	0.0	991	G900163655
15072-1492R-T-G3	G001484605	93.462	672	100	673	0.0	991	G001484605
15072-1492R-T-G3	KJ934258	93.684	672	99	665	0.0	991	KJ934258
15072-1492R-T-G3	FJ607311	93.703	672	99	667	0.0	991	FJ607311
15072-1492R-T-G3	MN203626	93.323	672	100	674	0.0	991	MN203626
15072-1492R-T-G3	G900070355	93.825	672	99	664	0.0	990	G900070355
15072-1492R-T-G3	G000023925	93.684	672	99	665	0.0	990	G000023925
15072-1492R-T-G3	X87755	93.684	672	99	665	0.0	990	X87755
15072-1492R-T-G3	EU009865	93.825	672	99	664	0.0	990	EU009865
15072-1492R-T-G3	AB248533	93.835	672	99	665	0.0	990	AB248533
15072-1492R-T-G3	RS-GCF-017357425.1-NZ-CP014571.1	93.684	672	99	665	0.0	989	RS-GCF-017357425.1-NZ-CP014571.1
15072-1492R-T-G3	RS-GCF-014642675.1-NZ-BMIS01000026.1	93.684	672	99	665	0.0	989	RS-GCF-014642675.1-NZ-BMIS01000026.1
15072-1492R-T-G3	RS-GCF-002224285.1-NZ-CP022436.1--6	93.684	672	99	665	0.0	989	RS-GCF-002224285.1-NZ-CP022436.1--6
15072-1492R-T-G3	RS-GCF-002224285.1-NZ-CP022436.1--2	93.684	672	99	665	0.0	989	RS-GCF-002224285.1-NZ-CP022436.1--2
15072-1492R-T-G3	RS-GCF-017876395.1-NZ-JAGINX010000001.1--2	93.684	672	99	665	0.0	989	RS-GCF-017876395.1-NZ-JAGINX010000001.1--2
15072-1492R-T-G3	RS-GCF-017876395.1-NZ-JAGINX010000001.1	93.684	672	99	665	0.0	989	RS-GCF-017876395.1-NZ-JAGINX010000001.1
15072-1492R-T-G3	RS-GCF-018678105.1-NZ-JAHHIO010000059.1	93.844	672	99	666	0.0	989	RS-GCF-018678105.1-NZ-JAHHIO010000059.1
15072-1492R-T-G3	RS-GCF-004354015.1-NZ-SMRU01000071.1	93.844	672	99	666	0.0	989	RS-GCF-004354015.1-NZ-SMRU01000071.1
15072-1492R-T-G3	MG210584	93.844	672	99	666	0.0	989	MG210584
15072-1492R-T-G3	AJ292364	94.769	672	96	650	0.0	989	AJ292364
15072-1492R-T-G3	AJ639830	93.553	672	99	667	0.0	989	AJ639830
15072-1492R-T-G3	AB248527	93.684	672	99	665	0.0	989	AB248527
15072-1492R-T-G3	RS-GCF-014836775.1-NZ-JACSQD010000011.1	93.304	672	100	672	0.0	988	RS-GCF-014836775.1-NZ-JACSQD010000011.1
15072-1492R-T-G3	RS-GCF-014926485.1-NZ-PZKO01000079.1	93.304	672	100	672	0.0	988	RS-GCF-014926485.1-NZ-PZKO01000079.1
15072-1492R-T-G3	RS-GCF-001552075.1-NZ-BCQM01000025.1	93.304	672	100	672	0.0	988	RS-GCF-001552075.1-NZ-BCQM01000025.1
15072-1492R-T-G3	G001968835	93.433	672	99	670	0.0	988	G001968835
15072-1492R-T-G3	AJ243422	93.304	672	100	672	0.0	988	AJ243422
15072-1492R-T-G3	X80737	93.304	672	100	672	0.0	988	X80737
15072-1492R-T-G3	DQ097525	93.572	672	99	669	0.0	988	DQ097525
15072-1492R-T-G3	RS-GCF-001750145.1-NZ-CP015732.1	93.462	672	100	673	0.0	987	RS-GCF-001750145.1-NZ-CP015732.1
