15199-1492-R-C9	RS-GCF-001682235.1-NZ-CP013714.1--3	97.966	1236	98	1229	0.0	2063	RS-GCF-001682235.1-NZ-CP013714.1--3
15199-1492-R-C9	RS-GCF-001876475.1-NZ-LWJW01000053.1	97.966	1236	98	1229	0.0	2063	RS-GCF-001876475.1-NZ-LWJW01000053.1
15199-1492-R-C9	RS-GCF-016772515.1-NZ-CP068576.1--5	97.966	1236	98	1229	0.0	2063	RS-GCF-016772515.1-NZ-CP068576.1--5
15199-1492-R-C9	RS-GCF-016725265.1-NZ-CP068063.1	97.966	1236	98	1229	0.0	2063	RS-GCF-016725265.1-NZ-CP068063.1
15199-1492-R-C9	AB009939	97.966	1236	98	1229	0.0	2063	AB009939
15199-1492-R-C9	MJ007-1-barcode38-umi3708bins-ubs-72	97.966	1236	98	1229	0.0	2063	MJ007-1-barcode38-umi3708bins-ubs-72
15199-1492-R-C9	MJ007-1-barcode38-umi5046bins-ubs-54	97.966	1236	98	1229	0.0	2063	MJ007-1-barcode38-umi5046bins-ubs-54
15199-1492-R-C9	MJ007-1-barcode38-umi5333bins-ubs-55	97.966	1236	98	1229	0.0	2063	MJ007-1-barcode38-umi5333bins-ubs-55
15199-1492-R-C9	MJ007-1-barcode38-umi4882bins-ubs-57	97.966	1236	98	1229	0.0	2063	MJ007-1-barcode38-umi4882bins-ubs-57
15199-1492-R-C9	MJ007-1-barcode38-umi1847bins-ubs-134	97.966	1236	98	1229	0.0	2063	MJ007-1-barcode38-umi1847bins-ubs-134
15199-1492-R-C9	MJ007-1-barcode38-umi2119bins-ubs-118	97.966	1236	98	1229	0.0	2063	MJ007-1-barcode38-umi2119bins-ubs-118
15199-1492-R-C9	MJ007-1-barcode38-umi42114bins-ubs-3	97.966	1236	98	1229	0.0	2063	MJ007-1-barcode38-umi42114bins-ubs-3
15199-1492-R-C9	MJ007-1-barcode38-umi30155bins-ubs-5	97.966	1236	98	1229	0.0	2063	MJ007-1-barcode38-umi30155bins-ubs-5
15199-1492-R-C9	MJ007-1-barcode38-umi34884bins-ubs-5	97.966	1236	98	1229	0.0	2063	MJ007-1-barcode38-umi34884bins-ubs-5
15199-1492-R-C9	MJ007-1-barcode38-umi34481bins-ubs-6	97.966	1236	98	1229	0.0	2063	MJ007-1-barcode38-umi34481bins-ubs-6
15199-1492-R-C9	MJ007-1-barcode38-umi3596bins-ubs-73	97.966	1236	98	1229	0.0	2063	MJ007-1-barcode38-umi3596bins-ubs-73
15199-1492-R-C9	MJ007-1-barcode38-umi6369bins-ubs-47	97.966	1236	98	1229	0.0	2063	MJ007-1-barcode38-umi6369bins-ubs-47
15199-1492-R-C9	MJ032-1-barcode41-umi2876bins-ubs-100	97.966	1236	98	1229	0.0	2063	MJ032-1-barcode41-umi2876bins-ubs-100
15199-1492-R-C9	MJ032-1-barcode41-umi1149bins-ubs-174	97.966	1236	98	1229	0.0	2063	MJ032-1-barcode41-umi1149bins-ubs-174
15199-1492-R-C9	MJ032-1-barcode41-umi1014bins-ubs-182	97.966	1236	98	1229	0.0	2063	MJ032-1-barcode41-umi1014bins-ubs-182
15199-1492-R-C9	MJ032-1-barcode41-umi4996bins-ubs-64	97.966	1236	98	1229	0.0	2063	MJ032-1-barcode41-umi4996bins-ubs-64
15199-1492-R-C9	MJ032-1-barcode41-umi26128bins-ubs-14	97.966	1236	98	1229	0.0	2063	MJ032-1-barcode41-umi26128bins-ubs-14
15199-1492-R-C9	MJ032-1-barcode41-umi2625bins-ubs-105	97.966	1236	98	1229	0.0	2063	MJ032-1-barcode41-umi2625bins-ubs-105
15199-1492-R-C9	MJ032-1-barcode41-umi6116bins-ubs-63	97.966	1236	98	1229	0.0	2063	MJ032-1-barcode41-umi6116bins-ubs-63
15199-1492-R-C9	MJ032-1-barcode41-umi2218bins-ubs-113	97.966	1236	98	1229	0.0	2063	MJ032-1-barcode41-umi2218bins-ubs-113
15199-1492-R-C9	RS-GCF-016725265.1-NZ-CP068063.1--7	97.886	1236	98	1230	0.0	2060	RS-GCF-016725265.1-NZ-CP068063.1--7
15199-1492-R-C9	RS-GCF-001431205.1-NZ-LGPC01000013.1	97.884	1236	98	1229	0.0	2058	RS-GCF-001431205.1-NZ-LGPC01000013.1
15199-1492-R-C9	RS-GCF-900458565.1-NZ-UHDI01000001.1--7	97.884	1236	98	1229	0.0	2058	RS-GCF-900458565.1-NZ-UHDI01000001.1--7
15199-1492-R-C9	RS-GCF-016127455.1-NZ-CP066013.1--7	97.884	1236	98	1229	0.0	2058	RS-GCF-016127455.1-NZ-CP066013.1--7
15199-1492-R-C9	RS-GCF-016028235.1-NZ-CP065710.1--6	97.884	1236	98	1229	0.0	2058	RS-GCF-016028235.1-NZ-CP065710.1--6
15199-1492-R-C9	RS-GCF-001682235.1-NZ-CP013714.1--2	97.884	1236	98	1229	0.0	2058	RS-GCF-001682235.1-NZ-CP013714.1--2
15199-1492-R-C9	RS-GCF-001682235.1-NZ-CP013714.1	97.884	1236	98	1229	0.0	2058	RS-GCF-001682235.1-NZ-CP013714.1
15199-1492-R-C9	G001432245	97.884	1236	98	1229	0.0	2058	G001432245
15199-1492-R-C9	AF527483	97.884	1236	98	1229	0.0	2058	AF527483
15199-1492-R-C9	MJ007-1-barcode38-umi2246bins-ubs-108	97.884	1236	98	1229	0.0	2058	MJ007-1-barcode38-umi2246bins-ubs-108
15199-1492-R-C9	MJ007-1-barcode38-umi24047bins-ubs-9	97.884	1236	98	1229	0.0	2058	MJ007-1-barcode38-umi24047bins-ubs-9
15199-1492-R-C9	MJ007-1-barcode38-umi4052bins-ubs-67	97.884	1236	98	1229	0.0	2058	MJ007-1-barcode38-umi4052bins-ubs-67
15199-1492-R-C9	MJ007-1-barcode38-umi2855bins-ubs-89	97.884	1236	98	1229	0.0	2058	MJ007-1-barcode38-umi2855bins-ubs-89
15199-1492-R-C9	MJ007-1-barcode38-umi9498bins-ubs-31	97.884	1236	98	1229	0.0	2058	MJ007-1-barcode38-umi9498bins-ubs-31
15199-1492-R-C9	MJ007-1-barcode38-umi3476bins-ubs-73	97.884	1236	98	1229	0.0	2058	MJ007-1-barcode38-umi3476bins-ubs-73
15199-1492-R-C9	MJ007-1-barcode38-umi33933bins-ubs-4	97.884	1236	98	1229	0.0	2058	MJ007-1-barcode38-umi33933bins-ubs-4
15199-1492-R-C9	MJ007-1-barcode38-umi3356bins-ubs-78	97.884	1236	98	1229	0.0	2058	MJ007-1-barcode38-umi3356bins-ubs-78
15199-1492-R-C9	MJ007-1-barcode38-umi38208bins-ubs-3	97.884	1236	98	1229	0.0	2058	MJ007-1-barcode38-umi38208bins-ubs-3
15199-1492-R-C9	MJ007-1-barcode38-umi3757bins-ubs-72	97.884	1236	98	1229	0.0	2058	MJ007-1-barcode38-umi3757bins-ubs-72
15199-1492-R-C9	MJ007-1-barcode38-umi3887bins-ubs-67	97.884	1236	98	1229	0.0	2058	MJ007-1-barcode38-umi3887bins-ubs-67
15199-1492-R-C9	MJ007-1-barcode38-umi5717bins-ubs-53	97.884	1236	98	1229	0.0	2058	MJ007-1-barcode38-umi5717bins-ubs-53
15199-1492-R-C9	MJ007-1-barcode38-umi2768bins-ubs-91	97.803	1236	98	1229	0.0	2058	MJ007-1-barcode38-umi2768bins-ubs-91
15199-1492-R-C9	MJ007-1-barcode38-umi2704bins-ubs-91	97.884	1236	98	1229	0.0	2058	MJ007-1-barcode38-umi2704bins-ubs-91
15199-1492-R-C9	MJ007-1-barcode38-umi2477bins-ubs-102	97.884	1236	98	1229	0.0	2058	MJ007-1-barcode38-umi2477bins-ubs-102
15199-1492-R-C9	MJ007-1-barcode38-umi18510bins-ubs-14	97.884	1236	98	1229	0.0	2058	MJ007-1-barcode38-umi18510bins-ubs-14
15199-1492-R-C9	MJ007-1-barcode38-umi21316bins-ubs-9	97.884	1236	98	1229	0.0	2058	MJ007-1-barcode38-umi21316bins-ubs-9
15199-1492-R-C9	MJ007-1-barcode38-umi2202bins-ubs-115	97.884	1236	98	1229	0.0	2058	MJ007-1-barcode38-umi2202bins-ubs-115
15199-1492-R-C9	MJ007-1-barcode38-umi4036bins-ubs-67	97.884	1236	98	1229	0.0	2058	MJ007-1-barcode38-umi4036bins-ubs-67
15199-1492-R-C9	MJ007-1-barcode38-umi41666bins-ubs-3	97.884	1236	98	1229	0.0	2058	MJ007-1-barcode38-umi41666bins-ubs-3
15199-1492-R-C9	MJ007-1-barcode38-umi10969bins-ubs-28	97.884	1236	98	1229	0.0	2058	MJ007-1-barcode38-umi10969bins-ubs-28
15199-1492-R-C9	MJ007-1-barcode38-umi12479bins-ubs-22	97.884	1236	98	1229	0.0	2058	MJ007-1-barcode38-umi12479bins-ubs-22
15199-1492-R-C9	MJ007-1-barcode38-umi10741bins-ubs-28	97.884	1236	98	1229	0.0	2058	MJ007-1-barcode38-umi10741bins-ubs-28
15199-1492-R-C9	MJ007-1-barcode38-umi13258bins-ubs-21	97.884	1236	98	1229	0.0	2058	MJ007-1-barcode38-umi13258bins-ubs-21
15199-1492-R-C9	MJ007-1-barcode38-umi10773bins-ubs-30	97.884	1236	98	1229	0.0	2058	MJ007-1-barcode38-umi10773bins-ubs-30
15199-1492-R-C9	MJ007-1-barcode38-umi28794bins-ubs-6	97.884	1236	98	1229	0.0	2058	MJ007-1-barcode38-umi28794bins-ubs-6
15199-1492-R-C9	MJ007-1-barcode38-umi29540bins-ubs-5	97.884	1236	98	1229	0.0	2058	MJ007-1-barcode38-umi29540bins-ubs-5
15199-1492-R-C9	MJ007-1-barcode38-umi7421bins-ubs-41	97.884	1236	98	1229	0.0	2058	MJ007-1-barcode38-umi7421bins-ubs-41
15199-1492-R-C9	MJ007-1-barcode38-umi7556bins-ubs-40	97.884	1236	98	1229	0.0	2058	MJ007-1-barcode38-umi7556bins-ubs-40
15199-1492-R-C9	MJ007-1-barcode38-umi7046bins-ubs-43	97.884	1236	98	1229	0.0	2058	MJ007-1-barcode38-umi7046bins-ubs-43
15199-1492-R-C9	MJ007-1-barcode38-umi7801bins-ubs-36	97.884	1236	98	1229	0.0	2058	MJ007-1-barcode38-umi7801bins-ubs-36
15199-1492-R-C9	MJ007-1-barcode38-umi9492bins-ubs-33	97.884	1236	98	1229	0.0	2058	MJ007-1-barcode38-umi9492bins-ubs-33
15199-1492-R-C9	MJ007-1-barcode38-umi3417bins-ubs-79	97.884	1236	98	1229	0.0	2058	MJ007-1-barcode38-umi3417bins-ubs-79
15199-1492-R-C9	MJ007-1-barcode38-umi3505bins-ubs-73	97.884	1236	98	1229	0.0	2058	MJ007-1-barcode38-umi3505bins-ubs-73
15199-1492-R-C9	MJ007-1-barcode38-umi5900bins-ubs-49	97.884	1236	98	1229	0.0	2058	MJ007-1-barcode38-umi5900bins-ubs-49
15199-1492-R-C9	MJ007-1-barcode38-umi5209bins-ubs-62	97.884	1236	98	1229	0.0	2058	MJ007-1-barcode38-umi5209bins-ubs-62
15199-1492-R-C9	MJ007-1-barcode38-umi5104bins-ubs-55	97.884	1236	98	1229	0.0	2058	MJ007-1-barcode38-umi5104bins-ubs-55
15199-1492-R-C9	MJ007-1-barcode38-umi5032bins-ubs-57	97.884	1236	98	1229	0.0	2058	MJ007-1-barcode38-umi5032bins-ubs-57
15199-1492-R-C9	MJ007-1-barcode38-umi24470bins-ubs-7	97.884	1236	98	1229	0.0	2058	MJ007-1-barcode38-umi24470bins-ubs-7
15199-1492-R-C9	MJ007-1-barcode38-umi18051bins-ubs-13	97.884	1236	98	1229	0.0	2058	MJ007-1-barcode38-umi18051bins-ubs-13
15199-1492-R-C9	MJ007-1-barcode38-umi18767bins-ubs-11	97.884	1236	98	1229	0.0	2058	MJ007-1-barcode38-umi18767bins-ubs-11
15199-1492-R-C9	MJ007-1-barcode38-umi19068bins-ubs-12	97.884	1236	98	1229	0.0	2058	MJ007-1-barcode38-umi19068bins-ubs-12
15199-1492-R-C9	MJ007-1-barcode38-umi1790bins-ubs-133	97.884	1236	98	1229	0.0	2058	MJ007-1-barcode38-umi1790bins-ubs-133
15199-1492-R-C9	MJ032-1-barcode41-umi3057bins-ubs-96	97.884	1236	98	1229	0.0	2058	MJ032-1-barcode41-umi3057bins-ubs-96
15199-1492-R-C9	MJ032-1-barcode41-umi5787bins-ubs-63	97.884	1236	98	1229	0.0	2058	MJ032-1-barcode41-umi5787bins-ubs-63
15199-1492-R-C9	MJ032-1-barcode41-umi23524bins-ubs-16	97.884	1236	98	1229	0.0	2058	MJ032-1-barcode41-umi23524bins-ubs-16
15199-1492-R-C9	MJ032-1-barcode41-umi45931bins-ubs-7	97.884	1236	98	1229	0.0	2058	MJ032-1-barcode41-umi45931bins-ubs-7
15199-1492-R-C9	MJ032-1-barcode41-umi4534bins-ubs-75	97.884	1236	98	1229	0.0	2058	MJ032-1-barcode41-umi4534bins-ubs-75
15199-1492-R-C9	MJ032-1-barcode41-umi1569bins-ubs-139	97.884	1236	98	1229	0.0	2058	MJ032-1-barcode41-umi1569bins-ubs-139
15199-1492-R-C9	MJ032-1-barcode41-umi55449bins-ubs-5	97.884	1236	98	1229	0.0	2058	MJ032-1-barcode41-umi55449bins-ubs-5
15199-1492-R-C9	MJ032-1-barcode41-umi2260bins-ubs-115	97.884	1236	98	1229	0.0	2058	MJ032-1-barcode41-umi2260bins-ubs-115
15199-1492-R-C9	MJ032-1-barcode41-umi4850bins-ubs-72	97.884	1236	98	1229	0.0	2058	MJ032-1-barcode41-umi4850bins-ubs-72
15199-1492-R-C9	MJ032-1-barcode41-umi2454bins-ubs-117	97.884	1236	98	1229	0.0	2058	MJ032-1-barcode41-umi2454bins-ubs-117
15199-1492-R-C9	MJ032-1-barcode41-umi23131bins-ubs-20	97.884	1236	98	1229	0.0	2058	MJ032-1-barcode41-umi23131bins-ubs-20
15199-1492-R-C9	MJ032-1-barcode41-umi1719bins-ubs-131	97.884	1236	98	1229	0.0	2058	MJ032-1-barcode41-umi1719bins-ubs-131
15199-1492-R-C9	MJ032-1-barcode41-umi1823bins-ubs-128	97.884	1236	98	1229	0.0	2058	MJ032-1-barcode41-umi1823bins-ubs-128
15199-1492-R-C9	MJ032-1-barcode41-umi27445bins-ubs-14	97.884	1236	98	1229	0.0	2058	MJ032-1-barcode41-umi27445bins-ubs-14
15199-1492-R-C9	MJ032-1-barcode41-umi1361bins-ubs-150	97.884	1236	98	1229	0.0	2058	MJ032-1-barcode41-umi1361bins-ubs-150
15199-1492-R-C9	RS-GCF-001747895.1-NZ-LNNB01000037.1	97.884	1236	98	1229	0.0	2055	RS-GCF-001747895.1-NZ-LNNB01000037.1
15199-1492-R-C9	RS-GCF-016028235.1-NZ-CP065710.1--2	97.884	1236	98	1229	0.0	2055	RS-GCF-016028235.1-NZ-CP065710.1--2
15199-1492-R-C9	RS-GCF-900458565.1-NZ-UHDI01000001.1	97.803	1236	98	1229	0.0	2054	RS-GCF-900458565.1-NZ-UHDI01000001.1
15199-1492-R-C9	MJ009-1-barcode40-umi66377bins-ubs-5	97.803	1236	98	1229	0.0	2054	MJ009-1-barcode40-umi66377bins-ubs-5
15199-1492-R-C9	MJ007-1-barcode38-umi14118bins-ubs-18	97.803	1236	98	1229	0.0	2054	MJ007-1-barcode38-umi14118bins-ubs-18
15199-1492-R-C9	MJ007-1-barcode38-umi4478bins-ubs-66	97.803	1236	98	1229	0.0	2054	MJ007-1-barcode38-umi4478bins-ubs-66
15199-1492-R-C9	MJ007-1-barcode38-umi23784bins-ubs-7	97.803	1236	98	1229	0.0	2054	MJ007-1-barcode38-umi23784bins-ubs-7
15199-1492-R-C9	MJ007-1-barcode38-umi5943bins-ubs-50	97.803	1236	98	1229	0.0	2054	MJ007-1-barcode38-umi5943bins-ubs-50
15199-1492-R-C9	MJ007-1-barcode38-umi5223bins-ubs-57	97.803	1236	98	1229	0.0	2054	MJ007-1-barcode38-umi5223bins-ubs-57
15199-1492-R-C9	MJ032-1-barcode41-umi1700bins-ubs-135	97.803	1236	98	1229	0.0	2054	MJ032-1-barcode41-umi1700bins-ubs-135
15199-1492-R-C9	MJ032-1-barcode41-umi3541bins-ubs-88	97.803	1236	98	1229	0.0	2054	MJ032-1-barcode41-umi3541bins-ubs-88
15199-1492-R-C9	MJ007-1-barcode38-umi20226bins-ubs-12	97.722	1236	98	1229	0.0	2049	MJ007-1-barcode38-umi20226bins-ubs-12
15199-1492-R-C9	GB-GCA-009834585.1-CP041697.1--2	97.803	1236	98	1229	0.0	2047	GB-GCA-009834585.1-CP041697.1--2
15199-1492-R-C9	MJ007-1-barcode38-umi10027bins-ubs-30	97.640	1236	98	1229	0.0	2045	MJ007-1-barcode38-umi10027bins-ubs-30
15199-1492-R-C9	MJ007-1-barcode38-umi22617bins-ubs-8	97.559	1236	98	1229	0.0	2040	MJ007-1-barcode38-umi22617bins-ubs-8
15199-1492-R-C9	MJ007-1-barcode38-umi9967bins-ubs-30	97.559	1236	98	1229	0.0	2040	MJ007-1-barcode38-umi9967bins-ubs-30
15199-1492-R-C9	GB-GCA-009834585.1-CP041697.1--4	97.640	1236	98	1229	0.0	2035	GB-GCA-009834585.1-CP041697.1--4
15199-1492-R-C9	MJ032-1-barcode41-umi26783bins-ubs-15	97.396	1236	98	1229	0.0	2031	MJ032-1-barcode41-umi26783bins-ubs-15
15199-1492-R-C9	MJ032-1-barcode41-umi47223bins-ubs-6	97.396	1236	98	1229	0.0	2031	MJ032-1-barcode41-umi47223bins-ubs-6
15199-1492-R-C9	RS-GCF-018502245.1-NZ-CP075501.1--2	97.315	1236	98	1229	0.0	2027	RS-GCF-018502245.1-NZ-CP075501.1--2
15199-1492-R-C9	RS-GCF-000815285.1-NZ-JXAU01000046.1	97.315	1236	98	1229	0.0	2027	RS-GCF-000815285.1-NZ-JXAU01000046.1
15199-1492-R-C9	RS-GCF-003043095.1-NZ-PZEI01000200.1	97.315	1236	98	1229	0.0	2027	RS-GCF-003043095.1-NZ-PZEI01000200.1
15199-1492-R-C9	RS-GCF-002836875.1-NZ-PIZN01000024.1	97.315	1236	98	1229	0.0	2027	RS-GCF-002836875.1-NZ-PIZN01000024.1
15199-1492-R-C9	RS-GCF-900458755.1-NZ-UHEI01000002.1--3	97.315	1236	98	1229	0.0	2027	RS-GCF-900458755.1-NZ-UHEI01000002.1--3
15199-1492-R-C9	RS-GCF-003041315.1-NZ-PZEQ01000068.1	97.315	1236	98	1229	0.0	2027	RS-GCF-003041315.1-NZ-PZEQ01000068.1
15199-1492-R-C9	RS-GCF-003577905.1-NZ-QXSX01000174.1	97.315	1236	98	1229	0.0	2027	RS-GCF-003577905.1-NZ-QXSX01000174.1
15199-1492-R-C9	RS-GCF-900458845.1-NZ-UHEC01000001.1--6	97.315	1236	98	1229	0.0	2027	RS-GCF-900458845.1-NZ-UHEC01000001.1--6
15199-1492-R-C9	RS-GCF-017892255.1-NZ-JAESKU010000029.1	97.315	1236	98	1229	0.0	2027	RS-GCF-017892255.1-NZ-JAESKU010000029.1
15199-1492-R-C9	RS-GCF-014180735.1-NZ-JAALCY010000011.1	97.315	1236	98	1229	0.0	2027	RS-GCF-014180735.1-NZ-JAALCY010000011.1
15199-1492-R-C9	G000706685	97.315	1236	98	1229	0.0	2027	G000706685
15199-1492-R-C9	D83361	97.315	1236	98	1229	0.0	2027	D83361
15199-1492-R-C9	D83374	97.315	1236	98	1229	0.0	2027	D83374
15199-1492-R-C9	MJ030-1-barcode49-umi1666bins-ubs-118	97.315	1236	98	1229	0.0	2027	MJ030-1-barcode49-umi1666bins-ubs-118
15199-1492-R-C9	MJ007-2-barcode52-umi19010bins-ubs-19	97.315	1236	98	1229	0.0	2027	MJ007-2-barcode52-umi19010bins-ubs-19
15199-1492-R-C9	MJ007-2-barcode52-umi394bins-ubs-821	97.315	1236	98	1229	0.0	2027	MJ007-2-barcode52-umi394bins-ubs-821
15199-1492-R-C9	MJ007-1-barcode38-umi12710bins-ubs-23	97.315	1236	98	1229	0.0	2027	MJ007-1-barcode38-umi12710bins-ubs-23
15199-1492-R-C9	MJ007-1-barcode38-umi9051bins-ubs-33	97.315	1236	98	1229	0.0	2027	MJ007-1-barcode38-umi9051bins-ubs-33
15199-1492-R-C9	MJ007-1-barcode38-umi12202bins-ubs-22	97.315	1236	98	1229	0.0	2027	MJ007-1-barcode38-umi12202bins-ubs-22
15199-1492-R-C9	MJ007-1-barcode38-umi28853bins-ubs-6	97.315	1236	98	1229	0.0	2027	MJ007-1-barcode38-umi28853bins-ubs-6
15199-1492-R-C9	MJ007-1-barcode38-umi7184bins-ubs-41	97.315	1236	98	1229	0.0	2027	MJ007-1-barcode38-umi7184bins-ubs-41
15199-1492-R-C9	MJ007-1-barcode38-umi15665bins-ubs-18	97.315	1236	98	1229	0.0	2027	MJ007-1-barcode38-umi15665bins-ubs-18
15199-1492-R-C9	MJ007-1-barcode38-umi27928bins-ubs-7	97.315	1236	98	1229	0.0	2027	MJ007-1-barcode38-umi27928bins-ubs-7
15199-1492-R-C9	MJ030-1-barcode43-umi32932bins-ubs-16	97.315	1236	98	1229	0.0	2027	MJ030-1-barcode43-umi32932bins-ubs-16
15199-1492-R-C9	MJ030-1-barcode43-umi23173bins-ubs-26	97.315	1236	98	1229	0.0	2027	MJ030-1-barcode43-umi23173bins-ubs-26
15199-1492-R-C9	MJ030-1-barcode43-umi99279bins-ubs-5	97.315	1236	98	1229	0.0	2027	MJ030-1-barcode43-umi99279bins-ubs-5
15199-1492-R-C9	MJ030-1-barcode43-umi13766bins-ubs-35	97.315	1236	98	1229	0.0	2027	MJ030-1-barcode43-umi13766bins-ubs-35
15199-1492-R-C9	MJ030-1-barcode43-umi34291bins-ubs-16	97.315	1236	98	1229	0.0	2027	MJ030-1-barcode43-umi34291bins-ubs-16
15199-1492-R-C9	MJ030-1-barcode43-umi26482bins-ubs-19	97.315	1236	98	1229	0.0	2027	MJ030-1-barcode43-umi26482bins-ubs-19
15199-1492-R-C9	MJ030-1-barcode43-umi114781bins-ubs-3	97.315	1236	98	1229	0.0	2027	MJ030-1-barcode43-umi114781bins-ubs-3
15199-1492-R-C9	MJ031-2-barcode52-umi19123bins-ubs-24	97.315	1236	98	1229	0.0	2027	MJ031-2-barcode52-umi19123bins-ubs-24
15199-1492-R-C9	MJ032-1-barcode41-umi10093bins-ubs-42	97.315	1236	98	1229	0.0	2027	MJ032-1-barcode41-umi10093bins-ubs-42
15199-1492-R-C9	MJ032-1-barcode41-umi10394bins-ubs-40	97.315	1236	98	1229	0.0	2027	MJ032-1-barcode41-umi10394bins-ubs-40
15199-1492-R-C9	MJ032-1-barcode41-umi27103bins-ubs-13	97.315	1236	98	1229	0.0	2027	MJ032-1-barcode41-umi27103bins-ubs-13
15199-1492-R-C9	RS-GCF-016774515.1-NZ-CP068712.1--7	97.234	1236	98	1229	0.0	2022	RS-GCF-016774515.1-NZ-CP068712.1--7
15199-1492-R-C9	RS-GCF-016774515.1-NZ-CP068712.1--6	97.234	1236	98	1229	0.0	2022	RS-GCF-016774515.1-NZ-CP068712.1--6
15199-1492-R-C9	RS-GCF-001630745.1-NZ-LUJH01000007.1	97.234	1236	98	1229	0.0	2022	RS-GCF-001630745.1-NZ-LUJH01000007.1
15199-1492-R-C9	RS-GCF-003041435.1-NZ-PZFP01000137.1	97.234	1236	98	1229	0.0	2022	RS-GCF-003041435.1-NZ-PZFP01000137.1
15199-1492-R-C9	RS-GCF-002836805.1-NZ-PIZQ01000008.1	97.234	1236	98	1229	0.0	2022	RS-GCF-002836805.1-NZ-PIZQ01000008.1
15199-1492-R-C9	RS-GCF-014267365.1-NZ-CP060271.1--7	97.234	1236	98	1229	0.0	2022	RS-GCF-014267365.1-NZ-CP060271.1--7
15199-1492-R-C9	RS-GCF-007814625.1-NZ-CP031275.1--2	97.234	1236	98	1229	0.0	2022	RS-GCF-007814625.1-NZ-CP031275.1--2
15199-1492-R-C9	RS-GCF-000709415.1-NZ-CP008724.1--7	97.234	1236	98	1229	0.0	2022	RS-GCF-000709415.1-NZ-CP008724.1--7
15199-1492-R-C9	RS-GCF-910574145.1-NZ-CAJTAJ010000002.1	97.234	1236	98	1229	0.0	2022	RS-GCF-910574145.1-NZ-CAJTAJ010000002.1
15199-1492-R-C9	RS-GCF-014884125.1-NZ-JABXXE010000023.1	97.234	1236	98	1229	0.0	2022	RS-GCF-014884125.1-NZ-JABXXE010000023.1
15199-1492-R-C9	RS-GCF-017893405.1-NZ-JAESMX010000029.1	97.234	1236	98	1229	0.0	2022	RS-GCF-017893405.1-NZ-JAESMX010000029.1
15199-1492-R-C9	RS-GCF-900458845.1-NZ-UHEC01000001.1--5	97.234	1236	98	1229	0.0	2022	RS-GCF-900458845.1-NZ-UHEC01000001.1--5
15199-1492-R-C9	RS-GCF-900458845.1-NZ-UHEC01000001.1	97.234	1236	98	1229	0.0	2022	RS-GCF-900458845.1-NZ-UHEC01000001.1
15199-1492-R-C9	RS-GCF-003578125.1-NZ-QXTB01000172.1	97.234	1236	98	1229	0.0	2022	RS-GCF-003578125.1-NZ-QXTB01000172.1
15199-1492-R-C9	RS-GCF-003577935.1-NZ-QXSZ01000199.1	97.234	1236	98	1229	0.0	2022	RS-GCF-003577935.1-NZ-QXSZ01000199.1
15199-1492-R-C9	RS-GCF-014884015.1-NZ-JABXWW010000016.1	97.234	1236	98	1229	0.0	2022	RS-GCF-014884015.1-NZ-JABXWW010000016.1
15199-1492-R-C9	RS-GCF-000972565.1-NZ-LATU01000008.1	97.234	1236	98	1229	0.0	2022	RS-GCF-000972565.1-NZ-LATU01000008.1
15199-1492-R-C9	RS-GCF-002009035.1-NZ-MUXI01000016.1	97.234	1236	98	1229	0.0	2022	RS-GCF-002009035.1-NZ-MUXI01000016.1
15199-1492-R-C9	G001902315	97.234	1236	98	1229	0.0	2022	G001902315
15199-1492-R-C9	G000972575	97.234	1236	98	1229	0.0	2022	G000972575
15199-1492-R-C9	G000010125	97.234	1236	98	1229	0.0	2022	G000010125
15199-1492-R-C9	AB009936	97.234	1236	98	1229	0.0	2022	AB009936
15199-1492-R-C9	AF004220	97.234	1236	98	1229	0.0	2022	AF004220
15199-1492-R-C9	MH643903	97.234	1236	98	1229	0.0	2022	MH643903
15199-1492-R-C9	MJ030-1-barcode49-umi6853bins-ubs-53	97.234	1236	98	1229	0.0	2022	MJ030-1-barcode49-umi6853bins-ubs-53
15199-1492-R-C9	MJ010-1-barcode30-umi79779bins-ubs-9	97.234	1236	98	1229	0.0	2022	MJ010-1-barcode30-umi79779bins-ubs-9
15199-1492-R-C9	MJ010-1-barcode36-umi48720bins-ubs-15	97.234	1236	98	1229	0.0	2022	MJ010-1-barcode36-umi48720bins-ubs-15
15199-1492-R-C9	MJ020-2-barcode64-umi7614bins-ubs-72	97.234	1236	98	1229	0.0	2022	MJ020-2-barcode64-umi7614bins-ubs-72
15199-1492-R-C9	MJ007-2-barcode52-umi2256bins-ubs-210	97.234	1236	98	1229	0.0	2022	MJ007-2-barcode52-umi2256bins-ubs-210
15199-1492-R-C9	MJ007-2-barcode52-umi1200bins-ubs-372	97.234	1236	98	1229	0.0	2022	MJ007-2-barcode52-umi1200bins-ubs-372
15199-1492-R-C9	MJ007-2-barcode52-umi1233bins-ubs-370	97.234	1236	98	1229	0.0	2022	MJ007-2-barcode52-umi1233bins-ubs-370
15199-1492-R-C9	MJ007-2-barcode52-umi647bins-ubs-583	97.234	1236	98	1229	0.0	2022	MJ007-2-barcode52-umi647bins-ubs-583
15199-1492-R-C9	MJ007-2-barcode52-umi434bins-ubs-762	97.234	1236	98	1229	0.0	2022	MJ007-2-barcode52-umi434bins-ubs-762
15199-1492-R-C9	MJ007-1-barcode38-umi22924bins-ubs-8	97.234	1236	98	1229	0.0	2022	MJ007-1-barcode38-umi22924bins-ubs-8
15199-1492-R-C9	MJ007-1-barcode38-umi21076bins-ubs-10	97.234	1236	98	1229	0.0	2022	MJ007-1-barcode38-umi21076bins-ubs-10
15199-1492-R-C9	MJ007-1-barcode38-umi13596bins-ubs-20	97.234	1236	98	1229	0.0	2022	MJ007-1-barcode38-umi13596bins-ubs-20
15199-1492-R-C9	MJ007-1-barcode38-umi11528bins-ubs-25	97.234	1236	98	1229	0.0	2022	MJ007-1-barcode38-umi11528bins-ubs-25
15199-1492-R-C9	MJ007-1-barcode38-umi8335bins-ubs-34	97.234	1236	98	1229	0.0	2022	MJ007-1-barcode38-umi8335bins-ubs-34
15199-1492-R-C9	MJ007-1-barcode38-umi15238bins-ubs-18	97.234	1236	98	1229	0.0	2022	MJ007-1-barcode38-umi15238bins-ubs-18
15199-1492-R-C9	MJ007-1-barcode38-umi23703bins-ubs-8	97.234	1236	98	1229	0.0	2022	MJ007-1-barcode38-umi23703bins-ubs-8
15199-1492-R-C9	MJ007-1-barcode38-umi4127bins-ubs-65	97.234	1236	98	1229	0.0	2022	MJ007-1-barcode38-umi4127bins-ubs-65
15199-1492-R-C9	MJ007-1-barcode38-umi6514bins-ubs-49	97.234	1236	98	1229	0.0	2022	MJ007-1-barcode38-umi6514bins-ubs-49
15199-1492-R-C9	MJ007-1-barcode38-umi14547bins-ubs-19	97.234	1236	98	1229	0.0	2022	MJ007-1-barcode38-umi14547bins-ubs-19
15199-1492-R-C9	MJ007-1-barcode38-umi20501bins-ubs-14	97.234	1236	98	1229	0.0	2022	MJ007-1-barcode38-umi20501bins-ubs-14
15199-1492-R-C9	MJ030-1-barcode43-umi7693bins-ubs-49	97.234	1236	98	1229	0.0	2022	MJ030-1-barcode43-umi7693bins-ubs-49
15199-1492-R-C9	MJ030-1-barcode43-umi23199bins-ubs-21	97.234	1236	98	1229	0.0	2022	MJ030-1-barcode43-umi23199bins-ubs-21
15199-1492-R-C9	MJ030-1-barcode43-umi62520bins-ubs-7	97.234	1236	98	1229	0.0	2022	MJ030-1-barcode43-umi62520bins-ubs-7
15199-1492-R-C9	MJ030-1-barcode43-umi15836bins-ubs-31	97.234	1236	98	1229	0.0	2022	MJ030-1-barcode43-umi15836bins-ubs-31
15199-1492-R-C9	MJ030-1-barcode43-umi42501bins-ubs-12	97.234	1236	98	1229	0.0	2022	MJ030-1-barcode43-umi42501bins-ubs-12
15199-1492-R-C9	MJ030-1-barcode43-umi11845bins-ubs-36	97.234	1236	98	1229	0.0	2022	MJ030-1-barcode43-umi11845bins-ubs-36
15199-1492-R-C9	MJ030-1-barcode43-umi15240bins-ubs-29	97.234	1236	98	1229	0.0	2022	MJ030-1-barcode43-umi15240bins-ubs-29
15199-1492-R-C9	MJ030-1-barcode43-umi22035bins-ubs-23	97.234	1236	98	1229	0.0	2022	MJ030-1-barcode43-umi22035bins-ubs-23
15199-1492-R-C9	MJ030-1-barcode43-umi27680bins-ubs-19	97.234	1236	98	1229	0.0	2022	MJ030-1-barcode43-umi27680bins-ubs-19
15199-1492-R-C9	MJ030-1-barcode43-umi25440bins-ubs-20	97.234	1236	98	1229	0.0	2022	MJ030-1-barcode43-umi25440bins-ubs-20
15199-1492-R-C9	MJ030-1-barcode43-umi20248bins-ubs-23	97.234	1236	98	1229	0.0	2022	MJ030-1-barcode43-umi20248bins-ubs-23
15199-1492-R-C9	MJ030-1-barcode43-umi21483bins-ubs-24	97.234	1236	98	1229	0.0	2022	MJ030-1-barcode43-umi21483bins-ubs-24
15199-1492-R-C9	MJ030-1-barcode43-umi21397bins-ubs-23	97.234	1236	98	1229	0.0	2022	MJ030-1-barcode43-umi21397bins-ubs-23
15199-1492-R-C9	MJ030-1-barcode43-umi39438bins-ubs-13	97.234	1236	98	1229	0.0	2022	MJ030-1-barcode43-umi39438bins-ubs-13
15199-1492-R-C9	MJ030-1-barcode43-umi90481bins-ubs-4	97.234	1236	98	1229	0.0	2022	MJ030-1-barcode43-umi90481bins-ubs-4
15199-1492-R-C9	MJ030-1-barcode43-umi28304bins-ubs-18	97.234	1236	98	1229	0.0	2022	MJ030-1-barcode43-umi28304bins-ubs-18
15199-1492-R-C9	MJ030-1-barcode43-umi19958bins-ubs-26	97.234	1236	98	1229	0.0	2022	MJ030-1-barcode43-umi19958bins-ubs-26
15199-1492-R-C9	MJ030-1-barcode43-umi19090bins-ubs-27	97.234	1236	98	1229	0.0	2022	MJ030-1-barcode43-umi19090bins-ubs-27
15199-1492-R-C9	MJ030-1-barcode43-umi16852bins-ubs-27	97.234	1236	98	1229	0.0	2022	MJ030-1-barcode43-umi16852bins-ubs-27
15199-1492-R-C9	MJ030-1-barcode43-umi17229bins-ubs-29	97.234	1236	98	1229	0.0	2022	MJ030-1-barcode43-umi17229bins-ubs-29
15199-1492-R-C9	MJ030-1-barcode43-umi35969bins-ubs-14	97.234	1236	98	1229	0.0	2022	MJ030-1-barcode43-umi35969bins-ubs-14
15199-1492-R-C9	MJ030-1-barcode43-umi44918bins-ubs-11	97.234	1236	98	1229	0.0	2022	MJ030-1-barcode43-umi44918bins-ubs-11
15199-1492-R-C9	MJ030-1-barcode43-umi26871bins-ubs-19	97.234	1236	98	1229	0.0	2022	MJ030-1-barcode43-umi26871bins-ubs-19
15199-1492-R-C9	MJ030-1-barcode43-umi38254bins-ubs-14	97.234	1236	98	1229	0.0	2022	MJ030-1-barcode43-umi38254bins-ubs-14
15199-1492-R-C9	MJ010-1-barcode47-umi112614bins-ubs-5	97.234	1236	98	1229	0.0	2022	MJ010-1-barcode47-umi112614bins-ubs-5
15199-1492-R-C9	MJ010-1-barcode47-umi21615bins-ubs-28	97.234	1236	98	1229	0.0	2022	MJ010-1-barcode47-umi21615bins-ubs-28
15199-1492-R-C9	MJ031-2-barcode52-umi9413bins-ubs-46	97.234	1236	98	1229	0.0	2022	MJ031-2-barcode52-umi9413bins-ubs-46
15199-1492-R-C9	MJ031-2-barcode52-umi26977bins-ubs-14	97.234	1236	98	1229	0.0	2022	MJ031-2-barcode52-umi26977bins-ubs-14
15199-1492-R-C9	MJ032-1-barcode41-umi10061bins-ubs-45	97.234	1236	98	1229	0.0	2022	MJ032-1-barcode41-umi10061bins-ubs-45
15199-1492-R-C9	MJ032-1-barcode41-umi31345bins-ubs-13	97.234	1236	98	1229	0.0	2022	MJ032-1-barcode41-umi31345bins-ubs-13
15199-1492-R-C9	MJ032-1-barcode41-umi26194bins-ubs-15	97.234	1236	98	1229	0.0	2022	MJ032-1-barcode41-umi26194bins-ubs-15
15199-1492-R-C9	MJ032-1-barcode41-umi15581bins-ubs-28	97.234	1236	98	1229	0.0	2022	MJ032-1-barcode41-umi15581bins-ubs-28
15199-1492-R-C9	MJ032-1-barcode41-umi14146bins-ubs-30	97.234	1236	98	1229	0.0	2022	MJ032-1-barcode41-umi14146bins-ubs-30
15199-1492-R-C9	MJ032-1-barcode41-umi52062bins-ubs-5	97.234	1236	98	1229	0.0	2022	MJ032-1-barcode41-umi52062bins-ubs-5
15199-1492-R-C9	MJ032-1-barcode41-umi61063bins-ubs-5	97.234	1236	98	1229	0.0	2022	MJ032-1-barcode41-umi61063bins-ubs-5
15199-1492-R-C9	MJ032-1-barcode41-umi35602bins-ubs-10	97.234	1236	98	1229	0.0	2022	MJ032-1-barcode41-umi35602bins-ubs-10
15199-1492-R-C9	MJ007-1-barcode38-umi5896bins-ubs-52	97.308	1236	98	1226	0.0	2021	MJ007-1-barcode38-umi5896bins-ubs-52
15199-1492-R-C9	RS-GCF-000953575.1-NZ-LN554884.1--5	97.236	1236	98	1230	0.0	2021	RS-GCF-000953575.1-NZ-LN554884.1--5
15199-1492-R-C9	RS-GCF-003580185.1-NZ-QXTS01000192.1	97.229	1236	98	1227	0.0	2019	RS-GCF-003580185.1-NZ-QXTS01000192.1
15199-1492-R-C9	RS-GCF-017891615.1-NZ-JAESJQ010000027.1	97.229	1236	98	1227	0.0	2019	RS-GCF-017891615.1-NZ-JAESJQ010000027.1
15199-1492-R-C9	MJ030-1-barcode49-umi2549bins-ubs-91	97.229	1236	98	1227	0.0	2019	MJ030-1-barcode49-umi2549bins-ubs-91
15199-1492-R-C9	MJ030-1-barcode49-umi2401bins-ubs-91	97.229	1236	98	1227	0.0	2019	MJ030-1-barcode49-umi2401bins-ubs-91
15199-1492-R-C9	MJ007-1-barcode38-umi36331bins-ubs-4	97.229	1236	98	1227	0.0	2019	MJ007-1-barcode38-umi36331bins-ubs-4
15199-1492-R-C9	RS-GCF-015235375.1-NZ-JADGLJ010000015.1	97.152	1236	98	1229	0.0	2018	RS-GCF-015235375.1-NZ-JADGLJ010000015.1
15199-1492-R-C9	RS-GCF-003043105.1-NZ-PZEO01000129.1	97.152	1236	98	1229	0.0	2018	RS-GCF-003043105.1-NZ-PZEO01000129.1
15199-1492-R-C9	RS-GCF-003043395.1-NZ-PZFS01000156.1	97.152	1236	98	1229	0.0	2018	RS-GCF-003043395.1-NZ-PZFS01000156.1
15199-1492-R-C9	RS-GCF-007814625.1-NZ-CP031275.1	97.152	1236	98	1229	0.0	2018	RS-GCF-007814625.1-NZ-CP031275.1
15199-1492-R-C9	RS-GCF-900458255.1-NZ-UHDA01000001.1--5	97.152	1236	98	1229	0.0	2018	RS-GCF-900458255.1-NZ-UHDA01000001.1--5
15199-1492-R-C9	RS-GCF-013349225.1-NZ-CP054807.1--6	97.152	1236	98	1229	0.0	2018	RS-GCF-013349225.1-NZ-CP054807.1--6
15199-1492-R-C9	RS-GCF-013349225.1-NZ-CP054807.1	97.152	1236	98	1229	0.0	2018	RS-GCF-013349225.1-NZ-CP054807.1
15199-1492-R-C9	RS-GCF-002984565.1-NZ-CP027422.1--2	97.152	1236	98	1229	0.0	2018	RS-GCF-002984565.1-NZ-CP027422.1--2
15199-1492-R-C9	RS-GCF-017893365.1-NZ-JAESMW010000036.1	97.152	1236	98	1229	0.0	2018	RS-GCF-017893365.1-NZ-JAESMW010000036.1
15199-1492-R-C9	RS-GCF-001558275.2-NZ-CP014113.2	97.152	1236	98	1229	0.0	2018	RS-GCF-001558275.2-NZ-CP014113.2
15199-1492-R-C9	RS-GCF-007814115.1-NZ-CP031196.1--6	97.152	1236	98	1229	0.0	2018	RS-GCF-007814115.1-NZ-CP031196.1--6
15199-1492-R-C9	RS-GCF-002902545.1-NZ-PPRA01000075.1	97.152	1236	98	1229	0.0	2018	RS-GCF-002902545.1-NZ-PPRA01000075.1
15199-1492-R-C9	RS-GCF-003043655.1-NZ-PZHJ01000096.1	97.152	1236	98	1229	0.0	2018	RS-GCF-003043655.1-NZ-PZHJ01000096.1
15199-1492-R-C9	AJ320272	97.152	1236	98	1229	0.0	2018	AJ320272
15199-1492-R-C9	AP008934	97.152	1236	98	1229	0.0	2018	AP008934
15199-1492-R-C9	MJ030-1-barcode49-umi2697bins-ubs-94	97.152	1236	98	1229	0.0	2018	MJ030-1-barcode49-umi2697bins-ubs-94
15199-1492-R-C9	MJ030-1-barcode49-umi7771bins-ubs-50	97.152	1236	98	1229	0.0	2018	MJ030-1-barcode49-umi7771bins-ubs-50
15199-1492-R-C9	MJ009-1-barcode40-umi19335bins-ubs-21	97.152	1236	98	1229	0.0	2018	MJ009-1-barcode40-umi19335bins-ubs-21
15199-1492-R-C9	MJ031-2-barcode69-umi49011bins-ubs-4	97.152	1236	98	1229	0.0	2018	MJ031-2-barcode69-umi49011bins-ubs-4
15199-1492-R-C9	MJ031-2-barcode69-umi10034bins-ubs-43	97.152	1236	98	1229	0.0	2018	MJ031-2-barcode69-umi10034bins-ubs-43
15199-1492-R-C9	MJ007-2-barcode52-umi1573bins-ubs-294	97.152	1236	98	1229	0.0	2018	MJ007-2-barcode52-umi1573bins-ubs-294
15199-1492-R-C9	MJ007-1-barcode38-umi21233bins-ubs-10	97.152	1236	98	1229	0.0	2018	MJ007-1-barcode38-umi21233bins-ubs-10
15199-1492-R-C9	MJ007-1-barcode38-umi24217bins-ubs-8	97.152	1236	98	1229	0.0	2018	MJ007-1-barcode38-umi24217bins-ubs-8
15199-1492-R-C9	MJ007-1-barcode38-umi23240bins-ubs-11	97.152	1236	98	1229	0.0	2018	MJ007-1-barcode38-umi23240bins-ubs-11
15199-1492-R-C9	MJ007-1-barcode38-umi11627bins-ubs-25	97.152	1236	98	1229	0.0	2018	MJ007-1-barcode38-umi11627bins-ubs-25
15199-1492-R-C9	MJ007-1-barcode38-umi13167bins-ubs-22	97.152	1236	98	1229	0.0	2018	MJ007-1-barcode38-umi13167bins-ubs-22
15199-1492-R-C9	MJ007-1-barcode38-umi37248bins-ubs-5	97.152	1236	98	1229	0.0	2018	MJ007-1-barcode38-umi37248bins-ubs-5
15199-1492-R-C9	MJ007-1-barcode38-umi13695bins-ubs-18	97.152	1236	98	1229	0.0	2018	MJ007-1-barcode38-umi13695bins-ubs-18
15199-1492-R-C9	MJ007-1-barcode38-umi14316bins-ubs-18	97.152	1236	98	1229	0.0	2018	MJ007-1-barcode38-umi14316bins-ubs-18
15199-1492-R-C9	MJ007-1-barcode38-umi26896bins-ubs-6	97.152	1236	98	1229	0.0	2018	MJ007-1-barcode38-umi26896bins-ubs-6
15199-1492-R-C9	MJ007-1-barcode38-umi19584bins-ubs-12	97.152	1236	98	1229	0.0	2018	MJ007-1-barcode38-umi19584bins-ubs-12
15199-1492-R-C9	MJ007-1-barcode38-umi19930bins-ubs-11	97.152	1236	98	1229	0.0	2018	MJ007-1-barcode38-umi19930bins-ubs-11
15199-1492-R-C9	MJ007-1-barcode38-umi10008bins-ubs-29	97.152	1236	98	1229	0.0	2018	MJ007-1-barcode38-umi10008bins-ubs-29
15199-1492-R-C9	MJ007-1-barcode38-umi9168bins-ubs-31	97.152	1236	98	1229	0.0	2018	MJ007-1-barcode38-umi9168bins-ubs-31
15199-1492-R-C9	MJ007-1-barcode38-umi16231bins-ubs-18	97.152	1236	98	1229	0.0	2018	MJ007-1-barcode38-umi16231bins-ubs-18
15199-1492-R-C9	MJ007-1-barcode38-umi4890bins-ubs-57	97.152	1236	98	1229	0.0	2018	MJ007-1-barcode38-umi4890bins-ubs-57
15199-1492-R-C9	MJ007-1-barcode38-umi19791bins-ubs-10	97.152	1236	98	1229	0.0	2018	MJ007-1-barcode38-umi19791bins-ubs-10
15199-1492-R-C9	MJ030-1-barcode43-umi20707bins-ubs-24	97.152	1236	98	1229	0.0	2018	MJ030-1-barcode43-umi20707bins-ubs-24
15199-1492-R-C9	MJ030-1-barcode43-umi37856bins-ubs-13	97.152	1236	98	1229	0.0	2018	MJ030-1-barcode43-umi37856bins-ubs-13
15199-1492-R-C9	MJ030-1-barcode43-umi87191bins-ubs-4	97.152	1236	98	1229	0.0	2018	MJ030-1-barcode43-umi87191bins-ubs-4
15199-1492-R-C9	MJ030-1-barcode43-umi25229bins-ubs-22	97.152	1236	98	1229	0.0	2018	MJ030-1-barcode43-umi25229bins-ubs-22
15199-1492-R-C9	MJ030-1-barcode43-umi18950bins-ubs-26	97.152	1236	98	1229	0.0	2018	MJ030-1-barcode43-umi18950bins-ubs-26
15199-1492-R-C9	MJ030-1-barcode43-umi36829bins-ubs-14	97.152	1236	98	1229	0.0	2018	MJ030-1-barcode43-umi36829bins-ubs-14
15199-1492-R-C9	MJ010-1-barcode47-umi51246bins-ubs-15	97.152	1236	98	1229	0.0	2018	MJ010-1-barcode47-umi51246bins-ubs-15
15199-1492-R-C9	MJ032-1-barcode41-umi42194bins-ubs-8	97.152	1236	98	1229	0.0	2018	MJ032-1-barcode41-umi42194bins-ubs-8
15199-1492-R-C9	MJ032-1-barcode41-umi19147bins-ubs-23	97.152	1236	98	1229	0.0	2018	MJ032-1-barcode41-umi19147bins-ubs-23
15199-1492-R-C9	MJ032-1-barcode41-umi13285bins-ubs-33	97.152	1236	98	1229	0.0	2018	MJ032-1-barcode41-umi13285bins-ubs-33
15199-1492-R-C9	MJ032-1-barcode41-umi11030bins-ubs-39	97.152	1236	98	1229	0.0	2018	MJ032-1-barcode41-umi11030bins-ubs-39
15199-1492-R-C9	RS-GCF-004122635.1-NZ-SDMA01000014.1	97.148	1236	98	1227	0.0	2014	RS-GCF-004122635.1-NZ-SDMA01000014.1
15199-1492-R-C9	RS-GCF-013341435.1-NZ-CP054444.1--3	97.152	1236	98	1229	0.0	2014	RS-GCF-013341435.1-NZ-CP054444.1--3
15199-1492-R-C9	MJ030-1-barcode49-umi1425bins-ubs-120	97.148	1236	98	1227	0.0	2014	MJ030-1-barcode49-umi1425bins-ubs-120
15199-1492-R-C9	MJ007-1-barcode38-umi15855bins-ubs-17	97.148	1236	98	1227	0.0	2014	MJ007-1-barcode38-umi15855bins-ubs-17
15199-1492-R-C9	RS-GCF-003035945.1-NZ-PZBD01000051.1	97.222	1236	98	1224	0.0	2013	RS-GCF-003035945.1-NZ-PZBD01000051.1
15199-1492-R-C9	RS-GCF-001558375.2-NZ-CP014057.2--5	97.071	1236	98	1229	0.0	2013	RS-GCF-001558375.2-NZ-CP014057.2--5
15199-1492-R-C9	RS-GCF-002208905.1-NZ-CP022056.1--2	97.071	1236	98	1229	0.0	2013	RS-GCF-002208905.1-NZ-CP022056.1--2
15199-1492-R-C9	RS-GCF-016890325.1-NZ-JAFEPU010000007.1	97.071	1236	98	1229	0.0	2013	RS-GCF-016890325.1-NZ-JAFEPU010000007.1
15199-1492-R-C9	RS-GCF-003042275.1-NZ-PZHN01000197.1	97.071	1236	98	1229	0.0	2013	RS-GCF-003042275.1-NZ-PZHN01000197.1
15199-1492-R-C9	MH431939	97.071	1236	98	1229	0.0	2013	MH431939
15199-1492-R-C9	MJ031-2-barcode69-umi11188bins-ubs-40	97.071	1236	98	1229	0.0	2013	MJ031-2-barcode69-umi11188bins-ubs-40
15199-1492-R-C9	MJ007-1-barcode38-umi34216bins-ubs-4	97.071	1236	98	1229	0.0	2013	MJ007-1-barcode38-umi34216bins-ubs-4
15199-1492-R-C9	MJ007-1-barcode38-umi18257bins-ubs-13	97.071	1236	98	1229	0.0	2013	MJ007-1-barcode38-umi18257bins-ubs-13
15199-1492-R-C9	MJ007-1-barcode38-umi8212bins-ubs-38	97.071	1236	98	1229	0.0	2013	MJ007-1-barcode38-umi8212bins-ubs-38
15199-1492-R-C9	MJ007-1-barcode38-umi18218bins-ubs-13	97.071	1236	98	1229	0.0	2013	MJ007-1-barcode38-umi18218bins-ubs-13
15199-1492-R-C9	MJ032-1-barcode41-umi71064bins-ubs-3	97.071	1236	98	1229	0.0	2013	MJ032-1-barcode41-umi71064bins-ubs-3
15199-1492-R-C9	MJ032-1-barcode41-umi13898bins-ubs-31	97.071	1236	98	1229	0.0	2013	MJ032-1-barcode41-umi13898bins-ubs-31
15199-1492-R-C9	MJ032-1-barcode41-umi14056bins-ubs-32	97.071	1236	98	1229	0.0	2013	MJ032-1-barcode41-umi14056bins-ubs-32
15199-1492-R-C9	MJ032-1-barcode41-umi14627bins-ubs-29	97.071	1236	98	1229	0.0	2013	MJ032-1-barcode41-umi14627bins-ubs-29
15199-1492-R-C9	AB233327	97.073	1236	98	1230	0.0	2012	AB233327
15199-1492-R-C9	RS-GCF-003956025.1-NZ-CP033735.1--5	97.152	1236	98	1229	0.0	2011	RS-GCF-003956025.1-NZ-CP033735.1--5
15199-1492-R-C9	RS-GCF-013343055.1-NZ-CP054575.1--3	97.071	1236	98	1229	0.0	2010	RS-GCF-013343055.1-NZ-CP054575.1--3
15199-1492-R-C9	RS-GCF-013358365.1-NZ-CP054831.1	97.071	1236	98	1229	0.0	2010	RS-GCF-013358365.1-NZ-CP054831.1
15199-1492-R-C9	RS-GCF-013341415.1-NZ-CP054438.1	97.071	1236	98	1229	0.0	2010	RS-GCF-013341415.1-NZ-CP054438.1
15199-1492-R-C9	RS-GCF-002209265.1-NZ-CP022093.1--6	97.071	1236	98	1229	0.0	2010	RS-GCF-002209265.1-NZ-CP022093.1--6
15199-1492-R-C9	RS-GCF-013341435.1-NZ-CP054444.1--2	97.071	1236	98	1229	0.0	2010	RS-GCF-013341435.1-NZ-CP054444.1--2
15199-1492-R-C9	MJ007-1-barcode38-umi13802bins-ubs-21	97.066	1236	98	1227	0.0	2010	MJ007-1-barcode38-umi13802bins-ubs-21
15199-1492-R-C9	GB-GCA-900458615.1-UHDK01000001.1	96.989	1236	98	1229	0.0	2009	GB-GCA-900458615.1-UHDK01000001.1
15199-1492-R-C9	RS-GCF-014926245.1-NZ-JABGBR010000059.1	96.989	1236	98	1229	0.0	2009	RS-GCF-014926245.1-NZ-JABGBR010000059.1
15199-1492-R-C9	RS-GCF-006741705.1-NZ-AP019698.1--7	96.989	1236	98	1229	0.0	2009	RS-GCF-006741705.1-NZ-AP019698.1--7
15199-1492-R-C9	RS-GCF-000463545.2-NZ-AVOQ01000031.1	96.989	1236	98	1229	0.0	2009	RS-GCF-000463545.2-NZ-AVOQ01000031.1
15199-1492-R-C9	G000295715	96.989	1236	98	1229	0.0	2009	G000295715
15199-1492-R-C9	MJ007-2-barcode52-umi2632bins-ubs-176	96.989	1236	98	1229	0.0	2009	MJ007-2-barcode52-umi2632bins-ubs-176
15199-1492-R-C9	MJ007-2-barcode52-umi1864bins-ubs-252	96.989	1236	98	1229	0.0	2009	MJ007-2-barcode52-umi1864bins-ubs-252
15199-1492-R-C9	MJ007-1-barcode38-umi8473bins-ubs-33	96.989	1236	98	1229	0.0	2009	MJ007-1-barcode38-umi8473bins-ubs-33
15199-1492-R-C9	MJ007-1-barcode38-umi15580bins-ubs-20	96.989	1236	98	1229	0.0	2009	MJ007-1-barcode38-umi15580bins-ubs-20
15199-1492-R-C9	MJ007-1-barcode38-umi14092bins-ubs-18	96.989	1236	98	1229	0.0	2009	MJ007-1-barcode38-umi14092bins-ubs-18
15199-1492-R-C9	MJ007-1-barcode38-umi9441bins-ubs-31	96.989	1236	98	1229	0.0	2009	MJ007-1-barcode38-umi9441bins-ubs-31
15199-1492-R-C9	MJ010-1-barcode47-umi43236bins-ubs-16	96.989	1236	98	1229	0.0	2009	MJ010-1-barcode47-umi43236bins-ubs-16
15199-1492-R-C9	MJ032-1-barcode41-umi12965bins-ubs-35	96.989	1236	98	1229	0.0	2009	MJ032-1-barcode41-umi12965bins-ubs-35
15199-1492-R-C9	MJ032-1-barcode41-umi23989bins-ubs-16	96.989	1236	98	1229	0.0	2009	MJ032-1-barcode41-umi23989bins-ubs-16
15199-1492-R-C9	MJ032-1-barcode41-umi15307bins-ubs-33	96.989	1236	98	1229	0.0	2009	MJ032-1-barcode41-umi15307bins-ubs-33
15199-1492-R-C9	GB-GCA-001990205.1-CP019597.1	97.071	1236	98	1229	0.0	2006	GB-GCA-001990205.1-CP019597.1
15199-1492-R-C9	RS-GCF-018502345.1-NZ-CP075522.1--7	96.908	1236	98	1229	0.0	2005	RS-GCF-018502345.1-NZ-CP075522.1--7
15199-1492-R-C9	RS-GCF-013343055.1-NZ-CP054575.1--5	96.989	1236	98	1229	0.0	2005	RS-GCF-013343055.1-NZ-CP054575.1--5
15199-1492-R-C9	RS-GCF-018591655.1-NZ-CP075502.1--6	96.989	1236	98	1229	0.0	2005	RS-GCF-018591655.1-NZ-CP075502.1--6
15199-1492-R-C9	RS-GCF-003577565.1-NZ-QXRZ01000035.1	96.908	1236	98	1229	0.0	2004	RS-GCF-003577565.1-NZ-QXRZ01000035.1
15199-1492-R-C9	RS-GCF-003035095.1-NZ-PYYC01000156.1	96.908	1236	98	1229	0.0	2004	RS-GCF-003035095.1-NZ-PYYC01000156.1
15199-1492-R-C9	RS-GCF-018502345.1-NZ-CP075522.1--6	96.908	1236	98	1229	0.0	2004	RS-GCF-018502345.1-NZ-CP075522.1--6
15199-1492-R-C9	RS-GCF-015234855.1-NZ-JADGMC010000051.1	96.908	1236	98	1229	0.0	2004	RS-GCF-015234855.1-NZ-JADGMC010000051.1
15199-1492-R-C9	RS-GCF-013358365.1-NZ-CP054831.1--5	96.908	1236	98	1229	0.0	2004	RS-GCF-013358365.1-NZ-CP054831.1--5
15199-1492-R-C9	D83366	96.908	1236	98	1229	0.0	2004	D83366
15199-1492-R-C9	AB009933	96.908	1236	98	1229	0.0	2004	AB009933
15199-1492-R-C9	MJ007-2-barcode52-umi2346bins-ubs-209	96.908	1236	98	1229	0.0	2004	MJ007-2-barcode52-umi2346bins-ubs-209
15199-1492-R-C9	MJ007-2-barcode52-umi42113bins-ubs-7	96.908	1236	98	1229	0.0	2004	MJ007-2-barcode52-umi42113bins-ubs-7
15199-1492-R-C9	MJ007-2-barcode52-umi820bins-ubs-499	96.908	1236	98	1229	0.0	2004	MJ007-2-barcode52-umi820bins-ubs-499
15199-1492-R-C9	MJ007-1-barcode38-umi11089bins-ubs-30	96.908	1236	98	1229	0.0	2004	MJ007-1-barcode38-umi11089bins-ubs-30
15199-1492-R-C9	MJ007-1-barcode38-umi13343bins-ubs-20	96.908	1236	98	1229	0.0	2004	MJ007-1-barcode38-umi13343bins-ubs-20
15199-1492-R-C9	MJ007-1-barcode38-umi10982bins-ubs-25	96.908	1236	98	1229	0.0	2004	MJ007-1-barcode38-umi10982bins-ubs-25
15199-1492-R-C9	MJ007-1-barcode38-umi9886bins-ubs-29	96.908	1236	98	1229	0.0	2004	MJ007-1-barcode38-umi9886bins-ubs-29
15199-1492-R-C9	MJ007-1-barcode38-umi8348bins-ubs-37	96.908	1236	98	1229	0.0	2004	MJ007-1-barcode38-umi8348bins-ubs-37
15199-1492-R-C9	MJ007-1-barcode38-umi8012bins-ubs-35	96.908	1236	98	1229	0.0	2004	MJ007-1-barcode38-umi8012bins-ubs-35
15199-1492-R-C9	MJ007-1-barcode38-umi5434bins-ubs-54	96.908	1236	98	1229	0.0	2004	MJ007-1-barcode38-umi5434bins-ubs-54
15199-1492-R-C9	MJ007-1-barcode38-umi14135bins-ubs-19	96.908	1236	98	1229	0.0	2004	MJ007-1-barcode38-umi14135bins-ubs-19
15199-1492-R-C9	MJ007-1-barcode38-umi9791bins-ubs-32	96.908	1236	98	1229	0.0	2004	MJ007-1-barcode38-umi9791bins-ubs-32
15199-1492-R-C9	MJ030-1-barcode43-umi11289bins-ubs-40	96.908	1236	98	1229	0.0	2004	MJ030-1-barcode43-umi11289bins-ubs-40
15199-1492-R-C9	MJ010-1-barcode47-umi25890bins-ubs-24	96.908	1236	98	1229	0.0	2004	MJ010-1-barcode47-umi25890bins-ubs-24
15199-1492-R-C9	MJ032-1-barcode41-umi15903bins-ubs-28	96.908	1236	98	1229	0.0	2004	MJ032-1-barcode41-umi15903bins-ubs-28
15199-1492-R-C9	MJ032-1-barcode41-umi16025bins-ubs-26	96.908	1236	98	1229	0.0	2004	MJ032-1-barcode41-umi16025bins-ubs-26
15199-1492-R-C9	MJ032-1-barcode41-umi47525bins-ubs-6	96.908	1236	98	1229	0.0	2004	MJ032-1-barcode41-umi47525bins-ubs-6
15199-1492-R-C9	MJ032-1-barcode41-umi14396bins-ubs-31	96.908	1236	98	1229	0.0	2004	MJ032-1-barcode41-umi14396bins-ubs-31
15199-1492-R-C9	MJ032-1-barcode41-umi13477bins-ubs-33	96.908	1236	98	1229	0.0	2004	MJ032-1-barcode41-umi13477bins-ubs-33
15199-1492-R-C9	MJ032-1-barcode41-umi14161bins-ubs-32	96.908	1236	98	1229	0.0	2004	MJ032-1-barcode41-umi14161bins-ubs-32
15199-1492-R-C9	MJ032-1-barcode41-umi11645bins-ubs-39	96.908	1236	98	1229	0.0	2004	MJ032-1-barcode41-umi11645bins-ubs-39
15199-1492-R-C9	MJ032-1-barcode41-umi32008bins-ubs-11	96.908	1236	98	1229	0.0	2004	MJ032-1-barcode41-umi32008bins-ubs-11
15199-1492-R-C9	MJ032-1-barcode41-umi14475bins-ubs-31	96.908	1236	98	1229	0.0	2004	MJ032-1-barcode41-umi14475bins-ubs-31
15199-1492-R-C9	MJ032-1-barcode41-umi22278bins-ubs-18	96.908	1236	98	1229	0.0	2004	MJ032-1-barcode41-umi22278bins-ubs-18
15199-1492-R-C9	RS-GCF-013341395.1-NZ-CP054434.1--6	96.992	1236	98	1230	0.0	2003	RS-GCF-013341395.1-NZ-CP054434.1--6
15199-1492-R-C9	GB-GCA-900458615.1-UHDK01000001.1--3	96.911	1236	98	1230	0.0	2003	GB-GCA-900458615.1-UHDK01000001.1--3
15199-1492-R-C9	RS-GCF-013358365.1-NZ-CP054831.1--6	96.989	1236	98	1229	0.0	2003	RS-GCF-013358365.1-NZ-CP054831.1--6
15199-1492-R-C9	RS-GCF-016743055.1-NZ-CP068241.1--7	96.989	1236	98	1229	0.0	2002	RS-GCF-016743055.1-NZ-CP068241.1--7
15199-1492-R-C9	RS-GCF-016743055.1-NZ-CP068241.1--3	96.989	1236	98	1229	0.0	2002	RS-GCF-016743055.1-NZ-CP068241.1--3
15199-1492-R-C9	RS-GCF-013343055.1-NZ-CP054575.1--4	96.989	1236	98	1229	0.0	2002	RS-GCF-013343055.1-NZ-CP054575.1--4
15199-1492-R-C9	RS-GCF-013341455.1-NZ-CP054440.1--3	96.989	1236	98	1229	0.0	2002	RS-GCF-013341455.1-NZ-CP054440.1--3
15199-1492-R-C9	RS-GCF-013341415.1-NZ-CP054438.1--4	96.913	1236	98	1231	0.0	2002	RS-GCF-013341415.1-NZ-CP054438.1--4
15199-1492-R-C9	RS-GCF-902362425.1-NZ-CABIWM010000024.1	96.827	1236	98	1229	0.0	2000	RS-GCF-902362425.1-NZ-CABIWM010000024.1
15199-1492-R-C9	RS-GCF-910576055.1-NZ-CAJTHD010000034.1	96.827	1236	98	1229	0.0	2000	RS-GCF-910576055.1-NZ-CAJTHD010000034.1
15199-1492-R-C9	RS-GCF-003097555.1-NZ-CP017459.1--5	96.827	1236	98	1229	0.0	2000	RS-GCF-003097555.1-NZ-CP017459.1--5
15199-1492-R-C9	RS-GCF-002442895.1-NZ-CP017460.1--2	96.827	1236	98	1229	0.0	2000	RS-GCF-002442895.1-NZ-CP017460.1--2
15199-1492-R-C9	RS-GCF-002442895.1-NZ-CP017460.1	96.827	1236	98	1229	0.0	2000	RS-GCF-002442895.1-NZ-CP017460.1
15199-1492-R-C9	RS-GCF-003579615.1-NZ-QXVN01000133.1	96.827	1236	98	1229	0.0	2000	RS-GCF-003579615.1-NZ-QXVN01000133.1
15199-1492-R-C9	RS-GCF-003577625.1-NZ-QXSB01000209.1	96.827	1236	98	1229	0.0	2000	RS-GCF-003577625.1-NZ-QXSB01000209.1
15199-1492-R-C9	RS-GCF-017892605.1-NZ-JAESLJ010000035.1	96.827	1236	98	1229	0.0	2000	RS-GCF-017892605.1-NZ-JAESLJ010000035.1
15199-1492-R-C9	MJ030-1-barcode49-umi1703bins-ubs-109	96.827	1236	98	1229	0.0	2000	MJ030-1-barcode49-umi1703bins-ubs-109
15199-1492-R-C9	MJ007-2-barcode52-umi1120bins-ubs-388	96.827	1236	98	1229	0.0	2000	MJ007-2-barcode52-umi1120bins-ubs-388
15199-1492-R-C9	MJ007-2-barcode52-umi3852bins-ubs-111	96.827	1236	98	1229	0.0	2000	MJ007-2-barcode52-umi3852bins-ubs-111
15199-1492-R-C9	MJ007-2-barcode52-umi2539bins-ubs-192	96.827	1236	98	1229	0.0	2000	MJ007-2-barcode52-umi2539bins-ubs-192
15199-1492-R-C9	MJ007-2-barcode52-umi3877bins-ubs-109	96.827	1236	98	1229	0.0	2000	MJ007-2-barcode52-umi3877bins-ubs-109
15199-1492-R-C9	MJ007-1-barcode38-umi12166bins-ubs-23	96.827	1236	98	1229	0.0	2000	MJ007-1-barcode38-umi12166bins-ubs-23
15199-1492-R-C9	MJ007-1-barcode38-umi9344bins-ubs-33	96.827	1236	98	1229	0.0	2000	MJ007-1-barcode38-umi9344bins-ubs-33
15199-1492-R-C9	MJ007-1-barcode38-umi9584bins-ubs-35	96.827	1236	98	1229	0.0	2000	MJ007-1-barcode38-umi9584bins-ubs-35
15199-1492-R-C9	MJ007-1-barcode38-umi6205bins-ubs-47	96.827	1236	98	1229	0.0	2000	MJ007-1-barcode38-umi6205bins-ubs-47
15199-1492-R-C9	MJ007-1-barcode38-umi6611bins-ubs-45	96.827	1236	98	1229	0.0	2000	MJ007-1-barcode38-umi6611bins-ubs-45
15199-1492-R-C9	MJ007-1-barcode38-umi6469bins-ubs-45	96.827	1236	98	1229	0.0	2000	MJ007-1-barcode38-umi6469bins-ubs-45
15199-1492-R-C9	MJ007-1-barcode38-umi20463bins-ubs-11	96.827	1236	98	1229	0.0	2000	MJ007-1-barcode38-umi20463bins-ubs-11
15199-1492-R-C9	MJ007-1-barcode38-umi21977bins-ubs-9	96.827	1236	98	1229	0.0	2000	MJ007-1-barcode38-umi21977bins-ubs-9
15199-1492-R-C9	MJ007-1-barcode38-umi10901bins-ubs-26	96.827	1236	98	1229	0.0	2000	MJ007-1-barcode38-umi10901bins-ubs-26
15199-1492-R-C9	MJ007-1-barcode38-umi8359bins-ubs-36	96.827	1236	98	1229	0.0	2000	MJ007-1-barcode38-umi8359bins-ubs-36
15199-1492-R-C9	MJ007-1-barcode38-umi6455bins-ubs-47	96.827	1236	98	1229	0.0	2000	MJ007-1-barcode38-umi6455bins-ubs-47
15199-1492-R-C9	MJ007-1-barcode38-umi14658bins-ubs-17	96.827	1236	98	1229	0.0	2000	MJ007-1-barcode38-umi14658bins-ubs-17
15199-1492-R-C9	MJ007-1-barcode38-umi4679bins-ubs-62	96.827	1236	98	1229	0.0	2000	MJ007-1-barcode38-umi4679bins-ubs-62
15199-1492-R-C9	MJ010-1-barcode47-umi36344bins-ubs-18	96.827	1236	98	1229	0.0	2000	MJ010-1-barcode47-umi36344bins-ubs-18
15199-1492-R-C9	MJ010-1-barcode26-umi10085bins-ubs-47	96.827	1236	98	1229	0.0	2000	MJ010-1-barcode26-umi10085bins-ubs-47
15199-1492-R-C9	MJ032-1-barcode41-umi33499bins-ubs-10	96.827	1236	98	1229	0.0	2000	MJ032-1-barcode41-umi33499bins-ubs-10
15199-1492-R-C9	MJ032-1-barcode41-umi49459bins-ubs-6	96.827	1236	98	1229	0.0	2000	MJ032-1-barcode41-umi49459bins-ubs-6
15199-1492-R-C9	MJ032-1-barcode41-umi16612bins-ubs-27	96.827	1236	98	1229	0.0	2000	MJ032-1-barcode41-umi16612bins-ubs-27
15199-1492-R-C9	MJ032-1-barcode41-umi17913bins-ubs-23	96.827	1236	98	1229	0.0	2000	MJ032-1-barcode41-umi17913bins-ubs-23
15199-1492-R-C9	MJ032-1-barcode41-umi9051bins-ubs-49	96.827	1236	98	1229	0.0	2000	MJ032-1-barcode41-umi9051bins-ubs-49
15199-1492-R-C9	MJ032-1-barcode41-umi11009bins-ubs-39	96.827	1236	98	1229	0.0	2000	MJ032-1-barcode41-umi11009bins-ubs-39
15199-1492-R-C9	MJ032-1-barcode41-umi11512bins-ubs-37	96.827	1236	98	1229	0.0	2000	MJ032-1-barcode41-umi11512bins-ubs-37
15199-1492-R-C9	MJ032-1-barcode41-umi21889bins-ubs-19	96.827	1236	98	1229	0.0	2000	MJ032-1-barcode41-umi21889bins-ubs-19
15199-1492-R-C9	MJ032-1-barcode41-umi61605bins-ubs-4	96.827	1236	98	1229	0.0	2000	MJ032-1-barcode41-umi61605bins-ubs-4
15199-1492-R-C9	RS-GCF-910574155.1-NZ-CAJTAW010000002.1	96.745	1236	98	1229	0.0	1995	RS-GCF-910574155.1-NZ-CAJTAW010000002.1
15199-1492-R-C9	RS-GCF-900458785.1-NZ-UHDY01000002.1--7	96.745	1236	98	1229	0.0	1995	RS-GCF-900458785.1-NZ-UHDY01000002.1--7
15199-1492-R-C9	RS-GCF-003097555.1-NZ-CP017459.1--6	96.745	1236	98	1229	0.0	1995	RS-GCF-003097555.1-NZ-CP017459.1--6
15199-1492-R-C9	RS-GCF-003097555.1-NZ-CP017459.1--2	96.745	1236	98	1229	0.0	1995	RS-GCF-003097555.1-NZ-CP017459.1--2
15199-1492-R-C9	RS-GCF-002442895.1-NZ-CP017460.1--6	96.745	1236	98	1229	0.0	1995	RS-GCF-002442895.1-NZ-CP017460.1--6
15199-1492-R-C9	MJ030-2-barcode63-umi113914bins-ubs-3	96.745	1236	98	1229	0.0	1995	MJ030-2-barcode63-umi113914bins-ubs-3
15199-1492-R-C9	MJ007-2-barcode52-umi845bins-ubs-481	96.745	1236	98	1229	0.0	1995	MJ007-2-barcode52-umi845bins-ubs-481
15199-1492-R-C9	MJ007-2-barcode52-umi19783bins-ubs-18	96.745	1236	98	1229	0.0	1995	MJ007-2-barcode52-umi19783bins-ubs-18
15199-1492-R-C9	MJ007-1-barcode38-umi11755bins-ubs-26	96.745	1236	98	1229	0.0	1995	MJ007-1-barcode38-umi11755bins-ubs-26
15199-1492-R-C9	MJ007-1-barcode38-umi15771bins-ubs-18	96.745	1236	98	1229	0.0	1995	MJ007-1-barcode38-umi15771bins-ubs-18
15199-1492-R-C9	MJ007-1-barcode38-umi5108bins-ubs-55	96.745	1236	98	1229	0.0	1995	MJ007-1-barcode38-umi5108bins-ubs-55
15199-1492-R-C9	MJ007-1-barcode38-umi12092bins-ubs-24	96.745	1236	98	1229	0.0	1995	MJ007-1-barcode38-umi12092bins-ubs-24
15199-1492-R-C9	MJ030-1-barcode43-umi108960bins-ubs-3	96.745	1236	98	1229	0.0	1995	MJ030-1-barcode43-umi108960bins-ubs-3
15199-1492-R-C9	MJ032-1-barcode41-umi20073bins-ubs-20	96.745	1236	98	1229	0.0	1995	MJ032-1-barcode41-umi20073bins-ubs-20
15199-1492-R-C9	MJ032-1-barcode41-umi77937bins-ubs-3	96.745	1236	98	1229	0.0	1995	MJ032-1-barcode41-umi77937bins-ubs-3
15199-1492-R-C9	GB-GCA-001990205.1-CP019597.1--2	96.908	1236	98	1229	0.0	1994	GB-GCA-001990205.1-CP019597.1--2
15199-1492-R-C9	MJ005-barcode41-umi23030bins-ubs-10	96.740	1236	98	1227	0.0	1992	MJ005-barcode41-umi23030bins-ubs-10
15199-1492-R-C9	RS-GCF-900458695.1-NZ-UHDS01000001.1--3	96.664	1236	98	1229	0.0	1991	RS-GCF-900458695.1-NZ-UHDS01000001.1--3
15199-1492-R-C9	RS-GCF-002442935.1-NZ-CP017466.1--6	96.664	1236	98	1229	0.0	1991	RS-GCF-002442935.1-NZ-CP017466.1--6
15199-1492-R-C9	GB-GCA-001990205.1-CP019597.1--4	96.827	1236	98	1229	0.0	1990	GB-GCA-001990205.1-CP019597.1--4
15199-1492-R-C9	RS-GCF-017891605.1-NZ-JAESJO010000023.1	97.190	1236	97	1210	0.0	1988	RS-GCF-017891605.1-NZ-JAESJO010000023.1
15199-1492-R-C9	RS-GCF-013341435.1-NZ-CP054444.1--6	96.748	1236	98	1230	0.0	1987	RS-GCF-013341435.1-NZ-CP054444.1--6
15199-1492-R-C9	RS-GCF-003043795.1-NZ-PZIT01000225.1	96.659	1236	98	1227	0.0	1987	RS-GCF-003043795.1-NZ-PZIT01000225.1
15199-1492-R-C9	RS-GCF-003042515.1-NZ-PZIN01000065.1	96.659	1236	98	1227	0.0	1987	RS-GCF-003042515.1-NZ-PZIN01000065.1
15199-1492-R-C9	RS-GCF-018996905.1-NZ-JAHNUR010000021.1	96.659	1236	98	1227	0.0	1987	RS-GCF-018996905.1-NZ-JAHNUR010000021.1
15199-1492-R-C9	RS-GCF-003043755.1-NZ-PZIS01000096.1	96.659	1236	98	1227	0.0	1987	RS-GCF-003043755.1-NZ-PZIS01000096.1
15199-1492-R-C9	RS-GCF-003042535.1-NZ-PZIP01000064.1	96.659	1236	98	1227	0.0	1987	RS-GCF-003042535.1-NZ-PZIP01000064.1
15199-1492-R-C9	RS-GCF-008764045.1-NZ-VTQK01000028.1	97.959	1236	94	1176	0.0	1985	RS-GCF-008764045.1-NZ-VTQK01000028.1
15199-1492-R-C9	RS-GCF-004684875.1-NZ-SRJF01000030.1	96.577	1236	98	1227	0.0	1983	RS-GCF-004684875.1-NZ-SRJF01000030.1
15199-1492-R-C9	RS-GCF-004785665.1-NZ-SRPJ01000017.1	96.577	1236	98	1227	0.0	1983	RS-GCF-004785665.1-NZ-SRPJ01000017.1
15199-1492-R-C9	GB-GCA-003970565.1-RXXD01000047.1	96.577	1236	98	1227	0.0	1983	GB-GCA-003970565.1-RXXD01000047.1
15199-1492-R-C9	RS-GCF-900458825.1-NZ-UHDO01000001.1--3	96.577	1236	98	1227	0.0	1983	RS-GCF-900458825.1-NZ-UHDO01000001.1--3
15199-1492-R-C9	RS-GCF-017893095.1-NZ-JAESMI010000148.1	96.577	1236	98	1227	0.0	1983	RS-GCF-017893095.1-NZ-JAESMI010000148.1
15199-1492-R-C9	RS-GCF-003042555.1-NZ-PZIO01000037.1	96.577	1236	98	1227	0.0	1983	RS-GCF-003042555.1-NZ-PZIO01000037.1
15199-1492-R-C9	RS-GCF-001921685.1-NZ-MSFF01000012.1	96.577	1236	98	1227	0.0	1983	RS-GCF-001921685.1-NZ-MSFF01000012.1
15199-1492-R-C9	RS-GCF-003043015.1-NZ-PZIQ01000082.1	96.577	1236	98	1227	0.0	1983	RS-GCF-003043015.1-NZ-PZIQ01000082.1
15199-1492-R-C9	RS-GCF-001810265.1-NZ-KV800489.1	96.577	1236	98	1227	0.0	1983	RS-GCF-001810265.1-NZ-KV800489.1
15199-1492-R-C9	RS-GCF-001808125.1-NZ-KV792232.1	96.577	1236	98	1227	0.0	1983	RS-GCF-001808125.1-NZ-KV792232.1
15199-1492-R-C9	RS-GCF-000763725.1-NZ-JQHA01000040.1	96.577	1236	98	1227	0.0	1983	RS-GCF-000763725.1-NZ-JQHA01000040.1
15199-1492-R-C9	RS-GCF-015070445.1-NZ-JADCSR010000087.1	96.577	1236	98	1227	0.0	1983	RS-GCF-015070445.1-NZ-JADCSR010000087.1
15199-1492-R-C9	RS-GCF-001072095.1-NZ-JVMX01000045.1	96.577	1236	98	1227	0.0	1983	RS-GCF-001072095.1-NZ-JVMX01000045.1
15199-1492-R-C9	RS-GCF-001836865.1-NZ-KV830698.1	96.577	1236	98	1227	0.0	1983	RS-GCF-001836865.1-NZ-KV830698.1
15199-1492-R-C9	RS-GCF-903969765.1-NZ-CAJCFZ010000016.1	96.577	1236	98	1227	0.0	1983	RS-GCF-903969765.1-NZ-CAJCFZ010000016.1
15199-1492-R-C9	RS-GCF-001705085.1-NZ-JRAX01000123.1	96.577	1236	98	1227	0.0	1983	RS-GCF-001705085.1-NZ-JRAX01000123.1
15199-1492-R-C9	RS-GCF-001611955.1-NZ-CP013911.1--5	96.577	1236	98	1227	0.0	1983	RS-GCF-001611955.1-NZ-CP013911.1--5
15199-1492-R-C9	RS-GCF-007677695.1-NZ-VEDE01000061.1	96.577	1236	98	1227	0.0	1983	RS-GCF-007677695.1-NZ-VEDE01000061.1
15199-1492-R-C9	RS-GCF-001237685.1-NZ-CUDO01000020.1	96.577	1236	98	1227	0.0	1983	RS-GCF-001237685.1-NZ-CUDO01000020.1
15199-1492-R-C9	G000009865	96.577	1236	98	1227	0.0	1983	G000009865
15199-1492-R-C9	MT586030	96.577	1236	98	1227	0.0	1983	MT586030
15199-1492-R-C9	AY953148	96.577	1236	98	1227	0.0	1983	AY953148
15199-1492-R-C9	KM873669	96.577	1236	98	1227	0.0	1983	KM873669
15199-1492-R-C9	MJ005-barcode41-umi10095bins-ubs-21	96.577	1236	98	1227	0.0	1983	MJ005-barcode41-umi10095bins-ubs-21
15199-1492-R-C9	MJ005-barcode41-umi18767bins-ubs-13	96.577	1236	98	1227	0.0	1983	MJ005-barcode41-umi18767bins-ubs-13
15199-1492-R-C9	MJ005-barcode33-umi15336bins-ubs-15	96.577	1236	98	1227	0.0	1983	MJ005-barcode33-umi15336bins-ubs-15
15199-1492-R-C9	MJ006-1-barcode26-umi45094bins-ubs-10	96.577	1236	98	1227	0.0	1983	MJ006-1-barcode26-umi45094bins-ubs-10
15199-1492-R-C9	RS-GCF-013267715.1-NZ-CP054017.1--5	96.650	1236	98	1224	0.0	1982	RS-GCF-013267715.1-NZ-CP054017.1--5
15199-1492-R-C9	RS-GCF-900636255.1-NZ-LR134242.1--6	96.650	1236	98	1224	0.0	1982	RS-GCF-900636255.1-NZ-LR134242.1--6
15199-1492-R-C9	RS-GCF-900636255.1-NZ-LR134242.1	96.650	1236	98	1224	0.0	1982	RS-GCF-900636255.1-NZ-LR134242.1
15199-1492-R-C9	RS-GCF-007666805.1-NZ-VDPX01000022.1	96.650	1236	98	1224	0.0	1982	RS-GCF-007666805.1-NZ-VDPX01000022.1
15199-1492-R-C9	RS-GCF-900636265.1-NZ-LR134244.1--6	96.650	1236	98	1224	0.0	1982	RS-GCF-900636265.1-NZ-LR134244.1--6
15199-1492-R-C9	RS-GCF-900636265.1-NZ-LR134244.1	96.650	1236	98	1224	0.0	1982	RS-GCF-900636265.1-NZ-LR134244.1
15199-1492-R-C9	G001045675	96.650	1236	98	1224	0.0	1982	G001045675
15199-1492-R-C9	G000332735	96.650	1236	98	1224	0.0	1982	G000332735
15199-1492-R-C9	MJ030-2-barcode71-umi4718bins-ubs-69	96.650	1236	98	1224	0.0	1982	MJ030-2-barcode71-umi4718bins-ubs-69
15199-1492-R-C9	RS-GCF-003031425.1-NZ-CP020467.1	96.648	1236	98	1223	0.0	1980	RS-GCF-003031425.1-NZ-CP020467.1
15199-1492-R-C9	RS-GCF-000572965.1-NZ-KK047892.1	96.648	1236	98	1223	0.0	1980	RS-GCF-000572965.1-NZ-KK047892.1
15199-1492-R-C9	RS-GCF-000638555.1-NZ-KK222859.1	96.648	1236	98	1223	0.0	1980	RS-GCF-000638555.1-NZ-KK222859.1
15199-1492-R-C9	RS-GCF-900457545.1-NZ-UHAB01000002.1	96.648	1236	98	1223	0.0	1980	RS-GCF-900457545.1-NZ-UHAB01000002.1
15199-1492-R-C9	L37603	96.569	1236	98	1224	0.0	1979	L37603
15199-1492-R-C9	RS-GCF-013345165.1-NZ-JABVEJ010000001.1--5	96.496	1236	98	1227	0.0	1978	RS-GCF-013345165.1-NZ-JABVEJ010000001.1--5
15199-1492-R-C9	RS-GCF-013345165.1-NZ-JABVEJ010000001.1--2	96.496	1236	98	1227	0.0	1978	RS-GCF-013345165.1-NZ-JABVEJ010000001.1--2
15199-1492-R-C9	RS-GCF-013345165.1-NZ-JABVEJ010000001.1	96.496	1236	98	1227	0.0	1978	RS-GCF-013345165.1-NZ-JABVEJ010000001.1
15199-1492-R-C9	RS-GCF-003580835.1-NZ-QYJM01000112.1	96.496	1236	98	1227	0.0	1978	RS-GCF-003580835.1-NZ-QYJM01000112.1
15199-1492-R-C9	RS-GCF-003043635.1-NZ-PZIE01000133.1	96.496	1236	98	1227	0.0	1978	RS-GCF-003043635.1-NZ-PZIE01000133.1
15199-1492-R-C9	RS-GCF-903970005.1-NZ-CAJCHB010000026.1	96.496	1236	98	1227	0.0	1978	RS-GCF-903970005.1-NZ-CAJCHB010000026.1
15199-1492-R-C9	RS-GCF-017355005.1-NZ-CP071508.1--6	96.496	1236	98	1227	0.0	1978	RS-GCF-017355005.1-NZ-CP071508.1--6
15199-1492-R-C9	RS-GCF-002114275.1-NZ-NDWY01000001.1--5	96.496	1236	98	1227	0.0	1978	RS-GCF-002114275.1-NZ-NDWY01000001.1--5
15199-1492-R-C9	RS-GCF-002114275.1-NZ-NDWY01000001.1--2	96.496	1236	98	1227	0.0	1978	RS-GCF-002114275.1-NZ-NDWY01000001.1--2
15199-1492-R-C9	RS-GCF-017355025.1-NZ-CP071512.1--6	96.496	1236	98	1227	0.0	1978	RS-GCF-017355025.1-NZ-CP071512.1--6
15199-1492-R-C9	RS-GCF-009932935.2-NZ-CP049091.1	96.496	1236	98	1227	0.0	1978	RS-GCF-009932935.2-NZ-CP049091.1
15199-1492-R-C9	RS-GCF-000981145.1-NZ-LAKG01000073.1	96.496	1236	98	1227	0.0	1978	RS-GCF-000981145.1-NZ-LAKG01000073.1
15199-1492-R-C9	RS-GCF-016695195.1-NZ-CP063274.1--5	96.496	1236	98	1227	0.0	1978	RS-GCF-016695195.1-NZ-CP063274.1--5
15199-1492-R-C9	RS-GCF-001814895.1-NZ-KV818357.1	96.496	1236	98	1227	0.0	1978	RS-GCF-001814895.1-NZ-KV818357.1
15199-1492-R-C9	GB-GCA-001471285.2-LORN02000015.1--5	96.496	1236	98	1227	0.0	1978	GB-GCA-001471285.2-LORN02000015.1--5
15199-1492-R-C9	GB-GCA-001471285.2-LORN02000015.1--4	96.496	1236	98	1227	0.0	1978	GB-GCA-001471285.2-LORN02000015.1--4
15199-1492-R-C9	GB-GCA-001471285.2-LORN02000015.1	96.496	1236	98	1227	0.0	1978	GB-GCA-001471285.2-LORN02000015.1
15199-1492-R-C9	GB-GCA-002892325.1-PHHQ01000062.1	96.496	1236	98	1227	0.0	1978	GB-GCA-002892325.1-PHHQ01000062.1
15199-1492-R-C9	RS-GCF-019048025.1-NZ-CP077270.1--3	96.496	1236	98	1227	0.0	1978	RS-GCF-019048025.1-NZ-CP077270.1--3
15199-1492-R-C9	RS-GCF-019048025.1-NZ-CP077270.1--2	96.496	1236	98	1227	0.0	1978	RS-GCF-019048025.1-NZ-CP077270.1--2
15199-1492-R-C9	RS-GCF-903969845.1-NZ-CAJCGQ010000075.1	96.496	1236	98	1227	0.0	1978	RS-GCF-903969845.1-NZ-CAJCGQ010000075.1
15199-1492-R-C9	RS-GCF-903969905.1-NZ-CAJCGT010000028.1	96.496	1236	98	1227	0.0	1978	RS-GCF-903969905.1-NZ-CAJCGT010000028.1
15199-1492-R-C9	G000025085	96.496	1236	98	1227	0.0	1978	G000025085
15199-1492-R-C9	MJ006-2-barcode58-umi188846bins-ubs-3	96.496	1236	98	1227	0.0	1978	MJ006-2-barcode58-umi188846bins-ubs-3
15199-1492-R-C9	MJ006-2-barcode58-umi89861bins-ubs-6	96.496	1236	98	1227	0.0	1978	MJ006-2-barcode58-umi89861bins-ubs-6
15199-1492-R-C9	MJ006-1-barcode26-umi52220bins-ubs-6	96.496	1236	98	1227	0.0	1978	MJ006-1-barcode26-umi52220bins-ubs-6
15199-1492-R-C9	MJ006-1-barcode26-umi23484bins-ubs-13	96.496	1236	98	1227	0.0	1978	MJ006-1-barcode26-umi23484bins-ubs-13
15199-1492-R-C9	MJ006-1-barcode41-umi79423bins-ubs-5	96.496	1236	98	1227	0.0	1978	MJ006-1-barcode41-umi79423bins-ubs-5
15199-1492-R-C9	RS-GCF-003043235.1-NZ-PZEZ01000134.1	96.569	1236	98	1224	0.0	1977	RS-GCF-003043235.1-NZ-PZEZ01000134.1
