15308-1492R-T-G12	RS-GCF-001073365.1-NZ-JVCA01000021.1	97.390	1213	99	1226	0.0	2020	RS-GCF-001073365.1-NZ-JVCA01000021.1
15308-1492R-T-G12	RS-GCF-000712995.1-NZ-JGYJ01000027.1	97.390	1213	99	1226	0.0	2020	RS-GCF-000712995.1-NZ-JGYJ01000027.1
15308-1492R-T-G12	MJ006-2-barcode58-umi63197bins-ubs-6	97.390	1213	99	1226	0.0	2020	MJ006-2-barcode58-umi63197bins-ubs-6
15308-1492R-T-G12	RS-GCF-006546865.1-NZ-RYDR01000031.1--3	97.308	1213	99	1226	0.0	2015	RS-GCF-006546865.1-NZ-RYDR01000031.1--3
15308-1492R-T-G12	RS-GCF-013267675.1-NZ-CP053957.1--5	97.308	1213	99	1226	0.0	2015	RS-GCF-013267675.1-NZ-CP053957.1--5
15308-1492R-T-G12	RS-GCF-901482635.1-NZ-CABEEX010000003.1--6	97.308	1213	99	1226	0.0	2015	RS-GCF-901482635.1-NZ-CABEEX010000003.1--6
15308-1492R-T-G12	RS-GCF-015274185.1-NZ-JACGPS010000019.1	97.308	1213	99	1226	0.0	2015	RS-GCF-015274185.1-NZ-JACGPS010000019.1
15308-1492R-T-G12	RS-GCF-001069195.1-NZ-JWDH01000068.1	97.308	1213	99	1226	0.0	2015	RS-GCF-001069195.1-NZ-JWDH01000068.1
15308-1492R-T-G12	RS-GCF-003578415.1-NZ-QXRO01000153.1	97.308	1213	99	1226	0.0	2015	RS-GCF-003578415.1-NZ-QXRO01000153.1
15308-1492R-T-G12	RS-GCF-001809655.1-NZ-KV798357.1	97.308	1213	99	1226	0.0	2015	RS-GCF-001809655.1-NZ-KV798357.1
15308-1492R-T-G12	RS-GCF-001650475.1-NZ-LWCQ01000014.1	97.308	1213	99	1226	0.0	2015	RS-GCF-001650475.1-NZ-LWCQ01000014.1
15308-1492R-T-G12	RS-GCF-900138955.1-NZ-FVTG01000022.1	97.308	1213	99	1226	0.0	2015	RS-GCF-900138955.1-NZ-FVTG01000022.1
15308-1492R-T-G12	G001471555	97.308	1213	99	1226	0.0	2015	G001471555
15308-1492R-T-G12	G001028645	97.308	1213	99	1226	0.0	2015	G001028645
15308-1492R-T-G12	MJ032-2-barcode71-umi1971bins-ubs-134	97.308	1213	99	1226	0.0	2015	MJ032-2-barcode71-umi1971bins-ubs-134
15308-1492R-T-G12	MJ005-barcode33-umi4907bins-ubs-37	97.308	1213	99	1226	0.0	2015	MJ005-barcode33-umi4907bins-ubs-37
15308-1492R-T-G12	MJ006-2-barcode58-umi31344bins-ubs-10	97.308	1213	99	1226	0.0	2015	MJ006-2-barcode58-umi31344bins-ubs-10
15308-1492R-T-G12	RS-GCF-002591175.1-NZ-CP023966.1--6	97.227	1213	99	1226	0.0	2011	RS-GCF-002591175.1-NZ-CP023966.1--6
15308-1492R-T-G12	RS-GCF-901482635.1-NZ-CABEEX010000003.1--4	97.227	1213	99	1226	0.0	2011	RS-GCF-901482635.1-NZ-CABEEX010000003.1--4
15308-1492R-T-G12	RS-GCF-015243435.1-NZ-CP042341.1--6	97.227	1213	99	1226	0.0	2011	RS-GCF-015243435.1-NZ-CP042341.1--6
15308-1492R-T-G12	RS-GCF-015243435.1-NZ-CP042341.1--2	97.227	1213	99	1226	0.0	2011	RS-GCF-015243435.1-NZ-CP042341.1--2
15308-1492R-T-G12	RS-GCF-003578385.1-NZ-QXRM01000102.1	97.227	1213	99	1226	0.0	2011	RS-GCF-003578385.1-NZ-QXRM01000102.1
15308-1492R-T-G12	AB009935	97.227	1213	99	1226	0.0	2011	AB009935
15308-1492R-T-G12	L37599	97.227	1213	99	1226	0.0	2011	L37599
15308-1492R-T-G12	AB009937	97.227	1213	99	1226	0.0	2011	AB009937
15308-1492R-T-G12	MJ006-2-barcode58-umi181615bins-ubs-3	97.227	1213	99	1226	0.0	2011	MJ006-2-barcode58-umi181615bins-ubs-3
15308-1492R-T-G12	RS-GCF-013267675.1-NZ-CP053957.1--6	97.145	1213	99	1226	0.0	2006	RS-GCF-013267675.1-NZ-CP053957.1--6
15308-1492R-T-G12	RS-GCF-003040615.1-NZ-PZDB01000106.1	97.145	1213	99	1226	0.0	2006	RS-GCF-003040615.1-NZ-PZDB01000106.1
15308-1492R-T-G12	MJ033-1-barcode35-umi3722bins-ubs-104	97.145	1213	99	1226	0.0	2006	MJ033-1-barcode35-umi3722bins-ubs-104
15308-1492R-T-G12	RS-GCF-001073835.1-NZ-JUYG01000048.1	97.449	1213	99	1215	0.0	2004	RS-GCF-001073835.1-NZ-JUYG01000048.1
15308-1492R-T-G12	RS-GCF-015243435.1-NZ-CP042341.1--5	97.145	1213	99	1226	0.0	2003	RS-GCF-015243435.1-NZ-CP042341.1--5
15308-1492R-T-G12	RS-GCF-000705055.1-NZ-JMIE01000043.1	97.141	1213	99	1224	0.0	2003	RS-GCF-000705055.1-NZ-JMIE01000043.1
15308-1492R-T-G12	RS-GCF-004374765.1-NZ-SNNA01000058.1	97.141	1213	99	1224	0.0	2003	RS-GCF-004374765.1-NZ-SNNA01000058.1
15308-1492R-T-G12	RS-GCF-902509525.1-NZ-LR735432.1--2	97.141	1213	99	1224	0.0	2003	RS-GCF-902509525.1-NZ-LR735432.1--2
15308-1492R-T-G12	RS-GCF-000627055.1-NZ-JHQC01000040.1	97.141	1213	99	1224	0.0	2003	RS-GCF-000627055.1-NZ-JHQC01000040.1
15308-1492R-T-G12	RS-GCF-002087975.1-NZ-NARC01000024.1	97.141	1213	99	1224	0.0	2003	RS-GCF-002087975.1-NZ-NARC01000024.1
15308-1492R-T-G12	RS-GCF-001075805.1-NZ-JUML01000010.1	97.141	1213	99	1224	0.0	2003	RS-GCF-001075805.1-NZ-JUML01000010.1
15308-1492R-T-G12	RS-GCF-001659245.1-NZ-LYVU01000043.1	97.141	1213	99	1224	0.0	2003	RS-GCF-001659245.1-NZ-LYVU01000043.1
15308-1492R-T-G12	RS-GCF-000247185.1-NZ-AHLI01000009.1	97.141	1213	99	1224	0.0	2003	RS-GCF-000247185.1-NZ-AHLI01000009.1
15308-1492R-T-G12	RS-GCF-003856395.1-NZ-CP034111.1	97.141	1213	99	1224	0.0	2003	RS-GCF-003856395.1-NZ-CP034111.1
15308-1492R-T-G12	RS-GCF-001072245.1-NZ-JVLY01000033.1	97.141	1213	99	1224	0.0	2003	RS-GCF-001072245.1-NZ-JVLY01000033.1
15308-1492R-T-G12	RS-GCF-000759555.1-NZ-CP009046.1	97.141	1213	99	1224	0.0	2003	RS-GCF-000759555.1-NZ-CP009046.1
15308-1492R-T-G12	RS-GCF-006151885.1-NZ-VDEO01000040.1	97.141	1213	99	1224	0.0	2003	RS-GCF-006151885.1-NZ-VDEO01000040.1
15308-1492R-T-G12	RS-GCF-011307235.1-NZ-CP043788.1--5	97.141	1213	99	1224	0.0	2003	RS-GCF-011307235.1-NZ-CP043788.1--5
15308-1492R-T-G12	RS-GCF-011307235.1-NZ-CP043788.1--4	97.141	1213	99	1224	0.0	2003	RS-GCF-011307235.1-NZ-CP043788.1--4
15308-1492R-T-G12	RS-GCF-009897305.1-NZ-SHFB01000041.1	97.141	1213	99	1224	0.0	2003	RS-GCF-009897305.1-NZ-SHFB01000041.1
15308-1492R-T-G12	RS-GCF-016903555.1-NZ-CP069951.1--6	97.222	1213	99	1224	0.0	2003	RS-GCF-016903555.1-NZ-CP069951.1--6
15308-1492R-T-G12	RS-GCF-000418085.2-NZ-ATDD02000024.1	97.141	1213	99	1224	0.0	2003	RS-GCF-000418085.2-NZ-ATDD02000024.1
15308-1492R-T-G12	RS-GCF-016834475.1-NZ-CP069215.1--6	97.141	1213	99	1224	0.0	2003	RS-GCF-016834475.1-NZ-CP069215.1--6
15308-1492R-T-G12	RS-GCF-000703025.1-NZ-JNLI01000004.1--5	97.222	1213	99	1224	0.0	2003	RS-GCF-000703025.1-NZ-JNLI01000004.1--5
15308-1492R-T-G12	RS-GCF-000703025.1-NZ-JNLI01000004.1	97.141	1213	99	1224	0.0	2003	RS-GCF-000703025.1-NZ-JNLI01000004.1
15308-1492R-T-G12	G000007645	97.141	1213	99	1224	0.0	2003	G000007645
15308-1492R-T-G12	MJ006-1-barcode27-umi11382bins-ubs-18	97.141	1213	99	1224	0.0	2003	MJ006-1-barcode27-umi11382bins-ubs-18
15308-1492R-T-G12	MJ006-2-barcode71-umi61039bins-ubs-7	97.141	1213	99	1224	0.0	2003	MJ006-2-barcode71-umi61039bins-ubs-7
15308-1492R-T-G12	RS-GCF-901482635.1-NZ-CABEEX010000003.1--5	97.064	1213	99	1226	0.0	2002	RS-GCF-901482635.1-NZ-CABEEX010000003.1--5
15308-1492R-T-G12	RS-GCF-001065645.1-NZ-JVAJ01000076.1	97.517	1213	98	1208	0.0	2000	RS-GCF-001065645.1-NZ-JVAJ01000076.1
15308-1492R-T-G12	RS-GCF-014490515.1-NZ-CP061029.1	97.059	1213	99	1224	0.0	1998	RS-GCF-014490515.1-NZ-CP061029.1
15308-1492R-T-G12	RS-GCF-001622495.1-NZ-LWCW01000070.1	97.059	1213	99	1224	0.0	1998	RS-GCF-001622495.1-NZ-LWCW01000070.1
15308-1492R-T-G12	RS-GCF-009896875.1-NZ-SHEI01000044.1	97.059	1213	99	1224	0.0	1998	RS-GCF-009896875.1-NZ-SHEI01000044.1
15308-1492R-T-G12	RS-GCF-001659125.1-NZ-LYSH01000037.1	97.059	1213	99	1224	0.0	1998	RS-GCF-001659125.1-NZ-LYSH01000037.1
15308-1492R-T-G12	RS-GCF-001622445.1-NZ-LWBW01000018.1	97.059	1213	99	1224	0.0	1998	RS-GCF-001622445.1-NZ-LWBW01000018.1
15308-1492R-T-G12	RS-GCF-003979975.1-NZ-LUBS01000131.1	97.059	1213	99	1224	0.0	1998	RS-GCF-003979975.1-NZ-LUBS01000131.1
15308-1492R-T-G12	RS-GCF-001070565.1-NZ-JVSY01000107.1	97.059	1213	99	1224	0.0	1998	RS-GCF-001070565.1-NZ-JVSY01000107.1
15308-1492R-T-G12	RS-GCF-001465385.1-NZ-JRVP01000053.1	97.059	1213	99	1224	0.0	1998	RS-GCF-001465385.1-NZ-JRVP01000053.1
15308-1492R-T-G12	RS-GCF-009897365.1-NZ-SHFF01000044.1	97.059	1213	99	1224	0.0	1998	RS-GCF-009897365.1-NZ-SHFF01000044.1
15308-1492R-T-G12	RS-GCF-001622835.1-NZ-LWBG01000080.1	97.059	1213	99	1224	0.0	1998	RS-GCF-001622835.1-NZ-LWBG01000080.1
15308-1492R-T-G12	RS-GCF-001658785.1-NZ-LXRV01000011.1	97.059	1213	99	1224	0.0	1998	RS-GCF-001658785.1-NZ-LXRV01000011.1
15308-1492R-T-G12	RS-GCF-003980055.1-NZ-LUBM01000100.1	97.059	1213	99	1224	0.0	1998	RS-GCF-003980055.1-NZ-LUBM01000100.1
15308-1492R-T-G12	RS-GCF-011306775.1-NZ-CP043781.1--5	97.059	1213	99	1224	0.0	1998	RS-GCF-011306775.1-NZ-CP043781.1--5
15308-1492R-T-G12	RS-GCF-011306775.1-NZ-CP043781.1	97.059	1213	99	1224	0.0	1998	RS-GCF-011306775.1-NZ-CP043781.1
15308-1492R-T-G12	RS-GCF-011306595.1-NZ-CP043777.1--2	97.059	1213	99	1224	0.0	1998	RS-GCF-011306595.1-NZ-CP043777.1--2
15308-1492R-T-G12	RS-GCF-001659475.1-NZ-LYWF01000028.1	97.059	1213	99	1224	0.0	1998	RS-GCF-001659475.1-NZ-LYWF01000028.1
15308-1492R-T-G12	RS-GCF-008922385.1-NZ-WBQK01000040.1	97.059	1213	99	1224	0.0	1998	RS-GCF-008922385.1-NZ-WBQK01000040.1
15308-1492R-T-G12	RS-GCF-011307695.1-NZ-CP043801.1--3	97.059	1213	99	1224	0.0	1998	RS-GCF-011307695.1-NZ-CP043801.1--3
15308-1492R-T-G12	RS-GCF-008922375.1-NZ-WBQL01000044.1	97.059	1213	99	1224	0.0	1998	RS-GCF-008922375.1-NZ-WBQL01000044.1
15308-1492R-T-G12	RS-GCF-001658715.1-NZ-LXRX01000037.1	97.059	1213	99	1224	0.0	1998	RS-GCF-001658715.1-NZ-LXRX01000037.1
15308-1492R-T-G12	RS-GCF-003980155.1-NZ-LUBV01000051.1	97.059	1213	99	1224	0.0	1998	RS-GCF-003980155.1-NZ-LUBV01000051.1
15308-1492R-T-G12	RS-GCF-001658535.1-NZ-LYQA01000020.1	97.059	1213	99	1224	0.0	1998	RS-GCF-001658535.1-NZ-LYQA01000020.1
15308-1492R-T-G12	RS-GCF-000410915.1-NZ-ARWU01000102.1	97.059	1213	99	1224	0.0	1998	RS-GCF-000410915.1-NZ-ARWU01000102.1
15308-1492R-T-G12	GB-GCA-000239515.2-AGUC01000056.1	97.059	1213	99	1224	0.0	1998	GB-GCA-000239515.2-AGUC01000056.1
15308-1492R-T-G12	RS-GCF-003035705.1-NZ-PYYT01000114.1	97.059	1213	99	1224	0.0	1998	RS-GCF-003035705.1-NZ-PYYT01000114.1
15308-1492R-T-G12	RS-GCF-006094375.1-NZ-CP035288.1	97.059	1213	99	1224	0.0	1998	RS-GCF-006094375.1-NZ-CP035288.1
15308-1492R-T-G12	RS-GCF-003980205.1-NZ-MNBF01000052.1	97.059	1213	99	1224	0.0	1998	RS-GCF-003980205.1-NZ-MNBF01000052.1
15308-1492R-T-G12	RS-GCF-016903575.1-NZ-CP069954.1	97.059	1213	99	1224	0.0	1998	RS-GCF-016903575.1-NZ-CP069954.1
15308-1492R-T-G12	RS-GCF-003979985.1-NZ-LUBT01000109.1	97.059	1213	99	1224	0.0	1998	RS-GCF-003979985.1-NZ-LUBT01000109.1
15308-1492R-T-G12	RS-GCF-003859985.1-NZ-RQYG01000064.1	97.059	1213	99	1224	0.0	1998	RS-GCF-003859985.1-NZ-RQYG01000064.1
15308-1492R-T-G12	RS-GCF-001956655.1-NZ-CP018842.1	97.059	1213	99	1224	0.0	1998	RS-GCF-001956655.1-NZ-CP018842.1
15308-1492R-T-G12	RS-GCF-900205795.1-NZ-OAOB01000025.1	97.059	1213	99	1224	0.0	1998	RS-GCF-900205795.1-NZ-OAOB01000025.1
15308-1492R-T-G12	RS-GCF-014489335.1-NZ-CP060794.1--6	97.141	1213	99	1224	0.0	1998	RS-GCF-014489335.1-NZ-CP060794.1--6
15308-1492R-T-G12	RS-GCF-002215535.1-NZ-CP022247.1--6	97.059	1213	99	1224	0.0	1998	RS-GCF-002215535.1-NZ-CP022247.1--6
15308-1492R-T-G12	RS-GCF-016904135.1-NZ-CP070057.1--5	97.059	1213	99	1224	0.0	1998	RS-GCF-016904135.1-NZ-CP070057.1--5
15308-1492R-T-G12	RS-GCF-000705075.1-NZ-JMID01000002.1	97.059	1213	99	1224	0.0	1998	RS-GCF-000705075.1-NZ-JMID01000002.1
15308-1492R-T-G12	RS-GCF-003980195.1-NZ-LUBX01000012.1	97.059	1213	99	1224	0.0	1998	RS-GCF-003980195.1-NZ-LUBX01000012.1
15308-1492R-T-G12	RS-GCF-001072885.1-NZ-JVHR01000007.1	97.059	1213	99	1224	0.0	1998	RS-GCF-001072885.1-NZ-JVHR01000007.1
15308-1492R-T-G12	RS-GCF-001662985.1-NZ-LYYX01000031.1	97.059	1213	99	1224	0.0	1998	RS-GCF-001662985.1-NZ-LYYX01000031.1
15308-1492R-T-G12	RS-GCF-001658625.1-NZ-LXRQ01000031.1	97.059	1213	99	1224	0.0	1998	RS-GCF-001658625.1-NZ-LXRQ01000031.1
15308-1492R-T-G12	RS-GCF-000011925.1-NC-002976.3--3	97.059	1213	99	1224	0.0	1998	RS-GCF-000011925.1-NC-002976.3--3
15308-1492R-T-G12	G008763925	97.059	1213	99	1224	0.0	1998	G008763925
15308-1492R-T-G12	G008349105	97.059	1213	99	1224	0.0	1998	G008349105
15308-1492R-T-G12	G000245655	97.059	1213	99	1224	0.0	1998	G000245655
15308-1492R-T-G12	D83363	97.059	1213	99	1224	0.0	1998	D83363
15308-1492R-T-G12	MJ009-2-barcode63-umi153bins-ubs-1233	97.059	1213	99	1224	0.0	1998	MJ009-2-barcode63-umi153bins-ubs-1233
15308-1492R-T-G12	MJ005-barcode65-umi4676bins-ubs-37	97.059	1213	99	1224	0.0	1998	MJ005-barcode65-umi4676bins-ubs-37
15308-1492R-T-G12	MJ005-barcode35-umi8548bins-ubs-23	97.059	1213	99	1224	0.0	1998	MJ005-barcode35-umi8548bins-ubs-23
15308-1492R-T-G12	MJ006-1-barcode27-umi62770bins-ubs-9	97.059	1213	99	1224	0.0	1998	MJ006-1-barcode27-umi62770bins-ubs-9
15308-1492R-T-G12	MJ006-1-barcode28-umi92548bins-ubs-5	97.059	1213	99	1224	0.0	1998	MJ006-1-barcode28-umi92548bins-ubs-5
15308-1492R-T-G12	MJ006-2-barcode65-umi17920bins-ubs-15	97.059	1213	99	1224	0.0	1998	MJ006-2-barcode65-umi17920bins-ubs-15
15308-1492R-T-G12	RS-GCF-016791585.1-NZ-JAENGU010000009.1	96.982	1213	99	1226	0.0	1997	RS-GCF-016791585.1-NZ-JAENGU010000009.1
15308-1492R-T-G12	RS-GCF-900458815.1-NZ-UHDZ01000001.1	96.982	1213	99	1226	0.0	1997	RS-GCF-900458815.1-NZ-UHDZ01000001.1
15308-1492R-T-G12	RS-GCF-004291105.1-NZ-QHKD01000010.1	96.982	1213	99	1226	0.0	1997	RS-GCF-004291105.1-NZ-QHKD01000010.1
15308-1492R-T-G12	RS-GCF-003966585.1-NZ-AP018585.1	96.982	1213	99	1226	0.0	1997	RS-GCF-003966585.1-NZ-AP018585.1
15308-1492R-T-G12	RS-GCF-902509535.1-NZ-LR735440.1	97.059	1213	99	1224	0.0	1994	RS-GCF-902509535.1-NZ-LR735440.1
15308-1492R-T-G12	RS-GCF-016026915.1-NZ-CP065656.1	97.059	1213	99	1224	0.0	1994	RS-GCF-016026915.1-NZ-CP065656.1
15308-1492R-T-G12	RS-GCF-902509485.1-NZ-LR735421.1--5	97.059	1213	99	1224	0.0	1994	RS-GCF-902509485.1-NZ-LR735421.1--5
15308-1492R-T-G12	RS-GCF-000783535.2-NZ-JTAY02000002.1--3	96.977	1213	99	1224	0.0	1994	RS-GCF-000783535.2-NZ-JTAY02000002.1--3
15308-1492R-T-G12	RS-GCF-001837955.1-NZ-KV834845.1	96.977	1213	99	1224	0.0	1994	RS-GCF-001837955.1-NZ-KV834845.1
15308-1492R-T-G12	RS-GCF-000417965.2-NZ-ATCV02000047.1	96.977	1213	99	1224	0.0	1994	RS-GCF-000417965.2-NZ-ATCV02000047.1
15308-1492R-T-G12	RS-GCF-008922245.1-NZ-WBQC01000008.1	96.977	1213	99	1224	0.0	1994	RS-GCF-008922245.1-NZ-WBQC01000008.1
15308-1492R-T-G12	RS-GCF-002085695.1-NZ-CP020463.1--6	96.977	1213	99	1224	0.0	1994	RS-GCF-002085695.1-NZ-CP020463.1--6
15308-1492R-T-G12	RS-GCF-011306595.1-NZ-CP043777.1--5	96.977	1213	99	1224	0.0	1994	RS-GCF-011306595.1-NZ-CP043777.1--5
15308-1492R-T-G12	RS-GCF-003578045.1-NZ-QXSL01000097.1	96.977	1213	99	1224	0.0	1994	RS-GCF-003578045.1-NZ-QXSL01000097.1
15308-1492R-T-G12	RS-GCF-011307475.1-NZ-CP043792.1--6	96.977	1213	99	1224	0.0	1994	RS-GCF-011307475.1-NZ-CP043792.1--6
15308-1492R-T-G12	RS-GCF-902363495.1-NZ-CABJAG010000011.1	96.977	1213	99	1224	0.0	1994	RS-GCF-902363495.1-NZ-CABJAG010000011.1
15308-1492R-T-G12	RS-GCF-008923085.1-NZ-WBRT01000039.1	96.977	1213	99	1224	0.0	1994	RS-GCF-008923085.1-NZ-WBRT01000039.1
15308-1492R-T-G12	RS-GCF-016406625.1-NZ-CP066376.1--4	96.977	1213	99	1224	0.0	1994	RS-GCF-016406625.1-NZ-CP066376.1--4
15308-1492R-T-G12	RS-GCF-001956655.1-NZ-CP018842.1--5	96.977	1213	99	1224	0.0	1994	RS-GCF-001956655.1-NZ-CP018842.1--5
15308-1492R-T-G12	RS-GCF-014489335.1-NZ-CP060794.1--2	96.977	1213	99	1224	0.0	1994	RS-GCF-014489335.1-NZ-CP060794.1--2
15308-1492R-T-G12	RS-GCF-014334295.1-NZ-CP060528.1--6	96.977	1213	99	1224	0.0	1994	RS-GCF-014334295.1-NZ-CP060528.1--6
15308-1492R-T-G12	RS-GCF-002215535.1-NZ-CP022247.1--2	96.977	1213	99	1224	0.0	1994	RS-GCF-002215535.1-NZ-CP022247.1--2
15308-1492R-T-G12	RS-GCF-013317125.1-NZ-CP040883.1--2	96.977	1213	99	1224	0.0	1994	RS-GCF-013317125.1-NZ-CP040883.1--2
15308-1492R-T-G12	RS-GCF-009769125.1-NZ-CP043847.1--6	96.977	1213	99	1224	0.0	1994	RS-GCF-009769125.1-NZ-CP043847.1--6
15308-1492R-T-G12	RS-GCF-006742205.1-NZ-AP019721.1--6	96.977	1213	99	1224	0.0	1994	RS-GCF-006742205.1-NZ-AP019721.1--6
15308-1492R-T-G12	RS-GCF-000418165.2-NZ-ATDH02000015.1	96.977	1213	99	1224	0.0	1994	RS-GCF-000418165.2-NZ-ATDH02000015.1
15308-1492R-T-G12	RS-GCF-000418165.2-NZ-ATDH02000089.1	96.977	1213	99	1224	0.0	1994	RS-GCF-000418165.2-NZ-ATDH02000089.1
15308-1492R-T-G12	RS-GCF-900458645.1-NZ-UHDH01000002.1--3	96.977	1213	99	1224	0.0	1994	RS-GCF-900458645.1-NZ-UHDH01000002.1--3
15308-1492R-T-G12	RS-GCF-900458645.1-NZ-UHDH01000002.1	96.977	1213	99	1224	0.0	1994	RS-GCF-900458645.1-NZ-UHDH01000002.1
15308-1492R-T-G12	RS-GCF-003577825.1-NZ-QXSQ01000156.1	96.977	1213	99	1224	0.0	1994	RS-GCF-003577825.1-NZ-QXSQ01000156.1
15308-1492R-T-G12	RS-GCF-000011925.1-NC-002976.3--5	96.977	1213	99	1224	0.0	1994	RS-GCF-000011925.1-NC-002976.3--5
15308-1492R-T-G12	RS-GCF-000276365.1-NZ-AKGR01000002.1	96.977	1213	99	1224	0.0	1994	RS-GCF-000276365.1-NZ-AKGR01000002.1
15308-1492R-T-G12	MJ033-1-barcode35-umi8154bins-ubs-42	96.977	1213	99	1224	0.0	1994	MJ033-1-barcode35-umi8154bins-ubs-42
15308-1492R-T-G12	MJ020-1-barcode32-umi7281bins-ubs-48	96.977	1213	99	1224	0.0	1994	MJ020-1-barcode32-umi7281bins-ubs-48
15308-1492R-T-G12	MJ031-1-barcode35-umi11097bins-ubs-46	96.977	1213	99	1224	0.0	1994	MJ031-1-barcode35-umi11097bins-ubs-46
15308-1492R-T-G12	MJ005-barcode35-umi14642bins-ubs-15	96.977	1213	99	1224	0.0	1994	MJ005-barcode35-umi14642bins-ubs-15
15308-1492R-T-G12	MJ006-1-barcode27-umi141267bins-ubs-3	96.977	1213	99	1224	0.0	1994	MJ006-1-barcode27-umi141267bins-ubs-3
15308-1492R-T-G12	MJ006-1-barcode27-umi12109bins-ubs-17	96.977	1213	99	1224	0.0	1994	MJ006-1-barcode27-umi12109bins-ubs-17
15308-1492R-T-G12	MJ006-1-barcode27-umi155401bins-ubs-3	96.977	1213	99	1224	0.0	1994	MJ006-1-barcode27-umi155401bins-ubs-3
15308-1492R-T-G12	MJ006-2-barcode58-umi148350bins-ubs-3	96.987	1213	99	1228	0.0	1994	MJ006-2-barcode58-umi148350bins-ubs-3
15308-1492R-T-G12	MJ006-1-barcode37-umi38836bins-ubs-8	96.977	1213	99	1224	0.0	1994	MJ006-1-barcode37-umi38836bins-ubs-8
15308-1492R-T-G12	RS-GCF-900458815.1-NZ-UHDZ01000001.1--3	96.900	1213	99	1226	0.0	1993	RS-GCF-900458815.1-NZ-UHDZ01000001.1--3
15308-1492R-T-G12	RS-GCF-003966605.1-NZ-AP018586.1--5	96.900	1213	99	1226	0.0	1993	RS-GCF-003966605.1-NZ-AP018586.1--5
15308-1492R-T-G12	RS-GCF-900458385.1-NZ-UHCW01000005.1--2	96.900	1213	99	1226	0.0	1993	RS-GCF-900458385.1-NZ-UHCW01000005.1--2
15308-1492R-T-G12	RS-GCF-018916935.1-NZ-JAHLNS010000012.1	96.900	1213	99	1226	0.0	1993	RS-GCF-018916935.1-NZ-JAHLNS010000012.1
15308-1492R-T-G12	AB646616	96.900	1213	99	1226	0.0	1993	AB646616
15308-1492R-T-G12	RS-GCF-002954055.1-NZ-CP014132.1--2	96.980	1213	99	1225	0.0	1992	RS-GCF-002954055.1-NZ-CP014132.1--2
15308-1492R-T-G12	GB-GCA-003687755.1-RDFC01000075.1	97.126	1213	99	1218	0.0	1992	GB-GCA-003687755.1-RDFC01000075.1
15308-1492R-T-G12	RS-GCF-003966625.1-NZ-AP018587.1--5	96.903	1213	99	1227	0.0	1991	RS-GCF-003966625.1-NZ-AP018587.1--5
15308-1492R-T-G12	RS-GCF-900458385.1-NZ-UHCW01000005.1--5	96.903	1213	99	1227	0.0	1991	RS-GCF-900458385.1-NZ-UHCW01000005.1--5
15308-1492R-T-G12	RS-GCF-902509505.1-NZ-LR735434.1	96.977	1213	99	1224	0.0	1991	RS-GCF-902509505.1-NZ-LR735434.1
15308-1492R-T-G12	RS-GCF-002954055.1-NZ-CP014132.1--4	96.977	1213	99	1224	0.0	1990	RS-GCF-002954055.1-NZ-CP014132.1--4
15308-1492R-T-G12	GB-GCA-001298115.1-LGJG01000041.1	96.977	1213	99	1224	0.0	1990	GB-GCA-001298115.1-LGJG01000041.1
15308-1492R-T-G12	RS-GCF-016026915.1-NZ-CP065656.1--5	96.977	1213	99	1224	0.0	1990	RS-GCF-016026915.1-NZ-CP065656.1--5
15308-1492R-T-G12	RS-GCF-016026915.1-NZ-CP065656.1--2	96.977	1213	99	1224	0.0	1990	RS-GCF-016026915.1-NZ-CP065656.1--2
15308-1492R-T-G12	RS-GCF-003812425.1-NZ-CP033782.1	96.977	1213	99	1224	0.0	1990	RS-GCF-003812425.1-NZ-CP033782.1
15308-1492R-T-G12	RS-GCF-902509515.1-NZ-LR735437.1--5	96.895	1213	99	1224	0.0	1989	RS-GCF-902509515.1-NZ-LR735437.1--5
15308-1492R-T-G12	RS-GCF-011307015.1-NZ-CP043784.1--6	96.895	1213	99	1224	0.0	1989	RS-GCF-011307015.1-NZ-CP043784.1--6
15308-1492R-T-G12	RS-GCF-003325735.1-NZ-CP030246.1--2	96.895	1213	99	1224	0.0	1989	RS-GCF-003325735.1-NZ-CP030246.1--2
15308-1492R-T-G12	RS-GCF-011306775.1-NZ-CP043781.1--4	96.895	1213	99	1224	0.0	1989	RS-GCF-011306775.1-NZ-CP043781.1--4
15308-1492R-T-G12	RS-GCF-000362145.1-NZ-KB821726.1	96.895	1213	99	1224	0.0	1989	RS-GCF-000362145.1-NZ-KB821726.1
15308-1492R-T-G12	GB-GCA-004920235.1-AFTV01000090.1	96.895	1213	99	1224	0.0	1989	GB-GCA-004920235.1-AFTV01000090.1
15308-1492R-T-G12	RS-GCF-900458585.1-NZ-UHDD01000001.1--6	96.895	1213	99	1224	0.0	1989	RS-GCF-900458585.1-NZ-UHDD01000001.1--6
15308-1492R-T-G12	RS-GCF-016406625.1-NZ-CP066376.1--2	96.895	1213	99	1224	0.0	1989	RS-GCF-016406625.1-NZ-CP066376.1--2
15308-1492R-T-G12	RS-GCF-016903575.1-NZ-CP069954.1--6	96.895	1213	99	1224	0.0	1989	RS-GCF-016903575.1-NZ-CP069954.1--6
15308-1492R-T-G12	RS-GCF-902509485.1-NZ-LR735421.1	96.895	1213	99	1224	0.0	1989	RS-GCF-902509485.1-NZ-LR735421.1
15308-1492R-T-G12	RS-GCF-013317125.1-NZ-CP040883.1--6	96.895	1213	99	1224	0.0	1989	RS-GCF-013317125.1-NZ-CP040883.1--6
15308-1492R-T-G12	RS-GCF-900458645.1-NZ-UHDH01000002.1--6	96.895	1213	99	1224	0.0	1989	RS-GCF-900458645.1-NZ-UHDH01000002.1--6
15308-1492R-T-G12	RS-GCF-900458645.1-NZ-UHDH01000002.1--2	96.895	1213	99	1224	0.0	1989	RS-GCF-900458645.1-NZ-UHDH01000002.1--2
15308-1492R-T-G12	MJ006-1-barcode27-umi11114bins-ubs-20	96.895	1213	99	1224	0.0	1989	MJ006-1-barcode27-umi11114bins-ubs-20
15308-1492R-T-G12	MJ006-1-barcode27-umi11986bins-ubs-19	96.895	1213	99	1224	0.0	1989	MJ006-1-barcode27-umi11986bins-ubs-19
15308-1492R-T-G12	MJ006-1-barcode34-umi21823bins-ubs-12	96.895	1213	99	1224	0.0	1989	MJ006-1-barcode34-umi21823bins-ubs-12
15308-1492R-T-G12	RS-GCF-007814385.1-NZ-CP031271.1--6	96.819	1213	99	1226	0.0	1988	RS-GCF-007814385.1-NZ-CP031271.1--6
15308-1492R-T-G12	RS-GCF-000177115.1-NZ-ADEY01000022.1--2	97.056	1213	99	1223	0.0	1988	RS-GCF-000177115.1-NZ-ADEY01000022.1--2
15308-1492R-T-G12	RS-GCF-000177115.1-NZ-ADEY01000016.1	96.980	1213	99	1225	0.0	1988	RS-GCF-000177115.1-NZ-ADEY01000016.1
15308-1492R-T-G12	RS-GCF-007678185.1-NZ-VEEC01000021.1	97.119	1213	99	1215	0.0	1986	RS-GCF-007678185.1-NZ-VEEC01000021.1
15308-1492R-T-G12	RS-GCF-001075835.1-NZ-JULX01000113.1	96.895	1213	99	1224	0.0	1986	RS-GCF-001075835.1-NZ-JULX01000113.1
15308-1492R-T-G12	RS-GCF-902509535.1-NZ-LR735440.1--6	96.895	1213	99	1224	0.0	1985	RS-GCF-902509535.1-NZ-LR735440.1--6
15308-1492R-T-G12	RS-GCF-001956655.1-NZ-CP018842.1--2	96.895	1213	99	1224	0.0	1985	RS-GCF-001956655.1-NZ-CP018842.1--2
15308-1492R-T-G12	RS-GCF-902509505.1-NZ-LR735434.1--6	96.814	1213	99	1224	0.0	1984	RS-GCF-902509505.1-NZ-LR735434.1--6
15308-1492R-T-G12	RS-GCF-902509495.1-NZ-LR735429.1--6	96.814	1213	99	1224	0.0	1984	RS-GCF-902509495.1-NZ-LR735429.1--6
15308-1492R-T-G12	RS-GCF-016026915.1-NZ-CP065656.1--6	96.814	1213	99	1224	0.0	1984	RS-GCF-016026915.1-NZ-CP065656.1--6
15308-1492R-T-G12	RS-GCF-902509485.1-NZ-LR735421.1--4	96.814	1213	99	1224	0.0	1984	RS-GCF-902509485.1-NZ-LR735421.1--4
15308-1492R-T-G12	MJ030-1-barcode36-umi2022bins-ubs-102	96.814	1213	99	1224	0.0	1984	MJ030-1-barcode36-umi2022bins-ubs-102
15308-1492R-T-G12	RS-GCF-000247125.1-NZ-AHLF01000032.1	97.264	1213	98	1206	0.0	1983	RS-GCF-000247125.1-NZ-AHLF01000032.1
15308-1492R-T-G12	RS-GCF-000177115.1-NZ-ADEY01000003.1	96.893	1213	99	1223	0.0	1983	RS-GCF-000177115.1-NZ-ADEY01000003.1
15308-1492R-T-G12	RS-GCF-003856455.1-NZ-CP034115.1--6	96.814	1213	99	1224	0.0	1981	RS-GCF-003856455.1-NZ-CP034115.1--6
15308-1492R-T-G12	RS-GCF-000759555.1-NZ-CP009046.1--4	96.819	1213	99	1226	0.0	1981	RS-GCF-000759555.1-NZ-CP009046.1--4
15308-1492R-T-G12	RS-GCF-011307015.1-NZ-CP043784.1--2	96.732	1213	99	1224	0.0	1980	RS-GCF-011307015.1-NZ-CP043784.1--2
15308-1492R-T-G12	RS-GCF-001469315.1-NZ-LNUS01000001.1--6	96.895	1213	99	1224	0.0	1978	RS-GCF-001469315.1-NZ-LNUS01000001.1--6
15308-1492R-T-G12	RS-GCF-000705035.1-NZ-JMIF01000035.1	98.046	1213	96	1177	0.0	1978	RS-GCF-000705035.1-NZ-JMIF01000035.1
15308-1492R-T-G12	RS-GCF-000418205.2-NZ-ATCY02000158.1	96.735	1213	99	1225	0.0	1978	RS-GCF-000418205.2-NZ-ATCY02000158.1
15308-1492R-T-G12	RS-GCF-002931555.1-NZ-PSTZ01000013.1	96.650	1213	99	1224	0.0	1975	RS-GCF-002931555.1-NZ-PSTZ01000013.1
15308-1492R-T-G12	RS-GCF-000177115.1-NZ-ADEY01000022.1	96.735	1213	99	1225	0.0	1975	RS-GCF-000177115.1-NZ-ADEY01000022.1
15308-1492R-T-G12	RS-GCF-001469315.1-NZ-LNUS01000001.1--7	96.819	1213	99	1226	0.0	1974	RS-GCF-001469315.1-NZ-LNUS01000001.1--7
15308-1492R-T-G12	RS-GCF-001659315.1-NZ-LYVT01000015.1	97.025	1213	99	1210	0.0	1973	RS-GCF-001659315.1-NZ-LYVT01000015.1
15308-1492R-T-G12	RS-GCF-000177115.1-NZ-ADEY01000015.1	96.732	1213	99	1224	0.0	1973	RS-GCF-000177115.1-NZ-ADEY01000015.1
15308-1492R-T-G12	RS-GCF-000177115.1-NZ-ADEY01000016.1--2	96.811	1213	99	1223	0.0	1971	RS-GCF-000177115.1-NZ-ADEY01000016.1--2
15308-1492R-T-G12	GB-GCA-001658655.1-LXRP01000038.1	98.036	1213	95	1171	0.0	1967	GB-GCA-001658655.1-LXRP01000038.1
15308-1492R-T-G12	RS-GCF-001069395.1-NZ-JVZO01000084.1	96.327	1213	99	1225	0.0	1963	RS-GCF-001069395.1-NZ-JVZO01000084.1
15308-1492R-T-G12	RS-GCF-013267715.1-NZ-CP054017.1--5	96.405	1213	99	1224	0.0	1962	RS-GCF-013267715.1-NZ-CP054017.1--5
15308-1492R-T-G12	RS-GCF-001074135.1-NZ-JUVB01000002.1	96.405	1213	99	1224	0.0	1962	RS-GCF-001074135.1-NZ-JUVB01000002.1
15308-1492R-T-G12	RS-GCF-016751935.1-NZ-JAEPJP010000001.1--3	96.405	1213	99	1224	0.0	1962	RS-GCF-016751935.1-NZ-JAEPJP010000001.1--3
15308-1492R-T-G12	RS-GCF-016725285.1-NZ-CP068219.1--4	96.405	1213	99	1224	0.0	1962	RS-GCF-016725285.1-NZ-CP068219.1--4
15308-1492R-T-G12	RS-GCF-016599795.1-NZ-CP067014.1--6	96.405	1213	99	1224	0.0	1962	RS-GCF-016599795.1-NZ-CP067014.1--6
15308-1492R-T-G12	RS-GCF-016599795.1-NZ-CP067014.1--5	96.405	1213	99	1224	0.0	1962	RS-GCF-016599795.1-NZ-CP067014.1--5
15308-1492R-T-G12	RS-GCF-003580525.1-NZ-QYJH01000242.1	96.405	1213	99	1224	0.0	1962	RS-GCF-003580525.1-NZ-QYJH01000242.1
15308-1492R-T-G12	RS-GCF-007833855.1-NZ-CP038242.1--5	96.405	1213	99	1224	0.0	1962	RS-GCF-007833855.1-NZ-CP038242.1--5
15308-1492R-T-G12	RS-GCF-017898045.1-NZ-JAGMUP010000001.1--6	96.405	1213	99	1224	0.0	1962	RS-GCF-017898045.1-NZ-JAGMUP010000001.1--6
15308-1492R-T-G12	RS-GCF-003571725.1-NZ-CP032159.1	96.405	1213	99	1224	0.0	1962	RS-GCF-003571725.1-NZ-CP032159.1
15308-1492R-T-G12	RS-GCF-002954105.1-NZ-CP014107.1--2	96.405	1213	99	1224	0.0	1962	RS-GCF-002954105.1-NZ-CP014107.1--2
15308-1492R-T-G12	AB009944	96.405	1213	99	1224	0.0	1962	AB009944
15308-1492R-T-G12	MJ010-1-barcode30-umi19329bins-ubs-34	96.405	1213	99	1224	0.0	1962	MJ010-1-barcode30-umi19329bins-ubs-34
15308-1492R-T-G12	MJ010-1-barcode30-umi51029bins-ubs-13	96.405	1213	99	1224	0.0	1962	MJ010-1-barcode30-umi51029bins-ubs-13
15308-1492R-T-G12	MJ007-2-barcode55-umi2482bins-ubs-195	96.405	1213	99	1224	0.0	1962	MJ007-2-barcode55-umi2482bins-ubs-195
15308-1492R-T-G12	RS-GCF-900187055.1-NZ-LT906460.1--5	96.330	1213	99	1226	0.0	1961	RS-GCF-900187055.1-NZ-LT906460.1--5
15308-1492R-T-G12	RS-GCF-014877095.1-NZ-JADAMT010000037.1	96.330	1213	99	1226	0.0	1961	RS-GCF-014877095.1-NZ-JADAMT010000037.1
15308-1492R-T-G12	RS-GCF-001061155.1-NZ-JWBA01000059.1	96.330	1213	99	1226	0.0	1961	RS-GCF-001061155.1-NZ-JWBA01000059.1
15308-1492R-T-G12	RS-GCF-000573045.1-NZ-KK047918.1	96.330	1213	99	1226	0.0	1961	RS-GCF-000573045.1-NZ-KK047918.1
15308-1492R-T-G12	RS-GCF-001068315.1-NZ-JULJ01000090.1	96.330	1213	99	1226	0.0	1961	RS-GCF-001068315.1-NZ-JULJ01000090.1
15308-1492R-T-G12	RS-GCF-018622975.1-NZ-CP076029.1--8	96.330	1213	99	1226	0.0	1961	RS-GCF-018622975.1-NZ-CP076029.1--8
15308-1492R-T-G12	RS-GCF-001045595.1-NZ-JTFJ01000057.1	96.330	1213	99	1226	0.0	1961	RS-GCF-001045595.1-NZ-JTFJ01000057.1
15308-1492R-T-G12	RS-GCF-008630775.1-NZ-CP043919.1--3	96.330	1213	99	1226	0.0	1961	RS-GCF-008630775.1-NZ-CP043919.1--3
15308-1492R-T-G12	RS-GCF-003952625.1-NZ-CP034441.1--3	96.330	1213	99	1226	0.0	1961	RS-GCF-003952625.1-NZ-CP034441.1--3
15308-1492R-T-G12	RS-GCF-002904355.1-NZ-LKNK01000025.1	96.330	1213	99	1226	0.0	1961	RS-GCF-002904355.1-NZ-LKNK01000025.1
15308-1492R-T-G12	RS-GCF-002905145.1-NZ-LKOT01000025.1	96.330	1213	99	1226	0.0	1961	RS-GCF-002905145.1-NZ-LKOT01000025.1
15308-1492R-T-G12	RS-GCF-014529875.1-NZ-JACVFE010000055.1	96.330	1213	99	1226	0.0	1961	RS-GCF-014529875.1-NZ-JACVFE010000055.1
15308-1492R-T-G12	RS-GCF-002904415.1-NZ-LKNL01000031.1	96.330	1213	99	1226	0.0	1961	RS-GCF-002904415.1-NZ-LKNL01000031.1
15308-1492R-T-G12	RS-GCF-002887475.1-NZ-LPWT01000030.1	96.330	1213	99	1226	0.0	1961	RS-GCF-002887475.1-NZ-LPWT01000030.1
15308-1492R-T-G12	RS-GCF-018093205.1-NZ-CP071102.1--5	96.330	1213	99	1226	0.0	1961	RS-GCF-018093205.1-NZ-CP071102.1--5
15308-1492R-T-G12	RS-GCF-000681475.1-NZ-AVPA01000021.1	96.330	1213	99	1226	0.0	1961	RS-GCF-000681475.1-NZ-AVPA01000021.1
15308-1492R-T-G12	RS-GCF-003957315.1-NZ-CP034486.1--6	96.330	1213	99	1226	0.0	1961	RS-GCF-003957315.1-NZ-CP034486.1--6
15308-1492R-T-G12	RS-GCF-011032785.1-NZ-CP048431.1--6	96.330	1213	99	1226	0.0	1961	RS-GCF-011032785.1-NZ-CP048431.1--6
15308-1492R-T-G12	RS-GCF-011032785.1-NZ-CP048431.1	96.330	1213	99	1226	0.0	1961	RS-GCF-011032785.1-NZ-CP048431.1
15308-1492R-T-G12	GB-GCA-014696835.1-CP051483.1--6	96.330	1213	99	1226	0.0	1961	GB-GCA-014696835.1-CP051483.1--6
15308-1492R-T-G12	RS-GCF-002904935.1-NZ-LKOL01000008.1	96.330	1213	99	1226	0.0	1961	RS-GCF-002904935.1-NZ-LKOL01000008.1
15308-1492R-T-G12	RS-GCF-005707015.1-NZ-CP039167.1	96.330	1213	99	1226	0.0	1961	RS-GCF-005707015.1-NZ-CP039167.1
15308-1492R-T-G12	RS-GCF-003113955.1-NZ-BEXZ01000017.1	96.330	1213	99	1226	0.0	1961	RS-GCF-003113955.1-NZ-BEXZ01000017.1
15308-1492R-T-G12	RS-GCF-002905235.1-NZ-LKOU01000022.1	96.330	1213	99	1226	0.0	1961	RS-GCF-002905235.1-NZ-LKOU01000022.1
15308-1492R-T-G12	RS-GCF-003426145.1-NZ-CP031673.1--4	96.330	1213	99	1226	0.0	1961	RS-GCF-003426145.1-NZ-CP031673.1--4
15308-1492R-T-G12	RS-GCF-900457445.1-NZ-UGZQ01000001.1--5	96.330	1213	99	1226	0.0	1961	RS-GCF-900457445.1-NZ-UGZQ01000001.1--5
15308-1492R-T-G12	RS-GCF-000626975.1-NZ-JHPX01000013.1	96.330	1213	99	1226	0.0	1961	RS-GCF-000626975.1-NZ-JHPX01000013.1
15308-1492R-T-G12	RS-GCF-011319595.1-NZ-SEZC01000057.1	96.330	1213	99	1226	0.0	1961	RS-GCF-011319595.1-NZ-SEZC01000057.1
15308-1492R-T-G12	RS-GCF-018998505.1-NZ-JAHNVG010000054.1	96.330	1213	99	1226	0.0	1961	RS-GCF-018998505.1-NZ-JAHNVG010000054.1
15308-1492R-T-G12	GB-GCA-015290965.1-CP063990.1--6	96.330	1213	99	1226	0.0	1961	GB-GCA-015290965.1-CP063990.1--6
15308-1492R-T-G12	RS-GCF-900098055.1-NZ-FMPO01000029.1	96.330	1213	99	1226	0.0	1961	RS-GCF-900098055.1-NZ-FMPO01000029.1
15308-1492R-T-G12	GB-GCA-001469065.1-LNOP01000188.1	96.330	1213	99	1226	0.0	1961	GB-GCA-001469065.1-LNOP01000188.1
15308-1492R-T-G12	RS-GCF-003194205.1-NZ-CP021353.1--6	96.330	1213	99	1226	0.0	1961	RS-GCF-003194205.1-NZ-CP021353.1--6
15308-1492R-T-G12	RS-GCF-014335435.1-NZ-CP060614.1	96.330	1213	99	1226	0.0	1961	RS-GCF-014335435.1-NZ-CP060614.1
15308-1492R-T-G12	RS-GCF-002904555.1-NZ-LKNR01000005.1	96.330	1213	99	1226	0.0	1961	RS-GCF-002904555.1-NZ-LKNR01000005.1
15308-1492R-T-G12	GB-GCA-014336195.1-CP060618.1	96.411	1213	99	1226	0.0	1961	GB-GCA-014336195.1-CP060618.1
15308-1492R-T-G12	RS-GCF-003193665.1-NZ-CP029649.1--3	96.330	1213	99	1226	0.0	1961	RS-GCF-003193665.1-NZ-CP029649.1--3
15308-1492R-T-G12	RS-GCF-011035105.1-NZ-CP047021.1	96.330	1213	99	1226	0.0	1961	RS-GCF-011035105.1-NZ-CP047021.1
15308-1492R-T-G12	RS-GCF-003113935.1-NZ-BEXY01000022.1	96.330	1213	99	1226	0.0	1961	RS-GCF-003113935.1-NZ-BEXY01000022.1
15308-1492R-T-G12	RS-GCF-002121845.1-NZ-NDNW01000022.1	96.330	1213	99	1226	0.0	1961	RS-GCF-002121845.1-NZ-NDNW01000022.1
15308-1492R-T-G12	RS-GCF-017581525.1-NZ-JAGFCK010000021.1	96.330	1213	99	1226	0.0	1961	RS-GCF-017581525.1-NZ-JAGFCK010000021.1
15308-1492R-T-G12	RS-GCF-002905535.1-NZ-LKUM01000015.1	96.330	1213	99	1226	0.0	1961	RS-GCF-002905535.1-NZ-LKUM01000015.1
15308-1492R-T-G12	RS-GCF-012274715.1-NZ-SJAX01000009.1	96.330	1213	99	1226	0.0	1961	RS-GCF-012274715.1-NZ-SJAX01000009.1
15308-1492R-T-G12	RS-GCF-012274715.1-NZ-SJAX01000004.1	96.330	1213	99	1226	0.0	1961	RS-GCF-012274715.1-NZ-SJAX01000004.1
15308-1492R-T-G12	RS-GCF-012274715.1-NZ-SJAX01000005.1	96.330	1213	99	1226	0.0	1961	RS-GCF-012274715.1-NZ-SJAX01000005.1
15308-1492R-T-G12	RS-GCF-003238285.1-NZ-PZVR01000020.1	96.330	1213	99	1226	0.0	1961	RS-GCF-003238285.1-NZ-PZVR01000020.1
15308-1492R-T-G12	RS-GCF-001298325.2-NZ-CP019945.1--4	96.330	1213	99	1226	0.0	1961	RS-GCF-001298325.2-NZ-CP019945.1--4
15308-1492R-T-G12	RS-GCF-003017635.1-NZ-NGNL01000001.1--3	96.330	1213	99	1226	0.0	1961	RS-GCF-003017635.1-NZ-NGNL01000001.1--3
15308-1492R-T-G12	RS-GCF-002904575.1-NZ-LKNS01000019.1	96.330	1213	99	1226	0.0	1961	RS-GCF-002904575.1-NZ-LKNS01000019.1
15308-1492R-T-G12	RS-GCF-006511775.1-NZ-SZYV01000083.1	96.330	1213	99	1226	0.0	1961	RS-GCF-006511775.1-NZ-SZYV01000083.1
15308-1492R-T-G12	RS-GCF-000636875.1-NZ-KK219541.1	96.330	1213	99	1226	0.0	1961	RS-GCF-000636875.1-NZ-KK219541.1
15308-1492R-T-G12	RS-GCF-003857255.1-NZ-RDEV01000009.1	96.330	1213	99	1226	0.0	1961	RS-GCF-003857255.1-NZ-RDEV01000009.1
15308-1492R-T-G12	RS-GCF-900457905.1-NZ-UHAV01000001.1--6	96.330	1213	99	1226	0.0	1961	RS-GCF-900457905.1-NZ-UHAV01000001.1--6
15308-1492R-T-G12	RS-GCF-002304615.1-NZ-LKXR01000025.1	96.330	1213	99	1226	0.0	1961	RS-GCF-002304615.1-NZ-LKXR01000025.1
15308-1492R-T-G12	RS-GCF-009912055.1-NZ-CP047807.1--6	96.411	1213	99	1226	0.0	1961	RS-GCF-009912055.1-NZ-CP047807.1--6
15308-1492R-T-G12	RS-GCF-000878095.1-NZ-JXID01000165.1	96.330	1213	99	1226	0.0	1961	RS-GCF-000878095.1-NZ-JXID01000165.1
15308-1492R-T-G12	RS-GCF-013344785.1-NZ-JABVAG010000030.1	96.330	1213	99	1226	0.0	1961	RS-GCF-013344785.1-NZ-JABVAG010000030.1
15308-1492R-T-G12	RS-GCF-002905455.1-NZ-LKTH01000024.1	96.330	1213	99	1226	0.0	1961	RS-GCF-002905455.1-NZ-LKTH01000024.1
15308-1492R-T-G12	RS-GCF-002273325.1-NZ-LKWG01000051.1	96.330	1213	99	1226	0.0	1961	RS-GCF-002273325.1-NZ-LKWG01000051.1
15308-1492R-T-G12	RS-GCF-000646035.1-NZ-KK238043.1	96.330	1213	99	1226	0.0	1961	RS-GCF-000646035.1-NZ-KK238043.1
15308-1492R-T-G12	G003309745	96.330	1213	99	1226	0.0	1961	G003309745
15308-1492R-T-G12	D83355	96.330	1213	99	1226	0.0	1961	D83355
15308-1492R-T-G12	MJ005-barcode74-umi1760bins-ubs-70	96.330	1213	99	1226	0.0	1961	MJ005-barcode74-umi1760bins-ubs-70
15308-1492R-T-G12	RS-GCF-900082185.1-NZ-FKTC01000009.1	96.327	1213	99	1225	0.0	1959	RS-GCF-900082185.1-NZ-FKTC01000009.1
15308-1492R-T-G12	RS-GCF-003724015.1-NZ-RBVO01000016.1	96.248	1213	99	1226	0.0	1958	RS-GCF-003724015.1-NZ-RBVO01000016.1
15308-1492R-T-G12	RS-GCF-007827125.1-NZ-CP042008.1--5	96.248	1213	99	1226	0.0	1958	RS-GCF-007827125.1-NZ-CP042008.1--5
15308-1492R-T-G12	RS-GCF-003043235.1-NZ-PZEZ01000134.1	96.324	1213	99	1224	0.0	1957	RS-GCF-003043235.1-NZ-PZEZ01000134.1
15308-1492R-T-G12	RS-GCF-017086425.1-NZ-CP070964.1	96.324	1213	99	1224	0.0	1957	RS-GCF-017086425.1-NZ-CP070964.1
15308-1492R-T-G12	RS-GCF-002442915.1-NZ-CP017463.1--5	96.324	1213	99	1224	0.0	1957	RS-GCF-002442915.1-NZ-CP017463.1--5
15308-1492R-T-G12	RS-GCF-002442915.1-NZ-CP017463.1--3	96.324	1213	99	1224	0.0	1957	RS-GCF-002442915.1-NZ-CP017463.1--3
15308-1492R-T-G12	RS-GCF-007814825.1-NZ-CP031280.1--5	96.324	1213	99	1224	0.0	1957	RS-GCF-007814825.1-NZ-CP031280.1--5
15308-1492R-T-G12	RS-GCF-007814825.1-NZ-CP031280.1	96.324	1213	99	1224	0.0	1957	RS-GCF-007814825.1-NZ-CP031280.1
15308-1492R-T-G12	RS-GCF-016888605.1-NZ-JAFEKM010000002.1--4	96.324	1213	99	1224	0.0	1957	RS-GCF-016888605.1-NZ-JAFEKM010000002.1--4
15308-1492R-T-G12	RS-GCF-016888605.1-NZ-JAFEKM010000001.1	96.324	1213	99	1224	0.0	1957	RS-GCF-016888605.1-NZ-JAFEKM010000001.1
15308-1492R-T-G12	RS-GCF-016725205.1-NZ-CP068216.1--4	96.324	1213	99	1224	0.0	1957	RS-GCF-016725205.1-NZ-CP068216.1--4
15308-1492R-T-G12	RS-GCF-003580755.1-NZ-QXVU01000093.1	96.324	1213	99	1224	0.0	1957	RS-GCF-003580755.1-NZ-QXVU01000093.1
15308-1492R-T-G12	RS-GCF-008728775.1-NZ-CP041726.1--5	96.405	1213	99	1224	0.0	1957	RS-GCF-008728775.1-NZ-CP041726.1--5
15308-1492R-T-G12	RS-GCF-008728795.1-NZ-CP041727.1--5	96.405	1213	99	1224	0.0	1957	RS-GCF-008728795.1-NZ-CP041727.1--5
15308-1492R-T-G12	RS-GCF-900636255.1-NZ-LR134242.1	96.324	1213	99	1224	0.0	1957	RS-GCF-900636255.1-NZ-LR134242.1
15308-1492R-T-G12	RS-GCF-007666805.1-NZ-VDPX01000022.1	96.324	1213	99	1224	0.0	1957	RS-GCF-007666805.1-NZ-VDPX01000022.1
15308-1492R-T-G12	RS-GCF-900636265.1-NZ-LR134244.1--6	96.324	1213	99	1224	0.0	1957	RS-GCF-900636265.1-NZ-LR134244.1--6
15308-1492R-T-G12	RS-GCF-003579635.1-NZ-QXVP01000018.1	96.324	1213	99	1224	0.0	1957	RS-GCF-003579635.1-NZ-QXVP01000018.1
15308-1492R-T-G12	RS-GCF-013364435.1-NZ-CP054883.1--5	96.324	1213	99	1224	0.0	1957	RS-GCF-013364435.1-NZ-CP054883.1--5
15308-1492R-T-G12	RS-GCF-001808085.1-NZ-KV792045.1	96.324	1213	99	1224	0.0	1957	RS-GCF-001808085.1-NZ-KV792045.1
15308-1492R-T-G12	RS-GCF-900458635.1-NZ-UHDM01000002.1--4	96.324	1213	99	1224	0.0	1957	RS-GCF-900458635.1-NZ-UHDM01000002.1--4
15308-1492R-T-G12	RS-GCF-002954105.1-NZ-CP014107.1--6	96.324	1213	99	1224	0.0	1957	RS-GCF-002954105.1-NZ-CP014107.1--6
15308-1492R-T-G12	RS-GCF-001811375.1-NZ-KV804601.1	96.324	1213	99	1224	0.0	1957	RS-GCF-001811375.1-NZ-KV804601.1
15308-1492R-T-G12	RS-GCF-001813045.1-NZ-KV811436.1	96.324	1213	99	1224	0.0	1957	RS-GCF-001813045.1-NZ-KV811436.1
15308-1492R-T-G12	RS-GCF-001876445.1-NZ-LWJO01000064.1	96.324	1213	99	1224	0.0	1957	RS-GCF-001876445.1-NZ-LWJO01000064.1
15308-1492R-T-G12	RS-GCF-001809305.1-NZ-KV796868.1	96.324	1213	99	1224	0.0	1957	RS-GCF-001809305.1-NZ-KV796868.1
15308-1492R-T-G12	RS-GCF-016428605.1-NZ-JAELVP010000027.1	96.324	1213	99	1224	0.0	1957	RS-GCF-016428605.1-NZ-JAELVP010000027.1
15308-1492R-T-G12	RS-GCF-001072965.1-NZ-JVHB01000001.1	96.324	1213	99	1224	0.0	1957	RS-GCF-001072965.1-NZ-JVHB01000001.1
15308-1492R-T-G12	RS-GCF-003042345.1-NZ-PZHY01000095.1	96.324	1213	99	1224	0.0	1957	RS-GCF-003042345.1-NZ-PZHY01000095.1
15308-1492R-T-G12	RS-GCF-001807795.1-NZ-KV790884.1	96.324	1213	99	1224	0.0	1957	RS-GCF-001807795.1-NZ-KV790884.1
15308-1492R-T-G12	RS-GCF-012273435.1-NZ-CP050982.1	96.324	1213	99	1224	0.0	1957	RS-GCF-012273435.1-NZ-CP050982.1
15308-1492R-T-G12	RS-GCF-004329075.1-NZ-SCHG01000034.1	96.324	1213	99	1224	0.0	1957	RS-GCF-004329075.1-NZ-SCHG01000034.1
15308-1492R-T-G12	RS-GCF-017355025.1-NZ-CP071512.1--6	96.324	1213	99	1224	0.0	1957	RS-GCF-017355025.1-NZ-CP071512.1--6
15308-1492R-T-G12	RS-GCF-900125915.1-NZ-FQHW01000004.1	96.248	1213	99	1226	0.0	1957	RS-GCF-900125915.1-NZ-FQHW01000004.1
15308-1492R-T-G12	RS-GCF-018998885.1-NZ-JAHNHK010000020.1	96.248	1213	99	1226	0.0	1957	RS-GCF-018998885.1-NZ-JAHNHK010000020.1
15308-1492R-T-G12	G001045675	96.324	1213	99	1224	0.0	1957	G001045675
15308-1492R-T-G12	G000183685	96.324	1213	99	1224	0.0	1957	G000183685
15308-1492R-T-G12	JX139845	96.324	1213	99	1224	0.0	1957	JX139845
15308-1492R-T-G12	MJ030-2-barcode71-umi4718bins-ubs-69	96.324	1213	99	1224	0.0	1957	MJ030-2-barcode71-umi4718bins-ubs-69
15308-1492R-T-G12	MJ032-2-barcode73-umi13962bins-ubs-34	96.324	1213	99	1224	0.0	1957	MJ032-2-barcode73-umi13962bins-ubs-34
15308-1492R-T-G12	MJ005-barcode42-umi19192bins-ubs-11	96.324	1213	99	1224	0.0	1957	MJ005-barcode42-umi19192bins-ubs-11
15308-1492R-T-G12	MJ006-2-barcode55-umi16504bins-ubs-15	96.324	1213	99	1224	0.0	1957	MJ006-2-barcode55-umi16504bins-ubs-15
15308-1492R-T-G12	MJ006-1-barcode37-umi124932bins-ubs-4	96.324	1213	99	1224	0.0	1957	MJ006-1-barcode37-umi124932bins-ubs-4
15308-1492R-T-G12	RS-GCF-900187055.1-NZ-LT906460.1--4	96.248	1213	99	1226	0.0	1957	RS-GCF-900187055.1-NZ-LT906460.1--4
15308-1492R-T-G12	RS-GCF-017357005.1-NZ-CP071589.1--2	96.248	1213	99	1226	0.0	1957	RS-GCF-017357005.1-NZ-CP071589.1--2
15308-1492R-T-G12	RS-GCF-017368755.1-NZ-JAFNLZ010000002.1	96.248	1213	99	1226	0.0	1957	RS-GCF-017368755.1-NZ-JAFNLZ010000002.1
15308-1492R-T-G12	RS-GCF-900636685.1-NZ-LR134304.1--6	96.248	1213	99	1226	0.0	1957	RS-GCF-900636685.1-NZ-LR134304.1--6
15308-1492R-T-G12	RS-GCF-001969635.1-NZ-LWAN01000180.1	96.248	1213	99	1226	0.0	1957	RS-GCF-001969635.1-NZ-LWAN01000180.1
15308-1492R-T-G12	RS-GCF-001208665.1-NZ-CSPH01000033.1	96.248	1213	99	1226	0.0	1957	RS-GCF-001208665.1-NZ-CSPH01000033.1
15308-1492R-T-G12	RS-GCF-003239175.1-NZ-PZTW01000023.1	96.248	1213	99	1226	0.0	1957	RS-GCF-003239175.1-NZ-PZTW01000023.1
15308-1492R-T-G12	GB-GCA-000189435.3-CP024649.1--2	96.248	1213	99	1226	0.0	1957	GB-GCA-000189435.3-CP024649.1--2
15308-1492R-T-G12	RS-GCF-000540455.1-NZ-KI976226.1	96.248	1213	99	1226	0.0	1957	RS-GCF-000540455.1-NZ-KI976226.1
15308-1492R-T-G12	RS-GCF-003236895.1-NZ-PZTJ01000054.1	96.248	1213	99	1226	0.0	1957	RS-GCF-003236895.1-NZ-PZTJ01000054.1
15308-1492R-T-G12	RS-GCF-000570035.1-NZ-KK039208.1	96.248	1213	99	1226	0.0	1957	RS-GCF-000570035.1-NZ-KK039208.1
15308-1492R-T-G12	RS-GCF-000573125.1-NZ-KK048020.1	96.248	1213	99	1226	0.0	1957	RS-GCF-000573125.1-NZ-KK048020.1
15308-1492R-T-G12	RS-GCF-001019205.2-NZ-CP026953.1	96.248	1213	99	1226	0.0	1957	RS-GCF-001019205.2-NZ-CP026953.1
15308-1492R-T-G12	RS-GCF-003186105.1-NZ-CP029629.1--3	96.248	1213	99	1226	0.0	1957	RS-GCF-003186105.1-NZ-CP029629.1--3
15308-1492R-T-G12	RS-GCF-000601825.1-NZ-JGFN01000020.1	96.248	1213	99	1226	0.0	1957	RS-GCF-000601825.1-NZ-JGFN01000020.1
15308-1492R-T-G12	RS-GCF-000732805.1-NZ-AZMY01000070.1	96.248	1213	99	1226	0.0	1957	RS-GCF-000732805.1-NZ-AZMY01000070.1
15308-1492R-T-G12	RS-GCF-000360925.1-NZ-KB821272.1--5	96.248	1213	99	1226	0.0	1957	RS-GCF-000360925.1-NZ-KB821272.1--5
15308-1492R-T-G12	RS-GCF-001064135.1-NZ-JVOI01000179.1	96.248	1213	99	1226	0.0	1957	RS-GCF-001064135.1-NZ-JVOI01000179.1
15308-1492R-T-G12	RS-GCF-000573045.1-NZ-KK047918.1--6	96.248	1213	99	1226	0.0	1957	RS-GCF-000573045.1-NZ-KK047918.1--6
15308-1492R-T-G12	RS-GCF-000573045.1-NZ-KK047918.1--2	96.248	1213	99	1226	0.0	1957	RS-GCF-000573045.1-NZ-KK047918.1--2
15308-1492R-T-G12	RS-GCF-000602645.1-NZ-JGHC01000009.1--2	96.248	1213	99	1226	0.0	1957	RS-GCF-000602645.1-NZ-JGHC01000009.1--2
15308-1492R-T-G12	RS-GCF-000981205.1-NZ-LAKI01000029.1	96.248	1213	99	1226	0.0	1957	RS-GCF-000981205.1-NZ-LAKI01000029.1
15308-1492R-T-G12	RS-GCF-000539355.1-NZ-KI974889.1	96.248	1213	99	1226	0.0	1957	RS-GCF-000539355.1-NZ-KI974889.1
15308-1492R-T-G12	RS-GCF-900474695.1-NZ-LS483317.1	96.248	1213	99	1226	0.0	1957	RS-GCF-900474695.1-NZ-LS483317.1
15308-1492R-T-G12	RS-GCF-000574045.1-NZ-KK064819.1	96.248	1213	99	1226	0.0	1957	RS-GCF-000574045.1-NZ-KK064819.1
15308-1492R-T-G12	RS-GCF-001027045.1-NZ-CP011528.1--4	96.248	1213	99	1226	0.0	1957	RS-GCF-001027045.1-NZ-CP011528.1--4
15308-1492R-T-G12	RS-GCF-003017715.1-NZ-NGNQ01000001.1	96.248	1213	99	1226	0.0	1957	RS-GCF-003017715.1-NZ-NGNQ01000001.1
15308-1492R-T-G12	RS-GCF-000554625.1-NZ-KK008103.1	96.248	1213	99	1226	0.0	1957	RS-GCF-000554625.1-NZ-KK008103.1
15308-1492R-T-G12	RS-GCF-018502005.1-NZ-CP075506.1--5	96.248	1213	99	1226	0.0	1957	RS-GCF-018502005.1-NZ-CP075506.1--5
15308-1492R-T-G12	RS-GCF-900125965.1-NZ-FQIA01000001.1	96.248	1213	99	1226	0.0	1957	RS-GCF-900125965.1-NZ-FQIA01000001.1
15308-1492R-T-G12	RS-GCF-001197715.1-NZ-CSSP01000032.1	96.248	1213	99	1226	0.0	1957	RS-GCF-001197715.1-NZ-CSSP01000032.1
15308-1492R-T-G12	RS-GCF-008079405.1-NZ-VRNK01000095.1	96.248	1213	99	1226	0.0	1957	RS-GCF-008079405.1-NZ-VRNK01000095.1
15308-1492R-T-G12	RS-GCF-003238075.1-NZ-PZUM01000001.1--2	96.248	1213	99	1226	0.0	1957	RS-GCF-003238075.1-NZ-PZUM01000001.1--2
15308-1492R-T-G12	RS-GCF-000554345.1-NZ-KK007459.1	96.248	1213	99	1226	0.0	1957	RS-GCF-000554345.1-NZ-KK007459.1
15308-1492R-T-G12	RS-GCF-900126375.1-NZ-FQJP01000013.1	96.248	1213	99	1226	0.0	1957	RS-GCF-900126375.1-NZ-FQJP01000013.1
15308-1492R-T-G12	RS-GCF-008462245.1-NZ-CP040232.1--6	96.248	1213	99	1226	0.0	1957	RS-GCF-008462245.1-NZ-CP040232.1--6
15308-1492R-T-G12	GB-GCA-018630425.1-JAGDND010000001.1	96.248	1213	99	1226	0.0	1957	GB-GCA-018630425.1-JAGDND010000001.1
15308-1492R-T-G12	RS-GCF-003354805.1-NZ-CP022892.1--4	96.248	1213	99	1226	0.0	1957	RS-GCF-003354805.1-NZ-CP022892.1--4
15308-1492R-T-G12	RS-GCF-000538975.1-NZ-KI974533.1	96.248	1213	99	1226	0.0	1957	RS-GCF-000538975.1-NZ-KI974533.1
15308-1492R-T-G12	RS-GCF-000610845.1-NZ-KK099778.1--3	96.248	1213	99	1226	0.0	1957	RS-GCF-000610845.1-NZ-KK099778.1--3
15308-1492R-T-G12	RS-GCF-000558665.1-NZ-KK019127.1--3	96.248	1213	99	1226	0.0	1957	RS-GCF-000558665.1-NZ-KK019127.1--3
15308-1492R-T-G12	RS-GCF-003017355.1-NZ-NGNI01000001.1--5	96.248	1213	99	1226	0.0	1957	RS-GCF-003017355.1-NZ-NGNI01000001.1--5
15308-1492R-T-G12	RS-GCF-000564735.1-NZ-KK032934.1	96.248	1213	99	1226	0.0	1957	RS-GCF-000564735.1-NZ-KK032934.1
15308-1492R-T-G12	RS-GCF-000982105.1-NZ-LBIJ01000016.1	96.248	1213	99	1226	0.0	1957	RS-GCF-000982105.1-NZ-LBIJ01000016.1
15308-1492R-T-G12	RS-GCF-000982105.1-NZ-LBIJ01000016.1	96.248	1213	99	1226	0.0	1957	RS-GCF-000982105.1-NZ-LBIJ01000016.1
15308-1492R-T-G12	RS-GCF-000982105.1-NZ-LBIJ01000016.1	96.134	1213	97	1190	0.0	1892	RS-GCF-000982105.1-NZ-LBIJ01000016.1
15308-1492R-T-G12	RS-GCF-000362065.1-NZ-KB821688.1--3	96.248	1213	99	1226	0.0	1957	RS-GCF-000362065.1-NZ-KB821688.1--3
15308-1492R-T-G12	RS-GCF-000462955.1-NC-022222.1--5	96.330	1213	99	1226	0.0	1957	RS-GCF-000462955.1-NC-022222.1--5
15308-1492R-T-G12	RS-GCF-000362525.1-NZ-KB821863.1	96.248	1213	99	1226	0.0	1957	RS-GCF-000362525.1-NZ-KB821863.1
15308-1492R-T-G12	RS-GCF-001656075.1-NZ-CP015646.1--3	96.248	1213	99	1226	0.0	1957	RS-GCF-001656075.1-NZ-CP015646.1--3
15308-1492R-T-G12	RS-GCF-018502125.1-NZ-CP075508.1--6	96.248	1213	99	1226	0.0	1957	RS-GCF-018502125.1-NZ-CP075508.1--6
15308-1492R-T-G12	RS-GCF-000525565.1-NZ-KI966328.1--2	96.248	1213	99	1226	0.0	1957	RS-GCF-000525565.1-NZ-KI966328.1--2
15308-1492R-T-G12	RS-GCF-002983355.1-NZ-PHWS01000029.1	96.248	1213	99	1226	0.0	1957	RS-GCF-002983355.1-NZ-PHWS01000029.1
15308-1492R-T-G12	RS-GCF-000362985.1-NZ-KB822069.1--4	96.248	1213	99	1226	0.0	1957	RS-GCF-000362985.1-NZ-KB822069.1--4
15308-1492R-T-G12	RS-GCF-900149275.1-NZ-FSRW01000024.1	96.248	1213	99	1226	0.0	1957	RS-GCF-900149275.1-NZ-FSRW01000024.1
15308-1492R-T-G12	RS-GCF-009912155.1-NZ-CP047779.1--6	96.248	1213	99	1226	0.0	1957	RS-GCF-009912155.1-NZ-CP047779.1--6
15308-1492R-T-G12	RS-GCF-000594865.1-NZ-JFSM01000008.1	96.248	1213	99	1226	0.0	1957	RS-GCF-000594865.1-NZ-JFSM01000008.1
15308-1492R-T-G12	RS-GCF-900250305.1-NZ-OFUK01000031.1	96.248	1213	99	1226	0.0	1957	RS-GCF-900250305.1-NZ-OFUK01000031.1
15308-1492R-T-G12	RS-GCF-000570455.1-NZ-KK040001.1	96.248	1213	99	1226	0.0	1957	RS-GCF-000570455.1-NZ-KK040001.1
15308-1492R-T-G12	RS-GCF-001722595.1-NZ-MEGZ01000006.1	96.248	1213	99	1226	0.0	1957	RS-GCF-001722595.1-NZ-MEGZ01000006.1
15308-1492R-T-G12	RS-GCF-004797195.1-NZ-CP038819.1	96.248	1213	99	1226	0.0	1957	RS-GCF-004797195.1-NZ-CP038819.1
15308-1492R-T-G12	RS-GCF-000144955.1-NC-017338.1	96.248	1213	99	1226	0.0	1957	RS-GCF-000144955.1-NC-017338.1
15308-1492R-T-G12	RS-GCF-000578115.1-NZ-KK070710.1	96.248	1213	99	1226	0.0	1957	RS-GCF-000578115.1-NZ-KK070710.1
15308-1492R-T-G12	RS-GCF-003347055.1-NZ-CP022607.1--5	96.248	1213	99	1226	0.0	1957	RS-GCF-003347055.1-NZ-CP022607.1--5
15308-1492R-T-G12	RS-GCF-000541395.1-NZ-KI977260.1	96.248	1213	99	1226	0.0	1957	RS-GCF-000541395.1-NZ-KI977260.1
15308-1492R-T-G12	RS-GCF-009660445.1-NZ-WJUC01000005.1	96.248	1213	99	1226	0.0	1957	RS-GCF-009660445.1-NZ-WJUC01000005.1
15308-1492R-T-G12	RS-GCF-002982535.1-NZ-PHVD01000037.1	96.248	1213	99	1226	0.0	1957	RS-GCF-002982535.1-NZ-PHVD01000037.1
15308-1492R-T-G12	RS-GCF-000564815.1-NZ-KK033099.1	96.248	1213	99	1226	0.0	1957	RS-GCF-000564815.1-NZ-KK033099.1
15308-1492R-T-G12	RS-GCF-009725595.1-NZ-WFHQ01000055.1	96.248	1213	99	1226	0.0	1957	RS-GCF-009725595.1-NZ-WFHQ01000055.1
15308-1492R-T-G12	RS-GCF-001471675.2-NZ-LORT02000003.1--4	96.248	1213	99	1226	0.0	1957	RS-GCF-001471675.2-NZ-LORT02000003.1--4
15308-1492R-T-G12	RS-GCF-000542335.1-NZ-KI978295.1	96.248	1213	99	1226	0.0	1957	RS-GCF-000542335.1-NZ-KI978295.1
15308-1492R-T-G12	RS-GCF-000571775.1-NZ-KK042107.1	96.248	1213	99	1226	0.0	1957	RS-GCF-000571775.1-NZ-KK042107.1
15308-1492R-T-G12	RS-GCF-900098115.1-NZ-FMPV01000024.1	96.248	1213	99	1226	0.0	1957	RS-GCF-900098115.1-NZ-FMPV01000024.1
15308-1492R-T-G12	RS-GCF-000601785.1-NZ-JGFL01000025.1	96.248	1213	99	1226	0.0	1957	RS-GCF-000601785.1-NZ-JGFL01000025.1
15308-1492R-T-G12	RS-GCF-001019485.2-NZ-CP026072.1	96.248	1213	99	1226	0.0	1957	RS-GCF-001019485.2-NZ-CP026072.1
15308-1492R-T-G12	RS-GCF-000571515.1-NZ-KK041673.1	96.248	1213	99	1226	0.0	1957	RS-GCF-000571515.1-NZ-KK041673.1
15308-1492R-T-G12	RS-GCF-000639875.1-NZ-KK225367.1	96.248	1213	99	1226	0.0	1957	RS-GCF-000639875.1-NZ-KK225367.1
15308-1492R-T-G12	RS-GCF-900474575.1-NZ-LS483309.1--4	96.248	1213	99	1226	0.0	1957	RS-GCF-900474575.1-NZ-LS483309.1--4
15308-1492R-T-G12	RS-GCF-002094085.1-NZ-MBTB01000022.1	96.248	1213	99	1226	0.0	1957	RS-GCF-002094085.1-NZ-MBTB01000022.1
15308-1492R-T-G12	RS-GCF-000609105.1-NZ-KK099010.1	96.248	1213	99	1226	0.0	1957	RS-GCF-000609105.1-NZ-KK099010.1
15308-1492R-T-G12	RS-GCF-001061075.1-NZ-JWBS01000100.1	96.248	1213	99	1226	0.0	1957	RS-GCF-001061075.1-NZ-JWBS01000100.1
15308-1492R-T-G12	RS-GCF-000611025.1-NZ-KK099946.1--3	96.248	1213	99	1226	0.0	1957	RS-GCF-000611025.1-NZ-KK099946.1--3
15308-1492R-T-G12	RS-GCF-900457725.1-NZ-UAUW01000003.1	96.248	1213	99	1226	0.0	1957	RS-GCF-900457725.1-NZ-UAUW01000003.1
15308-1492R-T-G12	RS-GCF-002267125.1-NZ-LGWY01000075.1	96.248	1213	99	1226	0.0	1957	RS-GCF-002267125.1-NZ-LGWY01000075.1
15308-1492R-T-G12	RS-GCF-014337075.1-NZ-CP060628.1--6	96.248	1213	99	1226	0.0	1957	RS-GCF-014337075.1-NZ-CP060628.1--6
15308-1492R-T-G12	RS-GCF-001018835.2-NZ-CP026064.1	96.248	1213	99	1226	0.0	1957	RS-GCF-001018835.2-NZ-CP026064.1
15308-1492R-T-G12	RS-GCF-000606725.1-NZ-KK096810.1	96.248	1213	99	1226	0.0	1957	RS-GCF-000606725.1-NZ-KK096810.1
15308-1492R-T-G12	RS-GCF-008620055.1-NZ-AP020320.1--2	96.248	1213	99	1226	0.0	1957	RS-GCF-008620055.1-NZ-AP020320.1--2
15308-1492R-T-G12	RS-GCF-001045975.1-NZ-LALM01000028.1	96.248	1213	99	1226	0.0	1957	RS-GCF-001045975.1-NZ-LALM01000028.1
15308-1492R-T-G12	RS-GCF-003354765.1-NZ-CP022894.1--4	96.248	1213	99	1226	0.0	1957	RS-GCF-003354765.1-NZ-CP022894.1--4
15308-1492R-T-G12	RS-GCF-000570215.1-NZ-KK039535.1	96.248	1213	99	1226	0.0	1957	RS-GCF-000570215.1-NZ-KK039535.1
15308-1492R-T-G12	RS-GCF-000579975.1-NZ-KK073509.1	96.248	1213	99	1226	0.0	1957	RS-GCF-000579975.1-NZ-KK073509.1
15308-1492R-T-G12	RS-GCF-000596905.1-NZ-JEUQ01000010.1	96.248	1213	99	1226	0.0	1957	RS-GCF-000596905.1-NZ-JEUQ01000010.1
15308-1492R-T-G12	RS-GCF-018595915.1-NZ-JAGPWM010000024.1	96.248	1213	99	1226	0.0	1957	RS-GCF-018595915.1-NZ-JAGPWM010000024.1
15308-1492R-T-G12	RS-GCF-007826355.1-NZ-CP041037.1--6	96.248	1213	99	1226	0.0	1957	RS-GCF-007826355.1-NZ-CP041037.1--6
15308-1492R-T-G12	RS-GCF-003813705.1-NZ-RHFR01000043.1	96.248	1213	99	1226	0.0	1957	RS-GCF-003813705.1-NZ-RHFR01000043.1
15308-1492R-T-G12	RS-GCF-003354885.1-NZ-CP022910.1--4	96.248	1213	99	1226	0.0	1957	RS-GCF-003354885.1-NZ-CP022910.1--4
15308-1492R-T-G12	RS-GCF-000593725.1-NZ-JDGP01000011.1	96.248	1213	99	1226	0.0	1957	RS-GCF-000593725.1-NZ-JDGP01000011.1
15308-1492R-T-G12	RS-GCF-900235985.1-NZ-OEMX01000029.1	96.248	1213	99	1226	0.0	1957	RS-GCF-900235985.1-NZ-OEMX01000029.1
15308-1492R-T-G12	RS-GCF-003238155.1-NZ-PZUS01000064.1	96.248	1213	99	1226	0.0	1957	RS-GCF-003238155.1-NZ-PZUS01000064.1
15308-1492R-T-G12	RS-GCF-900098335.1-NZ-FMQR01000037.1	96.248	1213	99	1226	0.0	1957	RS-GCF-900098335.1-NZ-FMQR01000037.1
15308-1492R-T-G12	RS-GCF-003238755.1-NZ-PZXR01000044.1	96.248	1213	99	1226	0.0	1957	RS-GCF-003238755.1-NZ-PZXR01000044.1
15308-1492R-T-G12	RS-GCF-000587315.1-NZ-KK075486.1	96.248	1213	99	1226	0.0	1957	RS-GCF-000587315.1-NZ-KK075486.1
15308-1492R-T-G12	RS-GCF-014235205.1-NZ-JACJGS010000044.1	96.248	1213	99	1226	0.0	1957	RS-GCF-014235205.1-NZ-JACJGS010000044.1
15308-1492R-T-G12	RS-GCF-000647275.1-NZ-KK240600.1	96.248	1213	99	1226	0.0	1957	RS-GCF-000647275.1-NZ-KK240600.1
15308-1492R-T-G12	RS-GCF-000543485.1-NZ-KI981834.1	96.248	1213	99	1226	0.0	1957	RS-GCF-000543485.1-NZ-KI981834.1
15308-1492R-T-G12	RS-GCF-019209765.1-NZ-JAHUTU010000012.1	96.248	1213	99	1226	0.0	1957	RS-GCF-019209765.1-NZ-JAHUTU010000012.1
15308-1492R-T-G12	RS-GCF-000363345.1-NZ-KB822193.1	96.248	1213	99	1226	0.0	1957	RS-GCF-000363345.1-NZ-KB822193.1
15308-1492R-T-G12	GB-GCA-018630415.1-JAGDNB010000030.1	96.248	1213	99	1226	0.0	1957	GB-GCA-018630415.1-JAGDNB010000030.1
15308-1492R-T-G12	RS-GCF-000532935.1-NZ-KI972868.1	96.248	1213	99	1226	0.0	1957	RS-GCF-000532935.1-NZ-KI972868.1
15308-1492R-T-G12	RS-GCF-000532935.1-NZ-KI972868.1	96.248	1213	99	1226	0.0	1957	RS-GCF-000532935.1-NZ-KI972868.1
15308-1492R-T-G12	RS-GCF-000248875.1-NZ-AHVS01000002.1	96.248	1213	99	1226	0.0	1957	RS-GCF-000248875.1-NZ-AHVS01000002.1
15308-1492R-T-G12	RS-GCF-000363745.1-NZ-KB822305.1	96.248	1213	99	1226	0.0	1957	RS-GCF-000363745.1-NZ-KB822305.1
15308-1492R-T-G12	RS-GCF-000551305.1-NZ-KK000042.1	96.248	1213	99	1226	0.0	1957	RS-GCF-000551305.1-NZ-KK000042.1
15308-1492R-T-G12	RS-GCF-000587655.1-NZ-KK075977.1	96.248	1213	99	1226	0.0	1957	RS-GCF-000587655.1-NZ-KK075977.1
15308-1492R-T-G12	RS-GCF-000563955.1-NZ-KK031052.1	96.248	1213	99	1226	0.0	1957	RS-GCF-000563955.1-NZ-KK031052.1
15308-1492R-T-G12	RS-GCF-001184325.1-NZ-LFEB02000021.1	96.248	1213	99	1226	0.0	1957	RS-GCF-001184325.1-NZ-LFEB02000021.1
15308-1492R-T-G12	RS-GCF-000560845.1-NZ-KK024198.1	96.248	1213	99	1226	0.0	1957	RS-GCF-000560845.1-NZ-KK024198.1
15308-1492R-T-G12	RS-GCF-001192075.1-NZ-CSLR01000048.1	96.248	1213	99	1226	0.0	1957	RS-GCF-001192075.1-NZ-CSLR01000048.1
15308-1492R-T-G12	GB-GCA-014696835.1-CP051483.1	96.248	1213	99	1226	0.0	1957	GB-GCA-014696835.1-CP051483.1
15308-1492R-T-G12	RS-GCF-000712685.1-NZ-JOPZ01000010.1	96.248	1213	99	1226	0.0	1957	RS-GCF-000712685.1-NZ-JOPZ01000010.1
15308-1492R-T-G12	RS-GCF-003238915.1-NZ-PZSR01000087.1	96.248	1213	99	1226	0.0	1957	RS-GCF-003238915.1-NZ-PZSR01000087.1
15308-1492R-T-G12	GB-GCA-000588835.1-ANIT01000095.1	96.248	1213	99	1226	0.0	1957	GB-GCA-000588835.1-ANIT01000095.1
15308-1492R-T-G12	RS-GCF-000638735.1-NZ-KK223235.1	96.248	1213	99	1226	0.0	1957	RS-GCF-000638735.1-NZ-KK223235.1
15308-1492R-T-G12	RS-GCF-000359925.1-NZ-KB820925.1--4	96.248	1213	99	1226	0.0	1957	RS-GCF-000359925.1-NZ-KB820925.1--4
15308-1492R-T-G12	RS-GCF-900083455.1-NZ-FKXY01000002.1	96.248	1213	99	1226	0.0	1957	RS-GCF-900083455.1-NZ-FKXY01000002.1
15308-1492R-T-G12	RS-GCF-000562345.1-NZ-KK027671.1	96.330	1213	99	1226	0.0	1957	RS-GCF-000562345.1-NZ-KK027671.1
15308-1492R-T-G12	RS-GCF-002993865.1-NZ-CP027476.1--5	96.248	1213	99	1226	0.0	1957	RS-GCF-002993865.1-NZ-CP027476.1--5
15308-1492R-T-G12	RS-GCF-000967405.1-NC-020537.1	96.248	1213	99	1226	0.0	1957	RS-GCF-000967405.1-NC-020537.1
15308-1492R-T-G12	RS-GCF-900252215.1-NZ-OGBR01000015.1	96.248	1213	99	1226	0.0	1957	RS-GCF-900252215.1-NZ-OGBR01000015.1
15308-1492R-T-G12	RS-GCF-003237975.1-NZ-PZRW01000023.1	96.248	1213	99	1226	0.0	1957	RS-GCF-003237975.1-NZ-PZRW01000023.1
15308-1492R-T-G12	RS-GCF-001184335.1-NZ-LFEC02000008.1	96.248	1213	99	1226	0.0	1957	RS-GCF-001184335.1-NZ-LFEC02000008.1
15308-1492R-T-G12	RS-GCF-000249015.1-NZ-AHVY01000002.1	96.248	1213	99	1226	0.0	1957	RS-GCF-000249015.1-NZ-AHVY01000002.1
15308-1492R-T-G12	RS-GCF-000573145.1-NZ-KK062818.1	96.248	1213	99	1226	0.0	1957	RS-GCF-000573145.1-NZ-KK062818.1
15308-1492R-T-G12	RS-GCF-900620245.1-NZ-LR130515.1--5	96.248	1213	99	1226	0.0	1957	RS-GCF-900620245.1-NZ-LR130515.1--5
15308-1492R-T-G12	RS-GCF-000646055.1-NZ-KK238101.1	96.248	1213	99	1226	0.0	1957	RS-GCF-000646055.1-NZ-KK238101.1
15308-1492R-T-G12	RS-GCF-000570175.1-NZ-KK039422.1	96.248	1213	99	1226	0.0	1957	RS-GCF-000570175.1-NZ-KK039422.1
15308-1492R-T-G12	RS-GCF-000606525.1-NZ-KK096423.1	96.248	1213	99	1226	0.0	1957	RS-GCF-000606525.1-NZ-KK096423.1
15308-1492R-T-G12	RS-GCF-009769095.1-NZ-CP043843.1--5	96.248	1213	99	1226	0.0	1957	RS-GCF-009769095.1-NZ-CP043843.1--5
15308-1492R-T-G12	RS-GCF-001060135.1-NZ-JWGC01000142.1	96.248	1213	99	1226	0.0	1957	RS-GCF-001060135.1-NZ-JWGC01000142.1
15308-1492R-T-G12	RS-GCF-000593745.1-NZ-JDGQ01000004.1	96.248	1213	99	1226	0.0	1957	RS-GCF-000593745.1-NZ-JDGQ01000004.1
15308-1492R-T-G12	RS-GCF-003841415.1-NZ-RCOQ01000077.1	96.248	1213	99	1226	0.0	1957	RS-GCF-003841415.1-NZ-RCOQ01000077.1
15308-1492R-T-G12	RS-GCF-000363805.1-NZ-KB822313.1	96.248	1213	99	1226	0.0	1957	RS-GCF-000363805.1-NZ-KB822313.1
15308-1492R-T-G12	RS-GCF-003309905.1-NZ-PTAL01000021.1	96.248	1213	99	1226	0.0	1957	RS-GCF-003309905.1-NZ-PTAL01000021.1
15308-1492R-T-G12	RS-GCF-009912115.1-NZ-CP047792.1	96.248	1213	99	1226	0.0	1957	RS-GCF-009912115.1-NZ-CP047792.1
15308-1492R-T-G12	RS-GCF-900482605.1-NZ-UEKJ01000053.1	96.248	1213	99	1226	0.0	1957	RS-GCF-900482605.1-NZ-UEKJ01000053.1
15308-1492R-T-G12	RS-GCF-000646695.1-NZ-KK239523.1	96.248	1213	99	1226	0.0	1957	RS-GCF-000646695.1-NZ-KK239523.1
15308-1492R-T-G12	RS-GCF-001986135.1-NZ-CP019563.1	96.248	1213	99	1226	0.0	1957	RS-GCF-001986135.1-NZ-CP019563.1
15308-1492R-T-G12	RS-GCF-003237575.1-NZ-PZVL01000059.1	96.248	1213	99	1226	0.0	1957	RS-GCF-003237575.1-NZ-PZVL01000059.1
15308-1492R-T-G12	RS-GCF-002905355.1-NZ-LKSW01000020.1	96.248	1213	99	1226	0.0	1957	RS-GCF-002905355.1-NZ-LKSW01000020.1
15308-1492R-T-G12	RS-GCF-000578355.1-NZ-KK071101.1	96.248	1213	99	1226	0.0	1957	RS-GCF-000578355.1-NZ-KK071101.1
15308-1492R-T-G12	RS-GCF-002275795.1-NZ-LLAQ01000134.1	96.248	1213	99	1226	0.0	1957	RS-GCF-002275795.1-NZ-LLAQ01000134.1
15308-1492R-T-G12	RS-GCF-000363585.1-NZ-KB822251.1--4	96.248	1213	99	1226	0.0	1957	RS-GCF-000363585.1-NZ-KB822251.1--4
15308-1492R-T-G12	RS-GCF-000539235.1-NZ-KI974751.1	96.248	1213	99	1226	0.0	1957	RS-GCF-000539235.1-NZ-KI974751.1
15308-1492R-T-G12	RS-GCF-000732825.1-NZ-AZJQ01000099.1	96.248	1213	99	1226	0.0	1957	RS-GCF-000732825.1-NZ-AZJQ01000099.1
15308-1492R-T-G12	RS-GCF-000360105.1-NZ-KB820999.1--5	96.248	1213	99	1226	0.0	1957	RS-GCF-000360105.1-NZ-KB820999.1--5
15308-1492R-T-G12	RS-GCF-006511635.1-NZ-SZZD01000062.1	96.248	1213	99	1226	0.0	1957	RS-GCF-006511635.1-NZ-SZZD01000062.1
15308-1492R-T-G12	RS-GCF-001224705.1-NZ-CTWO01000006.1	96.248	1213	99	1226	0.0	1957	RS-GCF-001224705.1-NZ-CTWO01000006.1
15308-1492R-T-G12	RS-GCF-002983175.1-NZ-PHWK01000019.1	96.248	1213	99	1226	0.0	1957	RS-GCF-002983175.1-NZ-PHWK01000019.1
15308-1492R-T-G12	RS-GCF-000608205.1-NZ-KK098301.1--2	96.248	1213	99	1226	0.0	1957	RS-GCF-000608205.1-NZ-KK098301.1--2
15308-1492R-T-G12	RS-GCF-000570275.1-NZ-KK039639.1	96.248	1213	99	1226	0.0	1957	RS-GCF-000570275.1-NZ-KK039639.1
15308-1492R-T-G12	RS-GCF-000601665.1-NZ-JGFF01000001.1--2	96.248	1213	99	1226	0.0	1957	RS-GCF-000601665.1-NZ-JGFF01000001.1--2
15308-1492R-T-G12	GB-GCA-015290965.1-CP063990.1--5	96.248	1213	99	1226	0.0	1957	GB-GCA-015290965.1-CP063990.1--5
15308-1492R-T-G12	RS-GCF-009674955.1-NZ-WKIV01000104.1	96.248	1213	99	1226	0.0	1957	RS-GCF-009674955.1-NZ-WKIV01000104.1
15308-1492R-T-G12	RS-GCF-003114335.1-NZ-BEYJ01000017.1	96.248	1213	99	1226	0.0	1957	RS-GCF-003114335.1-NZ-BEYJ01000017.1
15308-1492R-T-G12	RS-GCF-003194205.1-NZ-CP021353.1	96.248	1213	99	1226	0.0	1957	RS-GCF-003194205.1-NZ-CP021353.1
15308-1492R-T-G12	RS-GCF-003114015.1-NZ-BEYC01000022.1	96.248	1213	99	1226	0.0	1957	RS-GCF-003114015.1-NZ-BEYC01000022.1
15308-1492R-T-G12	RS-GCF-000645955.1-NZ-KK237881.1	96.248	1213	99	1226	0.0	1957	RS-GCF-000645955.1-NZ-KK237881.1
15308-1492R-T-G12	RS-GCF-000540635.1-NZ-KI976427.1	96.248	1213	99	1226	0.0	1957	RS-GCF-000540635.1-NZ-KI976427.1
15308-1492R-T-G12	RS-GCF-018682195.1-NZ-JAEUDZ010000032.1	96.248	1213	99	1226	0.0	1957	RS-GCF-018682195.1-NZ-JAEUDZ010000032.1
15308-1492R-T-G12	RS-GCF-003017415.1-NZ-NGNP01000001.1--3	96.248	1213	99	1226	0.0	1957	RS-GCF-003017415.1-NZ-NGNP01000001.1--3
15308-1492R-T-G12	RS-GCF-000362125.1-NZ-KB821715.1	96.248	1213	99	1226	0.0	1957	RS-GCF-000362125.1-NZ-KB821715.1
15308-1492R-T-G12	RS-GCF-000362465.1-NZ-KB821836.1--2	96.248	1213	99	1226	0.0	1957	RS-GCF-000362465.1-NZ-KB821836.1--2
15308-1492R-T-G12	RS-GCF-000536935.1-NZ-JBIB01000003.1	96.248	1213	99	1226	0.0	1957	RS-GCF-000536935.1-NZ-JBIB01000003.1
