15450-1492R-R-B1	RS-GCF-001659315.1-NZ-LYVT01000015.1	98.770	950	94	894	0.0	1549	RS-GCF-001659315.1-NZ-LYVT01000015.1
15450-1492R-R-B1	RS-GCF-000247125.1-NZ-AHLF01000032.1	98.770	950	94	894	0.0	1549	RS-GCF-000247125.1-NZ-AHLF01000032.1
15450-1492R-R-B1	RS-GCF-001622495.1-NZ-LWCW01000070.1	98.770	950	94	894	0.0	1549	RS-GCF-001622495.1-NZ-LWCW01000070.1
15450-1492R-R-B1	RS-GCF-001659125.1-NZ-LYSH01000037.1	98.770	950	94	894	0.0	1549	RS-GCF-001659125.1-NZ-LYSH01000037.1
15450-1492R-R-B1	RS-GCF-001622445.1-NZ-LWBW01000018.1	98.770	950	94	894	0.0	1549	RS-GCF-001622445.1-NZ-LWBW01000018.1
15450-1492R-R-B1	RS-GCF-003979975.1-NZ-LUBS01000131.1	98.770	950	94	894	0.0	1549	RS-GCF-003979975.1-NZ-LUBS01000131.1
15450-1492R-R-B1	RS-GCF-001070565.1-NZ-JVSY01000107.1	98.770	950	94	894	0.0	1549	RS-GCF-001070565.1-NZ-JVSY01000107.1
15450-1492R-R-B1	RS-GCF-001465385.1-NZ-JRVP01000053.1	98.770	950	94	894	0.0	1549	RS-GCF-001465385.1-NZ-JRVP01000053.1
15450-1492R-R-B1	RS-GCF-009897365.1-NZ-SHFF01000044.1	98.770	950	94	894	0.0	1549	RS-GCF-009897365.1-NZ-SHFF01000044.1
15450-1492R-R-B1	RS-GCF-001622835.1-NZ-LWBG01000080.1	98.770	950	94	894	0.0	1549	RS-GCF-001622835.1-NZ-LWBG01000080.1
15450-1492R-R-B1	RS-GCF-001658785.1-NZ-LXRV01000011.1	98.770	950	94	894	0.0	1549	RS-GCF-001658785.1-NZ-LXRV01000011.1
15450-1492R-R-B1	RS-GCF-003980055.1-NZ-LUBM01000100.1	98.770	950	94	894	0.0	1549	RS-GCF-003980055.1-NZ-LUBM01000100.1
15450-1492R-R-B1	RS-GCF-011306775.1-NZ-CP043781.1	98.770	950	94	894	0.0	1549	RS-GCF-011306775.1-NZ-CP043781.1
15450-1492R-R-B1	RS-GCF-001659475.1-NZ-LYWF01000028.1	98.770	950	94	894	0.0	1549	RS-GCF-001659475.1-NZ-LYWF01000028.1
15450-1492R-R-B1	RS-GCF-008922385.1-NZ-WBQK01000040.1	98.770	950	94	894	0.0	1549	RS-GCF-008922385.1-NZ-WBQK01000040.1
15450-1492R-R-B1	RS-GCF-008922375.1-NZ-WBQL01000044.1	98.770	950	94	894	0.0	1549	RS-GCF-008922375.1-NZ-WBQL01000044.1
15450-1492R-R-B1	RS-GCF-001658715.1-NZ-LXRX01000037.1	98.770	950	94	894	0.0	1549	RS-GCF-001658715.1-NZ-LXRX01000037.1
15450-1492R-R-B1	RS-GCF-011307475.1-NZ-CP043792.1--6	98.770	950	94	894	0.0	1549	RS-GCF-011307475.1-NZ-CP043792.1--6
15450-1492R-R-B1	RS-GCF-003980155.1-NZ-LUBV01000051.1	98.770	950	94	894	0.0	1549	RS-GCF-003980155.1-NZ-LUBV01000051.1
15450-1492R-R-B1	RS-GCF-001658535.1-NZ-LYQA01000020.1	98.770	950	94	894	0.0	1549	RS-GCF-001658535.1-NZ-LYQA01000020.1
15450-1492R-R-B1	RS-GCF-016406625.1-NZ-CP066376.1--2	98.770	950	94	894	0.0	1549	RS-GCF-016406625.1-NZ-CP066376.1--2
15450-1492R-R-B1	RS-GCF-000410915.1-NZ-ARWU01000102.1	98.770	950	94	894	0.0	1549	RS-GCF-000410915.1-NZ-ARWU01000102.1
15450-1492R-R-B1	RS-GCF-007667855.1-NZ-VDRX01000042.1	98.770	950	94	894	0.0	1549	RS-GCF-007667855.1-NZ-VDRX01000042.1
15450-1492R-R-B1	RS-GCF-006094375.1-NZ-CP035288.1	98.770	950	94	894	0.0	1549	RS-GCF-006094375.1-NZ-CP035288.1
15450-1492R-R-B1	RS-GCF-003980205.1-NZ-MNBF01000052.1	98.770	950	94	894	0.0	1549	RS-GCF-003980205.1-NZ-MNBF01000052.1
15450-1492R-R-B1	RS-GCF-003979985.1-NZ-LUBT01000109.1	98.770	950	94	894	0.0	1549	RS-GCF-003979985.1-NZ-LUBT01000109.1
15450-1492R-R-B1	RS-GCF-003859985.1-NZ-RQYG01000064.1	98.770	950	94	894	0.0	1549	RS-GCF-003859985.1-NZ-RQYG01000064.1
15450-1492R-R-B1	RS-GCF-900205795.1-NZ-OAOB01000025.1	98.770	950	94	894	0.0	1549	RS-GCF-900205795.1-NZ-OAOB01000025.1
15450-1492R-R-B1	RS-GCF-002215535.1-NZ-CP022247.1--6	98.770	950	94	894	0.0	1549	RS-GCF-002215535.1-NZ-CP022247.1--6
15450-1492R-R-B1	RS-GCF-000705075.1-NZ-JMID01000002.1	98.770	950	94	894	0.0	1549	RS-GCF-000705075.1-NZ-JMID01000002.1
15450-1492R-R-B1	RS-GCF-000759555.1-NZ-CP009046.1	98.770	950	94	894	0.0	1549	RS-GCF-000759555.1-NZ-CP009046.1
15450-1492R-R-B1	RS-GCF-013317125.1-NZ-CP040883.1--2	98.770	950	94	894	0.0	1549	RS-GCF-013317125.1-NZ-CP040883.1--2
15450-1492R-R-B1	RS-GCF-009769125.1-NZ-CP043847.1--6	98.770	950	94	894	0.0	1549	RS-GCF-009769125.1-NZ-CP043847.1--6
15450-1492R-R-B1	RS-GCF-019149245.1-NZ-JAHSUT010000057.1	98.770	950	94	894	0.0	1549	RS-GCF-019149245.1-NZ-JAHSUT010000057.1
15450-1492R-R-B1	GB-GCA-001658655.1-LXRP01000038.1	98.770	950	94	894	0.0	1549	GB-GCA-001658655.1-LXRP01000038.1
15450-1492R-R-B1	RS-GCF-003980195.1-NZ-LUBX01000012.1	98.770	950	94	894	0.0	1549	RS-GCF-003980195.1-NZ-LUBX01000012.1
15450-1492R-R-B1	RS-GCF-001072885.1-NZ-JVHR01000007.1	98.770	950	94	894	0.0	1549	RS-GCF-001072885.1-NZ-JVHR01000007.1
15450-1492R-R-B1	GB-GCA-003687755.1-RDFC01000075.1	98.770	950	94	894	0.0	1549	GB-GCA-003687755.1-RDFC01000075.1
15450-1492R-R-B1	RS-GCF-006742205.1-NZ-AP019721.1--6	98.770	950	94	894	0.0	1549	RS-GCF-006742205.1-NZ-AP019721.1--6
15450-1492R-R-B1	RS-GCF-001662985.1-NZ-LYYX01000031.1	98.770	950	94	894	0.0	1549	RS-GCF-001662985.1-NZ-LYYX01000031.1
15450-1492R-R-B1	RS-GCF-003577825.1-NZ-QXSQ01000156.1	98.770	950	94	894	0.0	1549	RS-GCF-003577825.1-NZ-QXSQ01000156.1
15450-1492R-R-B1	RS-GCF-001658625.1-NZ-LXRQ01000031.1	98.770	950	94	894	0.0	1549	RS-GCF-001658625.1-NZ-LXRQ01000031.1
15450-1492R-R-B1	RS-GCF-000011925.1-NC-002976.3--3	98.770	950	94	894	0.0	1549	RS-GCF-000011925.1-NC-002976.3--3
15450-1492R-R-B1	G008763925	98.770	950	94	894	0.0	1549	G008763925
15450-1492R-R-B1	G008349105	98.770	950	94	894	0.0	1549	G008349105
15450-1492R-R-B1	G000245655	98.770	950	94	894	0.0	1549	G000245655
15450-1492R-R-B1	D83363	98.770	950	94	894	0.0	1549	D83363
15450-1492R-R-B1	MJ033-1-barcode35-umi8154bins-ubs-42	98.770	950	94	894	0.0	1549	MJ033-1-barcode35-umi8154bins-ubs-42
15450-1492R-R-B1	MJ006-1-barcode27-umi62770bins-ubs-9	98.770	950	94	894	0.0	1549	MJ006-1-barcode27-umi62770bins-ubs-9
15450-1492R-R-B1	MJ006-1-barcode27-umi141267bins-ubs-3	98.770	950	94	894	0.0	1549	MJ006-1-barcode27-umi141267bins-ubs-3
15450-1492R-R-B1	MJ006-1-barcode27-umi155401bins-ubs-3	98.770	950	94	894	0.0	1549	MJ006-1-barcode27-umi155401bins-ubs-3
15450-1492R-R-B1	RS-GCF-002931555.1-NZ-PSTZ01000013.1	98.658	950	94	894	0.0	1544	RS-GCF-002931555.1-NZ-PSTZ01000013.1
15450-1492R-R-B1	RS-GCF-900458815.1-NZ-UHDZ01000001.1--3	98.658	950	94	894	0.0	1544	RS-GCF-900458815.1-NZ-UHDZ01000001.1--3
15450-1492R-R-B1	RS-GCF-900458815.1-NZ-UHDZ01000001.1	98.658	950	94	894	0.0	1544	RS-GCF-900458815.1-NZ-UHDZ01000001.1
15450-1492R-R-B1	RS-GCF-004291215.1-NZ-QHKE01000008.1	98.658	950	94	894	0.0	1544	RS-GCF-004291215.1-NZ-QHKE01000008.1
15450-1492R-R-B1	RS-GCF-000705055.1-NZ-JMIE01000043.1	98.658	950	94	894	0.0	1544	RS-GCF-000705055.1-NZ-JMIE01000043.1
15450-1492R-R-B1	RS-GCF-004374765.1-NZ-SNNA01000058.1	98.658	950	94	894	0.0	1544	RS-GCF-004374765.1-NZ-SNNA01000058.1
15450-1492R-R-B1	RS-GCF-000783535.2-NZ-JTAY02000002.1--3	98.658	950	94	894	0.0	1544	RS-GCF-000783535.2-NZ-JTAY02000002.1--3
15450-1492R-R-B1	RS-GCF-902509525.1-NZ-LR735432.1--2	98.658	950	94	894	0.0	1544	RS-GCF-902509525.1-NZ-LR735432.1--2
15450-1492R-R-B1	RS-GCF-001837955.1-NZ-KV834845.1	98.658	950	94	894	0.0	1544	RS-GCF-001837955.1-NZ-KV834845.1
15450-1492R-R-B1	RS-GCF-902509515.1-NZ-LR735437.1--5	98.658	950	94	894	0.0	1544	RS-GCF-902509515.1-NZ-LR735437.1--5
15450-1492R-R-B1	RS-GCF-000627055.1-NZ-JHQC01000040.1	98.658	950	94	894	0.0	1544	RS-GCF-000627055.1-NZ-JHQC01000040.1
15450-1492R-R-B1	RS-GCF-000626815.1-NZ-JHQB01000049.1	98.658	950	94	894	0.0	1544	RS-GCF-000626815.1-NZ-JHQB01000049.1
15450-1492R-R-B1	RS-GCF-000417965.2-NZ-ATCV02000047.1	98.658	950	94	894	0.0	1544	RS-GCF-000417965.2-NZ-ATCV02000047.1
15450-1492R-R-B1	RS-GCF-003325735.1-NZ-CP030246.1--2	98.658	950	94	894	0.0	1544	RS-GCF-003325735.1-NZ-CP030246.1--2
15450-1492R-R-B1	RS-GCF-008922245.1-NZ-WBQC01000008.1	98.658	950	94	894	0.0	1544	RS-GCF-008922245.1-NZ-WBQC01000008.1
15450-1492R-R-B1	RS-GCF-002087975.1-NZ-NARC01000024.1	98.658	950	94	894	0.0	1544	RS-GCF-002087975.1-NZ-NARC01000024.1
15450-1492R-R-B1	RS-GCF-011306775.1-NZ-CP043781.1--4	98.658	950	94	894	0.0	1544	RS-GCF-011306775.1-NZ-CP043781.1--4
15450-1492R-R-B1	RS-GCF-002085695.1-NZ-CP020463.1--6	98.658	950	94	894	0.0	1544	RS-GCF-002085695.1-NZ-CP020463.1--6
15450-1492R-R-B1	RS-GCF-011306595.1-NZ-CP043777.1--5	98.658	950	94	894	0.0	1544	RS-GCF-011306595.1-NZ-CP043777.1--5
15450-1492R-R-B1	RS-GCF-003578045.1-NZ-QXSL01000097.1	98.658	950	94	894	0.0	1544	RS-GCF-003578045.1-NZ-QXSL01000097.1
15450-1492R-R-B1	RS-GCF-001075805.1-NZ-JUML01000010.1	98.658	950	94	894	0.0	1544	RS-GCF-001075805.1-NZ-JUML01000010.1
15450-1492R-R-B1	RS-GCF-001659245.1-NZ-LYVU01000043.1	98.658	950	94	894	0.0	1544	RS-GCF-001659245.1-NZ-LYVU01000043.1
15450-1492R-R-B1	GB-GCA-004920235.1-AFTV01000090.1	98.658	950	94	894	0.0	1544	GB-GCA-004920235.1-AFTV01000090.1
15450-1492R-R-B1	RS-GCF-000247185.1-NZ-AHLI01000009.1	98.658	950	94	894	0.0	1544	RS-GCF-000247185.1-NZ-AHLI01000009.1
15450-1492R-R-B1	RS-GCF-902363495.1-NZ-CABJAG010000011.1	98.658	950	94	894	0.0	1544	RS-GCF-902363495.1-NZ-CABJAG010000011.1
15450-1492R-R-B1	RS-GCF-008923085.1-NZ-WBRT01000039.1	98.658	950	94	894	0.0	1544	RS-GCF-008923085.1-NZ-WBRT01000039.1
15450-1492R-R-B1	RS-GCF-900458585.1-NZ-UHDD01000001.1--6	98.658	950	94	894	0.0	1544	RS-GCF-900458585.1-NZ-UHDD01000001.1--6
15450-1492R-R-B1	RS-GCF-016406625.1-NZ-CP066376.1--4	98.658	950	94	894	0.0	1544	RS-GCF-016406625.1-NZ-CP066376.1--4
15450-1492R-R-B1	RS-GCF-007678185.1-NZ-VEEC01000021.1	98.658	950	94	894	0.0	1544	RS-GCF-007678185.1-NZ-VEEC01000021.1
15450-1492R-R-B1	RS-GCF-007666395.1-NZ-VDPA01000027.1	98.658	950	94	894	0.0	1544	RS-GCF-007666395.1-NZ-VDPA01000027.1
15450-1492R-R-B1	RS-GCF-016903575.1-NZ-CP069954.1--6	98.658	950	94	894	0.0	1544	RS-GCF-016903575.1-NZ-CP069954.1--6
15450-1492R-R-B1	RS-GCF-016903575.1-NZ-CP069954.1	98.658	950	94	894	0.0	1544	RS-GCF-016903575.1-NZ-CP069954.1
15450-1492R-R-B1	RS-GCF-003856395.1-NZ-CP034111.1	98.658	950	94	894	0.0	1544	RS-GCF-003856395.1-NZ-CP034111.1
15450-1492R-R-B1	RS-GCF-001956655.1-NZ-CP018842.1--5	98.658	950	94	894	0.0	1544	RS-GCF-001956655.1-NZ-CP018842.1--5
15450-1492R-R-B1	RS-GCF-001956655.1-NZ-CP018842.1	98.658	950	94	894	0.0	1544	RS-GCF-001956655.1-NZ-CP018842.1
15450-1492R-R-B1	RS-GCF-014334295.1-NZ-CP060528.1--6	98.658	950	94	894	0.0	1544	RS-GCF-014334295.1-NZ-CP060528.1--6
15450-1492R-R-B1	RS-GCF-002215535.1-NZ-CP022247.1--2	98.658	950	94	894	0.0	1544	RS-GCF-002215535.1-NZ-CP022247.1--2
15450-1492R-R-B1	RS-GCF-001072245.1-NZ-JVLY01000033.1	98.658	950	94	894	0.0	1544	RS-GCF-001072245.1-NZ-JVLY01000033.1
15450-1492R-R-B1	RS-GCF-016904135.1-NZ-CP070057.1--5	98.658	950	94	894	0.0	1544	RS-GCF-016904135.1-NZ-CP070057.1--5
15450-1492R-R-B1	RS-GCF-902509485.1-NZ-LR735421.1	98.658	950	94	894	0.0	1544	RS-GCF-902509485.1-NZ-LR735421.1
15450-1492R-R-B1	RS-GCF-013317125.1-NZ-CP040883.1--6	98.658	950	94	894	0.0	1544	RS-GCF-013317125.1-NZ-CP040883.1--6
15450-1492R-R-B1	RS-GCF-006151885.1-NZ-VDEO01000040.1	98.658	950	94	894	0.0	1544	RS-GCF-006151885.1-NZ-VDEO01000040.1
15450-1492R-R-B1	RS-GCF-000705035.1-NZ-JMIF01000035.1	98.658	950	94	894	0.0	1544	RS-GCF-000705035.1-NZ-JMIF01000035.1
15450-1492R-R-B1	RS-GCF-011307235.1-NZ-CP043788.1--5	98.658	950	94	894	0.0	1544	RS-GCF-011307235.1-NZ-CP043788.1--5
15450-1492R-R-B1	RS-GCF-011307235.1-NZ-CP043788.1--4	98.658	950	94	894	0.0	1544	RS-GCF-011307235.1-NZ-CP043788.1--4
15450-1492R-R-B1	RS-GCF-000418165.2-NZ-ATDH02000015.1	98.658	950	94	894	0.0	1544	RS-GCF-000418165.2-NZ-ATDH02000015.1
15450-1492R-R-B1	RS-GCF-000418165.2-NZ-ATDH02000089.1	98.658	950	94	894	0.0	1544	RS-GCF-000418165.2-NZ-ATDH02000089.1
15450-1492R-R-B1	RS-GCF-900458645.1-NZ-UHDH01000002.1--3	98.658	950	94	894	0.0	1544	RS-GCF-900458645.1-NZ-UHDH01000002.1--3
15450-1492R-R-B1	RS-GCF-900458645.1-NZ-UHDH01000002.1--2	98.658	950	94	894	0.0	1544	RS-GCF-900458645.1-NZ-UHDH01000002.1--2
15450-1492R-R-B1	RS-GCF-009897305.1-NZ-SHFB01000041.1	98.658	950	94	894	0.0	1544	RS-GCF-009897305.1-NZ-SHFB01000041.1
15450-1492R-R-B1	RS-GCF-016903555.1-NZ-CP069951.1--6	98.658	950	94	894	0.0	1544	RS-GCF-016903555.1-NZ-CP069951.1--6
15450-1492R-R-B1	RS-GCF-000418085.2-NZ-ATDD02000024.1	98.658	950	94	894	0.0	1544	RS-GCF-000418085.2-NZ-ATDD02000024.1
15450-1492R-R-B1	RS-GCF-016834475.1-NZ-CP069215.1--6	98.658	950	94	894	0.0	1544	RS-GCF-016834475.1-NZ-CP069215.1--6
15450-1492R-R-B1	RS-GCF-000011925.1-NC-002976.3--5	98.658	950	94	894	0.0	1544	RS-GCF-000011925.1-NC-002976.3--5
15450-1492R-R-B1	RS-GCF-000276365.1-NZ-AKGR01000002.1	98.658	950	94	894	0.0	1544	RS-GCF-000276365.1-NZ-AKGR01000002.1
15450-1492R-R-B1	RS-GCF-000703025.1-NZ-JNLI01000004.1--5	98.658	950	94	894	0.0	1544	RS-GCF-000703025.1-NZ-JNLI01000004.1--5
15450-1492R-R-B1	RS-GCF-000703025.1-NZ-JNLI01000004.1	98.658	950	94	894	0.0	1544	RS-GCF-000703025.1-NZ-JNLI01000004.1
15450-1492R-R-B1	G000007645	98.658	950	94	894	0.0	1544	G000007645
15450-1492R-R-B1	AB009935	98.658	950	94	894	0.0	1544	AB009935
15450-1492R-R-B1	AB646616	98.658	950	94	894	0.0	1544	AB646616
15450-1492R-R-B1	MJ020-1-barcode32-umi7281bins-ubs-48	98.658	950	94	894	0.0	1544	MJ020-1-barcode32-umi7281bins-ubs-48
15450-1492R-R-B1	MJ031-1-barcode35-umi11097bins-ubs-46	98.658	950	94	894	0.0	1544	MJ031-1-barcode35-umi11097bins-ubs-46
15450-1492R-R-B1	MJ005-barcode65-umi4676bins-ubs-37	98.658	950	94	894	0.0	1544	MJ005-barcode65-umi4676bins-ubs-37
15450-1492R-R-B1	MJ005-barcode35-umi8548bins-ubs-23	98.658	950	94	894	0.0	1544	MJ005-barcode35-umi8548bins-ubs-23
15450-1492R-R-B1	MJ006-1-barcode27-umi11114bins-ubs-20	98.658	950	94	894	0.0	1544	MJ006-1-barcode27-umi11114bins-ubs-20
15450-1492R-R-B1	MJ006-1-barcode27-umi11986bins-ubs-19	98.658	950	94	894	0.0	1544	MJ006-1-barcode27-umi11986bins-ubs-19
15450-1492R-R-B1	MJ006-1-barcode27-umi12109bins-ubs-17	98.658	950	94	894	0.0	1544	MJ006-1-barcode27-umi12109bins-ubs-17
15450-1492R-R-B1	MJ006-1-barcode27-umi11382bins-ubs-18	98.658	950	94	894	0.0	1544	MJ006-1-barcode27-umi11382bins-ubs-18
15450-1492R-R-B1	MJ006-1-barcode34-umi21823bins-ubs-12	98.658	950	94	894	0.0	1544	MJ006-1-barcode34-umi21823bins-ubs-12
15450-1492R-R-B1	MJ006-2-barcode71-umi61039bins-ubs-7	98.658	950	94	894	0.0	1544	MJ006-2-barcode71-umi61039bins-ubs-7
15450-1492R-R-B1	MJ006-2-barcode65-umi17920bins-ubs-15	98.658	950	94	894	0.0	1544	MJ006-2-barcode65-umi17920bins-ubs-15
15450-1492R-R-B1	RS-GCF-000177115.1-NZ-ADEY01000016.1	98.659	950	94	895	0.0	1543	RS-GCF-000177115.1-NZ-ADEY01000016.1
15450-1492R-R-B1	RS-GCF-002954055.1-NZ-CP014132.1--2	98.659	950	94	895	0.0	1543	RS-GCF-002954055.1-NZ-CP014132.1--2
15450-1492R-R-B1	RS-GCF-000177115.1-NZ-ADEY01000022.1--2	98.658	950	94	894	0.0	1541	RS-GCF-000177115.1-NZ-ADEY01000022.1--2
15450-1492R-R-B1	RS-GCF-002954055.1-NZ-CP014132.1--4	98.658	950	94	894	0.0	1541	RS-GCF-002954055.1-NZ-CP014132.1--4
15450-1492R-R-B1	RS-GCF-902509535.1-NZ-LR735440.1--6	98.658	950	94	894	0.0	1541	RS-GCF-902509535.1-NZ-LR735440.1--6
15450-1492R-R-B1	RS-GCF-001956655.1-NZ-CP018842.1--2	98.658	950	94	894	0.0	1541	RS-GCF-001956655.1-NZ-CP018842.1--2
15450-1492R-R-B1	GB-GCA-001298115.1-LGJG01000041.1	98.658	950	94	894	0.0	1541	GB-GCA-001298115.1-LGJG01000041.1
15450-1492R-R-B1	RS-GCF-016026915.1-NZ-CP065656.1--5	98.658	950	94	894	0.0	1541	RS-GCF-016026915.1-NZ-CP065656.1--5
15450-1492R-R-B1	RS-GCF-016026915.1-NZ-CP065656.1--2	98.658	950	94	894	0.0	1541	RS-GCF-016026915.1-NZ-CP065656.1--2
15450-1492R-R-B1	RS-GCF-001073835.1-NZ-JUYG01000048.1	98.546	950	94	894	0.0	1540	RS-GCF-001073835.1-NZ-JUYG01000048.1
15450-1492R-R-B1	RS-GCF-013267675.1-NZ-CP053957.1--5	98.546	950	94	894	0.0	1540	RS-GCF-013267675.1-NZ-CP053957.1--5
15450-1492R-R-B1	RS-GCF-901482635.1-NZ-CABEEX010000003.1--6	98.546	950	94	894	0.0	1540	RS-GCF-901482635.1-NZ-CABEEX010000003.1--6
15450-1492R-R-B1	RS-GCF-015274185.1-NZ-JACGPS010000019.1	98.546	950	94	894	0.0	1540	RS-GCF-015274185.1-NZ-JACGPS010000019.1
15450-1492R-R-B1	RS-GCF-001069195.1-NZ-JWDH01000068.1	98.546	950	94	894	0.0	1540	RS-GCF-001069195.1-NZ-JWDH01000068.1
15450-1492R-R-B1	RS-GCF-001809655.1-NZ-KV798357.1	98.546	950	94	894	0.0	1540	RS-GCF-001809655.1-NZ-KV798357.1
15450-1492R-R-B1	RS-GCF-001065645.1-NZ-JVAJ01000076.1	98.546	950	94	894	0.0	1540	RS-GCF-001065645.1-NZ-JVAJ01000076.1
15450-1492R-R-B1	RS-GCF-001650475.1-NZ-LWCQ01000014.1	98.546	950	94	894	0.0	1540	RS-GCF-001650475.1-NZ-LWCQ01000014.1
15450-1492R-R-B1	RS-GCF-014490515.1-NZ-CP061029.1	98.546	950	94	894	0.0	1540	RS-GCF-014490515.1-NZ-CP061029.1
15450-1492R-R-B1	RS-GCF-009896875.1-NZ-SHEI01000044.1	98.546	950	94	894	0.0	1540	RS-GCF-009896875.1-NZ-SHEI01000044.1
15450-1492R-R-B1	RS-GCF-000177115.1-NZ-ADEY01000003.1	98.546	950	94	894	0.0	1540	RS-GCF-000177115.1-NZ-ADEY01000003.1
15450-1492R-R-B1	RS-GCF-011307015.1-NZ-CP043784.1--6	98.546	950	94	894	0.0	1540	RS-GCF-011307015.1-NZ-CP043784.1--6
15450-1492R-R-B1	RS-GCF-011306775.1-NZ-CP043781.1--5	98.546	950	94	894	0.0	1540	RS-GCF-011306775.1-NZ-CP043781.1--5
15450-1492R-R-B1	RS-GCF-011306595.1-NZ-CP043777.1--2	98.546	950	94	894	0.0	1540	RS-GCF-011306595.1-NZ-CP043777.1--2
15450-1492R-R-B1	RS-GCF-000362145.1-NZ-KB821726.1	98.546	950	94	894	0.0	1540	RS-GCF-000362145.1-NZ-KB821726.1
15450-1492R-R-B1	RS-GCF-011307695.1-NZ-CP043801.1--3	98.546	950	94	894	0.0	1540	RS-GCF-011307695.1-NZ-CP043801.1--3
15450-1492R-R-B1	RS-GCF-902509505.1-NZ-LR735434.1--6	98.546	950	94	894	0.0	1540	RS-GCF-902509505.1-NZ-LR735434.1--6
15450-1492R-R-B1	GB-GCA-000239515.2-AGUC01000056.1	98.546	950	94	894	0.0	1540	GB-GCA-000239515.2-AGUC01000056.1
15450-1492R-R-B1	RS-GCF-003035705.1-NZ-PYYT01000114.1	98.546	950	94	894	0.0	1540	RS-GCF-003035705.1-NZ-PYYT01000114.1
15450-1492R-R-B1	RS-GCF-014489335.1-NZ-CP060794.1--6	98.546	950	94	894	0.0	1540	RS-GCF-014489335.1-NZ-CP060794.1--6
15450-1492R-R-B1	RS-GCF-016026915.1-NZ-CP065656.1--6	98.546	950	94	894	0.0	1540	RS-GCF-016026915.1-NZ-CP065656.1--6
15450-1492R-R-B1	RS-GCF-902509485.1-NZ-LR735421.1--4	98.546	950	94	894	0.0	1540	RS-GCF-902509485.1-NZ-LR735421.1--4
15450-1492R-R-B1	RS-GCF-900458645.1-NZ-UHDH01000002.1--6	98.546	950	94	894	0.0	1540	RS-GCF-900458645.1-NZ-UHDH01000002.1--6
15450-1492R-R-B1	RS-GCF-900458645.1-NZ-UHDH01000002.1	98.546	950	94	894	0.0	1540	RS-GCF-900458645.1-NZ-UHDH01000002.1
15450-1492R-R-B1	RS-GCF-001838765.1-NZ-KV838760.1	98.546	950	94	894	0.0	1540	RS-GCF-001838765.1-NZ-KV838760.1
15450-1492R-R-B1	RS-GCF-900138955.1-NZ-FVTG01000022.1	98.546	950	94	894	0.0	1540	RS-GCF-900138955.1-NZ-FVTG01000022.1
15450-1492R-R-B1	G001471555	98.546	950	94	894	0.0	1540	G001471555
15450-1492R-R-B1	AB009937	98.546	950	94	894	0.0	1540	AB009937
15450-1492R-R-B1	MJ009-2-barcode63-umi153bins-ubs-1233	98.546	950	94	894	0.0	1540	MJ009-2-barcode63-umi153bins-ubs-1233
15450-1492R-R-B1	MJ030-1-barcode36-umi2022bins-ubs-102	98.546	950	94	894	0.0	1540	MJ030-1-barcode36-umi2022bins-ubs-102
15450-1492R-R-B1	MJ005-barcode33-umi4907bins-ubs-37	98.546	950	94	894	0.0	1540	MJ005-barcode33-umi4907bins-ubs-37
15450-1492R-R-B1	MJ006-1-barcode28-umi92548bins-ubs-5	98.546	950	94	894	0.0	1540	MJ006-1-barcode28-umi92548bins-ubs-5
15450-1492R-R-B1	RS-GCF-001075835.1-NZ-JULX01000113.1	98.546	950	94	894	0.0	1537	RS-GCF-001075835.1-NZ-JULX01000113.1
15450-1492R-R-B1	RS-GCF-003856455.1-NZ-CP034115.1--6	98.546	950	94	894	0.0	1536	RS-GCF-003856455.1-NZ-CP034115.1--6
15450-1492R-R-B1	RS-GCF-902509535.1-NZ-LR735440.1	98.546	950	94	894	0.0	1536	RS-GCF-902509535.1-NZ-LR735440.1
15450-1492R-R-B1	RS-GCF-016026915.1-NZ-CP065656.1	98.546	950	94	894	0.0	1536	RS-GCF-016026915.1-NZ-CP065656.1
15450-1492R-R-B1	RS-GCF-902509485.1-NZ-LR735421.1--5	98.546	950	94	894	0.0	1536	RS-GCF-902509485.1-NZ-LR735421.1--5
15450-1492R-R-B1	RS-GCF-016791585.1-NZ-JAENGU010000009.1	98.434	950	94	894	0.0	1535	RS-GCF-016791585.1-NZ-JAENGU010000009.1
15450-1492R-R-B1	RS-GCF-004291105.1-NZ-QHKD01000010.1	98.434	950	94	894	0.0	1535	RS-GCF-004291105.1-NZ-QHKD01000010.1
15450-1492R-R-B1	RS-GCF-006546865.1-NZ-RYDR01000031.1--3	98.434	950	94	894	0.0	1535	RS-GCF-006546865.1-NZ-RYDR01000031.1--3
15450-1492R-R-B1	RS-GCF-002591175.1-NZ-CP023966.1--6	98.434	950	94	894	0.0	1535	RS-GCF-002591175.1-NZ-CP023966.1--6
15450-1492R-R-B1	RS-GCF-901482635.1-NZ-CABEEX010000003.1--4	98.434	950	94	894	0.0	1535	RS-GCF-901482635.1-NZ-CABEEX010000003.1--4
15450-1492R-R-B1	RS-GCF-003040615.1-NZ-PZDB01000106.1	98.434	950	94	894	0.0	1535	RS-GCF-003040615.1-NZ-PZDB01000106.1
15450-1492R-R-B1	RS-GCF-001073365.1-NZ-JVCA01000021.1	98.434	950	94	894	0.0	1535	RS-GCF-001073365.1-NZ-JVCA01000021.1
15450-1492R-R-B1	RS-GCF-000712995.1-NZ-JGYJ01000027.1	98.434	950	94	894	0.0	1535	RS-GCF-000712995.1-NZ-JGYJ01000027.1
15450-1492R-R-B1	RS-GCF-015243435.1-NZ-CP042341.1--6	98.434	950	94	894	0.0	1535	RS-GCF-015243435.1-NZ-CP042341.1--6
15450-1492R-R-B1	RS-GCF-015243435.1-NZ-CP042341.1--2	98.434	950	94	894	0.0	1535	RS-GCF-015243435.1-NZ-CP042341.1--2
15450-1492R-R-B1	RS-GCF-003578385.1-NZ-QXRM01000102.1	98.434	950	94	894	0.0	1535	RS-GCF-003578385.1-NZ-QXRM01000102.1
15450-1492R-R-B1	RS-GCF-014489335.1-NZ-CP060794.1--2	98.434	950	94	894	0.0	1535	RS-GCF-014489335.1-NZ-CP060794.1--2
15450-1492R-R-B1	RS-GCF-902509495.1-NZ-LR735429.1--6	98.434	950	94	894	0.0	1535	RS-GCF-902509495.1-NZ-LR735429.1--6
15450-1492R-R-B1	G001028645	98.434	950	94	894	0.0	1535	G001028645
15450-1492R-R-B1	L37599	98.434	950	94	894	0.0	1535	L37599
15450-1492R-R-B1	MJ005-barcode35-umi14642bins-ubs-15	98.434	950	94	894	0.0	1535	MJ005-barcode35-umi14642bins-ubs-15
15450-1492R-R-B1	MJ006-2-barcode58-umi63197bins-ubs-6	98.434	950	94	894	0.0	1535	MJ006-2-barcode58-umi63197bins-ubs-6
15450-1492R-R-B1	MJ006-2-barcode58-umi181615bins-ubs-3	98.434	950	94	894	0.0	1535	MJ006-2-barcode58-umi181615bins-ubs-3
15450-1492R-R-B1	MJ006-1-barcode37-umi38836bins-ubs-8	98.434	950	94	894	0.0	1535	MJ006-1-barcode37-umi38836bins-ubs-8
15450-1492R-R-B1	RS-GCF-000177115.1-NZ-ADEY01000016.1--2	98.546	950	94	894	0.0	1533	RS-GCF-000177115.1-NZ-ADEY01000016.1--2
15450-1492R-R-B1	RS-GCF-902509505.1-NZ-LR735434.1	98.434	950	94	894	0.0	1533	RS-GCF-902509505.1-NZ-LR735434.1
15450-1492R-R-B1	RS-GCF-000759555.1-NZ-CP009046.1--4	98.546	950	94	894	0.0	1533	RS-GCF-000759555.1-NZ-CP009046.1--4
15450-1492R-R-B1	RS-GCF-003812425.1-NZ-CP033782.1	98.434	950	94	894	0.0	1532	RS-GCF-003812425.1-NZ-CP033782.1
15450-1492R-R-B1	RS-GCF-008728775.1-NZ-CP041726.1--5	98.322	950	94	894	0.0	1531	RS-GCF-008728775.1-NZ-CP041726.1--5
15450-1492R-R-B1	RS-GCF-008728755.1-NZ-CP041725.1--6	98.322	950	94	894	0.0	1531	RS-GCF-008728755.1-NZ-CP041725.1--6
15450-1492R-R-B1	RS-GCF-008728795.1-NZ-CP041727.1--5	98.322	950	94	894	0.0	1531	RS-GCF-008728795.1-NZ-CP041727.1--5
15450-1492R-R-B1	RS-GCF-003578415.1-NZ-QXRO01000153.1	98.322	950	94	894	0.0	1531	RS-GCF-003578415.1-NZ-QXRO01000153.1
15450-1492R-R-B1	JX139845	98.322	950	94	894	0.0	1531	JX139845
15450-1492R-R-B1	MJ033-1-barcode35-umi3722bins-ubs-104	98.322	950	94	894	0.0	1531	MJ033-1-barcode35-umi3722bins-ubs-104
15450-1492R-R-B1	MJ032-2-barcode71-umi1971bins-ubs-134	98.322	950	94	894	0.0	1531	MJ032-2-barcode71-umi1971bins-ubs-134
15450-1492R-R-B1	MJ006-2-barcode58-umi31344bins-ubs-10	98.322	950	94	894	0.0	1531	MJ006-2-barcode58-umi31344bins-ubs-10
15450-1492R-R-B1	RS-GCF-000418205.2-NZ-ATCY02000158.1	98.324	950	94	895	0.0	1529	RS-GCF-000418205.2-NZ-ATCY02000158.1
15450-1492R-R-B1	RS-GCF-001469315.1-NZ-LNUS01000001.1--6	98.434	950	94	894	0.0	1528	RS-GCF-001469315.1-NZ-LNUS01000001.1--6
15450-1492R-R-B1	RS-GCF-000177115.1-NZ-ADEY01000015.1	98.434	950	94	894	0.0	1528	RS-GCF-000177115.1-NZ-ADEY01000015.1
15450-1492R-R-B1	RS-GCF-015243435.1-NZ-CP042341.1--5	98.322	950	94	894	0.0	1527	RS-GCF-015243435.1-NZ-CP042341.1--5
15450-1492R-R-B1	RS-GCF-004745855.1-NZ-SRLF01000044.1	98.210	950	94	894	0.0	1526	RS-GCF-004745855.1-NZ-SRLF01000044.1
15450-1492R-R-B1	RS-GCF-900458665.1-NZ-UHDU01000001.1--6	98.210	950	94	894	0.0	1526	RS-GCF-900458665.1-NZ-UHDU01000001.1--6
15450-1492R-R-B1	RS-GCF-001836225.1-NZ-KV827777.1	98.210	950	94	894	0.0	1526	RS-GCF-001836225.1-NZ-KV827777.1
15450-1492R-R-B1	RS-GCF-900458385.1-NZ-UHCW01000005.1--5	98.210	950	94	894	0.0	1526	RS-GCF-900458385.1-NZ-UHCW01000005.1--5
15450-1492R-R-B1	RS-GCF-003966585.1-NZ-AP018585.1	98.210	950	94	894	0.0	1526	RS-GCF-003966585.1-NZ-AP018585.1
15450-1492R-R-B1	RS-GCF-018916935.1-NZ-JAHLNS010000012.1	98.210	950	94	894	0.0	1526	RS-GCF-018916935.1-NZ-JAHLNS010000012.1
15450-1492R-R-B1	RS-GCF-013267715.1-NZ-CP054017.1--5	98.210	950	94	894	0.0	1526	RS-GCF-013267715.1-NZ-CP054017.1--5
15450-1492R-R-B1	RS-GCF-001074135.1-NZ-JUVB01000002.1	98.210	950	94	894	0.0	1526	RS-GCF-001074135.1-NZ-JUVB01000002.1
15450-1492R-R-B1	RS-GCF-017086425.1-NZ-CP070964.1	98.210	950	94	894	0.0	1526	RS-GCF-017086425.1-NZ-CP070964.1
15450-1492R-R-B1	RS-GCF-002442915.1-NZ-CP017463.1--5	98.210	950	94	894	0.0	1526	RS-GCF-002442915.1-NZ-CP017463.1--5
15450-1492R-R-B1	RS-GCF-016751935.1-NZ-JAEPJP010000001.1--3	98.210	950	94	894	0.0	1526	RS-GCF-016751935.1-NZ-JAEPJP010000001.1--3
15450-1492R-R-B1	RS-GCF-016888605.1-NZ-JAFEKM010000001.1	98.210	950	94	894	0.0	1526	RS-GCF-016888605.1-NZ-JAFEKM010000001.1
15450-1492R-R-B1	RS-GCF-016599795.1-NZ-CP067014.1--6	98.210	950	94	894	0.0	1526	RS-GCF-016599795.1-NZ-CP067014.1--6
15450-1492R-R-B1	RS-GCF-016599795.1-NZ-CP067014.1--5	98.210	950	94	894	0.0	1526	RS-GCF-016599795.1-NZ-CP067014.1--5
15450-1492R-R-B1	RS-GCF-016725205.1-NZ-CP068216.1--6	98.210	950	94	894	0.0	1526	RS-GCF-016725205.1-NZ-CP068216.1--6
15450-1492R-R-B1	RS-GCF-003580525.1-NZ-QYJH01000242.1	98.210	950	94	894	0.0	1526	RS-GCF-003580525.1-NZ-QYJH01000242.1
15450-1492R-R-B1	RS-GCF-008728815.1-NZ-CP041722.1--4	98.210	950	94	894	0.0	1526	RS-GCF-008728815.1-NZ-CP041722.1--4
15450-1492R-R-B1	RS-GCF-001558815.2-NZ-CP014023.2--2	98.210	950	94	894	0.0	1526	RS-GCF-001558815.2-NZ-CP014023.2--2
15450-1492R-R-B1	RS-GCF-900474705.1-NZ-LS483312.1--6	98.210	950	94	894	0.0	1526	RS-GCF-900474705.1-NZ-LS483312.1--6
15450-1492R-R-B1	RS-GCF-900474705.1-NZ-LS483312.1	98.210	950	94	894	0.0	1526	RS-GCF-900474705.1-NZ-LS483312.1
15450-1492R-R-B1	RS-GCF-007833855.1-NZ-CP038242.1--5	98.210	950	94	894	0.0	1526	RS-GCF-007833855.1-NZ-CP038242.1--5
15450-1492R-R-B1	RS-GCF-017898045.1-NZ-JAGMUP010000001.1--6	98.210	950	94	894	0.0	1526	RS-GCF-017898045.1-NZ-JAGMUP010000001.1--6
15450-1492R-R-B1	RS-GCF-003571725.1-NZ-CP032159.1	98.210	950	94	894	0.0	1526	RS-GCF-003571725.1-NZ-CP032159.1
15450-1492R-R-B1	RS-GCF-013267675.1-NZ-CP053957.1--6	98.210	950	94	894	0.0	1526	RS-GCF-013267675.1-NZ-CP053957.1--6
15450-1492R-R-B1	RS-GCF-011307015.1-NZ-CP043784.1--2	98.210	950	94	894	0.0	1526	RS-GCF-011307015.1-NZ-CP043784.1--2
15450-1492R-R-B1	RS-GCF-000418025.2-NZ-ATDA02000009.1	98.210	950	94	894	0.0	1526	RS-GCF-000418025.2-NZ-ATDA02000009.1
15450-1492R-R-B1	RS-GCF-001983065.1-NZ-MOMS01000106.1	98.210	950	94	894	0.0	1526	RS-GCF-001983065.1-NZ-MOMS01000106.1
15450-1492R-R-B1	RS-GCF-001983085.1-NZ-MOMU01000115.1	98.210	950	94	894	0.0	1526	RS-GCF-001983085.1-NZ-MOMU01000115.1
15450-1492R-R-B1	AB009944	98.210	950	94	894	0.0	1526	AB009944
15450-1492R-R-B1	MJ010-1-barcode30-umi51029bins-ubs-13	98.210	950	94	894	0.0	1526	MJ010-1-barcode30-umi51029bins-ubs-13
15450-1492R-R-B1	MJ007-2-barcode55-umi2482bins-ubs-195	98.210	950	94	894	0.0	1526	MJ007-2-barcode55-umi2482bins-ubs-195
15450-1492R-R-B1	MJ006-2-barcode58-umi252049bins-ubs-3	98.210	950	94	894	0.0	1526	MJ006-2-barcode58-umi252049bins-ubs-3
15450-1492R-R-B1	RS-GCF-000177115.1-NZ-ADEY01000022.1	98.324	950	94	895	0.0	1526	RS-GCF-000177115.1-NZ-ADEY01000022.1
15450-1492R-R-B1	GB-GCA-900706775.1-CAADIT010000001.1--2	98.096	950	94	893	0.0	1524	GB-GCA-900706775.1-CAADIT010000001.1--2
15450-1492R-R-B1	RS-GCF-900458665.1-NZ-UHDU01000001.1	98.103	950	94	896	0.0	1523	RS-GCF-900458665.1-NZ-UHDU01000001.1
15450-1492R-R-B1	MJ006-2-barcode58-umi148350bins-ubs-3	98.214	950	94	896	0.0	1523	MJ006-2-barcode58-umi148350bins-ubs-3
15450-1492R-R-B1	RS-GCF-900458825.1-NZ-UHDO01000001.1--3	98.098	950	94	894	0.0	1522	RS-GCF-900458825.1-NZ-UHDO01000001.1--3
15450-1492R-R-B1	RS-GCF-002931375.1-NZ-PSXZ01000036.1	98.098	950	94	894	0.0	1522	RS-GCF-002931375.1-NZ-PSXZ01000036.1
15450-1492R-R-B1	RS-GCF-003966605.1-NZ-AP018586.1--5	98.098	950	94	894	0.0	1522	RS-GCF-003966605.1-NZ-AP018586.1--5
15450-1492R-R-B1	RS-GCF-900458385.1-NZ-UHCW01000005.1--2	98.098	950	94	894	0.0	1522	RS-GCF-900458385.1-NZ-UHCW01000005.1--2
15450-1492R-R-B1	RS-GCF-017893095.1-NZ-JAESMI010000148.1	98.098	950	94	894	0.0	1522	RS-GCF-017893095.1-NZ-JAESMI010000148.1
15450-1492R-R-B1	RS-GCF-003042555.1-NZ-PZIO01000037.1	98.098	950	94	894	0.0	1522	RS-GCF-003042555.1-NZ-PZIO01000037.1
15450-1492R-R-B1	RS-GCF-003491325.1-NZ-CP022881.1	98.098	950	94	894	0.0	1522	RS-GCF-003491325.1-NZ-CP022881.1
15450-1492R-R-B1	RS-GCF-003043235.1-NZ-PZEZ01000134.1	98.098	950	94	894	0.0	1522	RS-GCF-003043235.1-NZ-PZEZ01000134.1
15450-1492R-R-B1	RS-GCF-002442915.1-NZ-CP017463.1--3	98.098	950	94	894	0.0	1522	RS-GCF-002442915.1-NZ-CP017463.1--3
15450-1492R-R-B1	RS-GCF-016725285.1-NZ-CP068219.1--4	98.098	950	94	894	0.0	1522	RS-GCF-016725285.1-NZ-CP068219.1--4
15450-1492R-R-B1	RS-GCF-007814825.1-NZ-CP031280.1--5	98.098	950	94	894	0.0	1522	RS-GCF-007814825.1-NZ-CP031280.1--5
15450-1492R-R-B1	RS-GCF-007814825.1-NZ-CP031280.1	98.098	950	94	894	0.0	1522	RS-GCF-007814825.1-NZ-CP031280.1
15450-1492R-R-B1	RS-GCF-016888605.1-NZ-JAFEKM010000002.1--4	98.098	950	94	894	0.0	1522	RS-GCF-016888605.1-NZ-JAFEKM010000002.1--4
15450-1492R-R-B1	RS-GCF-016725205.1-NZ-CP068216.1--4	98.098	950	94	894	0.0	1522	RS-GCF-016725205.1-NZ-CP068216.1--4
15450-1492R-R-B1	RS-GCF-003580755.1-NZ-QXVU01000093.1	98.098	950	94	894	0.0	1522	RS-GCF-003580755.1-NZ-QXVU01000093.1
15450-1492R-R-B1	RS-GCF-001839345.1-NZ-KV840964.1	98.098	950	94	894	0.0	1522	RS-GCF-001839345.1-NZ-KV840964.1
15450-1492R-R-B1	RS-GCF-001558775.1-NZ-CP014022.1--6	98.098	950	94	894	0.0	1522	RS-GCF-001558775.1-NZ-CP014022.1--6
15450-1492R-R-B1	RS-GCF-000316075.2-NZ-KB373322.1--2	98.098	950	94	894	0.0	1522	RS-GCF-000316075.2-NZ-KB373322.1--2
15450-1492R-R-B1	RS-GCF-009931395.1-NZ-CP038807.1--6	98.098	950	94	894	0.0	1522	RS-GCF-009931395.1-NZ-CP038807.1--6
15450-1492R-R-B1	RS-GCF-009931395.1-NZ-CP038807.1--5	98.098	950	94	894	0.0	1522	RS-GCF-009931395.1-NZ-CP038807.1--5
15450-1492R-R-B1	RS-GCF-001839145.1-NZ-KV840194.1	98.098	950	94	894	0.0	1522	RS-GCF-001839145.1-NZ-KV840194.1
15450-1492R-R-B1	RS-GCF-001558815.2-NZ-CP014023.2--6	98.098	950	94	894	0.0	1522	RS-GCF-001558815.2-NZ-CP014023.2--6
15450-1492R-R-B1	RS-GCF-001558815.2-NZ-CP014023.2	98.098	950	94	894	0.0	1522	RS-GCF-001558815.2-NZ-CP014023.2
15450-1492R-R-B1	RS-GCF-001809105.1-NZ-KV795680.1	98.098	950	94	894	0.0	1522	RS-GCF-001809105.1-NZ-KV795680.1
15450-1492R-R-B1	RS-GCF-002407165.1-NZ-CP023539.1--6	98.098	950	94	894	0.0	1522	RS-GCF-002407165.1-NZ-CP023539.1--6
15450-1492R-R-B1	RS-GCF-000270465.1-NC-017353.1	98.098	950	94	894	0.0	1522	RS-GCF-000270465.1-NC-017353.1
15450-1492R-R-B1	RS-GCF-016804245.1-NZ-CP060160.1	98.098	950	94	894	0.0	1522	RS-GCF-016804245.1-NZ-CP060160.1
15450-1492R-R-B1	RS-GCF-002591215.1-NZ-CP023970.1	98.098	950	94	894	0.0	1522	RS-GCF-002591215.1-NZ-CP023970.1
15450-1492R-R-B1	RS-GCF-900478255.1-NZ-LS483482.1--3	98.098	950	94	894	0.0	1522	RS-GCF-900478255.1-NZ-LS483482.1--3
15450-1492R-R-B1	RS-GCF-001809965.1-NZ-KV799486.1	98.098	950	94	894	0.0	1522	RS-GCF-001809965.1-NZ-KV799486.1
15450-1492R-R-B1	RS-GCF-900636255.1-NZ-LR134242.1--6	98.098	950	94	894	0.0	1522	RS-GCF-900636255.1-NZ-LR134242.1--6
15450-1492R-R-B1	RS-GCF-900636255.1-NZ-LR134242.1	98.098	950	94	894	0.0	1522	RS-GCF-900636255.1-NZ-LR134242.1
15450-1492R-R-B1	RS-GCF-007666805.1-NZ-VDPX01000022.1	98.098	950	94	894	0.0	1522	RS-GCF-007666805.1-NZ-VDPX01000022.1
15450-1492R-R-B1	RS-GCF-000494875.1-NC-022737.1--2	98.098	950	94	894	0.0	1522	RS-GCF-000494875.1-NC-022737.1--2
15450-1492R-R-B1	RS-GCF-900636265.1-NZ-LR134244.1--6	98.098	950	94	894	0.0	1522	RS-GCF-900636265.1-NZ-LR134244.1--6
15450-1492R-R-B1	RS-GCF-901482635.1-NZ-CABEEX010000003.1--5	98.098	950	94	894	0.0	1522	RS-GCF-901482635.1-NZ-CABEEX010000003.1--5
15450-1492R-R-B1	RS-GCF-003579635.1-NZ-QXVP01000018.1	98.098	950	94	894	0.0	1522	RS-GCF-003579635.1-NZ-QXVP01000018.1
15450-1492R-R-B1	RS-GCF-900006675.1-NZ-FBVO01000001.1--3	98.098	950	94	894	0.0	1522	RS-GCF-900006675.1-NZ-FBVO01000001.1--3
15450-1492R-R-B1	RS-GCF-900006675.1-NZ-FBVO01000001.1	98.098	950	94	894	0.0	1522	RS-GCF-900006675.1-NZ-FBVO01000001.1
15450-1492R-R-B1	RS-GCF-013364435.1-NZ-CP054883.1--5	98.098	950	94	894	0.0	1522	RS-GCF-013364435.1-NZ-CP054883.1--5
15450-1492R-R-B1	RS-GCF-009730135.1-NZ-CP046306.1--3	98.098	950	94	894	0.0	1522	RS-GCF-009730135.1-NZ-CP046306.1--3
15450-1492R-R-B1	RS-GCF-009730135.1-NZ-CP046306.1	98.098	950	94	894	0.0	1522	RS-GCF-009730135.1-NZ-CP046306.1
15450-1492R-R-B1	RS-GCF-013267575.1-NZ-CP054006.1--4	98.098	950	94	894	0.0	1522	RS-GCF-013267575.1-NZ-CP054006.1--4
15450-1492R-R-B1	RS-GCF-001808085.1-NZ-KV792045.1	98.098	950	94	894	0.0	1522	RS-GCF-001808085.1-NZ-KV792045.1
15450-1492R-R-B1	RS-GCF-900458635.1-NZ-UHDM01000002.1--4	98.098	950	94	894	0.0	1522	RS-GCF-900458635.1-NZ-UHDM01000002.1--4
15450-1492R-R-B1	RS-GCF-002954105.1-NZ-CP014107.1--6	98.098	950	94	894	0.0	1522	RS-GCF-002954105.1-NZ-CP014107.1--6
15450-1492R-R-B1	RS-GCF-001811375.1-NZ-KV804601.1	98.098	950	94	894	0.0	1522	RS-GCF-001811375.1-NZ-KV804601.1
15450-1492R-R-B1	RS-GCF-900458745.1-NZ-UHDX01000002.1--5	98.098	950	94	894	0.0	1522	RS-GCF-900458745.1-NZ-UHDX01000002.1--5
15450-1492R-R-B1	RS-GCF-900458745.1-NZ-UHDX01000002.1	98.098	950	94	894	0.0	1522	RS-GCF-900458745.1-NZ-UHDX01000002.1
15450-1492R-R-B1	RS-GCF-001813045.1-NZ-KV811436.1	98.098	950	94	894	0.0	1522	RS-GCF-001813045.1-NZ-KV811436.1
15450-1492R-R-B1	RS-GCF-007814725.1-NZ-CP031277.1	98.098	950	94	894	0.0	1522	RS-GCF-007814725.1-NZ-CP031277.1
15450-1492R-R-B1	RS-GCF-001876445.1-NZ-LWJO01000064.1	98.098	950	94	894	0.0	1522	RS-GCF-001876445.1-NZ-LWJO01000064.1
15450-1492R-R-B1	RS-GCF-001809305.1-NZ-KV796868.1	98.098	950	94	894	0.0	1522	RS-GCF-001809305.1-NZ-KV796868.1
15450-1492R-R-B1	RS-GCF-016428605.1-NZ-JAELVP010000027.1	98.098	950	94	894	0.0	1522	RS-GCF-016428605.1-NZ-JAELVP010000027.1
15450-1492R-R-B1	RS-GCF-900109865.1-NZ-FOBP01000034.1	98.098	950	94	894	0.0	1522	RS-GCF-900109865.1-NZ-FOBP01000034.1
15450-1492R-R-B1	RS-GCF-001072965.1-NZ-JVHB01000001.1	98.098	950	94	894	0.0	1522	RS-GCF-001072965.1-NZ-JVHB01000001.1
15450-1492R-R-B1	RS-GCF-003042345.1-NZ-PZHY01000095.1	98.098	950	94	894	0.0	1522	RS-GCF-003042345.1-NZ-PZHY01000095.1
15450-1492R-R-B1	RS-GCF-001807795.1-NZ-KV790884.1	98.098	950	94	894	0.0	1522	RS-GCF-001807795.1-NZ-KV790884.1
15450-1492R-R-B1	RS-GCF-012273435.1-NZ-CP050982.1--2	98.098	950	94	894	0.0	1522	RS-GCF-012273435.1-NZ-CP050982.1--2
15450-1492R-R-B1	RS-GCF-012273435.1-NZ-CP050982.1	98.098	950	94	894	0.0	1522	RS-GCF-012273435.1-NZ-CP050982.1
15450-1492R-R-B1	RS-GCF-004329075.1-NZ-SCHG01000034.1	98.098	950	94	894	0.0	1522	RS-GCF-004329075.1-NZ-SCHG01000034.1
15450-1492R-R-B1	RS-GCF-016236185.1-NZ-JACOGW010000031.1	98.098	950	94	894	0.0	1522	RS-GCF-016236185.1-NZ-JACOGW010000031.1
15450-1492R-R-B1	RS-GCF-001808125.1-NZ-KV792232.1	98.098	950	94	894	0.0	1522	RS-GCF-001808125.1-NZ-KV792232.1
15450-1492R-R-B1	RS-GCF-002114275.1-NZ-NDWY01000001.1--6	98.098	950	94	894	0.0	1522	RS-GCF-002114275.1-NZ-NDWY01000001.1--6
15450-1492R-R-B1	RS-GCF-903969765.1-NZ-CAJCFZ010000016.1	98.098	950	94	894	0.0	1522	RS-GCF-903969765.1-NZ-CAJCFZ010000016.1
15450-1492R-R-B1	RS-GCF-019048025.1-NZ-CP077270.1--3	98.098	950	94	894	0.0	1522	RS-GCF-019048025.1-NZ-CP077270.1--3
15450-1492R-R-B1	RS-GCF-019048025.1-NZ-CP077270.1--2	98.098	950	94	894	0.0	1522	RS-GCF-019048025.1-NZ-CP077270.1--2
15450-1492R-R-B1	RS-GCF-001061155.1-NZ-JWBA01000059.1	98.098	950	94	894	0.0	1522	RS-GCF-001061155.1-NZ-JWBA01000059.1
15450-1492R-R-B1	RS-GCF-003239175.1-NZ-PZTW01000023.1	98.098	950	94	894	0.0	1522	RS-GCF-003239175.1-NZ-PZTW01000023.1
15450-1492R-R-B1	RS-GCF-000573045.1-NZ-KK047918.1	98.098	950	94	894	0.0	1522	RS-GCF-000573045.1-NZ-KK047918.1
15450-1492R-R-B1	RS-GCF-003017715.1-NZ-NGNQ01000001.1	98.098	950	94	894	0.0	1522	RS-GCF-003017715.1-NZ-NGNQ01000001.1
15450-1492R-R-B1	RS-GCF-001068315.1-NZ-JULJ01000090.1	98.098	950	94	894	0.0	1522	RS-GCF-001068315.1-NZ-JULJ01000090.1
15450-1492R-R-B1	RS-GCF-018622975.1-NZ-CP076029.1--8	98.098	950	94	894	0.0	1522	RS-GCF-018622975.1-NZ-CP076029.1--8
15450-1492R-R-B1	GB-GCA-018630425.1-JAGDND010000001.1	98.098	950	94	894	0.0	1522	GB-GCA-018630425.1-JAGDND010000001.1
15450-1492R-R-B1	RS-GCF-001045595.1-NZ-JTFJ01000057.1	98.098	950	94	894	0.0	1522	RS-GCF-001045595.1-NZ-JTFJ01000057.1
15450-1492R-R-B1	RS-GCF-008630775.1-NZ-CP043919.1--3	98.098	950	94	894	0.0	1522	RS-GCF-008630775.1-NZ-CP043919.1--3
15450-1492R-R-B1	RS-GCF-003952625.1-NZ-CP034441.1--3	98.098	950	94	894	0.0	1522	RS-GCF-003952625.1-NZ-CP034441.1--3
15450-1492R-R-B1	RS-GCF-002904355.1-NZ-LKNK01000025.1	98.098	950	94	894	0.0	1522	RS-GCF-002904355.1-NZ-LKNK01000025.1
15450-1492R-R-B1	RS-GCF-900124995.1-NZ-FQEI01000005.1	98.098	950	94	894	0.0	1522	RS-GCF-900124995.1-NZ-FQEI01000005.1
15450-1492R-R-B1	RS-GCF-018995495.1-NZ-JAHNFS010000004.1	98.098	950	94	894	0.0	1522	RS-GCF-018995495.1-NZ-JAHNFS010000004.1
15450-1492R-R-B1	RS-GCF-002905145.1-NZ-LKOT01000025.1	98.098	950	94	894	0.0	1522	RS-GCF-002905145.1-NZ-LKOT01000025.1
15450-1492R-R-B1	RS-GCF-014529875.1-NZ-JACVFE010000055.1	98.098	950	94	894	0.0	1522	RS-GCF-014529875.1-NZ-JACVFE010000055.1
15450-1492R-R-B1	RS-GCF-003422745.1-NZ-BECS01000023.1	98.098	950	94	894	0.0	1522	RS-GCF-003422745.1-NZ-BECS01000023.1
15450-1492R-R-B1	RS-GCF-010364995.1-NZ-JAAFMB010000089.1	98.098	950	94	894	0.0	1522	RS-GCF-010364995.1-NZ-JAAFMB010000089.1
15450-1492R-R-B1	RS-GCF-002904415.1-NZ-LKNL01000031.1	98.098	950	94	894	0.0	1522	RS-GCF-002904415.1-NZ-LKNL01000031.1
15450-1492R-R-B1	RS-GCF-900082185.1-NZ-FKTC01000009.1	98.098	950	94	894	0.0	1522	RS-GCF-900082185.1-NZ-FKTC01000009.1
15450-1492R-R-B1	RS-GCF-002887475.1-NZ-LPWT01000030.1	98.098	950	94	894	0.0	1522	RS-GCF-002887475.1-NZ-LPWT01000030.1
15450-1492R-R-B1	RS-GCF-018093205.1-NZ-CP071102.1--5	98.098	950	94	894	0.0	1522	RS-GCF-018093205.1-NZ-CP071102.1--5
15450-1492R-R-B1	RS-GCF-000681475.1-NZ-AVPA01000021.1	98.098	950	94	894	0.0	1522	RS-GCF-000681475.1-NZ-AVPA01000021.1
15450-1492R-R-B1	RS-GCF-003957315.1-NZ-CP034486.1--6	98.098	950	94	894	0.0	1522	RS-GCF-003957315.1-NZ-CP034486.1--6
15450-1492R-R-B1	RS-GCF-001717665.1-NZ-CP016856.1--6	98.098	950	94	894	0.0	1522	RS-GCF-001717665.1-NZ-CP016856.1--6
15450-1492R-R-B1	RS-GCF-001717665.1-NZ-CP016856.1--5	98.098	950	94	894	0.0	1522	RS-GCF-001717665.1-NZ-CP016856.1--5
15450-1492R-R-B1	RS-GCF-011032785.1-NZ-CP048431.1--6	98.098	950	94	894	0.0	1522	RS-GCF-011032785.1-NZ-CP048431.1--6
15450-1492R-R-B1	RS-GCF-011032785.1-NZ-CP048431.1	98.098	950	94	894	0.0	1522	RS-GCF-011032785.1-NZ-CP048431.1
15450-1492R-R-B1	GB-GCA-014696835.1-CP051483.1--6	98.098	950	94	894	0.0	1522	GB-GCA-014696835.1-CP051483.1--6
15450-1492R-R-B1	RS-GCF-002904935.1-NZ-LKOL01000008.1	98.098	950	94	894	0.0	1522	RS-GCF-002904935.1-NZ-LKOL01000008.1
15450-1492R-R-B1	RS-GCF-005707015.1-NZ-CP039167.1	98.098	950	94	894	0.0	1522	RS-GCF-005707015.1-NZ-CP039167.1
15450-1492R-R-B1	RS-GCF-003113955.1-NZ-BEXZ01000017.1	98.098	950	94	894	0.0	1522	RS-GCF-003113955.1-NZ-BEXZ01000017.1
15450-1492R-R-B1	RS-GCF-013187685.1-NZ-CP029751.1--6	98.098	950	94	894	0.0	1522	RS-GCF-013187685.1-NZ-CP029751.1--6
15450-1492R-R-B1	RS-GCF-002905235.1-NZ-LKOU01000022.1	98.098	950	94	894	0.0	1522	RS-GCF-002905235.1-NZ-LKOU01000022.1
15450-1492R-R-B1	RS-GCF-900125995.1-NZ-FQID01000007.1	98.098	950	94	894	0.0	1522	RS-GCF-900125995.1-NZ-FQID01000007.1
15450-1492R-R-B1	RS-GCF-003426145.1-NZ-CP031673.1--4	98.098	950	94	894	0.0	1522	RS-GCF-003426145.1-NZ-CP031673.1--4
15450-1492R-R-B1	RS-GCF-900457445.1-NZ-UGZQ01000001.1--5	98.098	950	94	894	0.0	1522	RS-GCF-900457445.1-NZ-UGZQ01000001.1--5
15450-1492R-R-B1	RS-GCF-000626975.1-NZ-JHPX01000013.1	98.098	950	94	894	0.0	1522	RS-GCF-000626975.1-NZ-JHPX01000013.1
15450-1492R-R-B1	RS-GCF-011319595.1-NZ-SEZC01000057.1	98.098	950	94	894	0.0	1522	RS-GCF-011319595.1-NZ-SEZC01000057.1
15450-1492R-R-B1	RS-GCF-018998505.1-NZ-JAHNVG010000054.1	98.098	950	94	894	0.0	1522	RS-GCF-018998505.1-NZ-JAHNVG010000054.1
15450-1492R-R-B1	GB-GCA-015290965.1-CP063990.1--6	98.098	950	94	894	0.0	1522	GB-GCA-015290965.1-CP063990.1--6
15450-1492R-R-B1	RS-GCF-900098055.1-NZ-FMPO01000029.1	98.098	950	94	894	0.0	1522	RS-GCF-900098055.1-NZ-FMPO01000029.1
15450-1492R-R-B1	GB-GCA-001469065.1-LNOP01000188.1	98.098	950	94	894	0.0	1522	GB-GCA-001469065.1-LNOP01000188.1
15450-1492R-R-B1	RS-GCF-003194205.1-NZ-CP021353.1--6	98.098	950	94	894	0.0	1522	RS-GCF-003194205.1-NZ-CP021353.1--6
15450-1492R-R-B1	GB-GCA-001982975.1-MOMQ01000023.1	98.098	950	94	894	0.0	1522	GB-GCA-001982975.1-MOMQ01000023.1
15450-1492R-R-B1	RS-GCF-003017415.1-NZ-NGNP01000001.1--3	98.098	950	94	894	0.0	1522	RS-GCF-003017415.1-NZ-NGNP01000001.1--3
15450-1492R-R-B1	RS-GCF-002904555.1-NZ-LKNR01000005.1	98.098	950	94	894	0.0	1522	RS-GCF-002904555.1-NZ-LKNR01000005.1
15450-1492R-R-B1	GB-GCA-014336195.1-CP060618.1	98.098	950	94	894	0.0	1522	GB-GCA-014336195.1-CP060618.1
15450-1492R-R-B1	RS-GCF-003193665.1-NZ-CP029649.1--5	98.098	950	94	894	0.0	1522	RS-GCF-003193665.1-NZ-CP029649.1--5
15450-1492R-R-B1	RS-GCF-003193665.1-NZ-CP029649.1--3	98.098	950	94	894	0.0	1522	RS-GCF-003193665.1-NZ-CP029649.1--3
15450-1492R-R-B1	RS-GCF-011035105.1-NZ-CP047021.1	98.098	950	94	894	0.0	1522	RS-GCF-011035105.1-NZ-CP047021.1
15450-1492R-R-B1	RS-GCF-003113935.1-NZ-BEXY01000022.1	98.098	950	94	894	0.0	1522	RS-GCF-003113935.1-NZ-BEXY01000022.1
15450-1492R-R-B1	RS-GCF-003309965.1-NZ-PTBE01000047.1	98.098	950	94	894	0.0	1522	RS-GCF-003309965.1-NZ-PTBE01000047.1
15450-1492R-R-B1	RS-GCF-017581525.1-NZ-JAGFCK010000021.1	98.098	950	94	894	0.0	1522	RS-GCF-017581525.1-NZ-JAGFCK010000021.1
15450-1492R-R-B1	RS-GCF-000636515.1-NZ-KK218794.1	98.098	950	94	894	0.0	1522	RS-GCF-000636515.1-NZ-KK218794.1
15450-1492R-R-B1	RS-GCF-000636515.1-NZ-KK218801.1	98.098	950	94	894	0.0	1522	RS-GCF-000636515.1-NZ-KK218801.1
15450-1492R-R-B1	RS-GCF-002905535.1-NZ-LKUM01000015.1	98.098	950	94	894	0.0	1522	RS-GCF-002905535.1-NZ-LKUM01000015.1
15450-1492R-R-B1	RS-GCF-900458025.1-NZ-UHBK01000002.1	98.098	950	94	894	0.0	1522	RS-GCF-900458025.1-NZ-UHBK01000002.1
15450-1492R-R-B1	RS-GCF-012274715.1-NZ-SJAX01000009.1	98.098	950	94	894	0.0	1522	RS-GCF-012274715.1-NZ-SJAX01000009.1
15450-1492R-R-B1	RS-GCF-012274715.1-NZ-SJAX01000004.1	98.098	950	94	894	0.0	1522	RS-GCF-012274715.1-NZ-SJAX01000004.1
15450-1492R-R-B1	RS-GCF-012274715.1-NZ-SJAX01000005.1	98.098	950	94	894	0.0	1522	RS-GCF-012274715.1-NZ-SJAX01000005.1
15450-1492R-R-B1	RS-GCF-017088385.1-NZ-CP070983.1--5	98.098	950	94	894	0.0	1522	RS-GCF-017088385.1-NZ-CP070983.1--5
15450-1492R-R-B1	RS-GCF-003238285.1-NZ-PZVR01000020.1	98.098	950	94	894	0.0	1522	RS-GCF-003238285.1-NZ-PZVR01000020.1
15450-1492R-R-B1	RS-GCF-016894285.1-NZ-CP069799.1--6	98.098	950	94	894	0.0	1522	RS-GCF-016894285.1-NZ-CP069799.1--6
15450-1492R-R-B1	RS-GCF-001298325.2-NZ-CP019945.1--4	98.098	950	94	894	0.0	1522	RS-GCF-001298325.2-NZ-CP019945.1--4
15450-1492R-R-B1	RS-GCF-003017635.1-NZ-NGNL01000001.1--3	98.098	950	94	894	0.0	1522	RS-GCF-003017635.1-NZ-NGNL01000001.1--3
15450-1492R-R-B1	RS-GCF-000636795.1-NZ-KK219406.1--2	98.098	950	94	894	0.0	1522	RS-GCF-000636795.1-NZ-KK219406.1--2
15450-1492R-R-B1	RS-GCF-003017655.1-NZ-NGNM01000001.1--2	98.098	950	94	894	0.0	1522	RS-GCF-003017655.1-NZ-NGNM01000001.1--2
15450-1492R-R-B1	RS-GCF-002904575.1-NZ-LKNS01000019.1	98.098	950	94	894	0.0	1522	RS-GCF-002904575.1-NZ-LKNS01000019.1
15450-1492R-R-B1	RS-GCF-006511775.1-NZ-SZYV01000083.1	98.098	950	94	894	0.0	1522	RS-GCF-006511775.1-NZ-SZYV01000083.1
15450-1492R-R-B1	RS-GCF-000636875.1-NZ-KK219541.1	98.098	950	94	894	0.0	1522	RS-GCF-000636875.1-NZ-KK219541.1
15450-1492R-R-B1	RS-GCF-003857255.1-NZ-RDEV01000009.1	98.098	950	94	894	0.0	1522	RS-GCF-003857255.1-NZ-RDEV01000009.1
15450-1492R-R-B1	RS-GCF-900457905.1-NZ-UHAV01000001.1--6	98.098	950	94	894	0.0	1522	RS-GCF-900457905.1-NZ-UHAV01000001.1--6
15450-1492R-R-B1	RS-GCF-002304615.1-NZ-LKXR01000025.1	98.098	950	94	894	0.0	1522	RS-GCF-002304615.1-NZ-LKXR01000025.1
15450-1492R-R-B1	RS-GCF-009912055.1-NZ-CP047807.1--6	98.098	950	94	894	0.0	1522	RS-GCF-009912055.1-NZ-CP047807.1--6
15450-1492R-R-B1	RS-GCF-009912055.1-NZ-CP047807.1--5	98.098	950	94	894	0.0	1522	RS-GCF-009912055.1-NZ-CP047807.1--5
15450-1492R-R-B1	RS-GCF-000878095.1-NZ-JXID01000165.1	98.098	950	94	894	0.0	1522	RS-GCF-000878095.1-NZ-JXID01000165.1
15450-1492R-R-B1	RS-GCF-009697035.1-NZ-WIQB01000036.1	98.098	950	94	894	0.0	1522	RS-GCF-009697035.1-NZ-WIQB01000036.1
15450-1492R-R-B1	RS-GCF-013344785.1-NZ-JABVAG010000030.1	98.098	950	94	894	0.0	1522	RS-GCF-013344785.1-NZ-JABVAG010000030.1
15450-1492R-R-B1	RS-GCF-002905455.1-NZ-LKTH01000024.1	98.098	950	94	894	0.0	1522	RS-GCF-002905455.1-NZ-LKTH01000024.1
15450-1492R-R-B1	RS-GCF-002273325.1-NZ-LKWG01000051.1	98.098	950	94	894	0.0	1522	RS-GCF-002273325.1-NZ-LKWG01000051.1
15450-1492R-R-B1	RS-GCF-000646035.1-NZ-KK238060.1--2	98.098	950	94	894	0.0	1522	RS-GCF-000646035.1-NZ-KK238060.1--2
15450-1492R-R-B1	RS-GCF-000646035.1-NZ-KK238043.1	98.098	950	94	894	0.0	1522	RS-GCF-000646035.1-NZ-KK238043.1
15450-1492R-R-B1	RS-GCF-002916515.1-NZ-PNPA01000006.1	98.098	950	94	894	0.0	1522	RS-GCF-002916515.1-NZ-PNPA01000006.1
15450-1492R-R-B1	G003309745	98.098	950	94	894	0.0	1522	G003309745
15450-1492R-R-B1	G001045675	98.098	950	94	894	0.0	1522	G001045675
15450-1492R-R-B1	G000183685	98.098	950	94	894	0.0	1522	G000183685
15450-1492R-R-B1	G000025085	98.098	950	94	894	0.0	1522	G000025085
15450-1492R-R-B1	MT586030	98.098	950	94	894	0.0	1522	MT586030
15450-1492R-R-B1	AB233326	98.098	950	94	894	0.0	1522	AB233326
15450-1492R-R-B1	AB009941	98.098	950	94	894	0.0	1522	AB009941
15450-1492R-R-B1	MJ030-2-barcode71-umi4718bins-ubs-69	98.098	950	94	894	0.0	1522	MJ030-2-barcode71-umi4718bins-ubs-69
15450-1492R-R-B1	MJ033-1-barcode49-umi38589bins-ubs-5	98.098	950	94	894	0.0	1522	MJ033-1-barcode49-umi38589bins-ubs-5
15450-1492R-R-B1	MJ032-2-barcode73-umi13962bins-ubs-34	98.098	950	94	894	0.0	1522	MJ032-2-barcode73-umi13962bins-ubs-34
15450-1492R-R-B1	MJ005-barcode82-umi12879bins-ubs-15	98.098	950	94	894	0.0	1522	MJ005-barcode82-umi12879bins-ubs-15
15450-1492R-R-B1	MJ005-barcode74-umi1760bins-ubs-70	98.098	950	94	894	0.0	1522	MJ005-barcode74-umi1760bins-ubs-70
15450-1492R-R-B1	MJ005-barcode42-umi19192bins-ubs-11	98.098	950	94	894	0.0	1522	MJ005-barcode42-umi19192bins-ubs-11
15450-1492R-R-B1	MJ006-2-barcode55-umi16504bins-ubs-15	98.098	950	94	894	0.0	1522	MJ006-2-barcode55-umi16504bins-ubs-15
15450-1492R-R-B1	MJ006-1-barcode37-umi124932bins-ubs-4	98.098	950	94	894	0.0	1522	MJ006-1-barcode37-umi124932bins-ubs-4
15450-1492R-R-B1	RS-GCF-003966625.1-NZ-AP018587.1--5	98.101	950	94	895	0.0	1520	RS-GCF-003966625.1-NZ-AP018587.1--5
15450-1492R-R-B1	RS-GCF-007827125.1-NZ-CP042008.1--5	97.987	950	94	894	0.0	1519	RS-GCF-007827125.1-NZ-CP042008.1--5
15450-1492R-R-B1	RS-GCF-013267715.1-NZ-CP054017.1--2	98.098	950	94	894	0.0	1518	RS-GCF-013267715.1-NZ-CP054017.1--2
15450-1492R-R-B1	RS-GCF-003691405.1-NZ-CP033098.1	98.098	950	94	894	0.0	1518	RS-GCF-003691405.1-NZ-CP033098.1
15450-1492R-R-B1	RS-GCF-900125915.1-NZ-FQHW01000004.1	97.987	950	94	894	0.0	1518	RS-GCF-900125915.1-NZ-FQHW01000004.1
15450-1492R-R-B1	RS-GCF-003035445.1-NZ-PYZJ01000052.1	97.987	950	94	894	0.0	1517	RS-GCF-003035445.1-NZ-PYZJ01000052.1
15450-1492R-R-B1	RS-GCF-002902085.1-NZ-PPQR01000017.1	97.987	950	94	894	0.0	1517	RS-GCF-002902085.1-NZ-PPQR01000017.1
15450-1492R-R-B1	RS-GCF-900187055.1-NZ-LT906460.1--4	97.987	950	94	894	0.0	1517	RS-GCF-900187055.1-NZ-LT906460.1--4
15450-1492R-R-B1	RS-GCF-017357005.1-NZ-CP071589.1--2	97.987	950	94	894	0.0	1517	RS-GCF-017357005.1-NZ-CP071589.1--2
15450-1492R-R-B1	RS-GCF-017368755.1-NZ-JAFNLZ010000002.1	97.987	950	94	894	0.0	1517	RS-GCF-017368755.1-NZ-JAFNLZ010000002.1
15450-1492R-R-B1	RS-GCF-003578115.1-NZ-QXSV01000197.1	97.987	950	94	894	0.0	1517	RS-GCF-003578115.1-NZ-QXSV01000197.1
15450-1492R-R-B1	RS-GCF-007814385.1-NZ-CP031271.1--6	97.987	950	94	894	0.0	1517	RS-GCF-007814385.1-NZ-CP031271.1--6
15450-1492R-R-B1	RS-GCF-013345165.1-NZ-JABVEJ010000001.1	97.987	950	94	894	0.0	1517	RS-GCF-013345165.1-NZ-JABVEJ010000001.1
15450-1492R-R-B1	RS-GCF-003580835.1-NZ-QYJM01000112.1	97.987	950	94	894	0.0	1517	RS-GCF-003580835.1-NZ-QYJM01000112.1
15450-1492R-R-B1	RS-GCF-001921685.1-NZ-MSFF01000012.1	97.987	950	94	894	0.0	1517	RS-GCF-001921685.1-NZ-MSFF01000012.1
15450-1492R-R-B1	RS-GCF-013267715.1-NZ-CP054017.1--3	97.987	950	94	894	0.0	1517	RS-GCF-013267715.1-NZ-CP054017.1--3
15450-1492R-R-B1	RS-GCF-016725285.1-NZ-CP068219.1--6	97.987	950	94	894	0.0	1517	RS-GCF-016725285.1-NZ-CP068219.1--6
15450-1492R-R-B1	RS-GCF-002591215.1-NZ-CP023970.1--2	97.987	950	94	894	0.0	1517	RS-GCF-002591215.1-NZ-CP023970.1--2
15450-1492R-R-B1	RS-GCF-900478255.1-NZ-LS483482.1	97.987	950	94	894	0.0	1517	RS-GCF-900478255.1-NZ-LS483482.1
15450-1492R-R-B1	RS-GCF-900636265.1-NZ-LR134244.1	97.987	950	94	894	0.0	1517	RS-GCF-900636265.1-NZ-LR134244.1
15450-1492R-R-B1	RS-GCF-017898045.1-NZ-JAGMUP010000001.1	97.987	950	94	894	0.0	1517	RS-GCF-017898045.1-NZ-JAGMUP010000001.1
15450-1492R-R-B1	RS-GCF-001969635.1-NZ-LWAN01000180.1	97.987	950	94	894	0.0	1517	RS-GCF-001969635.1-NZ-LWAN01000180.1
15450-1492R-R-B1	RS-GCF-003579665.1-NZ-QXVS01000243.1	97.987	950	94	894	0.0	1517	RS-GCF-003579665.1-NZ-QXVS01000243.1
15450-1492R-R-B1	RS-GCF-900006675.1-NZ-FBVO01000001.1--7	97.987	950	94	894	0.0	1517	RS-GCF-900006675.1-NZ-FBVO01000001.1--7
15450-1492R-R-B1	RS-GCF-013267575.1-NZ-CP054006.1--2	97.987	950	94	894	0.0	1517	RS-GCF-013267575.1-NZ-CP054006.1--2
15450-1492R-R-B1	GB-GCA-013343025.1-CP054550.1	97.987	950	94	894	0.0	1517	GB-GCA-013343025.1-CP054550.1
15450-1492R-R-B1	RS-GCF-002954105.1-NZ-CP014107.1--2	97.987	950	94	894	0.0	1517	RS-GCF-002954105.1-NZ-CP014107.1--2
15450-1492R-R-B1	RS-GCF-900458745.1-NZ-UHDX01000002.1--6	97.987	950	94	894	0.0	1517	RS-GCF-900458745.1-NZ-UHDX01000002.1--6
15450-1492R-R-B1	RS-GCF-007814725.1-NZ-CP031277.1--3	97.987	950	94	894	0.0	1517	RS-GCF-007814725.1-NZ-CP031277.1--3
15450-1492R-R-B1	RS-GCF-003042335.1-NZ-PZHX01000047.1	97.987	950	94	894	0.0	1517	RS-GCF-003042335.1-NZ-PZHX01000047.1
15450-1492R-R-B1	RS-GCF-001070475.1-NZ-JVVE01000085.1	97.987	950	94	894	0.0	1517	RS-GCF-001070475.1-NZ-JVVE01000085.1
15450-1492R-R-B1	RS-GCF-003043015.1-NZ-PZIQ01000082.1	97.987	950	94	894	0.0	1517	RS-GCF-003043015.1-NZ-PZIQ01000082.1
15450-1492R-R-B1	RS-GCF-003043635.1-NZ-PZIE01000133.1	97.987	950	94	894	0.0	1517	RS-GCF-003043635.1-NZ-PZIE01000133.1
15450-1492R-R-B1	RS-GCF-001810265.1-NZ-KV800489.1	97.987	950	94	894	0.0	1517	RS-GCF-001810265.1-NZ-KV800489.1
15450-1492R-R-B1	RS-GCF-903970005.1-NZ-CAJCHB010000026.1	97.987	950	94	894	0.0	1517	RS-GCF-903970005.1-NZ-CAJCHB010000026.1
15450-1492R-R-B1	RS-GCF-017355005.1-NZ-CP071508.1--6	97.987	950	94	894	0.0	1517	RS-GCF-017355005.1-NZ-CP071508.1--6
15450-1492R-R-B1	RS-GCF-001836755.1-NZ-KV830412.1	97.987	950	94	894	0.0	1517	RS-GCF-001836755.1-NZ-KV830412.1
15450-1492R-R-B1	RS-GCF-000763725.1-NZ-JQHA01000040.1	97.987	950	94	894	0.0	1517	RS-GCF-000763725.1-NZ-JQHA01000040.1
15450-1492R-R-B1	RS-GCF-007680355.1-NZ-VEIB01000068.1	97.987	950	94	894	0.0	1517	RS-GCF-007680355.1-NZ-VEIB01000068.1
15450-1492R-R-B1	RS-GCF-015070445.1-NZ-JADCSR010000087.1	97.987	950	94	894	0.0	1517	RS-GCF-015070445.1-NZ-JADCSR010000087.1
15450-1492R-R-B1	RS-GCF-001072095.1-NZ-JVMX01000045.1	97.987	950	94	894	0.0	1517	RS-GCF-001072095.1-NZ-JVMX01000045.1
15450-1492R-R-B1	RS-GCF-017355025.1-NZ-CP071512.1--6	97.987	950	94	894	0.0	1517	RS-GCF-017355025.1-NZ-CP071512.1--6
15450-1492R-R-B1	RS-GCF-009932935.2-NZ-CP049091.1	97.987	950	94	894	0.0	1517	RS-GCF-009932935.2-NZ-CP049091.1
15450-1492R-R-B1	RS-GCF-016695195.1-NZ-CP063274.1--5	97.987	950	94	894	0.0	1517	RS-GCF-016695195.1-NZ-CP063274.1--5
15450-1492R-R-B1	RS-GCF-001814895.1-NZ-KV818357.1	97.987	950	94	894	0.0	1517	RS-GCF-001814895.1-NZ-KV818357.1
15450-1492R-R-B1	RS-GCF-001836865.1-NZ-KV830698.1	97.987	950	94	894	0.0	1517	RS-GCF-001836865.1-NZ-KV830698.1
15450-1492R-R-B1	GB-GCA-001471285.2-LORN02000015.1--5	97.987	950	94	894	0.0	1517	GB-GCA-001471285.2-LORN02000015.1--5
15450-1492R-R-B1	GB-GCA-001471285.2-LORN02000015.1--4	97.987	950	94	894	0.0	1517	GB-GCA-001471285.2-LORN02000015.1--4
15450-1492R-R-B1	GB-GCA-001471285.2-LORN02000015.1--2	97.987	950	94	894	0.0	1517	GB-GCA-001471285.2-LORN02000015.1--2
15450-1492R-R-B1	GB-GCA-001471285.2-LORN02000015.1	97.987	950	94	894	0.0	1517	GB-GCA-001471285.2-LORN02000015.1
15450-1492R-R-B1	GB-GCA-002892325.1-PHHQ01000062.1	97.987	950	94	894	0.0	1517	GB-GCA-002892325.1-PHHQ01000062.1
15450-1492R-R-B1	RS-GCF-001705085.1-NZ-JRAX01000123.1	97.987	950	94	894	0.0	1517	RS-GCF-001705085.1-NZ-JRAX01000123.1
15450-1492R-R-B1	RS-GCF-003042515.1-NZ-PZIN01000065.1	97.987	950	94	894	0.0	1517	RS-GCF-003042515.1-NZ-PZIN01000065.1
15450-1492R-R-B1	RS-GCF-018996905.1-NZ-JAHNUR010000021.1	97.987	950	94	894	0.0	1517	RS-GCF-018996905.1-NZ-JAHNUR010000021.1
15450-1492R-R-B1	RS-GCF-001611955.1-NZ-CP013911.1--5	97.987	950	94	894	0.0	1517	RS-GCF-001611955.1-NZ-CP013911.1--5
15450-1492R-R-B1	RS-GCF-003043755.1-NZ-PZIS01000096.1	97.987	950	94	894	0.0	1517	RS-GCF-003043755.1-NZ-PZIS01000096.1
15450-1492R-R-B1	RS-GCF-003042535.1-NZ-PZIP01000064.1	97.987	950	94	894	0.0	1517	RS-GCF-003042535.1-NZ-PZIP01000064.1
15450-1492R-R-B1	RS-GCF-007677695.1-NZ-VEDE01000061.1	97.987	950	94	894	0.0	1517	RS-GCF-007677695.1-NZ-VEDE01000061.1
15450-1492R-R-B1	RS-GCF-001237685.1-NZ-CUDO01000020.1	97.987	950	94	894	0.0	1517	RS-GCF-001237685.1-NZ-CUDO01000020.1
15450-1492R-R-B1	RS-GCF-903969905.1-NZ-CAJCGT010000028.1	97.987	950	94	894	0.0	1517	RS-GCF-903969905.1-NZ-CAJCGT010000028.1
15450-1492R-R-B1	RS-GCF-001208665.1-NZ-CSPH01000033.1	97.987	950	94	894	0.0	1517	RS-GCF-001208665.1-NZ-CSPH01000033.1
15450-1492R-R-B1	GB-GCA-000189435.3-CP024649.1--2	97.987	950	94	894	0.0	1517	GB-GCA-000189435.3-CP024649.1--2
15450-1492R-R-B1	RS-GCF-000540455.1-NZ-KI976226.1	97.987	950	94	894	0.0	1517	RS-GCF-000540455.1-NZ-KI976226.1
15450-1492R-R-B1	RS-GCF-003236895.1-NZ-PZTJ01000054.1	97.987	950	94	894	0.0	1517	RS-GCF-003236895.1-NZ-PZTJ01000054.1
15450-1492R-R-B1	RS-GCF-001611535.1-NZ-LSBE01000067.1	97.987	950	94	894	0.0	1517	RS-GCF-001611535.1-NZ-LSBE01000067.1
15450-1492R-R-B1	GB-GCA-000572245.1-JASM01000009.1	97.987	950	94	894	0.0	1517	GB-GCA-000572245.1-JASM01000009.1
15450-1492R-R-B1	RS-GCF-000644915.1-NZ-KK235775.1--2	97.987	950	94	894	0.0	1517	RS-GCF-000644915.1-NZ-KK235775.1--2
15450-1492R-R-B1	RS-GCF-002125465.1-NZ-NDUC01000018.1	97.987	950	94	894	0.0	1517	RS-GCF-002125465.1-NZ-NDUC01000018.1
15450-1492R-R-B1	RS-GCF-000570035.1-NZ-KK039208.1	97.987	950	94	894	0.0	1517	RS-GCF-000570035.1-NZ-KK039208.1
15450-1492R-R-B1	RS-GCF-000602105.1-NZ-JGGB01000005.1	97.987	950	94	894	0.0	1517	RS-GCF-000602105.1-NZ-JGGB01000005.1
15450-1492R-R-B1	RS-GCF-000573125.1-NZ-KK048020.1	97.987	950	94	894	0.0	1517	RS-GCF-000573125.1-NZ-KK048020.1
15450-1492R-R-B1	RS-GCF-001019205.2-NZ-CP026953.1	97.987	950	94	894	0.0	1517	RS-GCF-001019205.2-NZ-CP026953.1
15450-1492R-R-B1	RS-GCF-003186105.1-NZ-CP029629.1--3	97.987	950	94	894	0.0	1517	RS-GCF-003186105.1-NZ-CP029629.1--3
15450-1492R-R-B1	RS-GCF-003186105.1-NZ-CP029629.1--2	97.987	950	94	894	0.0	1517	RS-GCF-003186105.1-NZ-CP029629.1--2
15450-1492R-R-B1	RS-GCF-000601825.1-NZ-JGFN01000020.1	97.987	950	94	894	0.0	1517	RS-GCF-000601825.1-NZ-JGFN01000020.1
15450-1492R-R-B1	RS-GCF-000732805.1-NZ-AZMY01000070.1	97.987	950	94	894	0.0	1517	RS-GCF-000732805.1-NZ-AZMY01000070.1
15450-1492R-R-B1	RS-GCF-000644615.1-NZ-KK235178.1	97.987	950	94	894	0.0	1517	RS-GCF-000644615.1-NZ-KK235178.1
15450-1492R-R-B1	RS-GCF-000360925.1-NZ-KB821272.1--5	97.987	950	94	894	0.0	1517	RS-GCF-000360925.1-NZ-KB821272.1--5
15450-1492R-R-B1	RS-GCF-001064135.1-NZ-JVOI01000179.1	97.987	950	94	894	0.0	1517	RS-GCF-001064135.1-NZ-JVOI01000179.1
15450-1492R-R-B1	RS-GCF-000573045.1-NZ-KK047918.1--6	97.987	950	94	894	0.0	1517	RS-GCF-000573045.1-NZ-KK047918.1--6
15450-1492R-R-B1	RS-GCF-000573045.1-NZ-KK047918.1--2	97.987	950	94	894	0.0	1517	RS-GCF-000573045.1-NZ-KK047918.1--2
15450-1492R-R-B1	RS-GCF-000602645.1-NZ-JGHC01000009.1--2	97.987	950	94	894	0.0	1517	RS-GCF-000602645.1-NZ-JGHC01000009.1--2
15450-1492R-R-B1	RS-GCF-000981205.1-NZ-LAKI01000029.1	97.987	950	94	894	0.0	1517	RS-GCF-000981205.1-NZ-LAKI01000029.1
15450-1492R-R-B1	RS-GCF-000539355.1-NZ-KI974889.1	97.987	950	94	894	0.0	1517	RS-GCF-000539355.1-NZ-KI974889.1
15450-1492R-R-B1	RS-GCF-009937785.1-NZ-CP047809.1--4	97.987	950	94	894	0.0	1517	RS-GCF-009937785.1-NZ-CP047809.1--4
15450-1492R-R-B1	RS-GCF-900474695.1-NZ-LS483317.1	97.987	950	94	894	0.0	1517	RS-GCF-900474695.1-NZ-LS483317.1
15450-1492R-R-B1	RS-GCF-000574045.1-NZ-KK064819.1	97.987	950	94	894	0.0	1517	RS-GCF-000574045.1-NZ-KK064819.1
15450-1492R-R-B1	RS-GCF-001027045.1-NZ-CP011528.1--4	97.987	950	94	894	0.0	1517	RS-GCF-001027045.1-NZ-CP011528.1--4
15450-1492R-R-B1	GB-GCA-900457655.1-UAUX01000006.1	97.987	950	94	894	0.0	1517	GB-GCA-900457655.1-UAUX01000006.1
15450-1492R-R-B1	RS-GCF-900127735.1-NZ-FQPK01000015.1	97.987	950	94	894	0.0	1517	RS-GCF-900127735.1-NZ-FQPK01000015.1
15450-1492R-R-B1	RS-GCF-000560025.1-NZ-KK022628.1	97.987	950	94	894	0.0	1517	RS-GCF-000560025.1-NZ-KK022628.1
15450-1492R-R-B1	RS-GCF-000554625.1-NZ-KK008103.1	97.987	950	94	894	0.0	1517	RS-GCF-000554625.1-NZ-KK008103.1
15450-1492R-R-B1	RS-GCF-018502005.1-NZ-CP075506.1--5	97.987	950	94	894	0.0	1517	RS-GCF-018502005.1-NZ-CP075506.1--5
15450-1492R-R-B1	RS-GCF-900125965.1-NZ-FQIA01000001.1	97.987	950	94	894	0.0	1517	RS-GCF-900125965.1-NZ-FQIA01000001.1
15450-1492R-R-B1	RS-GCF-001197715.1-NZ-CSSP01000032.1	97.987	950	94	894	0.0	1517	RS-GCF-001197715.1-NZ-CSSP01000032.1
15450-1492R-R-B1	RS-GCF-008079405.1-NZ-VRNK01000095.1	97.987	950	94	894	0.0	1517	RS-GCF-008079405.1-NZ-VRNK01000095.1
