15450-1492R-B-C4	MJ007-1-barcode38-umi42114bins-ubs-3	97.468	1253	99	1264	0.0	2076	MJ007-1-barcode38-umi42114bins-ubs-3
15450-1492R-B-C4	RS-GCF-001682235.1-NZ-CP013714.1--3	97.389	1253	100	1264	0.0	2076	RS-GCF-001682235.1-NZ-CP013714.1--3
15450-1492R-B-C4	RS-GCF-001876475.1-NZ-LWJW01000053.1	97.389	1253	100	1264	0.0	2076	RS-GCF-001876475.1-NZ-LWJW01000053.1
15450-1492R-B-C4	RS-GCF-016772515.1-NZ-CP068576.1--5	97.389	1253	100	1264	0.0	2076	RS-GCF-016772515.1-NZ-CP068576.1--5
15450-1492R-B-C4	RS-GCF-016725265.1-NZ-CP068063.1	97.389	1253	100	1264	0.0	2076	RS-GCF-016725265.1-NZ-CP068063.1
15450-1492R-B-C4	AB009939	97.389	1253	100	1264	0.0	2076	AB009939
15450-1492R-B-C4	MJ007-1-barcode38-umi3708bins-ubs-72	97.389	1253	100	1264	0.0	2076	MJ007-1-barcode38-umi3708bins-ubs-72
15450-1492R-B-C4	MJ007-1-barcode38-umi5046bins-ubs-54	97.389	1253	100	1264	0.0	2076	MJ007-1-barcode38-umi5046bins-ubs-54
15450-1492R-B-C4	MJ007-1-barcode38-umi5333bins-ubs-55	97.389	1253	100	1264	0.0	2076	MJ007-1-barcode38-umi5333bins-ubs-55
15450-1492R-B-C4	MJ007-1-barcode38-umi4882bins-ubs-57	97.389	1253	100	1264	0.0	2076	MJ007-1-barcode38-umi4882bins-ubs-57
15450-1492R-B-C4	MJ007-1-barcode38-umi2119bins-ubs-118	97.389	1253	100	1264	0.0	2076	MJ007-1-barcode38-umi2119bins-ubs-118
15450-1492R-B-C4	MJ007-1-barcode38-umi30155bins-ubs-5	97.389	1253	100	1264	0.0	2076	MJ007-1-barcode38-umi30155bins-ubs-5
15450-1492R-B-C4	MJ007-1-barcode38-umi34884bins-ubs-5	97.389	1253	100	1264	0.0	2076	MJ007-1-barcode38-umi34884bins-ubs-5
15450-1492R-B-C4	MJ007-1-barcode38-umi34481bins-ubs-6	97.389	1253	100	1264	0.0	2076	MJ007-1-barcode38-umi34481bins-ubs-6
15450-1492R-B-C4	MJ007-1-barcode38-umi3596bins-ubs-73	97.389	1253	100	1264	0.0	2076	MJ007-1-barcode38-umi3596bins-ubs-73
15450-1492R-B-C4	MJ007-1-barcode38-umi6369bins-ubs-47	97.389	1253	100	1264	0.0	2076	MJ007-1-barcode38-umi6369bins-ubs-47
15450-1492R-B-C4	MJ032-1-barcode41-umi2876bins-ubs-100	97.389	1253	100	1264	0.0	2076	MJ032-1-barcode41-umi2876bins-ubs-100
15450-1492R-B-C4	MJ032-1-barcode41-umi1149bins-ubs-174	97.389	1253	100	1264	0.0	2076	MJ032-1-barcode41-umi1149bins-ubs-174
15450-1492R-B-C4	MJ032-1-barcode41-umi55449bins-ubs-5	97.389	1253	100	1264	0.0	2076	MJ032-1-barcode41-umi55449bins-ubs-5
15450-1492R-B-C4	MJ032-1-barcode41-umi1014bins-ubs-182	97.389	1253	100	1264	0.0	2076	MJ032-1-barcode41-umi1014bins-ubs-182
15450-1492R-B-C4	MJ032-1-barcode41-umi4996bins-ubs-64	97.389	1253	100	1264	0.0	2076	MJ032-1-barcode41-umi4996bins-ubs-64
15450-1492R-B-C4	MJ032-1-barcode41-umi26128bins-ubs-14	97.389	1253	100	1264	0.0	2076	MJ032-1-barcode41-umi26128bins-ubs-14
15450-1492R-B-C4	MJ032-1-barcode41-umi2625bins-ubs-105	97.389	1253	100	1264	0.0	2076	MJ032-1-barcode41-umi2625bins-ubs-105
15450-1492R-B-C4	MJ032-1-barcode41-umi6116bins-ubs-63	97.389	1253	100	1264	0.0	2076	MJ032-1-barcode41-umi6116bins-ubs-63
15450-1492R-B-C4	MJ032-1-barcode41-umi2218bins-ubs-113	97.389	1253	100	1264	0.0	2076	MJ032-1-barcode41-umi2218bins-ubs-113
15450-1492R-B-C4	MJ007-1-barcode38-umi1847bins-ubs-134	97.387	1253	99	1263	0.0	2074	MJ007-1-barcode38-umi1847bins-ubs-134
15450-1492R-B-C4	RS-GCF-900458565.1-NZ-UHDI01000001.1--7	97.310	1253	100	1264	0.0	2071	RS-GCF-900458565.1-NZ-UHDI01000001.1--7
15450-1492R-B-C4	RS-GCF-016127455.1-NZ-CP066013.1--7	97.310	1253	100	1264	0.0	2071	RS-GCF-016127455.1-NZ-CP066013.1--7
15450-1492R-B-C4	RS-GCF-016028235.1-NZ-CP065710.1--6	97.310	1253	100	1264	0.0	2071	RS-GCF-016028235.1-NZ-CP065710.1--6
15450-1492R-B-C4	RS-GCF-001682235.1-NZ-CP013714.1--2	97.310	1253	100	1264	0.0	2071	RS-GCF-001682235.1-NZ-CP013714.1--2
15450-1492R-B-C4	RS-GCF-001682235.1-NZ-CP013714.1	97.310	1253	100	1264	0.0	2071	RS-GCF-001682235.1-NZ-CP013714.1
15450-1492R-B-C4	G001432245	97.310	1253	100	1264	0.0	2071	G001432245
15450-1492R-B-C4	AF527483	97.310	1253	100	1264	0.0	2071	AF527483
15450-1492R-B-C4	MJ007-1-barcode38-umi2246bins-ubs-108	97.310	1253	100	1264	0.0	2071	MJ007-1-barcode38-umi2246bins-ubs-108
15450-1492R-B-C4	MJ007-1-barcode38-umi24047bins-ubs-9	97.310	1253	100	1264	0.0	2071	MJ007-1-barcode38-umi24047bins-ubs-9
15450-1492R-B-C4	MJ007-1-barcode38-umi4052bins-ubs-67	97.310	1253	100	1264	0.0	2071	MJ007-1-barcode38-umi4052bins-ubs-67
15450-1492R-B-C4	MJ007-1-barcode38-umi2855bins-ubs-89	97.310	1253	100	1264	0.0	2071	MJ007-1-barcode38-umi2855bins-ubs-89
15450-1492R-B-C4	MJ007-1-barcode38-umi9498bins-ubs-31	97.310	1253	100	1264	0.0	2071	MJ007-1-barcode38-umi9498bins-ubs-31
15450-1492R-B-C4	MJ007-1-barcode38-umi3476bins-ubs-73	97.310	1253	100	1264	0.0	2071	MJ007-1-barcode38-umi3476bins-ubs-73
15450-1492R-B-C4	MJ007-1-barcode38-umi33933bins-ubs-4	97.310	1253	100	1264	0.0	2071	MJ007-1-barcode38-umi33933bins-ubs-4
15450-1492R-B-C4	MJ007-1-barcode38-umi3356bins-ubs-78	97.310	1253	100	1264	0.0	2071	MJ007-1-barcode38-umi3356bins-ubs-78
15450-1492R-B-C4	MJ007-1-barcode38-umi38208bins-ubs-3	97.310	1253	100	1264	0.0	2071	MJ007-1-barcode38-umi38208bins-ubs-3
15450-1492R-B-C4	MJ007-1-barcode38-umi3757bins-ubs-72	97.310	1253	100	1264	0.0	2071	MJ007-1-barcode38-umi3757bins-ubs-72
15450-1492R-B-C4	MJ007-1-barcode38-umi3887bins-ubs-67	97.310	1253	100	1264	0.0	2071	MJ007-1-barcode38-umi3887bins-ubs-67
15450-1492R-B-C4	MJ007-1-barcode38-umi5717bins-ubs-53	97.310	1253	100	1264	0.0	2071	MJ007-1-barcode38-umi5717bins-ubs-53
15450-1492R-B-C4	MJ007-1-barcode38-umi2768bins-ubs-91	97.310	1253	100	1264	0.0	2071	MJ007-1-barcode38-umi2768bins-ubs-91
15450-1492R-B-C4	MJ007-1-barcode38-umi2704bins-ubs-91	97.310	1253	100	1264	0.0	2071	MJ007-1-barcode38-umi2704bins-ubs-91
15450-1492R-B-C4	MJ007-1-barcode38-umi2477bins-ubs-102	97.310	1253	100	1264	0.0	2071	MJ007-1-barcode38-umi2477bins-ubs-102
15450-1492R-B-C4	MJ007-1-barcode38-umi18510bins-ubs-14	97.310	1253	100	1264	0.0	2071	MJ007-1-barcode38-umi18510bins-ubs-14
15450-1492R-B-C4	MJ007-1-barcode38-umi21316bins-ubs-9	97.310	1253	100	1264	0.0	2071	MJ007-1-barcode38-umi21316bins-ubs-9
15450-1492R-B-C4	MJ007-1-barcode38-umi2202bins-ubs-115	97.310	1253	100	1264	0.0	2071	MJ007-1-barcode38-umi2202bins-ubs-115
15450-1492R-B-C4	MJ007-1-barcode38-umi4036bins-ubs-67	97.310	1253	100	1264	0.0	2071	MJ007-1-barcode38-umi4036bins-ubs-67
15450-1492R-B-C4	MJ007-1-barcode38-umi41666bins-ubs-3	97.310	1253	100	1264	0.0	2071	MJ007-1-barcode38-umi41666bins-ubs-3
15450-1492R-B-C4	MJ007-1-barcode38-umi10969bins-ubs-28	97.310	1253	100	1264	0.0	2071	MJ007-1-barcode38-umi10969bins-ubs-28
15450-1492R-B-C4	MJ007-1-barcode38-umi12479bins-ubs-22	97.310	1253	100	1264	0.0	2071	MJ007-1-barcode38-umi12479bins-ubs-22
15450-1492R-B-C4	MJ007-1-barcode38-umi10741bins-ubs-28	97.310	1253	100	1264	0.0	2071	MJ007-1-barcode38-umi10741bins-ubs-28
15450-1492R-B-C4	MJ007-1-barcode38-umi13258bins-ubs-21	97.310	1253	100	1264	0.0	2071	MJ007-1-barcode38-umi13258bins-ubs-21
15450-1492R-B-C4	MJ007-1-barcode38-umi10773bins-ubs-30	97.310	1253	100	1264	0.0	2071	MJ007-1-barcode38-umi10773bins-ubs-30
15450-1492R-B-C4	MJ007-1-barcode38-umi28794bins-ubs-6	97.310	1253	100	1264	0.0	2071	MJ007-1-barcode38-umi28794bins-ubs-6
15450-1492R-B-C4	MJ007-1-barcode38-umi29540bins-ubs-5	97.310	1253	100	1264	0.0	2071	MJ007-1-barcode38-umi29540bins-ubs-5
15450-1492R-B-C4	MJ007-1-barcode38-umi7421bins-ubs-41	97.310	1253	100	1264	0.0	2071	MJ007-1-barcode38-umi7421bins-ubs-41
15450-1492R-B-C4	MJ007-1-barcode38-umi7556bins-ubs-40	97.310	1253	100	1264	0.0	2071	MJ007-1-barcode38-umi7556bins-ubs-40
15450-1492R-B-C4	MJ007-1-barcode38-umi7046bins-ubs-43	97.310	1253	100	1264	0.0	2071	MJ007-1-barcode38-umi7046bins-ubs-43
15450-1492R-B-C4	MJ007-1-barcode38-umi7801bins-ubs-36	97.310	1253	100	1264	0.0	2071	MJ007-1-barcode38-umi7801bins-ubs-36
15450-1492R-B-C4	MJ007-1-barcode38-umi9492bins-ubs-33	97.310	1253	100	1264	0.0	2071	MJ007-1-barcode38-umi9492bins-ubs-33
15450-1492R-B-C4	MJ007-1-barcode38-umi3417bins-ubs-79	97.310	1253	100	1264	0.0	2071	MJ007-1-barcode38-umi3417bins-ubs-79
15450-1492R-B-C4	MJ007-1-barcode38-umi3505bins-ubs-73	97.310	1253	100	1264	0.0	2071	MJ007-1-barcode38-umi3505bins-ubs-73
15450-1492R-B-C4	MJ007-1-barcode38-umi5900bins-ubs-49	97.310	1253	100	1264	0.0	2071	MJ007-1-barcode38-umi5900bins-ubs-49
15450-1492R-B-C4	MJ007-1-barcode38-umi5209bins-ubs-62	97.310	1253	100	1264	0.0	2071	MJ007-1-barcode38-umi5209bins-ubs-62
15450-1492R-B-C4	MJ007-1-barcode38-umi5223bins-ubs-57	97.310	1253	100	1264	0.0	2071	MJ007-1-barcode38-umi5223bins-ubs-57
15450-1492R-B-C4	MJ007-1-barcode38-umi5104bins-ubs-55	97.310	1253	100	1264	0.0	2071	MJ007-1-barcode38-umi5104bins-ubs-55
15450-1492R-B-C4	MJ007-1-barcode38-umi5032bins-ubs-57	97.310	1253	100	1264	0.0	2071	MJ007-1-barcode38-umi5032bins-ubs-57
15450-1492R-B-C4	MJ007-1-barcode38-umi24470bins-ubs-7	97.310	1253	100	1264	0.0	2071	MJ007-1-barcode38-umi24470bins-ubs-7
15450-1492R-B-C4	MJ007-1-barcode38-umi18051bins-ubs-13	97.310	1253	100	1264	0.0	2071	MJ007-1-barcode38-umi18051bins-ubs-13
15450-1492R-B-C4	MJ007-1-barcode38-umi18767bins-ubs-11	97.310	1253	100	1264	0.0	2071	MJ007-1-barcode38-umi18767bins-ubs-11
15450-1492R-B-C4	MJ007-1-barcode38-umi19068bins-ubs-12	97.310	1253	100	1264	0.0	2071	MJ007-1-barcode38-umi19068bins-ubs-12
15450-1492R-B-C4	MJ007-1-barcode38-umi1790bins-ubs-133	97.310	1253	100	1264	0.0	2071	MJ007-1-barcode38-umi1790bins-ubs-133
15450-1492R-B-C4	MJ032-1-barcode41-umi3057bins-ubs-96	97.310	1253	100	1264	0.0	2071	MJ032-1-barcode41-umi3057bins-ubs-96
15450-1492R-B-C4	MJ032-1-barcode41-umi5787bins-ubs-63	97.310	1253	100	1264	0.0	2071	MJ032-1-barcode41-umi5787bins-ubs-63
15450-1492R-B-C4	MJ032-1-barcode41-umi23524bins-ubs-16	97.310	1253	100	1264	0.0	2071	MJ032-1-barcode41-umi23524bins-ubs-16
15450-1492R-B-C4	MJ032-1-barcode41-umi45931bins-ubs-7	97.310	1253	100	1264	0.0	2071	MJ032-1-barcode41-umi45931bins-ubs-7
15450-1492R-B-C4	MJ032-1-barcode41-umi4534bins-ubs-75	97.310	1253	100	1264	0.0	2071	MJ032-1-barcode41-umi4534bins-ubs-75
15450-1492R-B-C4	MJ032-1-barcode41-umi1569bins-ubs-139	97.310	1253	100	1264	0.0	2071	MJ032-1-barcode41-umi1569bins-ubs-139
15450-1492R-B-C4	MJ032-1-barcode41-umi2260bins-ubs-115	97.310	1253	100	1264	0.0	2071	MJ032-1-barcode41-umi2260bins-ubs-115
15450-1492R-B-C4	MJ032-1-barcode41-umi4850bins-ubs-72	97.310	1253	100	1264	0.0	2071	MJ032-1-barcode41-umi4850bins-ubs-72
15450-1492R-B-C4	MJ032-1-barcode41-umi2454bins-ubs-117	97.310	1253	100	1264	0.0	2071	MJ032-1-barcode41-umi2454bins-ubs-117
15450-1492R-B-C4	MJ032-1-barcode41-umi23131bins-ubs-20	97.310	1253	100	1264	0.0	2071	MJ032-1-barcode41-umi23131bins-ubs-20
15450-1492R-B-C4	MJ032-1-barcode41-umi1719bins-ubs-131	97.310	1253	100	1264	0.0	2071	MJ032-1-barcode41-umi1719bins-ubs-131
15450-1492R-B-C4	MJ032-1-barcode41-umi1823bins-ubs-128	97.310	1253	100	1264	0.0	2071	MJ032-1-barcode41-umi1823bins-ubs-128
15450-1492R-B-C4	MJ032-1-barcode41-umi27445bins-ubs-14	97.310	1253	100	1264	0.0	2071	MJ032-1-barcode41-umi27445bins-ubs-14
15450-1492R-B-C4	MJ032-1-barcode41-umi1361bins-ubs-150	97.310	1253	100	1264	0.0	2071	MJ032-1-barcode41-umi1361bins-ubs-150
15450-1492R-B-C4	RS-GCF-001747895.1-NZ-LNNB01000037.1	97.310	1253	100	1264	0.0	2067	RS-GCF-001747895.1-NZ-LNNB01000037.1
15450-1492R-B-C4	RS-GCF-016028235.1-NZ-CP065710.1--2	97.310	1253	100	1264	0.0	2067	RS-GCF-016028235.1-NZ-CP065710.1--2
15450-1492R-B-C4	RS-GCF-001431205.1-NZ-LGPC01000013.1	97.231	1253	100	1264	0.0	2067	RS-GCF-001431205.1-NZ-LGPC01000013.1
15450-1492R-B-C4	RS-GCF-900458565.1-NZ-UHDI01000001.1	97.231	1253	100	1264	0.0	2067	RS-GCF-900458565.1-NZ-UHDI01000001.1
15450-1492R-B-C4	RS-GCF-016725265.1-NZ-CP068063.1--7	97.231	1253	100	1264	0.0	2067	RS-GCF-016725265.1-NZ-CP068063.1--7
15450-1492R-B-C4	MJ009-1-barcode40-umi66377bins-ubs-5	97.231	1253	100	1264	0.0	2067	MJ009-1-barcode40-umi66377bins-ubs-5
15450-1492R-B-C4	MJ007-1-barcode38-umi14118bins-ubs-18	97.231	1253	100	1264	0.0	2067	MJ007-1-barcode38-umi14118bins-ubs-18
15450-1492R-B-C4	MJ007-1-barcode38-umi4478bins-ubs-66	97.231	1253	100	1264	0.0	2067	MJ007-1-barcode38-umi4478bins-ubs-66
15450-1492R-B-C4	MJ007-1-barcode38-umi23784bins-ubs-7	97.231	1253	100	1264	0.0	2067	MJ007-1-barcode38-umi23784bins-ubs-7
15450-1492R-B-C4	MJ007-1-barcode38-umi5943bins-ubs-50	97.231	1253	100	1264	0.0	2067	MJ007-1-barcode38-umi5943bins-ubs-50
15450-1492R-B-C4	MJ007-1-barcode38-umi20226bins-ubs-12	97.231	1253	100	1264	0.0	2067	MJ007-1-barcode38-umi20226bins-ubs-12
15450-1492R-B-C4	MJ032-1-barcode41-umi1700bins-ubs-135	97.231	1253	100	1264	0.0	2067	MJ032-1-barcode41-umi1700bins-ubs-135
15450-1492R-B-C4	MJ032-1-barcode41-umi3541bins-ubs-88	97.231	1253	100	1264	0.0	2067	MJ032-1-barcode41-umi3541bins-ubs-88
15450-1492R-B-C4	GB-GCA-009834585.1-CP041697.1--2	97.231	1253	100	1264	0.0	2059	GB-GCA-009834585.1-CP041697.1--2
15450-1492R-B-C4	MJ007-1-barcode38-umi22617bins-ubs-8	96.994	1253	100	1264	0.0	2053	MJ007-1-barcode38-umi22617bins-ubs-8
15450-1492R-B-C4	MJ007-1-barcode38-umi10027bins-ubs-30	96.994	1253	100	1264	0.0	2053	MJ007-1-barcode38-umi10027bins-ubs-30
15450-1492R-B-C4	MJ007-1-barcode38-umi9967bins-ubs-30	96.915	1253	100	1264	0.0	2049	MJ007-1-barcode38-umi9967bins-ubs-30
15450-1492R-B-C4	GB-GCA-009834585.1-CP041697.1--4	97.073	1253	100	1264	0.0	2048	GB-GCA-009834585.1-CP041697.1--4
15450-1492R-B-C4	RS-GCF-000815285.1-NZ-JXAU01000046.1	96.754	1253	99	1263	0.0	2038	RS-GCF-000815285.1-NZ-JXAU01000046.1
15450-1492R-B-C4	RS-GCF-002836875.1-NZ-PIZN01000024.1	96.754	1253	99	1263	0.0	2038	RS-GCF-002836875.1-NZ-PIZN01000024.1
15450-1492R-B-C4	RS-GCF-003577905.1-NZ-QXSX01000174.1	96.754	1253	99	1263	0.0	2038	RS-GCF-003577905.1-NZ-QXSX01000174.1
15450-1492R-B-C4	RS-GCF-900458845.1-NZ-UHEC01000001.1--6	96.754	1253	99	1263	0.0	2038	RS-GCF-900458845.1-NZ-UHEC01000001.1--6
15450-1492R-B-C4	RS-GCF-017892255.1-NZ-JAESKU010000029.1	96.754	1253	99	1263	0.0	2038	RS-GCF-017892255.1-NZ-JAESKU010000029.1
15450-1492R-B-C4	RS-GCF-014180735.1-NZ-JAALCY010000011.1	96.754	1253	99	1263	0.0	2038	RS-GCF-014180735.1-NZ-JAALCY010000011.1
15450-1492R-B-C4	D83361	96.754	1253	99	1263	0.0	2038	D83361
15450-1492R-B-C4	MJ030-1-barcode49-umi1666bins-ubs-118	96.754	1253	99	1263	0.0	2038	MJ030-1-barcode49-umi1666bins-ubs-118
15450-1492R-B-C4	MJ007-2-barcode52-umi19010bins-ubs-19	96.754	1253	99	1263	0.0	2038	MJ007-2-barcode52-umi19010bins-ubs-19
15450-1492R-B-C4	MJ007-2-barcode52-umi394bins-ubs-821	96.754	1253	99	1263	0.0	2038	MJ007-2-barcode52-umi394bins-ubs-821
15450-1492R-B-C4	MJ007-1-barcode38-umi9051bins-ubs-33	96.754	1253	99	1263	0.0	2038	MJ007-1-barcode38-umi9051bins-ubs-33
15450-1492R-B-C4	MJ032-1-barcode41-umi10394bins-ubs-40	96.754	1253	99	1263	0.0	2038	MJ032-1-barcode41-umi10394bins-ubs-40
15450-1492R-B-C4	MJ032-1-barcode41-umi47223bins-ubs-6	96.754	1253	99	1263	0.0	2038	MJ032-1-barcode41-umi47223bins-ubs-6
15450-1492R-B-C4	RS-GCF-014884015.1-NZ-JABXWW010000016.1	96.677	1253	100	1264	0.0	2035	RS-GCF-014884015.1-NZ-JABXWW010000016.1
15450-1492R-B-C4	RS-GCF-018502245.1-NZ-CP075501.1--2	96.675	1253	99	1263	0.0	2033	RS-GCF-018502245.1-NZ-CP075501.1--2
15450-1492R-B-C4	RS-GCF-003043095.1-NZ-PZEI01000200.1	96.675	1253	99	1263	0.0	2033	RS-GCF-003043095.1-NZ-PZEI01000200.1
15450-1492R-B-C4	RS-GCF-016774515.1-NZ-CP068712.1--7	96.675	1253	99	1263	0.0	2033	RS-GCF-016774515.1-NZ-CP068712.1--7
15450-1492R-B-C4	RS-GCF-016774515.1-NZ-CP068712.1--6	96.675	1253	99	1263	0.0	2033	RS-GCF-016774515.1-NZ-CP068712.1--6
15450-1492R-B-C4	RS-GCF-900458755.1-NZ-UHEI01000002.1--3	96.675	1253	99	1263	0.0	2033	RS-GCF-900458755.1-NZ-UHEI01000002.1--3
15450-1492R-B-C4	RS-GCF-003041315.1-NZ-PZEQ01000068.1	96.675	1253	99	1263	0.0	2033	RS-GCF-003041315.1-NZ-PZEQ01000068.1
15450-1492R-B-C4	RS-GCF-014884125.1-NZ-JABXXE010000023.1	96.675	1253	99	1263	0.0	2033	RS-GCF-014884125.1-NZ-JABXXE010000023.1
15450-1492R-B-C4	RS-GCF-017893405.1-NZ-JAESMX010000029.1	96.675	1253	99	1263	0.0	2033	RS-GCF-017893405.1-NZ-JAESMX010000029.1
15450-1492R-B-C4	RS-GCF-900458845.1-NZ-UHEC01000001.1--5	96.675	1253	99	1263	0.0	2033	RS-GCF-900458845.1-NZ-UHEC01000001.1--5
15450-1492R-B-C4	RS-GCF-900458845.1-NZ-UHEC01000001.1	96.675	1253	99	1263	0.0	2033	RS-GCF-900458845.1-NZ-UHEC01000001.1
15450-1492R-B-C4	RS-GCF-003578125.1-NZ-QXTB01000172.1	96.675	1253	99	1263	0.0	2033	RS-GCF-003578125.1-NZ-QXTB01000172.1
15450-1492R-B-C4	RS-GCF-003577935.1-NZ-QXSZ01000199.1	96.675	1253	99	1263	0.0	2033	RS-GCF-003577935.1-NZ-QXSZ01000199.1
15450-1492R-B-C4	RS-GCF-000972565.1-NZ-LATU01000008.1	96.675	1253	99	1263	0.0	2033	RS-GCF-000972565.1-NZ-LATU01000008.1
15450-1492R-B-C4	G000972575	96.675	1253	99	1263	0.0	2033	G000972575
15450-1492R-B-C4	G000706685	96.675	1253	99	1263	0.0	2033	G000706685
15450-1492R-B-C4	AB009936	96.675	1253	99	1263	0.0	2033	AB009936
15450-1492R-B-C4	D83374	96.675	1253	99	1263	0.0	2033	D83374
15450-1492R-B-C4	MJ007-2-barcode52-umi1200bins-ubs-372	96.675	1253	99	1263	0.0	2033	MJ007-2-barcode52-umi1200bins-ubs-372
15450-1492R-B-C4	MJ007-2-barcode52-umi1233bins-ubs-370	96.675	1253	99	1263	0.0	2033	MJ007-2-barcode52-umi1233bins-ubs-370
15450-1492R-B-C4	MJ007-2-barcode52-umi434bins-ubs-762	96.675	1253	99	1263	0.0	2033	MJ007-2-barcode52-umi434bins-ubs-762
15450-1492R-B-C4	MJ007-1-barcode38-umi12710bins-ubs-23	96.675	1253	99	1263	0.0	2033	MJ007-1-barcode38-umi12710bins-ubs-23
15450-1492R-B-C4	MJ007-1-barcode38-umi4127bins-ubs-65	96.675	1253	99	1263	0.0	2033	MJ007-1-barcode38-umi4127bins-ubs-65
15450-1492R-B-C4	MJ007-1-barcode38-umi12202bins-ubs-22	96.675	1253	99	1263	0.0	2033	MJ007-1-barcode38-umi12202bins-ubs-22
15450-1492R-B-C4	MJ007-1-barcode38-umi28853bins-ubs-6	96.675	1253	99	1263	0.0	2033	MJ007-1-barcode38-umi28853bins-ubs-6
15450-1492R-B-C4	MJ007-1-barcode38-umi7184bins-ubs-41	96.675	1253	99	1263	0.0	2033	MJ007-1-barcode38-umi7184bins-ubs-41
15450-1492R-B-C4	MJ007-1-barcode38-umi6514bins-ubs-49	96.675	1253	99	1263	0.0	2033	MJ007-1-barcode38-umi6514bins-ubs-49
15450-1492R-B-C4	MJ007-1-barcode38-umi15665bins-ubs-18	96.675	1253	99	1263	0.0	2033	MJ007-1-barcode38-umi15665bins-ubs-18
15450-1492R-B-C4	MJ007-1-barcode38-umi27928bins-ubs-7	96.675	1253	99	1263	0.0	2033	MJ007-1-barcode38-umi27928bins-ubs-7
15450-1492R-B-C4	MJ007-1-barcode38-umi20501bins-ubs-14	96.675	1253	99	1263	0.0	2033	MJ007-1-barcode38-umi20501bins-ubs-14
15450-1492R-B-C4	MJ030-1-barcode43-umi11845bins-ubs-36	96.675	1253	99	1263	0.0	2033	MJ030-1-barcode43-umi11845bins-ubs-36
15450-1492R-B-C4	MJ030-1-barcode43-umi32932bins-ubs-16	96.675	1253	99	1263	0.0	2033	MJ030-1-barcode43-umi32932bins-ubs-16
15450-1492R-B-C4	MJ030-1-barcode43-umi23173bins-ubs-26	96.675	1253	99	1263	0.0	2033	MJ030-1-barcode43-umi23173bins-ubs-26
15450-1492R-B-C4	MJ030-1-barcode43-umi99279bins-ubs-5	96.675	1253	99	1263	0.0	2033	MJ030-1-barcode43-umi99279bins-ubs-5
15450-1492R-B-C4	MJ030-1-barcode43-umi13766bins-ubs-35	96.675	1253	99	1263	0.0	2033	MJ030-1-barcode43-umi13766bins-ubs-35
15450-1492R-B-C4	MJ030-1-barcode43-umi34291bins-ubs-16	96.675	1253	99	1263	0.0	2033	MJ030-1-barcode43-umi34291bins-ubs-16
15450-1492R-B-C4	MJ030-1-barcode43-umi26482bins-ubs-19	96.675	1253	99	1263	0.0	2033	MJ030-1-barcode43-umi26482bins-ubs-19
15450-1492R-B-C4	MJ030-1-barcode43-umi114781bins-ubs-3	96.675	1253	99	1263	0.0	2033	MJ030-1-barcode43-umi114781bins-ubs-3
15450-1492R-B-C4	MJ031-2-barcode52-umi19123bins-ubs-24	96.675	1253	99	1263	0.0	2033	MJ031-2-barcode52-umi19123bins-ubs-24
15450-1492R-B-C4	MJ032-1-barcode41-umi10061bins-ubs-45	96.675	1253	99	1263	0.0	2033	MJ032-1-barcode41-umi10061bins-ubs-45
15450-1492R-B-C4	MJ032-1-barcode41-umi10093bins-ubs-42	96.675	1253	99	1263	0.0	2033	MJ032-1-barcode41-umi10093bins-ubs-42
15450-1492R-B-C4	MJ032-1-barcode41-umi26194bins-ubs-15	96.675	1253	99	1263	0.0	2033	MJ032-1-barcode41-umi26194bins-ubs-15
15450-1492R-B-C4	MJ032-1-barcode41-umi26783bins-ubs-15	96.675	1253	99	1263	0.0	2033	MJ032-1-barcode41-umi26783bins-ubs-15
15450-1492R-B-C4	MJ032-1-barcode41-umi14146bins-ubs-30	96.675	1253	99	1263	0.0	2033	MJ032-1-barcode41-umi14146bins-ubs-30
15450-1492R-B-C4	MJ032-1-barcode41-umi27103bins-ubs-13	96.675	1253	99	1263	0.0	2033	MJ032-1-barcode41-umi27103bins-ubs-13
15450-1492R-B-C4	RS-GCF-017891615.1-NZ-JAESJQ010000027.1	96.669	1253	99	1261	0.0	2030	RS-GCF-017891615.1-NZ-JAESJQ010000027.1
15450-1492R-B-C4	RS-GCF-001630745.1-NZ-LUJH01000007.1	96.595	1253	99	1263	0.0	2029	RS-GCF-001630745.1-NZ-LUJH01000007.1
15450-1492R-B-C4	RS-GCF-003041435.1-NZ-PZFP01000137.1	96.595	1253	99	1263	0.0	2029	RS-GCF-003041435.1-NZ-PZFP01000137.1
15450-1492R-B-C4	RS-GCF-002836805.1-NZ-PIZQ01000008.1	96.595	1253	99	1263	0.0	2029	RS-GCF-002836805.1-NZ-PIZQ01000008.1
15450-1492R-B-C4	RS-GCF-014267365.1-NZ-CP060271.1--7	96.595	1253	99	1263	0.0	2029	RS-GCF-014267365.1-NZ-CP060271.1--7
15450-1492R-B-C4	RS-GCF-007814625.1-NZ-CP031275.1--2	96.595	1253	99	1263	0.0	2029	RS-GCF-007814625.1-NZ-CP031275.1--2
15450-1492R-B-C4	RS-GCF-000709415.1-NZ-CP008724.1--7	96.595	1253	99	1263	0.0	2029	RS-GCF-000709415.1-NZ-CP008724.1--7
15450-1492R-B-C4	RS-GCF-910574145.1-NZ-CAJTAJ010000002.1	96.595	1253	99	1263	0.0	2029	RS-GCF-910574145.1-NZ-CAJTAJ010000002.1
15450-1492R-B-C4	RS-GCF-900458255.1-NZ-UHDA01000001.1--5	96.595	1253	99	1263	0.0	2029	RS-GCF-900458255.1-NZ-UHDA01000001.1--5
15450-1492R-B-C4	RS-GCF-013349225.1-NZ-CP054807.1--6	96.595	1253	99	1263	0.0	2029	RS-GCF-013349225.1-NZ-CP054807.1--6
15450-1492R-B-C4	RS-GCF-013349225.1-NZ-CP054807.1	96.595	1253	99	1263	0.0	2029	RS-GCF-013349225.1-NZ-CP054807.1
15450-1492R-B-C4	RS-GCF-002984565.1-NZ-CP027422.1--2	96.595	1253	99	1263	0.0	2029	RS-GCF-002984565.1-NZ-CP027422.1--2
15450-1492R-B-C4	RS-GCF-017893365.1-NZ-JAESMW010000036.1	96.595	1253	99	1263	0.0	2029	RS-GCF-017893365.1-NZ-JAESMW010000036.1
15450-1492R-B-C4	RS-GCF-002902545.1-NZ-PPRA01000075.1	96.595	1253	99	1263	0.0	2029	RS-GCF-002902545.1-NZ-PPRA01000075.1
15450-1492R-B-C4	RS-GCF-002009035.1-NZ-MUXI01000016.1	96.595	1253	99	1263	0.0	2029	RS-GCF-002009035.1-NZ-MUXI01000016.1
15450-1492R-B-C4	G001902315	96.595	1253	99	1263	0.0	2029	G001902315
15450-1492R-B-C4	G000010125	96.595	1253	99	1263	0.0	2029	G000010125
15450-1492R-B-C4	AF004220	96.595	1253	99	1263	0.0	2029	AF004220
15450-1492R-B-C4	MH643903	96.595	1253	99	1263	0.0	2029	MH643903
15450-1492R-B-C4	MJ030-1-barcode49-umi6853bins-ubs-53	96.595	1253	99	1263	0.0	2029	MJ030-1-barcode49-umi6853bins-ubs-53
15450-1492R-B-C4	MJ010-1-barcode30-umi79779bins-ubs-9	96.595	1253	99	1263	0.0	2029	MJ010-1-barcode30-umi79779bins-ubs-9
15450-1492R-B-C4	MJ010-1-barcode36-umi48720bins-ubs-15	96.595	1253	99	1263	0.0	2029	MJ010-1-barcode36-umi48720bins-ubs-15
15450-1492R-B-C4	MJ020-2-barcode64-umi7614bins-ubs-72	96.595	1253	99	1263	0.0	2029	MJ020-2-barcode64-umi7614bins-ubs-72
15450-1492R-B-C4	MJ007-2-barcode52-umi2256bins-ubs-210	96.595	1253	99	1263	0.0	2029	MJ007-2-barcode52-umi2256bins-ubs-210
15450-1492R-B-C4	MJ007-2-barcode52-umi647bins-ubs-583	96.595	1253	99	1263	0.0	2029	MJ007-2-barcode52-umi647bins-ubs-583
15450-1492R-B-C4	MJ007-2-barcode52-umi1573bins-ubs-294	96.595	1253	99	1263	0.0	2029	MJ007-2-barcode52-umi1573bins-ubs-294
15450-1492R-B-C4	MJ007-1-barcode38-umi22924bins-ubs-8	96.595	1253	99	1263	0.0	2029	MJ007-1-barcode38-umi22924bins-ubs-8
15450-1492R-B-C4	MJ007-1-barcode38-umi21076bins-ubs-10	96.595	1253	99	1263	0.0	2029	MJ007-1-barcode38-umi21076bins-ubs-10
15450-1492R-B-C4	MJ007-1-barcode38-umi23240bins-ubs-11	96.595	1253	99	1263	0.0	2029	MJ007-1-barcode38-umi23240bins-ubs-11
15450-1492R-B-C4	MJ007-1-barcode38-umi13596bins-ubs-20	96.595	1253	99	1263	0.0	2029	MJ007-1-barcode38-umi13596bins-ubs-20
15450-1492R-B-C4	MJ007-1-barcode38-umi11528bins-ubs-25	96.595	1253	99	1263	0.0	2029	MJ007-1-barcode38-umi11528bins-ubs-25
15450-1492R-B-C4	MJ007-1-barcode38-umi8335bins-ubs-34	96.595	1253	99	1263	0.0	2029	MJ007-1-barcode38-umi8335bins-ubs-34
15450-1492R-B-C4	MJ007-1-barcode38-umi13695bins-ubs-18	96.595	1253	99	1263	0.0	2029	MJ007-1-barcode38-umi13695bins-ubs-18
15450-1492R-B-C4	MJ007-1-barcode38-umi15238bins-ubs-18	96.595	1253	99	1263	0.0	2029	MJ007-1-barcode38-umi15238bins-ubs-18
15450-1492R-B-C4	MJ007-1-barcode38-umi23703bins-ubs-8	96.595	1253	99	1263	0.0	2029	MJ007-1-barcode38-umi23703bins-ubs-8
15450-1492R-B-C4	MJ007-1-barcode38-umi9168bins-ubs-31	96.595	1253	99	1263	0.0	2029	MJ007-1-barcode38-umi9168bins-ubs-31
15450-1492R-B-C4	MJ007-1-barcode38-umi14547bins-ubs-19	96.595	1253	99	1263	0.0	2029	MJ007-1-barcode38-umi14547bins-ubs-19
15450-1492R-B-C4	MJ030-1-barcode43-umi7693bins-ubs-49	96.595	1253	99	1263	0.0	2029	MJ030-1-barcode43-umi7693bins-ubs-49
15450-1492R-B-C4	MJ030-1-barcode43-umi23199bins-ubs-21	96.595	1253	99	1263	0.0	2029	MJ030-1-barcode43-umi23199bins-ubs-21
15450-1492R-B-C4	MJ030-1-barcode43-umi62520bins-ubs-7	96.595	1253	99	1263	0.0	2029	MJ030-1-barcode43-umi62520bins-ubs-7
15450-1492R-B-C4	MJ030-1-barcode43-umi15836bins-ubs-31	96.595	1253	99	1263	0.0	2029	MJ030-1-barcode43-umi15836bins-ubs-31
15450-1492R-B-C4	MJ030-1-barcode43-umi42501bins-ubs-12	96.595	1253	99	1263	0.0	2029	MJ030-1-barcode43-umi42501bins-ubs-12
15450-1492R-B-C4	MJ030-1-barcode43-umi15240bins-ubs-29	96.595	1253	99	1263	0.0	2029	MJ030-1-barcode43-umi15240bins-ubs-29
15450-1492R-B-C4	MJ030-1-barcode43-umi22035bins-ubs-23	96.595	1253	99	1263	0.0	2029	MJ030-1-barcode43-umi22035bins-ubs-23
15450-1492R-B-C4	MJ030-1-barcode43-umi27680bins-ubs-19	96.595	1253	99	1263	0.0	2029	MJ030-1-barcode43-umi27680bins-ubs-19
15450-1492R-B-C4	MJ030-1-barcode43-umi25440bins-ubs-20	96.595	1253	99	1263	0.0	2029	MJ030-1-barcode43-umi25440bins-ubs-20
15450-1492R-B-C4	MJ030-1-barcode43-umi20248bins-ubs-23	96.595	1253	99	1263	0.0	2029	MJ030-1-barcode43-umi20248bins-ubs-23
15450-1492R-B-C4	MJ030-1-barcode43-umi21483bins-ubs-24	96.595	1253	99	1263	0.0	2029	MJ030-1-barcode43-umi21483bins-ubs-24
15450-1492R-B-C4	MJ030-1-barcode43-umi21397bins-ubs-23	96.595	1253	99	1263	0.0	2029	MJ030-1-barcode43-umi21397bins-ubs-23
15450-1492R-B-C4	MJ030-1-barcode43-umi39438bins-ubs-13	96.595	1253	99	1263	0.0	2029	MJ030-1-barcode43-umi39438bins-ubs-13
15450-1492R-B-C4	MJ030-1-barcode43-umi90481bins-ubs-4	96.595	1253	99	1263	0.0	2029	MJ030-1-barcode43-umi90481bins-ubs-4
15450-1492R-B-C4	MJ030-1-barcode43-umi28304bins-ubs-18	96.595	1253	99	1263	0.0	2029	MJ030-1-barcode43-umi28304bins-ubs-18
15450-1492R-B-C4	MJ030-1-barcode43-umi19958bins-ubs-26	96.595	1253	99	1263	0.0	2029	MJ030-1-barcode43-umi19958bins-ubs-26
15450-1492R-B-C4	MJ030-1-barcode43-umi19090bins-ubs-27	96.516	1253	99	1263	0.0	2029	MJ030-1-barcode43-umi19090bins-ubs-27
15450-1492R-B-C4	MJ030-1-barcode43-umi16852bins-ubs-27	96.595	1253	99	1263	0.0	2029	MJ030-1-barcode43-umi16852bins-ubs-27
15450-1492R-B-C4	MJ030-1-barcode43-umi17229bins-ubs-29	96.595	1253	99	1263	0.0	2029	MJ030-1-barcode43-umi17229bins-ubs-29
15450-1492R-B-C4	MJ030-1-barcode43-umi35969bins-ubs-14	96.595	1253	99	1263	0.0	2029	MJ030-1-barcode43-umi35969bins-ubs-14
15450-1492R-B-C4	MJ030-1-barcode43-umi44918bins-ubs-11	96.595	1253	99	1263	0.0	2029	MJ030-1-barcode43-umi44918bins-ubs-11
15450-1492R-B-C4	MJ030-1-barcode43-umi26871bins-ubs-19	96.595	1253	99	1263	0.0	2029	MJ030-1-barcode43-umi26871bins-ubs-19
15450-1492R-B-C4	MJ030-1-barcode43-umi38254bins-ubs-14	96.595	1253	99	1263	0.0	2029	MJ030-1-barcode43-umi38254bins-ubs-14
15450-1492R-B-C4	MJ010-1-barcode47-umi112614bins-ubs-5	96.595	1253	99	1263	0.0	2029	MJ010-1-barcode47-umi112614bins-ubs-5
15450-1492R-B-C4	MJ010-1-barcode47-umi21615bins-ubs-28	96.595	1253	99	1263	0.0	2029	MJ010-1-barcode47-umi21615bins-ubs-28
15450-1492R-B-C4	MJ031-2-barcode52-umi9413bins-ubs-46	96.595	1253	99	1263	0.0	2029	MJ031-2-barcode52-umi9413bins-ubs-46
15450-1492R-B-C4	MJ031-2-barcode52-umi26977bins-ubs-14	96.595	1253	99	1263	0.0	2029	MJ031-2-barcode52-umi26977bins-ubs-14
15450-1492R-B-C4	MJ032-1-barcode41-umi31345bins-ubs-13	96.595	1253	99	1263	0.0	2029	MJ032-1-barcode41-umi31345bins-ubs-13
15450-1492R-B-C4	MJ032-1-barcode41-umi15581bins-ubs-28	96.595	1253	99	1263	0.0	2029	MJ032-1-barcode41-umi15581bins-ubs-28
15450-1492R-B-C4	MJ032-1-barcode41-umi52062bins-ubs-5	96.595	1253	99	1263	0.0	2029	MJ032-1-barcode41-umi52062bins-ubs-5
15450-1492R-B-C4	MJ032-1-barcode41-umi61063bins-ubs-5	96.595	1253	99	1263	0.0	2029	MJ032-1-barcode41-umi61063bins-ubs-5
15450-1492R-B-C4	MJ032-1-barcode41-umi35602bins-ubs-10	96.595	1253	99	1263	0.0	2029	MJ032-1-barcode41-umi35602bins-ubs-10
15450-1492R-B-C4	MJ032-1-barcode41-umi11030bins-ubs-39	96.595	1253	99	1263	0.0	2029	MJ032-1-barcode41-umi11030bins-ubs-39
15450-1492R-B-C4	MJ007-1-barcode38-umi5896bins-ubs-52	96.667	1253	99	1260	0.0	2028	MJ007-1-barcode38-umi5896bins-ubs-52
15450-1492R-B-C4	RS-GCF-000953575.1-NZ-LN554884.1--5	96.598	1253	99	1264	0.0	2027	RS-GCF-000953575.1-NZ-LN554884.1--5
15450-1492R-B-C4	RS-GCF-003580185.1-NZ-QXTS01000192.1	96.590	1253	99	1261	0.0	2025	RS-GCF-003580185.1-NZ-QXTS01000192.1
15450-1492R-B-C4	MJ030-1-barcode49-umi2549bins-ubs-91	96.590	1253	99	1261	0.0	2025	MJ030-1-barcode49-umi2549bins-ubs-91
15450-1492R-B-C4	MJ030-1-barcode49-umi2401bins-ubs-91	96.590	1253	99	1261	0.0	2025	MJ030-1-barcode49-umi2401bins-ubs-91
15450-1492R-B-C4	MJ007-1-barcode38-umi36331bins-ubs-4	96.590	1253	99	1261	0.0	2025	MJ007-1-barcode38-umi36331bins-ubs-4
15450-1492R-B-C4	RS-GCF-015235375.1-NZ-JADGLJ010000015.1	96.516	1253	99	1263	0.0	2024	RS-GCF-015235375.1-NZ-JADGLJ010000015.1
15450-1492R-B-C4	RS-GCF-003043105.1-NZ-PZEO01000129.1	96.516	1253	99	1263	0.0	2024	RS-GCF-003043105.1-NZ-PZEO01000129.1
15450-1492R-B-C4	RS-GCF-007814625.1-NZ-CP031275.1	96.516	1253	99	1263	0.0	2024	RS-GCF-007814625.1-NZ-CP031275.1
15450-1492R-B-C4	RS-GCF-003035945.1-NZ-PZBD01000051.1	96.661	1253	99	1258	0.0	2024	RS-GCF-003035945.1-NZ-PZBD01000051.1
15450-1492R-B-C4	RS-GCF-001558275.2-NZ-CP014113.2	96.516	1253	99	1263	0.0	2024	RS-GCF-001558275.2-NZ-CP014113.2
15450-1492R-B-C4	RS-GCF-007814115.1-NZ-CP031196.1--6	96.516	1253	99	1263	0.0	2024	RS-GCF-007814115.1-NZ-CP031196.1--6
15450-1492R-B-C4	RS-GCF-001558375.2-NZ-CP014057.2--5	96.516	1253	99	1263	0.0	2024	RS-GCF-001558375.2-NZ-CP014057.2--5
15450-1492R-B-C4	RS-GCF-003043655.1-NZ-PZHJ01000096.1	96.516	1253	99	1263	0.0	2024	RS-GCF-003043655.1-NZ-PZHJ01000096.1
15450-1492R-B-C4	RS-GCF-003042275.1-NZ-PZHN01000197.1	96.516	1253	99	1263	0.0	2024	RS-GCF-003042275.1-NZ-PZHN01000197.1
15450-1492R-B-C4	AP008934	96.516	1253	99	1263	0.0	2024	AP008934
15450-1492R-B-C4	MJ030-1-barcode49-umi2697bins-ubs-94	96.516	1253	99	1263	0.0	2024	MJ030-1-barcode49-umi2697bins-ubs-94
15450-1492R-B-C4	MJ030-1-barcode49-umi7771bins-ubs-50	96.516	1253	99	1263	0.0	2024	MJ030-1-barcode49-umi7771bins-ubs-50
15450-1492R-B-C4	MJ031-2-barcode69-umi49011bins-ubs-4	96.516	1253	99	1263	0.0	2024	MJ031-2-barcode69-umi49011bins-ubs-4
15450-1492R-B-C4	MJ031-2-barcode69-umi10034bins-ubs-43	96.516	1253	99	1263	0.0	2024	MJ031-2-barcode69-umi10034bins-ubs-43
15450-1492R-B-C4	MJ007-1-barcode38-umi21233bins-ubs-10	96.516	1253	99	1263	0.0	2024	MJ007-1-barcode38-umi21233bins-ubs-10
15450-1492R-B-C4	MJ007-1-barcode38-umi24217bins-ubs-8	96.516	1253	99	1263	0.0	2024	MJ007-1-barcode38-umi24217bins-ubs-8
15450-1492R-B-C4	MJ007-1-barcode38-umi11627bins-ubs-25	96.516	1253	99	1263	0.0	2024	MJ007-1-barcode38-umi11627bins-ubs-25
15450-1492R-B-C4	MJ007-1-barcode38-umi13167bins-ubs-22	96.516	1253	99	1263	0.0	2024	MJ007-1-barcode38-umi13167bins-ubs-22
15450-1492R-B-C4	MJ007-1-barcode38-umi37248bins-ubs-5	96.516	1253	99	1263	0.0	2024	MJ007-1-barcode38-umi37248bins-ubs-5
15450-1492R-B-C4	MJ007-1-barcode38-umi14316bins-ubs-18	96.516	1253	99	1263	0.0	2024	MJ007-1-barcode38-umi14316bins-ubs-18
15450-1492R-B-C4	MJ007-1-barcode38-umi26896bins-ubs-6	96.516	1253	99	1263	0.0	2024	MJ007-1-barcode38-umi26896bins-ubs-6
15450-1492R-B-C4	MJ007-1-barcode38-umi19584bins-ubs-12	96.516	1253	99	1263	0.0	2024	MJ007-1-barcode38-umi19584bins-ubs-12
15450-1492R-B-C4	MJ007-1-barcode38-umi19930bins-ubs-11	96.516	1253	99	1263	0.0	2024	MJ007-1-barcode38-umi19930bins-ubs-11
15450-1492R-B-C4	MJ007-1-barcode38-umi10008bins-ubs-29	96.516	1253	99	1263	0.0	2024	MJ007-1-barcode38-umi10008bins-ubs-29
15450-1492R-B-C4	MJ007-1-barcode38-umi8212bins-ubs-38	96.516	1253	99	1263	0.0	2024	MJ007-1-barcode38-umi8212bins-ubs-38
15450-1492R-B-C4	MJ007-1-barcode38-umi16231bins-ubs-18	96.516	1253	99	1263	0.0	2024	MJ007-1-barcode38-umi16231bins-ubs-18
15450-1492R-B-C4	MJ007-1-barcode38-umi4890bins-ubs-57	96.516	1253	99	1263	0.0	2024	MJ007-1-barcode38-umi4890bins-ubs-57
15450-1492R-B-C4	MJ007-1-barcode38-umi19791bins-ubs-10	96.516	1253	99	1263	0.0	2024	MJ007-1-barcode38-umi19791bins-ubs-10
15450-1492R-B-C4	MJ030-1-barcode43-umi20707bins-ubs-24	96.516	1253	99	1263	0.0	2024	MJ030-1-barcode43-umi20707bins-ubs-24
15450-1492R-B-C4	MJ030-1-barcode43-umi37856bins-ubs-13	96.516	1253	99	1263	0.0	2024	MJ030-1-barcode43-umi37856bins-ubs-13
15450-1492R-B-C4	MJ030-1-barcode43-umi87191bins-ubs-4	96.516	1253	99	1263	0.0	2024	MJ030-1-barcode43-umi87191bins-ubs-4
15450-1492R-B-C4	MJ030-1-barcode43-umi25229bins-ubs-22	96.516	1253	99	1263	0.0	2024	MJ030-1-barcode43-umi25229bins-ubs-22
15450-1492R-B-C4	MJ030-1-barcode43-umi18950bins-ubs-26	96.516	1253	99	1263	0.0	2024	MJ030-1-barcode43-umi18950bins-ubs-26
15450-1492R-B-C4	MJ030-1-barcode43-umi36829bins-ubs-14	96.516	1253	99	1263	0.0	2024	MJ030-1-barcode43-umi36829bins-ubs-14
15450-1492R-B-C4	MJ010-1-barcode47-umi51246bins-ubs-15	96.516	1253	99	1263	0.0	2024	MJ010-1-barcode47-umi51246bins-ubs-15
15450-1492R-B-C4	MJ032-1-barcode41-umi42194bins-ubs-8	96.516	1253	99	1263	0.0	2024	MJ032-1-barcode41-umi42194bins-ubs-8
15450-1492R-B-C4	MJ032-1-barcode41-umi13898bins-ubs-31	96.516	1253	99	1263	0.0	2024	MJ032-1-barcode41-umi13898bins-ubs-31
15450-1492R-B-C4	MJ032-1-barcode41-umi19147bins-ubs-23	96.516	1253	99	1263	0.0	2024	MJ032-1-barcode41-umi19147bins-ubs-23
15450-1492R-B-C4	MJ032-1-barcode41-umi13285bins-ubs-33	96.516	1253	99	1263	0.0	2024	MJ032-1-barcode41-umi13285bins-ubs-33
15450-1492R-B-C4	MJ032-1-barcode41-umi14627bins-ubs-29	96.516	1253	99	1263	0.0	2024	MJ032-1-barcode41-umi14627bins-ubs-29
15450-1492R-B-C4	RS-GCF-013341415.1-NZ-CP054438.1--4	96.440	1253	99	1264	0.0	2022	RS-GCF-013341415.1-NZ-CP054438.1--4
15450-1492R-B-C4	RS-GCF-003956025.1-NZ-CP033735.1--5	96.595	1253	99	1263	0.0	2021	RS-GCF-003956025.1-NZ-CP033735.1--5
15450-1492R-B-C4	RS-GCF-004122635.1-NZ-SDMA01000014.1	96.511	1253	99	1261	0.0	2021	RS-GCF-004122635.1-NZ-SDMA01000014.1
15450-1492R-B-C4	RS-GCF-013341435.1-NZ-CP054444.1--3	96.516	1253	99	1263	0.0	2021	RS-GCF-013341435.1-NZ-CP054444.1--3
15450-1492R-B-C4	MJ030-1-barcode49-umi1425bins-ubs-120	96.511	1253	99	1261	0.0	2021	MJ030-1-barcode49-umi1425bins-ubs-120
15450-1492R-B-C4	MJ007-1-barcode38-umi15855bins-ubs-17	96.511	1253	99	1261	0.0	2021	MJ007-1-barcode38-umi15855bins-ubs-17
15450-1492R-B-C4	RS-GCF-003043395.1-NZ-PZFS01000156.1	96.437	1253	99	1263	0.0	2020	RS-GCF-003043395.1-NZ-PZFS01000156.1
15450-1492R-B-C4	RS-GCF-014926245.1-NZ-JABGBR010000059.1	96.437	1253	99	1263	0.0	2020	RS-GCF-014926245.1-NZ-JABGBR010000059.1
15450-1492R-B-C4	RS-GCF-006741705.1-NZ-AP019698.1--7	96.437	1253	99	1263	0.0	2020	RS-GCF-006741705.1-NZ-AP019698.1--7
15450-1492R-B-C4	RS-GCF-000463545.2-NZ-AVOQ01000031.1	96.437	1253	99	1263	0.0	2020	RS-GCF-000463545.2-NZ-AVOQ01000031.1
15450-1492R-B-C4	RS-GCF-002208905.1-NZ-CP022056.1--2	96.437	1253	99	1263	0.0	2020	RS-GCF-002208905.1-NZ-CP022056.1--2
15450-1492R-B-C4	RS-GCF-016890325.1-NZ-JAFEPU010000007.1	96.437	1253	99	1263	0.0	2020	RS-GCF-016890325.1-NZ-JAFEPU010000007.1
15450-1492R-B-C4	G000295715	96.437	1253	99	1263	0.0	2020	G000295715
15450-1492R-B-C4	AJ320272	96.437	1253	99	1263	0.0	2020	AJ320272
15450-1492R-B-C4	MH431939	96.437	1253	99	1263	0.0	2020	MH431939
15450-1492R-B-C4	MJ009-1-barcode40-umi19335bins-ubs-21	96.437	1253	99	1263	0.0	2020	MJ009-1-barcode40-umi19335bins-ubs-21
15450-1492R-B-C4	MJ031-2-barcode69-umi11188bins-ubs-40	96.437	1253	99	1263	0.0	2020	MJ031-2-barcode69-umi11188bins-ubs-40
15450-1492R-B-C4	MJ007-1-barcode38-umi8473bins-ubs-33	96.437	1253	99	1263	0.0	2020	MJ007-1-barcode38-umi8473bins-ubs-33
15450-1492R-B-C4	MJ007-1-barcode38-umi34216bins-ubs-4	96.437	1253	99	1263	0.0	2020	MJ007-1-barcode38-umi34216bins-ubs-4
15450-1492R-B-C4	MJ007-1-barcode38-umi15580bins-ubs-20	96.437	1253	99	1263	0.0	2020	MJ007-1-barcode38-umi15580bins-ubs-20
15450-1492R-B-C4	MJ007-1-barcode38-umi14092bins-ubs-18	96.437	1253	99	1263	0.0	2020	MJ007-1-barcode38-umi14092bins-ubs-18
15450-1492R-B-C4	MJ007-1-barcode38-umi18257bins-ubs-13	96.437	1253	99	1263	0.0	2020	MJ007-1-barcode38-umi18257bins-ubs-13
15450-1492R-B-C4	MJ007-1-barcode38-umi9441bins-ubs-31	96.437	1253	99	1263	0.0	2020	MJ007-1-barcode38-umi9441bins-ubs-31
15450-1492R-B-C4	MJ007-1-barcode38-umi18218bins-ubs-13	96.437	1253	99	1263	0.0	2020	MJ007-1-barcode38-umi18218bins-ubs-13
15450-1492R-B-C4	MJ032-1-barcode41-umi71064bins-ubs-3	96.437	1253	99	1263	0.0	2020	MJ032-1-barcode41-umi71064bins-ubs-3
15450-1492R-B-C4	MJ032-1-barcode41-umi12965bins-ubs-35	96.437	1253	99	1263	0.0	2020	MJ032-1-barcode41-umi12965bins-ubs-35
15450-1492R-B-C4	MJ032-1-barcode41-umi14056bins-ubs-32	96.437	1253	99	1263	0.0	2020	MJ032-1-barcode41-umi14056bins-ubs-32
15450-1492R-B-C4	AB233327	96.440	1253	99	1264	0.0	2018	AB233327
15450-1492R-B-C4	GB-GCA-001990205.1-CP019597.1	96.516	1253	99	1263	0.0	2017	GB-GCA-001990205.1-CP019597.1
15450-1492R-B-C4	RS-GCF-018502345.1-NZ-CP075522.1--7	96.358	1253	99	1263	0.0	2016	RS-GCF-018502345.1-NZ-CP075522.1--7
15450-1492R-B-C4	RS-GCF-013343055.1-NZ-CP054575.1--5	96.437	1253	99	1263	0.0	2016	RS-GCF-013343055.1-NZ-CP054575.1--5
15450-1492R-B-C4	RS-GCF-013343055.1-NZ-CP054575.1--3	96.437	1253	99	1263	0.0	2016	RS-GCF-013343055.1-NZ-CP054575.1--3
15450-1492R-B-C4	RS-GCF-013358365.1-NZ-CP054831.1	96.437	1253	99	1263	0.0	2016	RS-GCF-013358365.1-NZ-CP054831.1
15450-1492R-B-C4	RS-GCF-013341415.1-NZ-CP054438.1	96.437	1253	99	1263	0.0	2016	RS-GCF-013341415.1-NZ-CP054438.1
15450-1492R-B-C4	RS-GCF-002209265.1-NZ-CP022093.1--6	96.437	1253	99	1263	0.0	2016	RS-GCF-002209265.1-NZ-CP022093.1--6
15450-1492R-B-C4	RS-GCF-013341435.1-NZ-CP054444.1--2	96.437	1253	99	1263	0.0	2016	RS-GCF-013341435.1-NZ-CP054444.1--2
15450-1492R-B-C4	MJ007-1-barcode38-umi13802bins-ubs-21	96.431	1253	99	1261	0.0	2016	MJ007-1-barcode38-umi13802bins-ubs-21
15450-1492R-B-C4	GB-GCA-900458615.1-UHDK01000001.1	96.358	1253	99	1263	0.0	2015	GB-GCA-900458615.1-UHDK01000001.1
15450-1492R-B-C4	RS-GCF-018502345.1-NZ-CP075522.1--6	96.358	1253	99	1263	0.0	2015	RS-GCF-018502345.1-NZ-CP075522.1--6
15450-1492R-B-C4	RS-GCF-015234855.1-NZ-JADGMC010000051.1	96.358	1253	99	1263	0.0	2015	RS-GCF-015234855.1-NZ-JADGMC010000051.1
15450-1492R-B-C4	AB009933	96.358	1253	99	1263	0.0	2015	AB009933
15450-1492R-B-C4	MJ007-2-barcode52-umi2346bins-ubs-209	96.358	1253	99	1263	0.0	2015	MJ007-2-barcode52-umi2346bins-ubs-209
15450-1492R-B-C4	MJ007-2-barcode52-umi42113bins-ubs-7	96.358	1253	99	1263	0.0	2015	MJ007-2-barcode52-umi42113bins-ubs-7
15450-1492R-B-C4	MJ007-2-barcode52-umi820bins-ubs-499	96.358	1253	99	1263	0.0	2015	MJ007-2-barcode52-umi820bins-ubs-499
15450-1492R-B-C4	MJ007-2-barcode52-umi2632bins-ubs-176	96.358	1253	99	1263	0.0	2015	MJ007-2-barcode52-umi2632bins-ubs-176
15450-1492R-B-C4	MJ007-2-barcode52-umi1864bins-ubs-252	96.358	1253	99	1263	0.0	2015	MJ007-2-barcode52-umi1864bins-ubs-252
15450-1492R-B-C4	MJ007-1-barcode38-umi11089bins-ubs-30	96.358	1253	99	1263	0.0	2015	MJ007-1-barcode38-umi11089bins-ubs-30
15450-1492R-B-C4	MJ007-1-barcode38-umi13343bins-ubs-20	96.358	1253	99	1263	0.0	2015	MJ007-1-barcode38-umi13343bins-ubs-20
15450-1492R-B-C4	MJ007-1-barcode38-umi10982bins-ubs-25	96.358	1253	99	1263	0.0	2015	MJ007-1-barcode38-umi10982bins-ubs-25
15450-1492R-B-C4	MJ007-1-barcode38-umi8012bins-ubs-35	96.358	1253	99	1263	0.0	2015	MJ007-1-barcode38-umi8012bins-ubs-35
15450-1492R-B-C4	MJ007-1-barcode38-umi5434bins-ubs-54	96.358	1253	99	1263	0.0	2015	MJ007-1-barcode38-umi5434bins-ubs-54
15450-1492R-B-C4	MJ007-1-barcode38-umi14135bins-ubs-19	96.358	1253	99	1263	0.0	2015	MJ007-1-barcode38-umi14135bins-ubs-19
15450-1492R-B-C4	MJ007-1-barcode38-umi9791bins-ubs-32	96.358	1253	99	1263	0.0	2015	MJ007-1-barcode38-umi9791bins-ubs-32
15450-1492R-B-C4	MJ030-1-barcode43-umi11289bins-ubs-40	96.358	1253	99	1263	0.0	2015	MJ030-1-barcode43-umi11289bins-ubs-40
15450-1492R-B-C4	MJ010-1-barcode47-umi43236bins-ubs-16	96.358	1253	99	1263	0.0	2015	MJ010-1-barcode47-umi43236bins-ubs-16
15450-1492R-B-C4	MJ032-1-barcode41-umi13477bins-ubs-33	96.358	1253	99	1263	0.0	2015	MJ032-1-barcode41-umi13477bins-ubs-33
15450-1492R-B-C4	MJ032-1-barcode41-umi14161bins-ubs-32	96.358	1253	99	1263	0.0	2015	MJ032-1-barcode41-umi14161bins-ubs-32
15450-1492R-B-C4	MJ032-1-barcode41-umi32008bins-ubs-11	96.358	1253	99	1263	0.0	2015	MJ032-1-barcode41-umi32008bins-ubs-11
15450-1492R-B-C4	MJ032-1-barcode41-umi23989bins-ubs-16	96.358	1253	99	1263	0.0	2015	MJ032-1-barcode41-umi23989bins-ubs-16
15450-1492R-B-C4	MJ032-1-barcode41-umi14475bins-ubs-31	96.358	1253	99	1263	0.0	2015	MJ032-1-barcode41-umi14475bins-ubs-31
15450-1492R-B-C4	MJ032-1-barcode41-umi15307bins-ubs-33	96.358	1253	99	1263	0.0	2015	MJ032-1-barcode41-umi15307bins-ubs-33
15450-1492R-B-C4	RS-GCF-013358365.1-NZ-CP054831.1--6	96.437	1253	99	1263	0.0	2013	RS-GCF-013358365.1-NZ-CP054831.1--6
15450-1492R-B-C4	RS-GCF-016743055.1-NZ-CP068241.1--7	96.437	1253	99	1263	0.0	2012	RS-GCF-016743055.1-NZ-CP068241.1--7
15450-1492R-B-C4	RS-GCF-016743055.1-NZ-CP068241.1--3	96.437	1253	99	1263	0.0	2012	RS-GCF-016743055.1-NZ-CP068241.1--3
15450-1492R-B-C4	RS-GCF-013343055.1-NZ-CP054575.1--4	96.437	1253	99	1263	0.0	2012	RS-GCF-013343055.1-NZ-CP054575.1--4
15450-1492R-B-C4	RS-GCF-018591655.1-NZ-CP075502.1--6	96.358	1253	99	1263	0.0	2012	RS-GCF-018591655.1-NZ-CP075502.1--6
15450-1492R-B-C4	RS-GCF-003097555.1-NZ-CP017459.1--5	96.279	1253	99	1263	0.0	2011	RS-GCF-003097555.1-NZ-CP017459.1--5
15450-1492R-B-C4	RS-GCF-002442895.1-NZ-CP017460.1--2	96.279	1253	99	1263	0.0	2011	RS-GCF-002442895.1-NZ-CP017460.1--2
15450-1492R-B-C4	RS-GCF-003577565.1-NZ-QXRZ01000035.1	96.279	1253	99	1263	0.0	2011	RS-GCF-003577565.1-NZ-QXRZ01000035.1
15450-1492R-B-C4	RS-GCF-003035095.1-NZ-PYYC01000156.1	96.279	1253	99	1263	0.0	2011	RS-GCF-003035095.1-NZ-PYYC01000156.1
15450-1492R-B-C4	RS-GCF-017892605.1-NZ-JAESLJ010000035.1	96.279	1253	99	1263	0.0	2011	RS-GCF-017892605.1-NZ-JAESLJ010000035.1
15450-1492R-B-C4	RS-GCF-013358365.1-NZ-CP054831.1--5	96.279	1253	99	1263	0.0	2011	RS-GCF-013358365.1-NZ-CP054831.1--5
15450-1492R-B-C4	D83366	96.279	1253	99	1263	0.0	2011	D83366
15450-1492R-B-C4	MJ007-2-barcode52-umi1120bins-ubs-388	96.279	1253	99	1263	0.0	2011	MJ007-2-barcode52-umi1120bins-ubs-388
15450-1492R-B-C4	MJ007-2-barcode52-umi3852bins-ubs-111	96.279	1253	99	1263	0.0	2011	MJ007-2-barcode52-umi3852bins-ubs-111
15450-1492R-B-C4	MJ007-2-barcode52-umi2539bins-ubs-192	96.279	1253	99	1263	0.0	2011	MJ007-2-barcode52-umi2539bins-ubs-192
15450-1492R-B-C4	MJ007-2-barcode52-umi3877bins-ubs-109	96.279	1253	99	1263	0.0	2011	MJ007-2-barcode52-umi3877bins-ubs-109
15450-1492R-B-C4	MJ007-1-barcode38-umi9886bins-ubs-29	96.279	1253	99	1263	0.0	2011	MJ007-1-barcode38-umi9886bins-ubs-29
15450-1492R-B-C4	MJ007-1-barcode38-umi9344bins-ubs-33	96.279	1253	99	1263	0.0	2011	MJ007-1-barcode38-umi9344bins-ubs-33
15450-1492R-B-C4	MJ007-1-barcode38-umi8348bins-ubs-37	96.279	1253	99	1263	0.0	2011	MJ007-1-barcode38-umi8348bins-ubs-37
15450-1492R-B-C4	MJ007-1-barcode38-umi6205bins-ubs-47	96.279	1253	99	1263	0.0	2011	MJ007-1-barcode38-umi6205bins-ubs-47
15450-1492R-B-C4	MJ007-1-barcode38-umi6469bins-ubs-45	96.279	1253	99	1263	0.0	2011	MJ007-1-barcode38-umi6469bins-ubs-45
15450-1492R-B-C4	MJ007-1-barcode38-umi4679bins-ubs-62	96.279	1253	99	1263	0.0	2011	MJ007-1-barcode38-umi4679bins-ubs-62
15450-1492R-B-C4	MJ010-1-barcode47-umi25890bins-ubs-24	96.279	1253	99	1263	0.0	2011	MJ010-1-barcode47-umi25890bins-ubs-24
15450-1492R-B-C4	MJ032-1-barcode41-umi15903bins-ubs-28	96.279	1253	99	1263	0.0	2011	MJ032-1-barcode41-umi15903bins-ubs-28
15450-1492R-B-C4	MJ032-1-barcode41-umi16025bins-ubs-26	96.279	1253	99	1263	0.0	2011	MJ032-1-barcode41-umi16025bins-ubs-26
15450-1492R-B-C4	MJ032-1-barcode41-umi17913bins-ubs-23	96.279	1253	99	1263	0.0	2011	MJ032-1-barcode41-umi17913bins-ubs-23
15450-1492R-B-C4	MJ032-1-barcode41-umi47525bins-ubs-6	96.279	1253	99	1263	0.0	2011	MJ032-1-barcode41-umi47525bins-ubs-6
15450-1492R-B-C4	MJ032-1-barcode41-umi14396bins-ubs-31	96.279	1253	99	1263	0.0	2011	MJ032-1-barcode41-umi14396bins-ubs-31
15450-1492R-B-C4	MJ032-1-barcode41-umi11645bins-ubs-39	96.279	1253	99	1263	0.0	2011	MJ032-1-barcode41-umi11645bins-ubs-39
15450-1492R-B-C4	MJ032-1-barcode41-umi22278bins-ubs-18	96.279	1253	99	1263	0.0	2011	MJ032-1-barcode41-umi22278bins-ubs-18
15450-1492R-B-C4	RS-GCF-013341395.1-NZ-CP054434.1--6	96.361	1253	99	1264	0.0	2010	RS-GCF-013341395.1-NZ-CP054434.1--6
15450-1492R-B-C4	GB-GCA-900458615.1-UHDK01000001.1--3	96.282	1253	99	1264	0.0	2009	GB-GCA-900458615.1-UHDK01000001.1--3
15450-1492R-B-C4	RS-GCF-013341455.1-NZ-CP054440.1--3	96.358	1253	99	1263	0.0	2008	RS-GCF-013341455.1-NZ-CP054440.1--3
15450-1492R-B-C4	RS-GCF-902362425.1-NZ-CABIWM010000024.1	96.200	1253	99	1263	0.0	2007	RS-GCF-902362425.1-NZ-CABIWM010000024.1
15450-1492R-B-C4	RS-GCF-003097555.1-NZ-CP017459.1--6	96.200	1253	99	1263	0.0	2006	RS-GCF-003097555.1-NZ-CP017459.1--6
15450-1492R-B-C4	RS-GCF-003097555.1-NZ-CP017459.1--2	96.200	1253	99	1263	0.0	2006	RS-GCF-003097555.1-NZ-CP017459.1--2
15450-1492R-B-C4	RS-GCF-002442895.1-NZ-CP017460.1--6	96.200	1253	99	1263	0.0	2006	RS-GCF-002442895.1-NZ-CP017460.1--6
15450-1492R-B-C4	RS-GCF-002442895.1-NZ-CP017460.1	96.200	1253	99	1263	0.0	2006	RS-GCF-002442895.1-NZ-CP017460.1
15450-1492R-B-C4	RS-GCF-003579615.1-NZ-QXVN01000133.1	96.200	1253	99	1263	0.0	2006	RS-GCF-003579615.1-NZ-QXVN01000133.1
15450-1492R-B-C4	RS-GCF-003577625.1-NZ-QXSB01000209.1	96.200	1253	99	1263	0.0	2006	RS-GCF-003577625.1-NZ-QXSB01000209.1
15450-1492R-B-C4	MJ030-1-barcode49-umi1703bins-ubs-109	96.200	1253	99	1263	0.0	2006	MJ030-1-barcode49-umi1703bins-ubs-109
15450-1492R-B-C4	MJ007-2-barcode52-umi19783bins-ubs-18	96.200	1253	99	1263	0.0	2006	MJ007-2-barcode52-umi19783bins-ubs-18
15450-1492R-B-C4	MJ007-1-barcode38-umi12166bins-ubs-23	96.200	1253	99	1263	0.0	2006	MJ007-1-barcode38-umi12166bins-ubs-23
15450-1492R-B-C4	MJ007-1-barcode38-umi9584bins-ubs-35	96.200	1253	99	1263	0.0	2006	MJ007-1-barcode38-umi9584bins-ubs-35
15450-1492R-B-C4	MJ007-1-barcode38-umi6611bins-ubs-45	96.200	1253	99	1263	0.0	2006	MJ007-1-barcode38-umi6611bins-ubs-45
15450-1492R-B-C4	MJ007-1-barcode38-umi20463bins-ubs-11	96.200	1253	99	1263	0.0	2006	MJ007-1-barcode38-umi20463bins-ubs-11
15450-1492R-B-C4	MJ007-1-barcode38-umi21977bins-ubs-9	96.200	1253	99	1263	0.0	2006	MJ007-1-barcode38-umi21977bins-ubs-9
15450-1492R-B-C4	MJ007-1-barcode38-umi10901bins-ubs-26	96.200	1253	99	1263	0.0	2006	MJ007-1-barcode38-umi10901bins-ubs-26
15450-1492R-B-C4	MJ007-1-barcode38-umi6455bins-ubs-47	96.200	1253	99	1263	0.0	2006	MJ007-1-barcode38-umi6455bins-ubs-47
15450-1492R-B-C4	MJ007-1-barcode38-umi14658bins-ubs-17	96.200	1253	99	1263	0.0	2006	MJ007-1-barcode38-umi14658bins-ubs-17
15450-1492R-B-C4	MJ030-1-barcode43-umi108960bins-ubs-3	96.200	1253	99	1263	0.0	2006	MJ030-1-barcode43-umi108960bins-ubs-3
15450-1492R-B-C4	MJ010-1-barcode47-umi36344bins-ubs-18	96.200	1253	99	1263	0.0	2006	MJ010-1-barcode47-umi36344bins-ubs-18
15450-1492R-B-C4	MJ010-1-barcode26-umi10085bins-ubs-47	96.200	1253	99	1263	0.0	2006	MJ010-1-barcode26-umi10085bins-ubs-47
15450-1492R-B-C4	MJ032-1-barcode41-umi33499bins-ubs-10	96.200	1253	99	1263	0.0	2006	MJ032-1-barcode41-umi33499bins-ubs-10
15450-1492R-B-C4	MJ032-1-barcode41-umi16612bins-ubs-27	96.200	1253	99	1263	0.0	2006	MJ032-1-barcode41-umi16612bins-ubs-27
15450-1492R-B-C4	MJ032-1-barcode41-umi9051bins-ubs-49	96.200	1253	99	1263	0.0	2006	MJ032-1-barcode41-umi9051bins-ubs-49
15450-1492R-B-C4	MJ032-1-barcode41-umi11009bins-ubs-39	96.200	1253	99	1263	0.0	2006	MJ032-1-barcode41-umi11009bins-ubs-39
15450-1492R-B-C4	MJ032-1-barcode41-umi11512bins-ubs-37	96.200	1253	99	1263	0.0	2006	MJ032-1-barcode41-umi11512bins-ubs-37
15450-1492R-B-C4	MJ032-1-barcode41-umi21889bins-ubs-19	96.200	1253	99	1263	0.0	2006	MJ032-1-barcode41-umi21889bins-ubs-19
15450-1492R-B-C4	MJ032-1-barcode41-umi61605bins-ubs-4	96.200	1253	99	1263	0.0	2006	MJ032-1-barcode41-umi61605bins-ubs-4
15450-1492R-B-C4	GB-GCA-001990205.1-CP019597.1--2	96.358	1253	99	1263	0.0	2004	GB-GCA-001990205.1-CP019597.1--2
15450-1492R-B-C4	RS-GCF-910576055.1-NZ-CAJTHD010000034.1	96.699	1253	98	1242	0.0	2003	RS-GCF-910576055.1-NZ-CAJTHD010000034.1
15450-1492R-B-C4	MJ007-1-barcode38-umi8359bins-ubs-36	96.411	1253	99	1254	0.0	2003	MJ007-1-barcode38-umi8359bins-ubs-36
15450-1492R-B-C4	RS-GCF-910574155.1-NZ-CAJTAW010000002.1	96.120	1253	99	1263	0.0	2002	RS-GCF-910574155.1-NZ-CAJTAW010000002.1
15450-1492R-B-C4	RS-GCF-900458785.1-NZ-UHDY01000002.1--7	96.120	1253	99	1263	0.0	2002	RS-GCF-900458785.1-NZ-UHDY01000002.1--7
15450-1492R-B-C4	RS-GCF-002442935.1-NZ-CP017466.1--6	96.120	1253	99	1263	0.0	2002	RS-GCF-002442935.1-NZ-CP017466.1--6
15450-1492R-B-C4	MJ030-2-barcode63-umi113914bins-ubs-3	96.120	1253	99	1263	0.0	2002	MJ030-2-barcode63-umi113914bins-ubs-3
15450-1492R-B-C4	MJ007-2-barcode52-umi845bins-ubs-481	96.120	1253	99	1263	0.0	2002	MJ007-2-barcode52-umi845bins-ubs-481
15450-1492R-B-C4	MJ007-1-barcode38-umi11755bins-ubs-26	96.120	1253	99	1263	0.0	2002	MJ007-1-barcode38-umi11755bins-ubs-26
15450-1492R-B-C4	MJ007-1-barcode38-umi15771bins-ubs-18	96.120	1253	99	1263	0.0	2002	MJ007-1-barcode38-umi15771bins-ubs-18
15450-1492R-B-C4	MJ007-1-barcode38-umi5108bins-ubs-55	96.120	1253	99	1263	0.0	2002	MJ007-1-barcode38-umi5108bins-ubs-55
15450-1492R-B-C4	MJ007-1-barcode38-umi12092bins-ubs-24	96.120	1253	99	1263	0.0	2002	MJ007-1-barcode38-umi12092bins-ubs-24
15450-1492R-B-C4	MJ032-1-barcode41-umi49459bins-ubs-6	96.120	1253	99	1263	0.0	2002	MJ032-1-barcode41-umi49459bins-ubs-6
15450-1492R-B-C4	MJ032-1-barcode41-umi20073bins-ubs-20	96.120	1253	99	1263	0.0	2002	MJ032-1-barcode41-umi20073bins-ubs-20
15450-1492R-B-C4	MJ032-1-barcode41-umi77937bins-ubs-3	96.120	1253	99	1263	0.0	2002	MJ032-1-barcode41-umi77937bins-ubs-3
15450-1492R-B-C4	GB-GCA-001990205.1-CP019597.1--4	96.279	1253	99	1263	0.0	2001	GB-GCA-001990205.1-CP019597.1--4
15450-1492R-B-C4	RS-GCF-017891605.1-NZ-JAESJO010000023.1	96.624	1253	98	1244	0.0	1999	RS-GCF-017891605.1-NZ-JAESJO010000023.1
15450-1492R-B-C4	RS-GCF-003043015.1-NZ-PZIQ01000082.1	96.114	1253	99	1261	0.0	1998	RS-GCF-003043015.1-NZ-PZIQ01000082.1
15450-1492R-B-C4	MJ005-barcode41-umi23030bins-ubs-10	96.114	1253	99	1261	0.0	1998	MJ005-barcode41-umi23030bins-ubs-10
15450-1492R-B-C4	RS-GCF-900458695.1-NZ-UHDS01000001.1--3	96.041	1253	99	1263	0.0	1997	RS-GCF-900458695.1-NZ-UHDS01000001.1--3
15450-1492R-B-C4	RS-GCF-013341435.1-NZ-CP054444.1--6	96.123	1253	99	1264	0.0	1994	RS-GCF-013341435.1-NZ-CP054444.1--6
15450-1492R-B-C4	RS-GCF-003043795.1-NZ-PZIT01000225.1	96.035	1253	99	1261	0.0	1994	RS-GCF-003043795.1-NZ-PZIT01000225.1
15450-1492R-B-C4	RS-GCF-003042515.1-NZ-PZIN01000065.1	96.035	1253	99	1261	0.0	1994	RS-GCF-003042515.1-NZ-PZIN01000065.1
15450-1492R-B-C4	RS-GCF-018996905.1-NZ-JAHNUR010000021.1	96.035	1253	99	1261	0.0	1994	RS-GCF-018996905.1-NZ-JAHNUR010000021.1
15450-1492R-B-C4	RS-GCF-003043755.1-NZ-PZIS01000096.1	96.035	1253	99	1261	0.0	1994	RS-GCF-003043755.1-NZ-PZIS01000096.1
15450-1492R-B-C4	RS-GCF-003042535.1-NZ-PZIP01000064.1	96.035	1253	99	1261	0.0	1994	RS-GCF-003042535.1-NZ-PZIP01000064.1
15450-1492R-B-C4	RS-GCF-013267715.1-NZ-CP054017.1--5	96.172	1253	99	1254	0.0	1990	RS-GCF-013267715.1-NZ-CP054017.1--5
15450-1492R-B-C4	RS-GCF-900636255.1-NZ-LR134242.1--6	96.172	1253	99	1254	0.0	1990	RS-GCF-900636255.1-NZ-LR134242.1--6
15450-1492R-B-C4	RS-GCF-900636255.1-NZ-LR134242.1	96.172	1253	99	1254	0.0	1990	RS-GCF-900636255.1-NZ-LR134242.1
15450-1492R-B-C4	RS-GCF-007666805.1-NZ-VDPX01000022.1	96.172	1253	99	1254	0.0	1990	RS-GCF-007666805.1-NZ-VDPX01000022.1
15450-1492R-B-C4	RS-GCF-900636265.1-NZ-LR134244.1--6	96.172	1253	99	1254	0.0	1990	RS-GCF-900636265.1-NZ-LR134244.1--6
15450-1492R-B-C4	RS-GCF-900636265.1-NZ-LR134244.1	96.172	1253	99	1254	0.0	1990	RS-GCF-900636265.1-NZ-LR134244.1
15450-1492R-B-C4	G001045675	96.172	1253	99	1254	0.0	1990	G001045675
15450-1492R-B-C4	G000332735	96.172	1253	99	1254	0.0	1990	G000332735
15450-1492R-B-C4	MJ030-2-barcode71-umi4718bins-ubs-69	96.172	1253	99	1254	0.0	1990	MJ030-2-barcode71-umi4718bins-ubs-69
15450-1492R-B-C4	RS-GCF-004785665.1-NZ-SRPJ01000017.1	95.956	1253	99	1261	0.0	1989	RS-GCF-004785665.1-NZ-SRPJ01000017.1
15450-1492R-B-C4	GB-GCA-003970565.1-RXXD01000047.1	95.956	1253	99	1261	0.0	1989	GB-GCA-003970565.1-RXXD01000047.1
15450-1492R-B-C4	RS-GCF-013345165.1-NZ-JABVEJ010000001.1--5	95.956	1253	99	1261	0.0	1989	RS-GCF-013345165.1-NZ-JABVEJ010000001.1--5
15450-1492R-B-C4	RS-GCF-013345165.1-NZ-JABVEJ010000001.1--2	95.956	1253	99	1261	0.0	1989	RS-GCF-013345165.1-NZ-JABVEJ010000001.1--2
15450-1492R-B-C4	RS-GCF-017893095.1-NZ-JAESMI010000148.1	95.956	1253	99	1261	0.0	1989	RS-GCF-017893095.1-NZ-JAESMI010000148.1
15450-1492R-B-C4	RS-GCF-003042555.1-NZ-PZIO01000037.1	95.956	1253	99	1261	0.0	1989	RS-GCF-003042555.1-NZ-PZIO01000037.1
15450-1492R-B-C4	RS-GCF-001921685.1-NZ-MSFF01000012.1	95.956	1253	99	1261	0.0	1989	RS-GCF-001921685.1-NZ-MSFF01000012.1
15450-1492R-B-C4	RS-GCF-001810265.1-NZ-KV800489.1	95.956	1253	99	1261	0.0	1989	RS-GCF-001810265.1-NZ-KV800489.1
15450-1492R-B-C4	RS-GCF-001808125.1-NZ-KV792232.1	95.956	1253	99	1261	0.0	1989	RS-GCF-001808125.1-NZ-KV792232.1
15450-1492R-B-C4	RS-GCF-000763725.1-NZ-JQHA01000040.1	95.956	1253	99	1261	0.0	1989	RS-GCF-000763725.1-NZ-JQHA01000040.1
15450-1492R-B-C4	RS-GCF-015070445.1-NZ-JADCSR010000087.1	95.956	1253	99	1261	0.0	1989	RS-GCF-015070445.1-NZ-JADCSR010000087.1
15450-1492R-B-C4	RS-GCF-001072095.1-NZ-JVMX01000045.1	95.956	1253	99	1261	0.0	1989	RS-GCF-001072095.1-NZ-JVMX01000045.1
15450-1492R-B-C4	RS-GCF-017355025.1-NZ-CP071512.1--6	95.956	1253	99	1261	0.0	1989	RS-GCF-017355025.1-NZ-CP071512.1--6
15450-1492R-B-C4	RS-GCF-001836865.1-NZ-KV830698.1	95.956	1253	99	1261	0.0	1989	RS-GCF-001836865.1-NZ-KV830698.1
15450-1492R-B-C4	RS-GCF-903969765.1-NZ-CAJCFZ010000016.1	95.956	1253	99	1261	0.0	1989	RS-GCF-903969765.1-NZ-CAJCFZ010000016.1
15450-1492R-B-C4	RS-GCF-001705085.1-NZ-JRAX01000123.1	95.956	1253	99	1261	0.0	1989	RS-GCF-001705085.1-NZ-JRAX01000123.1
15450-1492R-B-C4	RS-GCF-001611955.1-NZ-CP013911.1--5	95.956	1253	99	1261	0.0	1989	RS-GCF-001611955.1-NZ-CP013911.1--5
15450-1492R-B-C4	RS-GCF-007677695.1-NZ-VEDE01000061.1	95.956	1253	99	1261	0.0	1989	RS-GCF-007677695.1-NZ-VEDE01000061.1
15450-1492R-B-C4	RS-GCF-001237685.1-NZ-CUDO01000020.1	95.956	1253	99	1261	0.0	1989	RS-GCF-001237685.1-NZ-CUDO01000020.1
15450-1492R-B-C4	G000025085	96.035	1253	99	1261	0.0	1989	G000025085
15450-1492R-B-C4	G000009865	95.956	1253	99	1261	0.0	1989	G000009865
15450-1492R-B-C4	MT586030	95.956	1253	99	1261	0.0	1989	MT586030
15450-1492R-B-C4	KM873669	95.956	1253	99	1261	0.0	1989	KM873669
15450-1492R-B-C4	MJ005-barcode41-umi10095bins-ubs-21	95.956	1253	99	1261	0.0	1989	MJ005-barcode41-umi10095bins-ubs-21
15450-1492R-B-C4	MJ005-barcode41-umi18767bins-ubs-13	95.956	1253	99	1261	0.0	1989	MJ005-barcode41-umi18767bins-ubs-13
15450-1492R-B-C4	MJ005-barcode33-umi15336bins-ubs-15	95.956	1253	99	1261	0.0	1989	MJ005-barcode33-umi15336bins-ubs-15
15450-1492R-B-C4	MJ006-1-barcode26-umi45094bins-ubs-10	95.956	1253	99	1261	0.0	1989	MJ006-1-barcode26-umi45094bins-ubs-10
15450-1492R-B-C4	RS-GCF-900458805.1-NZ-UHDQ01000002.1	95.952	1253	99	1260	0.0	1987	RS-GCF-900458805.1-NZ-UHDQ01000002.1
15450-1492R-B-C4	L37603	96.093	1253	99	1254	0.0	1987	L37603
15450-1492R-B-C4	RS-GCF-008764045.1-NZ-VTQK01000028.1	97.968	1253	94	1181	0.0	1986	RS-GCF-008764045.1-NZ-VTQK01000028.1
15450-1492R-B-C4	RS-GCF-003043235.1-NZ-PZEZ01000134.1	96.093	1253	99	1254	0.0	1985	RS-GCF-003043235.1-NZ-PZEZ01000134.1
15450-1492R-B-C4	RS-GCF-001074135.1-NZ-JUVB01000002.1	96.093	1253	99	1254	0.0	1985	RS-GCF-001074135.1-NZ-JUVB01000002.1
15450-1492R-B-C4	RS-GCF-007833855.1-NZ-CP038242.1--5	96.093	1253	99	1254	0.0	1985	RS-GCF-007833855.1-NZ-CP038242.1--5
15450-1492R-B-C4	RS-GCF-000494875.1-NC-022737.1--2	96.093	1253	99	1254	0.0	1985	RS-GCF-000494875.1-NC-022737.1--2
15450-1492R-B-C4	RS-GCF-017898045.1-NZ-JAGMUP010000001.1--6	96.093	1253	99	1254	0.0	1985	RS-GCF-017898045.1-NZ-JAGMUP010000001.1--6
15450-1492R-B-C4	RS-GCF-003571725.1-NZ-CP032159.1	96.093	1253	99	1254	0.0	1985	RS-GCF-003571725.1-NZ-CP032159.1
15450-1492R-B-C4	AY953148	95.959	1253	99	1262	0.0	1985	AY953148
15450-1492R-B-C4	MJ007-2-barcode55-umi2482bins-ubs-195	96.093	1253	99	1254	0.0	1985	MJ007-2-barcode55-umi2482bins-ubs-195
15450-1492R-B-C4	RS-GCF-004684875.1-NZ-SRJF01000030.1	95.876	1253	99	1261	0.0	1984	RS-GCF-004684875.1-NZ-SRJF01000030.1
15450-1492R-B-C4	RS-GCF-900458825.1-NZ-UHDO01000001.1--3	95.876	1253	99	1261	0.0	1984	RS-GCF-900458825.1-NZ-UHDO01000001.1--3
15450-1492R-B-C4	RS-GCF-003035725.1-NZ-PYZH01000134.1	95.876	1253	99	1261	0.0	1984	RS-GCF-003035725.1-NZ-PYZH01000134.1
15450-1492R-B-C4	RS-GCF-003578115.1-NZ-QXSV01000197.1	95.876	1253	99	1261	0.0	1984	RS-GCF-003578115.1-NZ-QXSV01000197.1
15450-1492R-B-C4	RS-GCF-013345165.1-NZ-JABVEJ010000001.1	95.876	1253	99	1261	0.0	1984	RS-GCF-013345165.1-NZ-JABVEJ010000001.1
15450-1492R-B-C4	RS-GCF-003580835.1-NZ-QYJM01000112.1	95.876	1253	99	1261	0.0	1984	RS-GCF-003580835.1-NZ-QYJM01000112.1
15450-1492R-B-C4	RS-GCF-001839345.1-NZ-KV840964.1	95.956	1253	99	1261	0.0	1984	RS-GCF-001839345.1-NZ-KV840964.1
15450-1492R-B-C4	RS-GCF-009931395.1-NZ-CP038807.1--6	95.876	1253	99	1261	0.0	1984	RS-GCF-009931395.1-NZ-CP038807.1--6
15450-1492R-B-C4	RS-GCF-001839145.1-NZ-KV840194.1	95.956	1253	99	1261	0.0	1984	RS-GCF-001839145.1-NZ-KV840194.1
15450-1492R-B-C4	RS-GCF-001809105.1-NZ-KV795680.1	95.956	1253	99	1261	0.0	1984	RS-GCF-001809105.1-NZ-KV795680.1
15450-1492R-B-C4	RS-GCF-001809965.1-NZ-KV799486.1	95.956	1253	99	1261	0.0	1984	RS-GCF-001809965.1-NZ-KV799486.1
15450-1492R-B-C4	RS-GCF-003043635.1-NZ-PZIE01000133.1	95.876	1253	99	1261	0.0	1984	RS-GCF-003043635.1-NZ-PZIE01000133.1
15450-1492R-B-C4	RS-GCF-903970005.1-NZ-CAJCHB010000026.1	95.876	1253	99	1261	0.0	1984	RS-GCF-903970005.1-NZ-CAJCHB010000026.1
15450-1492R-B-C4	RS-GCF-017355005.1-NZ-CP071508.1--6	95.876	1253	99	1261	0.0	1984	RS-GCF-017355005.1-NZ-CP071508.1--6
15450-1492R-B-C4	RS-GCF-002114275.1-NZ-NDWY01000001.1--5	95.876	1253	99	1261	0.0	1984	RS-GCF-002114275.1-NZ-NDWY01000001.1--5
15450-1492R-B-C4	RS-GCF-002114275.1-NZ-NDWY01000001.1--2	95.876	1253	99	1261	0.0	1984	RS-GCF-002114275.1-NZ-NDWY01000001.1--2
15450-1492R-B-C4	RS-GCF-009932935.2-NZ-CP049091.1	95.876	1253	99	1261	0.0	1984	RS-GCF-009932935.2-NZ-CP049091.1
15450-1492R-B-C4	RS-GCF-000981145.1-NZ-LAKG01000073.1	95.876	1253	99	1261	0.0	1984	RS-GCF-000981145.1-NZ-LAKG01000073.1
15450-1492R-B-C4	RS-GCF-016695195.1-NZ-CP063274.1--5	95.876	1253	99	1261	0.0	1984	RS-GCF-016695195.1-NZ-CP063274.1--5
15450-1492R-B-C4	RS-GCF-001814895.1-NZ-KV818357.1	95.876	1253	99	1261	0.0	1984	RS-GCF-001814895.1-NZ-KV818357.1
15450-1492R-B-C4	GB-GCA-001471285.2-LORN02000015.1--5	95.876	1253	99	1261	0.0	1984	GB-GCA-001471285.2-LORN02000015.1--5
15450-1492R-B-C4	GB-GCA-001471285.2-LORN02000015.1--4	95.876	1253	99	1261	0.0	1984	GB-GCA-001471285.2-LORN02000015.1--4
15450-1492R-B-C4	GB-GCA-001471285.2-LORN02000015.1	95.876	1253	99	1261	0.0	1984	GB-GCA-001471285.2-LORN02000015.1
