15657-1492R-T-F11	RS-GCF-002844125.1-NZ-CP025308.1--8	96.520	1188	99	1178	0.0	1887	RS-GCF-002844125.1-NZ-CP025308.1--8
15657-1492R-T-F11	RS-GCF-000493375.1-NC-022530.1--9	98.046	1188	95	1126	0.0	1886	RS-GCF-000493375.1-NC-022530.1--9
15657-1492R-T-F11	RS-GCF-000493375.1-NC-022530.1--7	98.046	1188	95	1126	0.0	1886	RS-GCF-000493375.1-NC-022530.1--7
15657-1492R-T-F11	RS-GCF-003946965.1-NZ-QYZC01000026.1	98.046	1188	95	1126	0.0	1886	RS-GCF-003946965.1-NZ-QYZC01000026.1
15657-1492R-T-F11	RS-GCF-016859395.1-NZ-CP046145.1--9	98.046	1188	95	1126	0.0	1886	RS-GCF-016859395.1-NZ-CP046145.1--9
15657-1492R-T-F11	RS-GCF-009913295.1-NZ-CP028204.1--4	98.046	1188	95	1126	0.0	1886	RS-GCF-009913295.1-NZ-CP028204.1--4
15657-1492R-T-F11	RS-GCF-004119855.1-NZ-CP035410.1--9	98.046	1188	95	1126	0.0	1886	RS-GCF-004119855.1-NZ-CP035410.1--9
15657-1492R-T-F11	RS-GCF-013401395.2-NZ-CP045993.1--8	98.046	1188	95	1126	0.0	1886	RS-GCF-013401395.2-NZ-CP045993.1--8
15657-1492R-T-F11	RS-GCF-004119735.1-NZ-CP035399.1--6	98.046	1188	95	1126	0.0	1886	RS-GCF-004119735.1-NZ-CP035399.1--6
15657-1492R-T-F11	RS-GCF-002893845.1-NZ-CP025939.1--9	98.046	1188	95	1126	0.0	1886	RS-GCF-002893845.1-NZ-CP025939.1--9
15657-1492R-T-F11	RS-GCF-003721475.1-NZ-CP033576.1--7	98.046	1188	95	1126	0.0	1886	RS-GCF-003721475.1-NZ-CP033576.1--7
15657-1492R-T-F11	RS-GCF-003184945.1-NZ-CP027868.1--6	98.046	1188	95	1126	0.0	1886	RS-GCF-003184945.1-NZ-CP027868.1--6
15657-1492R-T-F11	GB-GCA-002943735.1-PTTN01000016.1	98.046	1188	95	1126	0.0	1886	GB-GCA-002943735.1-PTTN01000016.1
15657-1492R-T-F11	RS-GCF-007362635.1-NZ-CP041691.1--2	98.046	1188	95	1126	0.0	1886	RS-GCF-007362635.1-NZ-CP041691.1--2
15657-1492R-T-F11	RS-GCF-002844125.1-NZ-CP025308.1--5	98.046	1188	95	1126	0.0	1886	RS-GCF-002844125.1-NZ-CP025308.1--5
15657-1492R-T-F11	RS-GCF-014930895.1-NZ-CP062984.1--9	98.044	1188	95	1125	0.0	1884	RS-GCF-014930895.1-NZ-CP062984.1--9
15657-1492R-T-F11	RS-GCF-014930895.1-NZ-CP062984.1--2	98.044	1188	95	1125	0.0	1884	RS-GCF-014930895.1-NZ-CP062984.1--2
15657-1492R-T-F11	RS-GCF-001672615.1-NZ-LYUG01000014.1	98.044	1188	95	1125	0.0	1884	RS-GCF-001672615.1-NZ-LYUG01000014.1
15657-1492R-T-F11	RS-GCF-001687185.1-NZ-LZZO01000002.1	98.044	1188	95	1125	0.0	1884	RS-GCF-001687185.1-NZ-LZZO01000002.1
15657-1492R-T-F11	RS-GCF-003868675.1-NZ-CP032146.1--9	98.044	1188	95	1125	0.0	1884	RS-GCF-003868675.1-NZ-CP032146.1--9
15657-1492R-T-F11	RS-GCF-000204275.1-NC-017190.1--7	98.044	1188	95	1125	0.0	1884	RS-GCF-000204275.1-NC-017190.1--7
15657-1492R-T-F11	RS-GCF-000204275.1-NC-017190.1--3	98.044	1188	95	1125	0.0	1884	RS-GCF-000204275.1-NC-017190.1--3
15657-1492R-T-F11	RS-GCF-007827165.1-NZ-CP041693.1	98.044	1188	95	1125	0.0	1884	RS-GCF-007827165.1-NZ-CP041693.1
15657-1492R-T-F11	RS-GCF-004006115.1-NZ-CP018902.1--8	98.044	1188	95	1125	0.0	1884	RS-GCF-004006115.1-NZ-CP018902.1--8
15657-1492R-T-F11	RS-GCF-004006115.1-NZ-CP018902.1--6	98.044	1188	95	1125	0.0	1884	RS-GCF-004006115.1-NZ-CP018902.1--6
15657-1492R-T-F11	RS-GCF-004006115.1-NZ-CP018902.1--2	98.044	1188	95	1125	0.0	1884	RS-GCF-004006115.1-NZ-CP018902.1--2
15657-1492R-T-F11	RS-GCF-004006115.1-NZ-CP018902.1	98.044	1188	95	1125	0.0	1884	RS-GCF-004006115.1-NZ-CP018902.1
15657-1492R-T-F11	RS-GCF-009931675.1-NZ-CP048002.1	98.044	1188	95	1125	0.0	1884	RS-GCF-009931675.1-NZ-CP048002.1
15657-1492R-T-F11	RS-GCF-003149715.1-NZ-CP029069.1	98.044	1188	95	1125	0.0	1884	RS-GCF-003149715.1-NZ-CP029069.1
15657-1492R-T-F11	RS-GCF-014048285.1-NZ-CP059495.1	98.044	1188	95	1125	0.0	1884	RS-GCF-014048285.1-NZ-CP059495.1
15657-1492R-T-F11	G000196735	98.044	1188	95	1125	0.0	1884	G000196735
15657-1492R-T-F11	AB255669	98.044	1188	95	1125	0.0	1884	AB255669
15657-1492R-T-F11	FN597644	98.044	1188	95	1125	0.0	1884	FN597644
15657-1492R-T-F11	RS-GCF-001184225.1-NZ-KQ236689.1	98.043	1188	95	1124	0.0	1883	RS-GCF-001184225.1-NZ-KQ236689.1
15657-1492R-T-F11	RS-GCF-001662915.1-NZ-LYUE01000008.1	98.043	1188	95	1124	0.0	1883	RS-GCF-001662915.1-NZ-LYUE01000008.1
15657-1492R-T-F11	RS-GCF-000966575.1-NZ-LAGT01000018.1	98.043	1188	95	1124	0.0	1883	RS-GCF-000966575.1-NZ-LAGT01000018.1
15657-1492R-T-F11	RS-GCF-014534735.1-NZ-JACVSR010000014.1	98.043	1188	95	1124	0.0	1883	RS-GCF-014534735.1-NZ-JACVSR010000014.1
15657-1492R-T-F11	RS-GCF-016313165.1-NZ-CP066219.1--9	98.043	1188	95	1124	0.0	1883	RS-GCF-016313165.1-NZ-CP066219.1--9
15657-1492R-T-F11	RS-GCF-016313165.1-NZ-CP066219.1--7	98.043	1188	95	1124	0.0	1883	RS-GCF-016313165.1-NZ-CP066219.1--7
15657-1492R-T-F11	RS-GCF-016313165.1-NZ-CP066219.1--5	98.043	1188	95	1124	0.0	1883	RS-GCF-016313165.1-NZ-CP066219.1--5
15657-1492R-T-F11	RS-GCF-016313165.1-NZ-CP066219.1--4	98.043	1188	95	1124	0.0	1883	RS-GCF-016313165.1-NZ-CP066219.1--4
15657-1492R-T-F11	RS-GCF-003149795.1-NZ-CP029071.1--4	98.043	1188	95	1124	0.0	1883	RS-GCF-003149795.1-NZ-CP029071.1--4
15657-1492R-T-F11	RS-GCF-013401395.2-NZ-CP045993.1--3	98.043	1188	95	1124	0.0	1883	RS-GCF-013401395.2-NZ-CP045993.1--3
15657-1492R-T-F11	RS-GCF-004119735.1-NZ-CP035399.1--3	98.043	1188	95	1124	0.0	1883	RS-GCF-004119735.1-NZ-CP035399.1--3
15657-1492R-T-F11	RS-GCF-003721475.1-NZ-CP033576.1	98.043	1188	95	1124	0.0	1883	RS-GCF-003721475.1-NZ-CP033576.1
15657-1492R-T-F11	RS-GCF-009914135.1-NZ-CP028961.1	98.043	1188	95	1124	0.0	1883	RS-GCF-009914135.1-NZ-CP028961.1
15657-1492R-T-F11	RS-GCF-003667885.1-NZ-CP033052.1--10	97.957	1188	95	1126	0.0	1882	RS-GCF-003667885.1-NZ-CP033052.1--10
15657-1492R-T-F11	RS-GCF-003667885.1-NZ-CP033052.1--2	97.957	1188	95	1126	0.0	1882	RS-GCF-003667885.1-NZ-CP033052.1--2
15657-1492R-T-F11	RS-GCF-003667885.1-NZ-CP033052.1	97.957	1188	95	1126	0.0	1882	RS-GCF-003667885.1-NZ-CP033052.1
15657-1492R-T-F11	RS-GCF-001596755.1-NZ-CP014783.1--5	97.957	1188	95	1126	0.0	1882	RS-GCF-001596755.1-NZ-CP014783.1--5
15657-1492R-T-F11	RS-GCF-000259405.1-NZ-AJST01000001.1--10	97.957	1188	95	1126	0.0	1882	RS-GCF-000259405.1-NZ-AJST01000001.1--10
15657-1492R-T-F11	RS-GCF-000259405.1-NZ-AJST01000001.1--2	97.957	1188	95	1126	0.0	1882	RS-GCF-000259405.1-NZ-AJST01000001.1--2
15657-1492R-T-F11	RS-GCF-002761535.1-NZ-CP018133.1--7	97.957	1188	95	1126	0.0	1882	RS-GCF-002761535.1-NZ-CP018133.1--7
15657-1492R-T-F11	RS-GCF-002761535.1-NZ-CP018133.1--6	97.957	1188	95	1126	0.0	1882	RS-GCF-002761535.1-NZ-CP018133.1--6
15657-1492R-T-F11	RS-GCF-002761535.1-NZ-CP018133.1--5	97.957	1188	95	1126	0.0	1882	RS-GCF-002761535.1-NZ-CP018133.1--5
15657-1492R-T-F11	RS-GCF-000583065.1-NZ-CP007244.1--5	97.957	1188	95	1126	0.0	1882	RS-GCF-000583065.1-NZ-CP007244.1--5
15657-1492R-T-F11	RS-GCF-001857985.1-NZ-CP017775.1--8	97.957	1188	95	1126	0.0	1882	RS-GCF-001857985.1-NZ-CP017775.1--8
15657-1492R-T-F11	RS-GCF-001709115.1-NZ-LYNC01000069.1	97.957	1188	95	1126	0.0	1882	RS-GCF-001709115.1-NZ-LYNC01000069.1
15657-1492R-T-F11	RS-GCF-003265265.1-NZ-CP028375.1--5	97.957	1188	95	1126	0.0	1882	RS-GCF-003265265.1-NZ-CP028375.1--5
15657-1492R-T-F11	RS-GCF-009663035.1-NZ-CP045926.1--3	97.957	1188	95	1126	0.0	1882	RS-GCF-009663035.1-NZ-CP045926.1--3
15657-1492R-T-F11	RS-GCF-009663035.1-NZ-CP045926.1	97.957	1188	95	1126	0.0	1882	RS-GCF-009663035.1-NZ-CP045926.1
15657-1492R-T-F11	RS-GCF-018771665.1-NZ-CP076290.1--9	97.957	1188	95	1126	0.0	1882	RS-GCF-018771665.1-NZ-CP076290.1--9
15657-1492R-T-F11	RS-GCF-018771665.1-NZ-CP076290.1	97.957	1188	95	1126	0.0	1882	RS-GCF-018771665.1-NZ-CP076290.1
15657-1492R-T-F11	RS-GCF-006489255.1-NZ-CP041143.1--9	97.957	1188	95	1126	0.0	1882	RS-GCF-006489255.1-NZ-CP041143.1--9
15657-1492R-T-F11	RS-GCF-000508265.1-NC-023073.1--9	97.957	1188	95	1126	0.0	1882	RS-GCF-000508265.1-NC-023073.1--9
15657-1492R-T-F11	RS-GCF-000508265.1-NC-023073.1--7	97.957	1188	95	1126	0.0	1882	RS-GCF-000508265.1-NC-023073.1--7
15657-1492R-T-F11	RS-GCF-000283695.1-NC-016784.1--9	97.957	1188	95	1126	0.0	1882	RS-GCF-000283695.1-NC-016784.1--9
15657-1492R-T-F11	RS-GCF-006489235.1-NZ-CP041144.1--7	97.957	1188	95	1126	0.0	1882	RS-GCF-006489235.1-NZ-CP041144.1--7
15657-1492R-T-F11	RS-GCF-001536925.1-NZ-LN999829.1	97.957	1188	95	1126	0.0	1882	RS-GCF-001536925.1-NZ-LN999829.1
15657-1492R-T-F11	RS-GCF-008727675.1-NZ-CP044133.1--8	97.957	1188	95	1126	0.0	1882	RS-GCF-008727675.1-NZ-CP044133.1--8
15657-1492R-T-F11	RS-GCF-008727675.1-NZ-CP044133.1--3	97.957	1188	95	1126	0.0	1882	RS-GCF-008727675.1-NZ-CP044133.1--3
15657-1492R-T-F11	RS-GCF-002556565.1-NZ-CP023748.1--7	97.957	1188	95	1126	0.0	1882	RS-GCF-002556565.1-NZ-CP023748.1--7
15657-1492R-T-F11	RS-GCF-002556565.1-NZ-CP023748.1--4	97.957	1188	95	1126	0.0	1882	RS-GCF-002556565.1-NZ-CP023748.1--4
15657-1492R-T-F11	RS-GCF-002556565.1-NZ-CP023748.1	97.957	1188	95	1126	0.0	1882	RS-GCF-002556565.1-NZ-CP023748.1
15657-1492R-T-F11	RS-GCF-009931675.1-NZ-CP048002.1--2	97.957	1188	95	1126	0.0	1882	RS-GCF-009931675.1-NZ-CP048002.1--2
15657-1492R-T-F11	RS-GCF-001461835.1-NZ-LLZA01000025.1	97.957	1188	95	1126	0.0	1882	RS-GCF-001461835.1-NZ-LLZA01000025.1
15657-1492R-T-F11	RS-GCF-001175005.1-NZ-CVPA01000001.1	97.957	1188	95	1126	0.0	1882	RS-GCF-001175005.1-NZ-CVPA01000001.1
15657-1492R-T-F11	RS-GCF-018398955.1-NZ-CP074685.1--9	97.957	1188	95	1126	0.0	1882	RS-GCF-018398955.1-NZ-CP074685.1--9
15657-1492R-T-F11	RS-GCF-016909415.1-NZ-JAFBFS010000024.1	97.957	1188	95	1126	0.0	1882	RS-GCF-016909415.1-NZ-JAFBFS010000024.1
15657-1492R-T-F11	GB-GCA-003417765.1-QKQQ01000021.1--2	97.957	1188	95	1126	0.0	1882	GB-GCA-003417765.1-QKQQ01000021.1--2
15657-1492R-T-F11	RS-GCF-002850475.1-NZ-CP021011.1--9	97.957	1188	95	1126	0.0	1882	RS-GCF-002850475.1-NZ-CP021011.1--9
15657-1492R-T-F11	RS-GCF-003990455.1-NZ-RQPF01000032.1	97.957	1188	95	1126	0.0	1882	RS-GCF-003990455.1-NZ-RQPF01000032.1
15657-1492R-T-F11	RS-GCF-013341255.1-NZ-CP054479.1--7	97.957	1188	95	1126	0.0	1882	RS-GCF-013341255.1-NZ-CP054479.1--7
15657-1492R-T-F11	RS-GCF-009913295.1-NZ-CP028204.1--9	97.957	1188	95	1126	0.0	1882	RS-GCF-009913295.1-NZ-CP028204.1--9
15657-1492R-T-F11	RS-GCF-018406485.1-NZ-AP024603.1--9	97.957	1188	95	1126	0.0	1882	RS-GCF-018406485.1-NZ-AP024603.1--9
15657-1492R-T-F11	RS-GCF-004331895.1-NZ-CP036527.1--3	97.957	1188	95	1126	0.0	1882	RS-GCF-004331895.1-NZ-CP036527.1--3
15657-1492R-T-F11	RS-GCF-005843905.1-NZ-VCBE01000008.1	97.957	1188	95	1126	0.0	1882	RS-GCF-005843905.1-NZ-VCBE01000008.1
15657-1492R-T-F11	RS-GCF-000465655.1-NZ-AVQH01000027.1	97.957	1188	95	1126	0.0	1882	RS-GCF-000465655.1-NZ-AVQH01000027.1
15657-1492R-T-F11	RS-GCF-002893845.1-NZ-CP025939.1--8	97.957	1188	95	1126	0.0	1882	RS-GCF-002893845.1-NZ-CP025939.1--8
15657-1492R-T-F11	RS-GCF-002893845.1-NZ-CP025939.1--3	97.957	1188	95	1126	0.0	1882	RS-GCF-002893845.1-NZ-CP025939.1--3
15657-1492R-T-F11	RS-GCF-000455565.1-NC-022075.1--9	97.957	1188	95	1126	0.0	1882	RS-GCF-000455565.1-NC-022075.1--9
15657-1492R-T-F11	RS-GCF-000455565.1-NC-022075.1--4	97.957	1188	95	1126	0.0	1882	RS-GCF-000455565.1-NC-022075.1--4
15657-1492R-T-F11	RS-GCF-014211995.1-NZ-CP060085.1--8	97.957	1188	95	1126	0.0	1882	RS-GCF-014211995.1-NZ-CP060085.1--8
15657-1492R-T-F11	RS-GCF-003149715.1-NZ-CP029069.1--2	97.957	1188	95	1126	0.0	1882	RS-GCF-003149715.1-NZ-CP029069.1--2
15657-1492R-T-F11	RS-GCF-013285085.1-NZ-JABSVZ010000017.1	97.957	1188	95	1126	0.0	1882	RS-GCF-013285085.1-NZ-JABSVZ010000017.1
15657-1492R-T-F11	RS-GCF-006965525.1-NZ-CP041361.1--9	97.957	1188	95	1126	0.0	1882	RS-GCF-006965525.1-NZ-CP041361.1--9
15657-1492R-T-F11	RS-GCF-017603845.1-NZ-CP071970.1--5	97.957	1188	95	1126	0.0	1882	RS-GCF-017603845.1-NZ-CP071970.1--5
15657-1492R-T-F11	GB-GCA-001247635.1-LGYP01000001.1--6	97.957	1188	95	1126	0.0	1882	GB-GCA-001247635.1-LGYP01000001.1--6
15657-1492R-T-F11	GB-GCA-001247635.1-LGYP01000001.1--5	97.957	1188	95	1126	0.0	1882	GB-GCA-001247635.1-LGYP01000001.1--5
15657-1492R-T-F11	GB-GCA-001247635.1-LGYP01000001.1	97.957	1188	95	1126	0.0	1882	GB-GCA-001247635.1-LGYP01000001.1
15657-1492R-T-F11	RS-GCF-001483885.1-NZ-CP013727.1--3	97.957	1188	95	1126	0.0	1882	RS-GCF-001483885.1-NZ-CP013727.1--3
15657-1492R-T-F11	RS-GCF-014495825.1-NZ-CP061087.1--8	97.957	1188	95	1126	0.0	1882	RS-GCF-014495825.1-NZ-CP061087.1--8
15657-1492R-T-F11	RS-GCF-014495825.1-NZ-CP061087.1--6	97.957	1188	95	1126	0.0	1882	RS-GCF-014495825.1-NZ-CP061087.1--6
15657-1492R-T-F11	RS-GCF-002072695.1-NZ-CP020375.1--9	97.957	1188	95	1126	0.0	1882	RS-GCF-002072695.1-NZ-CP020375.1--9
15657-1492R-T-F11	RS-GCF-009913315.1-NZ-CP028205.1--7	97.957	1188	95	1126	0.0	1882	RS-GCF-009913315.1-NZ-CP028205.1--7
15657-1492R-T-F11	RS-GCF-008824205.1-NZ-CP044444.1--5	97.957	1188	95	1126	0.0	1882	RS-GCF-008824205.1-NZ-CP044444.1--5
15657-1492R-T-F11	RS-GCF-008802875.1-NZ-CP044349.1--7	97.957	1188	95	1126	0.0	1882	RS-GCF-008802875.1-NZ-CP044349.1--7
15657-1492R-T-F11	RS-GCF-008802875.1-NZ-CP044349.1--6	97.957	1188	95	1126	0.0	1882	RS-GCF-008802875.1-NZ-CP044349.1--6
15657-1492R-T-F11	RS-GCF-013348705.1-NZ-CP054714.1--9	97.957	1188	95	1126	0.0	1882	RS-GCF-013348705.1-NZ-CP054714.1--9
15657-1492R-T-F11	RS-GCF-013348705.1-NZ-CP054714.1--3	97.957	1188	95	1126	0.0	1882	RS-GCF-013348705.1-NZ-CP054714.1--3
15657-1492R-T-F11	RS-GCF-013348705.1-NZ-CP054714.1	97.957	1188	95	1126	0.0	1882	RS-GCF-013348705.1-NZ-CP054714.1
15657-1492R-T-F11	RS-GCF-003432425.1-NZ-CP023075.1--8	97.957	1188	95	1126	0.0	1882	RS-GCF-003432425.1-NZ-CP023075.1--8
15657-1492R-T-F11	RS-GCF-003432425.1-NZ-CP023075.1--6	97.957	1188	95	1126	0.0	1882	RS-GCF-003432425.1-NZ-CP023075.1--6
15657-1492R-T-F11	RS-GCF-003432425.1-NZ-CP023075.1--4	97.957	1188	95	1126	0.0	1882	RS-GCF-003432425.1-NZ-CP023075.1--4
15657-1492R-T-F11	RS-GCF-003432425.1-NZ-CP023075.1--3	97.957	1188	95	1126	0.0	1882	RS-GCF-003432425.1-NZ-CP023075.1--3
15657-1492R-T-F11	RS-GCF-018732185.1-NZ-CP076119.1--6	97.957	1188	95	1126	0.0	1882	RS-GCF-018732185.1-NZ-CP076119.1--6
15657-1492R-T-F11	RS-GCF-018732185.1-NZ-CP076119.1--3	97.957	1188	95	1126	0.0	1882	RS-GCF-018732185.1-NZ-CP076119.1--3
15657-1492R-T-F11	RS-GCF-018861275.1-NZ-CP076408.1--5	97.957	1188	95	1126	0.0	1882	RS-GCF-018861275.1-NZ-CP076408.1--5
15657-1492R-T-F11	RS-GCF-018861275.1-NZ-CP076408.1--4	97.957	1188	95	1126	0.0	1882	RS-GCF-018861275.1-NZ-CP076408.1--4
15657-1492R-T-F11	RS-GCF-018866365.1-NZ-CP076450.1--9	97.957	1188	95	1126	0.0	1882	RS-GCF-018866365.1-NZ-CP076450.1--9
15657-1492R-T-F11	RS-GCF-018866365.1-NZ-CP076450.1--8	97.957	1188	95	1126	0.0	1882	RS-GCF-018866365.1-NZ-CP076450.1--8
15657-1492R-T-F11	RS-GCF-018866365.1-NZ-CP076450.1--7	97.957	1188	95	1126	0.0	1882	RS-GCF-018866365.1-NZ-CP076450.1--7
15657-1492R-T-F11	RS-GCF-014048285.1-NZ-CP059495.1--9	97.957	1188	95	1126	0.0	1882	RS-GCF-014048285.1-NZ-CP059495.1--9
15657-1492R-T-F11	RS-GCF-014048285.1-NZ-CP059495.1--8	97.957	1188	95	1126	0.0	1882	RS-GCF-014048285.1-NZ-CP059495.1--8
15657-1492R-T-F11	RS-GCF-904842145.1-NZ-CAJGVG010000001.1--7	97.957	1188	95	1126	0.0	1882	RS-GCF-904842145.1-NZ-CAJGVG010000001.1--7
15657-1492R-T-F11	RS-GCF-904842145.1-NZ-CAJGVG010000001.1--4	97.957	1188	95	1126	0.0	1882	RS-GCF-904842145.1-NZ-CAJGVG010000001.1--4
15657-1492R-T-F11	RS-GCF-904842145.1-NZ-CAJGVG010000001.1	97.957	1188	95	1126	0.0	1882	RS-GCF-904842145.1-NZ-CAJGVG010000001.1
15657-1492R-T-F11	RS-GCF-900100225.1-NZ-FNER01000016.1	97.957	1188	95	1126	0.0	1882	RS-GCF-900100225.1-NZ-FNER01000016.1
15657-1492R-T-F11	RS-GCF-001639945.1-NZ-BDDG01000009.1	97.957	1188	95	1126	0.0	1882	RS-GCF-001639945.1-NZ-BDDG01000009.1
15657-1492R-T-F11	RS-GCF-002844125.1-NZ-CP025308.1--6	97.957	1188	95	1126	0.0	1882	RS-GCF-002844125.1-NZ-CP025308.1--6
15657-1492R-T-F11	RS-GCF-002844125.1-NZ-CP025308.1--2	97.957	1188	95	1126	0.0	1882	RS-GCF-002844125.1-NZ-CP025308.1--2
15657-1492R-T-F11	RS-GCF-002844125.1-NZ-CP025308.1	97.957	1188	95	1126	0.0	1882	RS-GCF-002844125.1-NZ-CP025308.1
15657-1492R-T-F11	G001687195	97.957	1188	95	1126	0.0	1882	G001687195
15657-1492R-T-F11	G001587325	97.957	1188	95	1126	0.0	1882	G001587325
15657-1492R-T-F11	AB021198	97.957	1188	95	1126	0.0	1882	AB021198
15657-1492R-T-F11	RS-GCF-002209305.1-NZ-CP011252.1--8	98.041	1188	95	1123	0.0	1881	RS-GCF-002209305.1-NZ-CP011252.1--8
15657-1492R-T-F11	RS-GCF-002209305.1-NZ-CP011252.1--7	98.041	1188	95	1123	0.0	1881	RS-GCF-002209305.1-NZ-CP011252.1--7
15657-1492R-T-F11	RS-GCF-000284395.1-NC-017061.1--5	97.869	1188	95	1126	0.0	1881	RS-GCF-000284395.1-NC-017061.1--5
15657-1492R-T-F11	RS-GCF-000493375.1-NC-022530.1--4	97.869	1188	95	1126	0.0	1881	RS-GCF-000493375.1-NC-022530.1--4
15657-1492R-T-F11	RS-GCF-013328835.1-NZ-CP054415.1--9	97.956	1188	95	1125	0.0	1880	RS-GCF-013328835.1-NZ-CP054415.1--9
15657-1492R-T-F11	RS-GCF-013328835.1-NZ-CP054415.1--5	97.956	1188	95	1125	0.0	1880	RS-GCF-013328835.1-NZ-CP054415.1--5
15657-1492R-T-F11	RS-GCF-013328835.1-NZ-CP054415.1--2	97.956	1188	95	1125	0.0	1880	RS-GCF-013328835.1-NZ-CP054415.1--2
15657-1492R-T-F11	RS-GCF-014930895.1-NZ-CP062984.1--8	97.956	1188	95	1125	0.0	1880	RS-GCF-014930895.1-NZ-CP062984.1--8
15657-1492R-T-F11	RS-GCF-000195515.1-NC-017188.1--6	97.956	1188	95	1125	0.0	1880	RS-GCF-000195515.1-NC-017188.1--6
15657-1492R-T-F11	RS-GCF-003868675.1-NZ-CP032146.1--4	97.956	1188	95	1125	0.0	1880	RS-GCF-003868675.1-NZ-CP032146.1--4
15657-1492R-T-F11	RS-GCF-000204275.1-NC-017190.1--4	97.956	1188	95	1125	0.0	1880	RS-GCF-000204275.1-NC-017190.1--4
15657-1492R-T-F11	RS-GCF-007827165.1-NZ-CP041693.1--2	97.956	1188	95	1125	0.0	1880	RS-GCF-007827165.1-NZ-CP041693.1--2
15657-1492R-T-F11	RS-GCF-001705195.1-NZ-CP016913.1--9	97.956	1188	95	1125	0.0	1880	RS-GCF-001705195.1-NZ-CP016913.1--9
15657-1492R-T-F11	RS-GCF-001705195.1-NZ-CP016913.1--6	97.956	1188	95	1125	0.0	1880	RS-GCF-001705195.1-NZ-CP016913.1--6
15657-1492R-T-F11	RS-GCF-001705195.1-NZ-CP016913.1--4	97.956	1188	95	1125	0.0	1880	RS-GCF-001705195.1-NZ-CP016913.1--4
15657-1492R-T-F11	RS-GCF-004006115.1-NZ-CP018902.1--9	97.956	1188	95	1125	0.0	1880	RS-GCF-004006115.1-NZ-CP018902.1--9
15657-1492R-T-F11	RS-GCF-004006115.1-NZ-CP018902.1--7	97.956	1188	95	1125	0.0	1880	RS-GCF-004006115.1-NZ-CP018902.1--7
15657-1492R-T-F11	RS-GCF-003382375.1-NZ-PQWK01000008.1	97.956	1188	95	1125	0.0	1880	RS-GCF-003382375.1-NZ-PQWK01000008.1
15657-1492R-T-F11	RS-GCF-002944585.1-NZ-CP026533.1--4	97.956	1188	95	1125	0.0	1880	RS-GCF-002944585.1-NZ-CP026533.1--4
15657-1492R-T-F11	RS-GCF-011075175.1-NZ-JAALLJ010000027.1	97.956	1188	95	1125	0.0	1880	RS-GCF-011075175.1-NZ-JAALLJ010000027.1
15657-1492R-T-F11	RS-GCF-016406185.1-NZ-CP066337.1--4	97.956	1188	95	1125	0.0	1880	RS-GCF-016406185.1-NZ-CP066337.1--4
15657-1492R-T-F11	RS-GCF-005696395.1-NZ-CP040378.1	97.956	1188	95	1125	0.0	1880	RS-GCF-005696395.1-NZ-CP040378.1
15657-1492R-T-F11	RS-GCF-009856975.1-NZ-CP047268.1--3	97.956	1188	95	1125	0.0	1880	RS-GCF-009856975.1-NZ-CP047268.1--3
15657-1492R-T-F11	RS-GCF-003149695.1-NZ-CP029070.1	97.956	1188	95	1125	0.0	1880	RS-GCF-003149695.1-NZ-CP029070.1
15657-1492R-T-F11	RS-GCF-014048285.1-NZ-CP059495.1--7	97.956	1188	95	1125	0.0	1880	RS-GCF-014048285.1-NZ-CP059495.1--7
15657-1492R-T-F11	RS-GCF-000284395.1-NC-017061.1--2	97.869	1188	95	1126	0.0	1879	RS-GCF-000284395.1-NC-017061.1--2
15657-1492R-T-F11	RS-GCF-002759055.1-NZ-PELK01000474.1	97.954	1188	95	1124	0.0	1878	RS-GCF-002759055.1-NZ-PELK01000474.1
15657-1492R-T-F11	RS-GCF-001184225.1-NZ-KQ236689.1--6	97.954	1188	95	1124	0.0	1878	RS-GCF-001184225.1-NZ-KQ236689.1--6
15657-1492R-T-F11	RS-GCF-001184225.1-NZ-KQ236689.1--5	97.954	1188	95	1124	0.0	1878	RS-GCF-001184225.1-NZ-KQ236689.1--5
15657-1492R-T-F11	RS-GCF-016313165.1-NZ-CP066219.1	97.954	1188	95	1124	0.0	1878	RS-GCF-016313165.1-NZ-CP066219.1
15657-1492R-T-F11	RS-GCF-003390415.1-NZ-CP031424.1--9	97.954	1188	95	1124	0.0	1878	RS-GCF-003390415.1-NZ-CP031424.1--9
15657-1492R-T-F11	RS-GCF-003667745.1-NZ-CP033054.1--3	97.954	1188	95	1124	0.0	1878	RS-GCF-003667745.1-NZ-CP033054.1--3
15657-1492R-T-F11	RS-GCF-002796465.1-NZ-CP024897.1--6	97.954	1188	95	1124	0.0	1878	RS-GCF-002796465.1-NZ-CP024897.1--6
15657-1492R-T-F11	RS-GCF-004135455.2-NZ-CP043809.1	97.954	1188	95	1124	0.0	1878	RS-GCF-004135455.2-NZ-CP043809.1
15657-1492R-T-F11	RS-GCF-019093835.1-NZ-JAGTPD010000013.1	97.954	1188	95	1124	0.0	1878	RS-GCF-019093835.1-NZ-JAGTPD010000013.1
15657-1492R-T-F11	RS-GCF-003855275.1-NZ-CP034037.1--6	97.954	1188	95	1124	0.0	1878	RS-GCF-003855275.1-NZ-CP034037.1--6
15657-1492R-T-F11	RS-GCF-003855275.1-NZ-CP034037.1--5	97.954	1188	95	1124	0.0	1878	RS-GCF-003855275.1-NZ-CP034037.1--5
15657-1492R-T-F11	RS-GCF-014622745.1-NZ-CP061168.1--9	97.954	1188	95	1124	0.0	1878	RS-GCF-014622745.1-NZ-CP061168.1--9
15657-1492R-T-F11	RS-GCF-000815145.1-NZ-CP010406.1--9	97.954	1188	95	1124	0.0	1878	RS-GCF-000815145.1-NZ-CP010406.1--9
15657-1492R-T-F11	RS-GCF-001874385.1-NZ-CP017953.1--7	97.954	1188	95	1124	0.0	1878	RS-GCF-001874385.1-NZ-CP017953.1--7
15657-1492R-T-F11	RS-GCF-014791945.1-NZ-CP061852.1--9	97.954	1188	95	1124	0.0	1878	RS-GCF-014791945.1-NZ-CP061852.1--9
15657-1492R-T-F11	RS-GCF-001687745.1-NZ-CP015911.1--2	97.954	1188	95	1124	0.0	1878	RS-GCF-001687745.1-NZ-CP015911.1--2
15657-1492R-T-F11	RS-GCF-001687745.1-NZ-CP015911.1	97.954	1188	95	1124	0.0	1878	RS-GCF-001687745.1-NZ-CP015911.1
15657-1492R-T-F11	RS-GCF-014854735.1-NZ-CP029466.1--9	97.954	1188	95	1124	0.0	1878	RS-GCF-014854735.1-NZ-CP029466.1--9
15657-1492R-T-F11	RS-GCF-014854735.1-NZ-CP029466.1--5	97.954	1188	95	1124	0.0	1878	RS-GCF-014854735.1-NZ-CP029466.1--5
15657-1492R-T-F11	RS-GCF-003149795.1-NZ-CP029071.1--9	97.954	1188	95	1124	0.0	1878	RS-GCF-003149795.1-NZ-CP029071.1--9
15657-1492R-T-F11	RS-GCF-009913355.1-NZ-CP028207.1--3	97.954	1188	95	1124	0.0	1878	RS-GCF-009913355.1-NZ-CP028207.1--3
15657-1492R-T-F11	RS-GCF-000508265.1-NC-023073.1--10	97.954	1188	95	1124	0.0	1878	RS-GCF-000508265.1-NC-023073.1--10
15657-1492R-T-F11	RS-GCF-000319475.1-NC-019842.1--9	97.954	1188	95	1124	0.0	1878	RS-GCF-000319475.1-NC-019842.1--9
15657-1492R-T-F11	RS-GCF-000319475.1-NC-019842.1--5	97.954	1188	95	1124	0.0	1878	RS-GCF-000319475.1-NC-019842.1--5
15657-1492R-T-F11	RS-GCF-001294785.1-NZ-LJDI01000002.1	97.954	1188	95	1124	0.0	1878	RS-GCF-001294785.1-NZ-LJDI01000002.1
15657-1492R-T-F11	RS-GCF-002002555.1-NZ-MPHE01000006.1	97.954	1188	95	1124	0.0	1878	RS-GCF-002002555.1-NZ-MPHE01000006.1
15657-1492R-T-F11	RS-GCF-009931675.1-NZ-CP048002.1--7	97.954	1188	95	1124	0.0	1878	RS-GCF-009931675.1-NZ-CP048002.1--7
15657-1492R-T-F11	RS-GCF-001889285.1-NZ-CP018152.1	97.954	1188	95	1124	0.0	1878	RS-GCF-001889285.1-NZ-CP018152.1
15657-1492R-T-F11	RS-GCF-002327165.1-NZ-CP023431.1--2	97.954	1188	95	1124	0.0	1878	RS-GCF-002327165.1-NZ-CP023431.1--2
15657-1492R-T-F11	GB-GCA-000732055.1-JOKF01000052.1	97.954	1188	95	1124	0.0	1878	GB-GCA-000732055.1-JOKF01000052.1
15657-1492R-T-F11	RS-GCF-001175005.1-NZ-CVPA01000001.1--9	97.954	1188	95	1124	0.0	1878	RS-GCF-001175005.1-NZ-CVPA01000001.1--9
15657-1492R-T-F11	RS-GCF-001175005.1-NZ-CVPA01000001.1--2	97.954	1188	95	1124	0.0	1878	RS-GCF-001175005.1-NZ-CVPA01000001.1--2
15657-1492R-T-F11	RS-GCF-018398955.1-NZ-CP074685.1--8	97.954	1188	95	1124	0.0	1878	RS-GCF-018398955.1-NZ-CP074685.1--8
15657-1492R-T-F11	RS-GCF-009913295.1-NZ-CP028204.1--3	97.954	1188	95	1124	0.0	1878	RS-GCF-009913295.1-NZ-CP028204.1--3
15657-1492R-T-F11	RS-GCF-009913295.1-NZ-CP028204.1	97.957	1188	95	1126	0.0	1878	RS-GCF-009913295.1-NZ-CP028204.1
15657-1492R-T-F11	RS-GCF-002751885.1-NZ-MAYA01000096.1	97.954	1188	95	1124	0.0	1878	RS-GCF-002751885.1-NZ-MAYA01000096.1
15657-1492R-T-F11	RS-GCF-009738165.1-NZ-CP045711.1--8	97.954	1188	95	1124	0.0	1878	RS-GCF-009738165.1-NZ-CP045711.1--8
15657-1492R-T-F11	RS-GCF-004119855.1-NZ-CP035410.1--5	97.954	1188	95	1124	0.0	1878	RS-GCF-004119855.1-NZ-CP035410.1--5
15657-1492R-T-F11	RS-GCF-002105595.1-NZ-CP020805.1--4	97.954	1188	95	1124	0.0	1878	RS-GCF-002105595.1-NZ-CP020805.1--4
15657-1492R-T-F11	RS-GCF-002105595.1-NZ-CP020805.1--3	97.954	1188	95	1124	0.0	1878	RS-GCF-002105595.1-NZ-CP020805.1--3
15657-1492R-T-F11	RS-GCF-000769515.1-NZ-CP009684.1--5	97.954	1188	95	1124	0.0	1878	RS-GCF-000769515.1-NZ-CP009684.1--5
15657-1492R-T-F11	RS-GCF-002205715.1-NZ-CP021976.1--5	97.954	1188	95	1124	0.0	1878	RS-GCF-002205715.1-NZ-CP021976.1--5
15657-1492R-T-F11	RS-GCF-009913375.1-NZ-CP028208.1--5	97.954	1188	95	1124	0.0	1878	RS-GCF-009913375.1-NZ-CP028208.1--5
15657-1492R-T-F11	RS-GCF-000772165.1-NZ-CP009749.1--7	97.954	1188	95	1124	0.0	1878	RS-GCF-000772165.1-NZ-CP009749.1--7
15657-1492R-T-F11	RS-GCF-002916875.1-NZ-NEOS01000010.1	97.954	1188	95	1124	0.0	1878	RS-GCF-002916875.1-NZ-NEOS01000010.1
15657-1492R-T-F11	RS-GCF-016834435.1-NZ-CP069214.1--7	97.954	1188	95	1124	0.0	1878	RS-GCF-016834435.1-NZ-CP069214.1--7
15657-1492R-T-F11	RS-GCF-002893845.1-NZ-CP025939.1--4	97.957	1188	95	1126	0.0	1878	RS-GCF-002893845.1-NZ-CP025939.1--4
15657-1492R-T-F11	RS-GCF-002845365.1-NZ-CP025341.1--2	97.954	1188	95	1124	0.0	1878	RS-GCF-002845365.1-NZ-CP025341.1--2
15657-1492R-T-F11	RS-GCF-002845365.1-NZ-CP025341.1	97.954	1188	95	1124	0.0	1878	RS-GCF-002845365.1-NZ-CP025341.1
15657-1492R-T-F11	GB-GCA-002157265.1-CP021338.1--7	97.954	1188	95	1124	0.0	1878	GB-GCA-002157265.1-CP021338.1--7
15657-1492R-T-F11	RS-GCF-001266825.1-NZ-LGAT01000020.1	97.954	1188	95	1124	0.0	1878	RS-GCF-001266825.1-NZ-LGAT01000020.1
15657-1492R-T-F11	RS-GCF-013201465.1-NZ-CP053764.1--7	97.954	1188	95	1124	0.0	1878	RS-GCF-013201465.1-NZ-CP053764.1--7
15657-1492R-T-F11	RS-GCF-013201465.1-NZ-CP053764.1--2	97.954	1188	95	1124	0.0	1878	RS-GCF-013201465.1-NZ-CP053764.1--2
15657-1492R-T-F11	RS-GCF-013201465.1-NZ-CP053764.1	97.954	1188	95	1124	0.0	1878	RS-GCF-013201465.1-NZ-CP053764.1
15657-1492R-T-F11	RS-GCF-012647845.1-NZ-CP051463.1--8	97.954	1188	95	1124	0.0	1878	RS-GCF-012647845.1-NZ-CP051463.1--8
15657-1492R-T-F11	RS-GCF-012275165.1-NZ-CP051011.1	97.954	1188	95	1124	0.0	1878	RS-GCF-012275165.1-NZ-CP051011.1
15657-1492R-T-F11	RS-GCF-004337575.1-NZ-SJCZ01000023.1	97.954	1188	95	1124	0.0	1878	RS-GCF-004337575.1-NZ-SJCZ01000023.1
15657-1492R-T-F11	RS-GCF-014048385.1-NZ-CP059497.1--8	97.954	1188	95	1124	0.0	1878	RS-GCF-014048385.1-NZ-CP059497.1--8
15657-1492R-T-F11	RS-GCF-006965525.1-NZ-CP041361.1--8	97.954	1188	95	1124	0.0	1878	RS-GCF-006965525.1-NZ-CP041361.1--8
15657-1492R-T-F11	RS-GCF-014764325.1-NZ-CP061704.1--9	97.954	1188	95	1124	0.0	1878	RS-GCF-014764325.1-NZ-CP061704.1--9
15657-1492R-T-F11	GB-GCA-001247635.1-LGYP01000005.1	97.954	1188	95	1124	0.0	1878	GB-GCA-001247635.1-LGYP01000005.1
15657-1492R-T-F11	RS-GCF-002968415.1-NZ-CP026610.1--9	97.954	1188	95	1124	0.0	1878	RS-GCF-002968415.1-NZ-CP026610.1--9
15657-1492R-T-F11	RS-GCF-002968415.1-NZ-CP026610.1--7	97.954	1188	95	1124	0.0	1878	RS-GCF-002968415.1-NZ-CP026610.1--7
15657-1492R-T-F11	RS-GCF-001593765.1-NZ-CP006058.1--8	97.954	1188	95	1124	0.0	1878	RS-GCF-001593765.1-NZ-CP006058.1--8
15657-1492R-T-F11	RS-GCF-001593765.1-NZ-CP006058.1	97.954	1188	95	1124	0.0	1878	RS-GCF-001593765.1-NZ-CP006058.1
15657-1492R-T-F11	RS-GCF-003184945.1-NZ-CP027868.1--3	97.957	1188	95	1126	0.0	1878	RS-GCF-003184945.1-NZ-CP027868.1--3
15657-1492R-T-F11	RS-GCF-002057535.1-NZ-CP018007.1--3	97.954	1188	95	1124	0.0	1878	RS-GCF-002057535.1-NZ-CP018007.1--3
15657-1492R-T-F11	RS-GCF-008802875.1-NZ-CP044349.1--9	97.954	1188	95	1124	0.0	1878	RS-GCF-008802875.1-NZ-CP044349.1--9
15657-1492R-T-F11	GB-GCA-018141325.1-CP047587.1--7	97.954	1188	95	1124	0.0	1878	GB-GCA-018141325.1-CP047587.1--7
15657-1492R-T-F11	RS-GCF-002276265.1-NZ-NQXV01000057.1	97.954	1188	95	1124	0.0	1878	RS-GCF-002276265.1-NZ-NQXV01000057.1
15657-1492R-T-F11	RS-GCF-003047025.1-NZ-CP028439.1--6	97.954	1188	95	1124	0.0	1878	RS-GCF-003047025.1-NZ-CP028439.1--6
15657-1492R-T-F11	RS-GCF-018732185.1-NZ-CP076119.1	97.954	1188	95	1124	0.0	1878	RS-GCF-018732185.1-NZ-CP076119.1
15657-1492R-T-F11	RS-GCF-011421515.1-NZ-WOYD01000012.1	97.954	1188	95	1124	0.0	1878	RS-GCF-011421515.1-NZ-WOYD01000012.1
15657-1492R-T-F11	RS-GCF-003312895.1-NZ-CP030097.1--9	97.954	1188	95	1124	0.0	1878	RS-GCF-003312895.1-NZ-CP030097.1--9
15657-1492R-T-F11	RS-GCF-014048285.1-NZ-CP059495.1--4	97.954	1188	95	1124	0.0	1878	RS-GCF-014048285.1-NZ-CP059495.1--4
15657-1492R-T-F11	RS-GCF-002082435.1-NZ-NBMO01000012.1	97.954	1188	95	1124	0.0	1878	RS-GCF-002082435.1-NZ-NBMO01000012.1
15657-1492R-T-F11	RS-GCF-904842145.1-NZ-CAJGVG010000001.1--9	97.954	1188	95	1124	0.0	1878	RS-GCF-904842145.1-NZ-CAJGVG010000001.1--9
15657-1492R-T-F11	RS-GCF-904842145.1-NZ-CAJGVG010000001.1--2	97.954	1188	95	1124	0.0	1878	RS-GCF-904842145.1-NZ-CAJGVG010000001.1--2
15657-1492R-T-F11	RS-GCF-008244925.1-NZ-CP043416.1--8	97.954	1188	95	1124	0.0	1878	RS-GCF-008244925.1-NZ-CP043416.1--8
15657-1492R-T-F11	RS-GCF-002243325.2-NZ-CP022654.2	97.954	1188	95	1124	0.0	1878	RS-GCF-002243325.2-NZ-CP022654.2
15657-1492R-T-F11	RS-GCF-000934885.1-NZ-JYGH01000005.1	97.954	1188	95	1124	0.0	1878	RS-GCF-000934885.1-NZ-JYGH01000005.1
15657-1492R-T-F11	RS-GCF-004337655.1-NZ-CP037417.1	97.954	1188	95	1124	0.0	1878	RS-GCF-004337655.1-NZ-CP037417.1
15657-1492R-T-F11	RS-GCF-002844125.1-NZ-CP025308.1--4	97.954	1188	95	1124	0.0	1878	RS-GCF-002844125.1-NZ-CP025308.1--4
15657-1492R-T-F11	RS-GCF-009664145.1-NZ-CP041192.1--8	97.954	1188	95	1124	0.0	1878	RS-GCF-009664145.1-NZ-CP041192.1--8
15657-1492R-T-F11	RS-GCF-009834085.1-NZ-CP047157.1--2	97.954	1188	95	1124	0.0	1878	RS-GCF-009834085.1-NZ-CP047157.1--2
15657-1492R-T-F11	G001461825	97.954	1188	95	1124	0.0	1878	G001461825
15657-1492R-T-F11	LLZC01000010	97.954	1188	95	1124	0.0	1878	LLZC01000010
15657-1492R-T-F11	MJ030-1-barcode25-umi38815bins-ubs-13	97.954	1188	95	1124	0.0	1878	MJ030-1-barcode25-umi38815bins-ubs-13
15657-1492R-T-F11	RS-GCF-003667885.1-NZ-CP033052.1--8	97.869	1188	95	1126	0.0	1877	RS-GCF-003667885.1-NZ-CP033052.1--8
15657-1492R-T-F11	RS-GCF-003667885.1-NZ-CP033052.1--7	97.869	1188	95	1126	0.0	1877	RS-GCF-003667885.1-NZ-CP033052.1--7
15657-1492R-T-F11	RS-GCF-003667885.1-NZ-CP033052.1--6	97.869	1188	95	1126	0.0	1877	RS-GCF-003667885.1-NZ-CP033052.1--6
15657-1492R-T-F11	RS-GCF-003148415.1-NZ-CP029465.1--7	97.869	1188	95	1126	0.0	1877	RS-GCF-003148415.1-NZ-CP029465.1--7
15657-1492R-T-F11	RS-GCF-009019315.1-NZ-WCWF01000118.1	97.869	1188	95	1126	0.0	1877	RS-GCF-009019315.1-NZ-WCWF01000118.1
15657-1492R-T-F11	RS-GCF-002893805.1-NZ-CP025941.1	97.869	1188	95	1126	0.0	1877	RS-GCF-002893805.1-NZ-CP025941.1
15657-1492R-T-F11	RS-GCF-001015095.1-NZ-CP011534.1--2	97.869	1188	95	1126	0.0	1877	RS-GCF-001015095.1-NZ-CP011534.1--2
15657-1492R-T-F11	RS-GCF-013285325.1-NZ-CP054177.1--2	97.869	1188	95	1126	0.0	1877	RS-GCF-013285325.1-NZ-CP054177.1--2
15657-1492R-T-F11	RS-GCF-004103595.1-NZ-CP035231.1--10	97.869	1188	95	1126	0.0	1877	RS-GCF-004103595.1-NZ-CP035231.1--10
15657-1492R-T-F11	RS-GCF-002216085.1-NZ-CP022287.1--7	97.869	1188	95	1126	0.0	1877	RS-GCF-002216085.1-NZ-CP022287.1--7
15657-1492R-T-F11	RS-GCF-002216085.1-NZ-CP022287.1--3	97.869	1188	95	1126	0.0	1877	RS-GCF-002216085.1-NZ-CP022287.1--3
15657-1492R-T-F11	RS-GCF-003515125.1-NZ-CP032089.1--8	97.869	1188	95	1126	0.0	1877	RS-GCF-003515125.1-NZ-CP032089.1--8
15657-1492R-T-F11	RS-GCF-905310975.1-NZ-CAJNPM010000016.1	97.869	1188	95	1126	0.0	1877	RS-GCF-905310975.1-NZ-CAJNPM010000016.1
15657-1492R-T-F11	RS-GCF-001746575.1-NZ-CP017314.1--8	97.869	1188	95	1126	0.0	1877	RS-GCF-001746575.1-NZ-CP017314.1--8
15657-1492R-T-F11	RS-GCF-009665145.1-NZ-CP046448.1--2	97.869	1188	95	1126	0.0	1877	RS-GCF-009665145.1-NZ-CP046448.1--2
15657-1492R-T-F11	RS-GCF-004119555.1-NZ-CP035390.1--4	97.869	1188	95	1126	0.0	1877	RS-GCF-004119555.1-NZ-CP035390.1--4
15657-1492R-T-F11	RS-GCF-003665215.1-NZ-CP032855.1--7	97.869	1188	95	1126	0.0	1877	RS-GCF-003665215.1-NZ-CP032855.1--7
15657-1492R-T-F11	RS-GCF-014879275.1-NZ-CP062497.1--10	97.869	1188	95	1126	0.0	1877	RS-GCF-014879275.1-NZ-CP062497.1--10
15657-1492R-T-F11	RS-GCF-001465815.1-NZ-CP013654.1--6	97.869	1188	95	1126	0.0	1877	RS-GCF-001465815.1-NZ-CP013654.1--6
15657-1492R-T-F11	RS-GCF-018884165.1-NZ-CP063150.1--5	97.869	1188	95	1126	0.0	1877	RS-GCF-018884165.1-NZ-CP063150.1--5
15657-1492R-T-F11	RS-GCF-018884165.1-NZ-CP063150.1--2	97.869	1188	95	1126	0.0	1877	RS-GCF-018884165.1-NZ-CP063150.1--2
15657-1492R-T-F11	RS-GCF-002173695.1-NZ-CP021498.1--9	97.869	1188	95	1126	0.0	1877	RS-GCF-002173695.1-NZ-CP021498.1--9
15657-1492R-T-F11	RS-GCF-005234095.1-NZ-CP039935.1--5	97.869	1188	95	1126	0.0	1877	RS-GCF-005234095.1-NZ-CP039935.1--5
15657-1492R-T-F11	RS-GCF-004119615.1-NZ-CP035402.1--8	97.869	1188	95	1126	0.0	1877	RS-GCF-004119615.1-NZ-CP035402.1--8
15657-1492R-T-F11	RS-GCF-003390415.1-NZ-CP031424.1--8	97.869	1188	95	1126	0.0	1877	RS-GCF-003390415.1-NZ-CP031424.1--8
15657-1492R-T-F11	RS-GCF-003667745.1-NZ-CP033054.1--9	97.869	1188	95	1126	0.0	1877	RS-GCF-003667745.1-NZ-CP033054.1--9
15657-1492R-T-F11	RS-GCF-001596755.1-NZ-CP014783.1--3	97.869	1188	95	1126	0.0	1877	RS-GCF-001596755.1-NZ-CP014783.1--3
15657-1492R-T-F11	RS-GCF-013875015.1-NZ-CP059405.1--7	97.869	1188	95	1126	0.0	1877	RS-GCF-013875015.1-NZ-CP059405.1--7
15657-1492R-T-F11	RS-GCF-000583065.1-NZ-CP007244.1	97.869	1188	95	1126	0.0	1877	RS-GCF-000583065.1-NZ-CP007244.1
15657-1492R-T-F11	RS-GCF-001874385.1-NZ-CP017953.1--8	97.869	1188	95	1126	0.0	1877	RS-GCF-001874385.1-NZ-CP017953.1--8
15657-1492R-T-F11	RS-GCF-018223705.1-NZ-CP073656.1--9	97.869	1188	95	1126	0.0	1877	RS-GCF-018223705.1-NZ-CP073656.1--9
15657-1492R-T-F11	RS-GCF-001687745.1-NZ-CP015911.1--4	97.869	1188	95	1126	0.0	1877	RS-GCF-001687745.1-NZ-CP015911.1--4
15657-1492R-T-F11	RS-GCF-001889385.1-NZ-CP018295.1--7	97.869	1188	95	1126	0.0	1877	RS-GCF-001889385.1-NZ-CP018295.1--7
15657-1492R-T-F11	RS-GCF-009663035.1-NZ-CP045926.1--9	97.869	1188	95	1126	0.0	1877	RS-GCF-009663035.1-NZ-CP045926.1--9
15657-1492R-T-F11	RS-GCF-000283695.1-NC-016784.1--2	97.869	1188	95	1126	0.0	1877	RS-GCF-000283695.1-NC-016784.1--2
15657-1492R-T-F11	RS-GCF-017347625.1-NZ-AP024501.1--3	97.869	1188	95	1126	0.0	1877	RS-GCF-017347625.1-NZ-AP024501.1--3
15657-1492R-T-F11	RS-GCF-008727675.1-NZ-CP044133.1--7	97.869	1188	95	1126	0.0	1877	RS-GCF-008727675.1-NZ-CP044133.1--7
15657-1492R-T-F11	RS-GCF-002556565.1-NZ-CP023748.1--6	97.869	1188	95	1126	0.0	1877	RS-GCF-002556565.1-NZ-CP023748.1--6
15657-1492R-T-F11	RS-GCF-009931675.1-NZ-CP048002.1--5	97.869	1188	95	1126	0.0	1877	RS-GCF-009931675.1-NZ-CP048002.1--5
15657-1492R-T-F11	RS-GCF-018363035.1-NZ-CP074391.1--4	97.869	1188	95	1126	0.0	1877	RS-GCF-018363035.1-NZ-CP074391.1--4
15657-1492R-T-F11	RS-GCF-000493375.1-NC-022530.1	97.869	1188	95	1126	0.0	1877	RS-GCF-000493375.1-NC-022530.1
15657-1492R-T-F11	RS-GCF-003431885.1-NZ-CP014838.1--4	97.869	1188	95	1126	0.0	1877	RS-GCF-003431885.1-NZ-CP014838.1--4
15657-1492R-T-F11	GB-GCA-003417765.1-QKQQ01000021.1	97.869	1188	95	1126	0.0	1877	GB-GCA-003417765.1-QKQQ01000021.1
15657-1492R-T-F11	RS-GCF-018224265.1-NZ-JAGTUG010000001.1--2	97.869	1188	95	1126	0.0	1877	RS-GCF-018224265.1-NZ-JAGTUG010000001.1--2
15657-1492R-T-F11	RS-GCF-003854915.1-NZ-CP033967.1--8	97.869	1188	95	1126	0.0	1877	RS-GCF-003854915.1-NZ-CP033967.1--8
15657-1492R-T-F11	RS-GCF-002850475.1-NZ-CP021011.1	97.869	1188	95	1126	0.0	1877	RS-GCF-002850475.1-NZ-CP021011.1
15657-1492R-T-F11	RS-GCF-013401395.2-NZ-CP045993.1--9	97.869	1188	95	1126	0.0	1877	RS-GCF-013401395.2-NZ-CP045993.1--9
15657-1492R-T-F11	RS-GCF-013401395.2-NZ-CP045993.1--6	97.869	1188	95	1126	0.0	1877	RS-GCF-013401395.2-NZ-CP045993.1--6
15657-1492R-T-F11	RS-GCF-002205715.1-NZ-CP021976.1--9	97.869	1188	95	1126	0.0	1877	RS-GCF-002205715.1-NZ-CP021976.1--9
15657-1492R-T-F11	GB-GCA-000696285.1-JMEG01000021.1	97.869	1188	95	1126	0.0	1877	GB-GCA-000696285.1-JMEG01000021.1
15657-1492R-T-F11	RS-GCF-004119735.1-NZ-CP035399.1--7	97.869	1188	95	1126	0.0	1877	RS-GCF-004119735.1-NZ-CP035399.1--7
15657-1492R-T-F11	RS-GCF-003149715.1-NZ-CP029069.1--7	97.869	1188	95	1126	0.0	1877	RS-GCF-003149715.1-NZ-CP029069.1--7
15657-1492R-T-F11	RS-GCF-003149715.1-NZ-CP029069.1--5	97.869	1188	95	1126	0.0	1877	RS-GCF-003149715.1-NZ-CP029069.1--5
15657-1492R-T-F11	RS-GCF-000015785.2-NC-009725.2--9	97.869	1188	95	1126	0.0	1877	RS-GCF-000015785.2-NC-009725.2--9
15657-1492R-T-F11	RS-GCF-009914135.1-NZ-CP028961.1--4	97.869	1188	95	1126	0.0	1877	RS-GCF-009914135.1-NZ-CP028961.1--4
15657-1492R-T-F11	RS-GCF-014048385.1-NZ-CP059497.1--9	97.869	1188	95	1126	0.0	1877	RS-GCF-014048385.1-NZ-CP059497.1--9
15657-1492R-T-F11	RS-GCF-014048385.1-NZ-CP059497.1--6	97.869	1188	95	1126	0.0	1877	RS-GCF-014048385.1-NZ-CP059497.1--6
15657-1492R-T-F11	RS-GCF-014048385.1-NZ-CP059497.1--2	97.869	1188	95	1126	0.0	1877	RS-GCF-014048385.1-NZ-CP059497.1--2
15657-1492R-T-F11	RS-GCF-003184945.1-NZ-CP027868.1--7	97.869	1188	95	1126	0.0	1877	RS-GCF-003184945.1-NZ-CP027868.1--7
15657-1492R-T-F11	RS-GCF-001685645.1-NZ-CP016371.1--4	97.869	1188	95	1126	0.0	1877	RS-GCF-001685645.1-NZ-CP016371.1--4
15657-1492R-T-F11	RS-GCF-002072695.1-NZ-CP020375.1--3	97.869	1188	95	1126	0.0	1877	RS-GCF-002072695.1-NZ-CP020375.1--3
15657-1492R-T-F11	RS-GCF-009913315.1-NZ-CP028205.1--8	97.869	1188	95	1126	0.0	1877	RS-GCF-009913315.1-NZ-CP028205.1--8
15657-1492R-T-F11	RS-GCF-008824205.1-NZ-CP044444.1--9	97.869	1188	95	1126	0.0	1877	RS-GCF-008824205.1-NZ-CP044444.1--9
15657-1492R-T-F11	RS-GCF-008802875.1-NZ-CP044349.1--2	97.869	1188	95	1126	0.0	1877	RS-GCF-008802875.1-NZ-CP044349.1--2
15657-1492R-T-F11	GB-GCA-018141325.1-CP047587.1--6	97.869	1188	95	1126	0.0	1877	GB-GCA-018141325.1-CP047587.1--6
15657-1492R-T-F11	RS-GCF-003432425.1-NZ-CP023075.1--9	97.869	1188	95	1126	0.0	1877	RS-GCF-003432425.1-NZ-CP023075.1--9
15657-1492R-T-F11	RS-GCF-018732185.1-NZ-CP076119.1--9	97.869	1188	95	1126	0.0	1877	RS-GCF-018732185.1-NZ-CP076119.1--9
15657-1492R-T-F11	RS-GCF-003149695.1-NZ-CP029070.1--4	97.869	1188	95	1126	0.0	1877	RS-GCF-003149695.1-NZ-CP029070.1--4
15657-1492R-T-F11	RS-GCF-018866365.1-NZ-CP076450.1	97.869	1188	95	1126	0.0	1877	RS-GCF-018866365.1-NZ-CP076450.1
15657-1492R-T-F11	RS-GCF-011784665.1-NZ-CP050424.1	97.869	1188	95	1126	0.0	1877	RS-GCF-011784665.1-NZ-CP050424.1
15657-1492R-T-F11	RS-GCF-014048285.1-NZ-CP059495.1--3	97.869	1188	95	1126	0.0	1877	RS-GCF-014048285.1-NZ-CP059495.1--3
15657-1492R-T-F11	RS-GCF-002844125.1-NZ-CP025308.1--3	97.869	1188	95	1126	0.0	1877	RS-GCF-002844125.1-NZ-CP025308.1--3
15657-1492R-T-F11	MJ006-2-barcode58-umi136810bins-ubs-4	97.869	1188	95	1126	0.0	1877	MJ006-2-barcode58-umi136810bins-ubs-4
15657-1492R-T-F11	RS-GCF-003868675.1-NZ-CP032146.1--2	97.956	1188	95	1125	0.0	1876	RS-GCF-003868675.1-NZ-CP032146.1--2
15657-1492R-T-F11	RS-GCF-006489275.1-NZ-CP041145.1--4	97.952	1188	95	1123	0.0	1876	RS-GCF-006489275.1-NZ-CP041145.1--4
15657-1492R-T-F11	RS-GCF-015845485.1-NZ-LDHQ01000001.1	97.952	1188	95	1123	0.0	1876	RS-GCF-015845485.1-NZ-LDHQ01000001.1
15657-1492R-T-F11	RS-GCF-013285045.1-NZ-JABSVX010000023.1	97.952	1188	95	1123	0.0	1876	RS-GCF-013285045.1-NZ-JABSVX010000023.1
15657-1492R-T-F11	RS-GCF-003868675.1-NZ-CP032146.1--5	97.867	1188	95	1125	0.0	1875	RS-GCF-003868675.1-NZ-CP032146.1--5
15657-1492R-T-F11	RS-GCF-003868675.1-NZ-CP032146.1	97.867	1188	95	1125	0.0	1875	RS-GCF-003868675.1-NZ-CP032146.1
15657-1492R-T-F11	RS-GCF-004006115.1-NZ-CP018902.1--3	97.867	1188	95	1125	0.0	1875	RS-GCF-004006115.1-NZ-CP018902.1--3
15657-1492R-T-F11	RS-GCF-013367755.1-NZ-CP055160.1--3	97.945	1188	94	1119	0.0	1875	RS-GCF-013367755.1-NZ-CP055160.1--3
15657-1492R-T-F11	RS-GCF-000493375.1-NC-022530.1--2	97.865	1188	95	1124	0.0	1875	RS-GCF-000493375.1-NC-022530.1--2
15657-1492R-T-F11	RS-GCF-014048385.1-NZ-CP059497.1--5	97.867	1188	95	1125	0.0	1875	RS-GCF-014048385.1-NZ-CP059497.1--5
15657-1492R-T-F11	RS-GCF-014048385.1-NZ-CP059497.1	97.867	1188	95	1125	0.0	1875	RS-GCF-014048385.1-NZ-CP059497.1
15657-1492R-T-F11	RS-GCF-002142595.1-NZ-CP021169.1--2	97.780	1188	95	1126	0.0	1874	RS-GCF-002142595.1-NZ-CP021169.1--2
15657-1492R-T-F11	RS-GCF-001625135.1-NZ-LVYH01000002.1	97.780	1188	95	1126	0.0	1874	RS-GCF-001625135.1-NZ-LVYH01000002.1
15657-1492R-T-F11	RS-GCF-001752685.2-NZ-CP014990.2--9	97.865	1188	95	1124	0.0	1874	RS-GCF-001752685.2-NZ-CP014990.2--9
15657-1492R-T-F11	RS-GCF-006489275.1-NZ-CP041145.1--7	97.950	1188	94	1122	0.0	1874	RS-GCF-006489275.1-NZ-CP041145.1--7
15657-1492R-T-F11	RS-GCF-000493375.1-NC-022530.1--10	97.776	1188	95	1124	0.0	1874	RS-GCF-000493375.1-NC-022530.1--10
15657-1492R-T-F11	RS-GCF-017742975.1-NZ-CP072310.1--4	97.865	1188	95	1124	0.0	1874	RS-GCF-017742975.1-NZ-CP072310.1--4
15657-1492R-T-F11	G001517185	97.950	1188	94	1122	0.0	1874	G001517185
15657-1492R-T-F11	G000740715	97.950	1188	94	1122	0.0	1874	G000740715
15657-1492R-T-F11	RS-GCF-001584325.1-NZ-LSAZ01000028.1	97.865	1188	95	1124	0.0	1874	RS-GCF-001584325.1-NZ-LSAZ01000028.1
15657-1492R-T-F11	RS-GCF-016313165.1-NZ-CP066219.1--8	97.865	1188	95	1124	0.0	1874	RS-GCF-016313165.1-NZ-CP066219.1--8
15657-1492R-T-F11	GB-GCA-002201975.1-CP021890.1	97.865	1188	95	1124	0.0	1874	GB-GCA-002201975.1-CP021890.1
15657-1492R-T-F11	RS-GCF-002796465.1-NZ-CP024897.1--5	97.865	1188	95	1124	0.0	1874	RS-GCF-002796465.1-NZ-CP024897.1--5
15657-1492R-T-F11	RS-GCF-002944585.1-NZ-CP026533.1--5	97.869	1188	95	1126	0.0	1874	RS-GCF-002944585.1-NZ-CP026533.1--5
15657-1492R-T-F11	RS-GCF-002944585.1-NZ-CP026533.1--3	97.869	1188	95	1126	0.0	1874	RS-GCF-002944585.1-NZ-CP026533.1--3
15657-1492R-T-F11	RS-GCF-013367755.1-NZ-CP055160.1	97.869	1188	95	1126	0.0	1874	RS-GCF-013367755.1-NZ-CP055160.1
15657-1492R-T-F11	RS-GCF-013875015.1-NZ-CP059405.1--9	97.865	1188	95	1124	0.0	1874	RS-GCF-013875015.1-NZ-CP059405.1--9
15657-1492R-T-F11	RS-GCF-014706595.1-NZ-CP047119.1--5	97.865	1188	95	1124	0.0	1874	RS-GCF-014706595.1-NZ-CP047119.1--5
15657-1492R-T-F11	RS-GCF-014706595.1-NZ-CP047119.1--4	97.865	1188	95	1124	0.0	1874	RS-GCF-014706595.1-NZ-CP047119.1--4
15657-1492R-T-F11	RS-GCF-001752685.2-NZ-CP014990.2--8	97.865	1188	95	1124	0.0	1874	RS-GCF-001752685.2-NZ-CP014990.2--8
15657-1492R-T-F11	RS-GCF-016415725.1-NZ-CP065791.1--9	97.865	1188	95	1124	0.0	1874	RS-GCF-016415725.1-NZ-CP065791.1--9
15657-1492R-T-F11	RS-GCF-001874385.1-NZ-CP017953.1--3	97.865	1188	95	1124	0.0	1874	RS-GCF-001874385.1-NZ-CP017953.1--3
15657-1492R-T-F11	RS-GCF-000772205.1-NZ-CP009611.1	97.865	1188	95	1124	0.0	1874	RS-GCF-000772205.1-NZ-CP009611.1
15657-1492R-T-F11	RS-GCF-017357905.1-NZ-CP065159.1--4	97.869	1188	95	1126	0.0	1874	RS-GCF-017357905.1-NZ-CP065159.1--4
15657-1492R-T-F11	RS-GCF-001586105.1-NZ-CP014700.1--2	97.865	1188	95	1124	0.0	1874	RS-GCF-001586105.1-NZ-CP014700.1--2
15657-1492R-T-F11	RS-GCF-003149795.1-NZ-CP029071.1--8	97.865	1188	95	1124	0.0	1874	RS-GCF-003149795.1-NZ-CP029071.1--8
15657-1492R-T-F11	RS-GCF-007923205.1-NZ-CP040672.1	97.869	1188	95	1126	0.0	1874	RS-GCF-007923205.1-NZ-CP040672.1
15657-1492R-T-F11	RS-GCF-001723375.1-NZ-MDCI01000002.1--9	97.865	1188	95	1124	0.0	1874	RS-GCF-001723375.1-NZ-MDCI01000002.1--9
15657-1492R-T-F11	RS-GCF-016904925.1-NZ-CP069391.1	97.865	1188	95	1124	0.0	1874	RS-GCF-016904925.1-NZ-CP069391.1
15657-1492R-T-F11	RS-GCF-000283695.1-NC-016784.1	97.865	1188	95	1124	0.0	1874	RS-GCF-000283695.1-NC-016784.1
15657-1492R-T-F11	RS-GCF-000319475.1-NC-019842.1--4	97.869	1188	95	1126	0.0	1874	RS-GCF-000319475.1-NC-019842.1--4
15657-1492R-T-F11	GB-GCA-002201935.1-CP021888.1--5	97.869	1188	95	1126	0.0	1874	GB-GCA-002201935.1-CP021888.1--5
15657-1492R-T-F11	RS-GCF-006489235.1-NZ-CP041144.1--9	97.869	1188	95	1126	0.0	1874	RS-GCF-006489235.1-NZ-CP041144.1--9
15657-1492R-T-F11	RS-GCF-006489235.1-NZ-CP041144.1--3	97.869	1188	95	1126	0.0	1874	RS-GCF-006489235.1-NZ-CP041144.1--3
15657-1492R-T-F11	GB-GCA-000732055.1-JOKF01000001.1	97.865	1188	95	1124	0.0	1874	GB-GCA-000732055.1-JOKF01000001.1
15657-1492R-T-F11	RS-GCF-013401395.2-NZ-CP045993.1	97.865	1188	95	1124	0.0	1874	RS-GCF-013401395.2-NZ-CP045993.1
15657-1492R-T-F11	RS-GCF-017948225.1-NZ-CP072843.1	97.865	1188	95	1124	0.0	1874	RS-GCF-017948225.1-NZ-CP072843.1
15657-1492R-T-F11	RS-GCF-009913375.1-NZ-CP028208.1	97.869	1188	95	1126	0.0	1874	RS-GCF-009913375.1-NZ-CP028208.1
15657-1492R-T-F11	RS-GCF-004331895.1-NZ-CP036527.1--8	97.869	1188	95	1126	0.0	1874	RS-GCF-004331895.1-NZ-CP036527.1--8
15657-1492R-T-F11	RS-GCF-003860445.1-NZ-CP034176.1	97.865	1188	95	1124	0.0	1874	RS-GCF-003860445.1-NZ-CP034176.1
15657-1492R-T-F11	RS-GCF-016834435.1-NZ-CP069214.1--6	97.865	1188	95	1124	0.0	1874	RS-GCF-016834435.1-NZ-CP069214.1--6
15657-1492R-T-F11	RS-GCF-016834435.1-NZ-CP069214.1--4	97.865	1188	95	1124	0.0	1874	RS-GCF-016834435.1-NZ-CP069214.1--4
15657-1492R-T-F11	RS-GCF-002893845.1-NZ-CP025939.1	97.865	1188	95	1124	0.0	1874	RS-GCF-002893845.1-NZ-CP025939.1
15657-1492R-T-F11	RS-GCF-013201465.1-NZ-CP053764.1--3	97.865	1188	95	1124	0.0	1874	RS-GCF-013201465.1-NZ-CP053764.1--3
15657-1492R-T-F11	RS-GCF-012647845.1-NZ-CP051463.1--6	97.865	1188	95	1124	0.0	1874	RS-GCF-012647845.1-NZ-CP051463.1--6
15657-1492R-T-F11	RS-GCF-000015785.2-NC-009725.2--8	97.865	1188	95	1124	0.0	1874	RS-GCF-000015785.2-NC-009725.2--8
15657-1492R-T-F11	RS-GCF-016766595.1-NZ-CP068563.1--8	97.865	1188	95	1124	0.0	1874	RS-GCF-016766595.1-NZ-CP068563.1--8
15657-1492R-T-F11	RS-GCF-009914135.1-NZ-CP028961.1--8	97.869	1188	95	1126	0.0	1874	RS-GCF-009914135.1-NZ-CP028961.1--8
15657-1492R-T-F11	RS-GCF-009914135.1-NZ-CP028961.1--5	97.869	1188	95	1126	0.0	1874	RS-GCF-009914135.1-NZ-CP028961.1--5
15657-1492R-T-F11	RS-GCF-009914135.1-NZ-CP028961.1--3	97.869	1188	95	1126	0.0	1874	RS-GCF-009914135.1-NZ-CP028961.1--3
15657-1492R-T-F11	RS-GCF-014048385.1-NZ-CP059497.1--3	97.865	1188	95	1124	0.0	1874	RS-GCF-014048385.1-NZ-CP059497.1--3
15657-1492R-T-F11	RS-GCF-001483885.1-NZ-CP013727.1--2	97.865	1188	95	1124	0.0	1874	RS-GCF-001483885.1-NZ-CP013727.1--2
15657-1492R-T-F11	RS-GCF-002968415.1-NZ-CP026610.1--2	97.865	1188	95	1124	0.0	1874	RS-GCF-002968415.1-NZ-CP026610.1--2
15657-1492R-T-F11	RS-GCF-002968415.1-NZ-CP026610.1	97.865	1188	95	1124	0.0	1874	RS-GCF-002968415.1-NZ-CP026610.1
15657-1492R-T-F11	RS-GCF-003184945.1-NZ-CP027868.1--4	97.869	1188	95	1126	0.0	1874	RS-GCF-003184945.1-NZ-CP027868.1--4
15657-1492R-T-F11	RS-GCF-014495825.1-NZ-CP061087.1--2	97.865	1188	95	1124	0.0	1874	RS-GCF-014495825.1-NZ-CP061087.1--2
15657-1492R-T-F11	RS-GCF-001685645.1-NZ-CP016371.1--9	97.869	1188	95	1126	0.0	1874	RS-GCF-001685645.1-NZ-CP016371.1--9
15657-1492R-T-F11	RS-GCF-001685645.1-NZ-CP016371.1--8	97.869	1188	95	1126	0.0	1874	RS-GCF-001685645.1-NZ-CP016371.1--8
15657-1492R-T-F11	RS-GCF-001685645.1-NZ-CP016371.1--6	97.869	1188	95	1126	0.0	1874	RS-GCF-001685645.1-NZ-CP016371.1--6
15657-1492R-T-F11	RS-GCF-008534375.1-NZ-CP041770.1	97.865	1188	95	1124	0.0	1874	RS-GCF-008534375.1-NZ-CP041770.1
15657-1492R-T-F11	RS-GCF-008802875.1-NZ-CP044349.1--5	97.869	1188	95	1126	0.0	1874	RS-GCF-008802875.1-NZ-CP044349.1--5
15657-1492R-T-F11	RS-GCF-009789615.1-NZ-CP046918.1--7	97.869	1188	95	1126	0.0	1874	RS-GCF-009789615.1-NZ-CP046918.1--7
15657-1492R-T-F11	RS-GCF-018866365.1-NZ-CP076450.1--2	97.865	1188	95	1124	0.0	1874	RS-GCF-018866365.1-NZ-CP076450.1--2
15657-1492R-T-F11	RS-GCF-014048285.1-NZ-CP059495.1--2	97.865	1188	95	1124	0.0	1874	RS-GCF-014048285.1-NZ-CP059495.1--2
15657-1492R-T-F11	RS-GCF-008244925.1-NZ-CP043416.1	97.865	1188	95	1124	0.0	1874	RS-GCF-008244925.1-NZ-CP043416.1
15657-1492R-T-F11	RS-GCF-009664145.1-NZ-CP041192.1--5	97.865	1188	95	1124	0.0	1874	RS-GCF-009664145.1-NZ-CP041192.1--5
15657-1492R-T-F11	RS-GCF-009834085.1-NZ-CP047157.1--9	97.865	1188	95	1124	0.0	1874	RS-GCF-009834085.1-NZ-CP047157.1--9
15657-1492R-T-F11	RS-GCF-009834085.1-NZ-CP047157.1--4	97.865	1188	95	1124	0.0	1874	RS-GCF-009834085.1-NZ-CP047157.1--4
15657-1492R-T-F11	KU836854	97.865	1188	95	1124	0.0	1874	KU836854
15657-1492R-T-F11	MJ033-1-barcode32-umi2883bins-ubs-138	97.865	1188	95	1124	0.0	1874	MJ033-1-barcode32-umi2883bins-ubs-138
15657-1492R-T-F11	RS-GCF-003047265.1-NZ-PZYY01000021.1	97.780	1188	95	1126	0.0	1873	RS-GCF-003047265.1-NZ-PZYY01000021.1
15657-1492R-T-F11	RS-GCF-900445435.1-NZ-UAQB01000030.1	97.780	1188	95	1126	0.0	1873	RS-GCF-900445435.1-NZ-UAQB01000030.1
15657-1492R-T-F11	RS-GCF-900445435.1-NZ-UAQB01000009.1--3	97.780	1188	95	1126	0.0	1873	RS-GCF-900445435.1-NZ-UAQB01000009.1--3
15657-1492R-T-F11	RS-GCF-018638305.1-NZ-JABTTR010000161.1	97.780	1188	95	1126	0.0	1873	RS-GCF-018638305.1-NZ-JABTTR010000161.1
15657-1492R-T-F11	RS-GCF-013290505.1-NZ-JAAJTW010000025.1	97.780	1188	95	1126	0.0	1873	RS-GCF-013290505.1-NZ-JAAJTW010000025.1
15657-1492R-T-F11	RS-GCF-002925885.1-NZ-PRDC01000008.1	97.780	1188	95	1126	0.0	1873	RS-GCF-002925885.1-NZ-PRDC01000008.1
15657-1492R-T-F11	RS-GCF-002925885.1-NZ-PRDC01000020.1	97.780	1188	95	1126	0.0	1873	RS-GCF-002925885.1-NZ-PRDC01000020.1
15657-1492R-T-F11	RS-GCF-003148415.1-NZ-CP029465.1--8	97.780	1188	95	1126	0.0	1873	RS-GCF-003148415.1-NZ-CP029465.1--8
15657-1492R-T-F11	RS-GCF-003148415.1-NZ-CP029465.1--4	97.780	1188	95	1126	0.0	1873	RS-GCF-003148415.1-NZ-CP029465.1--4
15657-1492R-T-F11	RS-GCF-003148415.1-NZ-CP029465.1--2	97.780	1188	95	1126	0.0	1873	RS-GCF-003148415.1-NZ-CP029465.1--2
15657-1492R-T-F11	GB-GCA-016629605.1-RSEX01000001.1--7	97.780	1188	95	1126	0.0	1873	GB-GCA-016629605.1-RSEX01000001.1--7
15657-1492R-T-F11	RS-GCF-000227465.1-NC-016047.1--10	97.780	1188	95	1126	0.0	1873	RS-GCF-000227465.1-NC-016047.1--10
15657-1492R-T-F11	RS-GCF-001566945.1-NZ-LSMU01000049.1	97.780	1188	95	1126	0.0	1873	RS-GCF-001566945.1-NZ-LSMU01000049.1
15657-1492R-T-F11	RS-GCF-009857115.1-NZ-CP047325.1--10	97.780	1188	95	1126	0.0	1873	RS-GCF-009857115.1-NZ-CP047325.1--10
15657-1492R-T-F11	RS-GCF-004119655.1-NZ-CP035403.1--9	97.780	1188	95	1126	0.0	1873	RS-GCF-004119655.1-NZ-CP035403.1--9
15657-1492R-T-F11	RS-GCF-001286845.1-NZ-CYHJ01000044.1	97.780	1188	95	1126	0.0	1873	RS-GCF-001286845.1-NZ-CYHJ01000044.1
15657-1492R-T-F11	RS-GCF-002893805.1-NZ-CP025941.1--10	97.780	1188	95	1126	0.0	1873	RS-GCF-002893805.1-NZ-CP025941.1--10
15657-1492R-T-F11	RS-GCF-002893805.1-NZ-CP025941.1--8	97.780	1188	95	1126	0.0	1873	RS-GCF-002893805.1-NZ-CP025941.1--8
15657-1492R-T-F11	RS-GCF-002893805.1-NZ-CP025941.1--7	97.780	1188	95	1126	0.0	1873	RS-GCF-002893805.1-NZ-CP025941.1--7
15657-1492R-T-F11	RS-GCF-001662955.1-NZ-LYUI01000006.1	97.780	1188	95	1126	0.0	1873	RS-GCF-001662955.1-NZ-LYUI01000006.1
15657-1492R-T-F11	RS-GCF-015535655.1-NZ-CP046592.1--7	97.780	1188	95	1126	0.0	1873	RS-GCF-015535655.1-NZ-CP046592.1--7
15657-1492R-T-F11	RS-GCF-002220075.1-NZ-CP022391.1--10	97.780	1188	95	1126	0.0	1873	RS-GCF-002220075.1-NZ-CP022391.1--10
15657-1492R-T-F11	RS-GCF-000737405.1-NZ-CP005997.1--7	97.780	1188	95	1126	0.0	1873	RS-GCF-000737405.1-NZ-CP005997.1--7
15657-1492R-T-F11	RS-GCF-015845175.1-NZ-LDGZ01000023.1	97.780	1188	95	1126	0.0	1873	RS-GCF-015845175.1-NZ-LDGZ01000023.1
15657-1492R-T-F11	RS-GCF-015845175.1-NZ-LDGZ01000013.1	97.780	1188	95	1126	0.0	1873	RS-GCF-015845175.1-NZ-LDGZ01000013.1
15657-1492R-T-F11	RS-GCF-015845175.1-NZ-LDGZ01000010.1	97.780	1188	95	1126	0.0	1873	RS-GCF-015845175.1-NZ-LDGZ01000010.1
15657-1492R-T-F11	RS-GCF-012030675.1-NZ-CP050532.1--9	97.780	1188	95	1126	0.0	1873	RS-GCF-012030675.1-NZ-CP050532.1--9
15657-1492R-T-F11	RS-GCF-000789275.1-NZ-CP010052.1--3	97.780	1188	95	1126	0.0	1873	RS-GCF-000789275.1-NZ-CP010052.1--3
15657-1492R-T-F11	RS-GCF-001808235.1-NZ-CP017676.1--10	97.780	1188	95	1126	0.0	1873	RS-GCF-001808235.1-NZ-CP017676.1--10
15657-1492R-T-F11	RS-GCF-001808235.1-NZ-CP017676.1--6	97.780	1188	95	1126	0.0	1873	RS-GCF-001808235.1-NZ-CP017676.1--6
15657-1492R-T-F11	RS-GCF-008014635.1-NZ-VPFB01000014.1	97.780	1188	95	1126	0.0	1873	RS-GCF-008014635.1-NZ-VPFB01000014.1
15657-1492R-T-F11	RS-GCF-002269195.1-NZ-CP022891.1--2	97.780	1188	95	1126	0.0	1873	RS-GCF-002269195.1-NZ-CP022891.1--2
15657-1492R-T-F11	RS-GCF-905315385.1-NZ-CAJNQH010000019.1	97.780	1188	95	1126	0.0	1873	RS-GCF-905315385.1-NZ-CAJNQH010000019.1
15657-1492R-T-F11	RS-GCF-002205435.1-NZ-CP021985.1--8	97.780	1188	95	1126	0.0	1873	RS-GCF-002205435.1-NZ-CP021985.1--8
15657-1492R-T-F11	RS-GCF-009662335.1-NZ-CP045816.1--9	97.780	1188	95	1126	0.0	1873	RS-GCF-009662335.1-NZ-CP045816.1--9
15657-1492R-T-F11	RS-GCF-004103595.1-NZ-CP035231.1	97.780	1188	95	1126	0.0	1873	RS-GCF-004103595.1-NZ-CP035231.1
15657-1492R-T-F11	RS-GCF-006454465.1-NZ-NGUK01000015.1	97.780	1188	95	1126	0.0	1873	RS-GCF-006454465.1-NZ-NGUK01000015.1
15657-1492R-T-F11	RS-GCF-004101345.1-NZ-CP035161.1--9	97.780	1188	95	1126	0.0	1873	RS-GCF-004101345.1-NZ-CP035161.1--9
15657-1492R-T-F11	GB-GCA-003324735.1-CP030925.1	97.780	1188	95	1126	0.0	1873	GB-GCA-003324735.1-CP030925.1
15657-1492R-T-F11	RS-GCF-004119815.1-NZ-CP035413.1--10	97.780	1188	95	1126	0.0	1873	RS-GCF-004119815.1-NZ-CP035413.1--10
15657-1492R-T-F11	RS-GCF-002072735.1-NZ-CP020367.1--10	97.780	1188	95	1126	0.0	1873	RS-GCF-002072735.1-NZ-CP020367.1--10
15657-1492R-T-F11	RS-GCF-002072735.1-NZ-CP020367.1--3	97.780	1188	95	1126	0.0	1873	RS-GCF-002072735.1-NZ-CP020367.1--3
15657-1492R-T-F11	RS-GCF-011800745.1-NZ-QRFZ01000014.1	97.780	1188	95	1126	0.0	1873	RS-GCF-011800745.1-NZ-QRFZ01000014.1
15657-1492R-T-F11	RS-GCF-003600785.1-NZ-NQYE01000001.1--8	97.780	1188	95	1126	0.0	1873	RS-GCF-003600785.1-NZ-NQYE01000001.1--8
15657-1492R-T-F11	RS-GCF-000819585.1-NZ-JXAJ01000001.1	97.780	1188	95	1126	0.0	1873	RS-GCF-000819585.1-NZ-JXAJ01000001.1
15657-1492R-T-F11	RS-GCF-000293765.1-NC-018520.1--2	97.780	1188	95	1126	0.0	1873	RS-GCF-000293765.1-NC-018520.1--2
15657-1492R-T-F11	RS-GCF-000293765.1-NC-018520.1	97.780	1188	95	1126	0.0	1873	RS-GCF-000293765.1-NC-018520.1
15657-1492R-T-F11	RS-GCF-009982935.1-NZ-SIWZ01000001.1--9	97.780	1188	95	1126	0.0	1873	RS-GCF-009982935.1-NZ-SIWZ01000001.1--9
15657-1492R-T-F11	RS-GCF-000341775.1-NZ-AOTY01000001.1	97.780	1188	95	1126	0.0	1873	RS-GCF-000341775.1-NZ-AOTY01000001.1
15657-1492R-T-F11	RS-GCF-009662195.1-NZ-CP045824.1--10	97.780	1188	95	1126	0.0	1873	RS-GCF-009662195.1-NZ-CP045824.1--10
15657-1492R-T-F11	RS-GCF-002202035.1-NZ-CP021921.1--7	97.780	1188	95	1126	0.0	1873	RS-GCF-002202035.1-NZ-CP021921.1--7
15657-1492R-T-F11	RS-GCF-004101425.1-NZ-CP035164.1--10	97.780	1188	95	1126	0.0	1873	RS-GCF-004101425.1-NZ-CP035164.1--10
15657-1492R-T-F11	RS-GCF-003046665.1-NZ-PZKP01000050.1	97.780	1188	95	1126	0.0	1873	RS-GCF-003046665.1-NZ-PZKP01000050.1
15657-1492R-T-F11	RS-GCF-008831405.1-NZ-CP044498.1--9	97.780	1188	95	1126	0.0	1873	RS-GCF-008831405.1-NZ-CP044498.1--9
15657-1492R-T-F11	RS-GCF-001703495.1-NZ-CP016852.1--8	97.780	1188	95	1126	0.0	1873	RS-GCF-001703495.1-NZ-CP016852.1--8
15657-1492R-T-F11	RS-GCF-005937795.2-NZ-CP041757.1	97.780	1188	95	1126	0.0	1873	RS-GCF-005937795.2-NZ-CP041757.1
15657-1492R-T-F11	GB-GCA-001698525.1-CP016789.1--10	97.780	1188	95	1126	0.0	1873	GB-GCA-001698525.1-CP016789.1--10
15657-1492R-T-F11	RS-GCF-009866865.1-NZ-CP023409.1--10	97.780	1188	95	1126	0.0	1873	RS-GCF-009866865.1-NZ-CP023409.1--10
15657-1492R-T-F11	RS-GCF-009866865.1-NZ-CP023409.1--9	97.780	1188	95	1126	0.0	1873	RS-GCF-009866865.1-NZ-CP023409.1--9
15657-1492R-T-F11	RS-GCF-004328925.1-NZ-CP029609.1	97.780	1188	95	1126	0.0	1873	RS-GCF-004328925.1-NZ-CP029609.1
15657-1492R-T-F11	RS-GCF-002216085.1-NZ-CP022287.1	97.780	1188	95	1126	0.0	1873	RS-GCF-002216085.1-NZ-CP022287.1
15657-1492R-T-F11	RS-GCF-003515125.1-NZ-CP032089.1--2	97.780	1188	95	1126	0.0	1873	RS-GCF-003515125.1-NZ-CP032089.1--2
15657-1492R-T-F11	RS-GCF-003515125.1-NZ-CP032089.1	97.780	1188	95	1126	0.0	1873	RS-GCF-003515125.1-NZ-CP032089.1
15657-1492R-T-F11	RS-GCF-004119775.1-NZ-CP035406.1--2	97.780	1188	95	1126	0.0	1873	RS-GCF-004119775.1-NZ-CP035406.1--2
15657-1492R-T-F11	RS-GCF-004119535.1-NZ-CP035391.1--10	97.780	1188	95	1126	0.0	1873	RS-GCF-004119535.1-NZ-CP035391.1--10
15657-1492R-T-F11	RS-GCF-004119535.1-NZ-CP035391.1--3	97.780	1188	95	1126	0.0	1873	RS-GCF-004119535.1-NZ-CP035391.1--3
15657-1492R-T-F11	RS-GCF-004119535.1-NZ-CP035391.1--2	97.780	1188	95	1126	0.0	1873	RS-GCF-004119535.1-NZ-CP035391.1--2
15657-1492R-T-F11	RS-GCF-004119535.1-NZ-CP035391.1	97.780	1188	95	1126	0.0	1873	RS-GCF-004119535.1-NZ-CP035391.1
15657-1492R-T-F11	RS-GCF-003762825.1-NZ-RJWB01000025.1	97.780	1188	95	1126	0.0	1873	RS-GCF-003762825.1-NZ-RJWB01000025.1
15657-1492R-T-F11	RS-GCF-009662155.1-NZ-CP045819.1--9	97.780	1188	95	1126	0.0	1873	RS-GCF-009662155.1-NZ-CP045819.1--9
15657-1492R-T-F11	GB-GCA-000815405.1-JXAR01000080.1	97.780	1188	95	1126	0.0	1873	GB-GCA-000815405.1-JXAR01000080.1
15657-1492R-T-F11	RS-GCF-016894165.1-NZ-CP069789.1--10	97.780	1188	95	1126	0.0	1873	RS-GCF-016894165.1-NZ-CP069789.1--10
15657-1492R-T-F11	RS-GCF-905311015.1-NZ-CAJNPS010000013.1	97.780	1188	95	1126	0.0	1873	RS-GCF-905311015.1-NZ-CAJNPS010000013.1
15657-1492R-T-F11	RS-GCF-001604995.1-NZ-CP015004.1--2	97.780	1188	95	1126	0.0	1873	RS-GCF-001604995.1-NZ-CP015004.1--2
15657-1492R-T-F11	RS-GCF-001604995.1-NZ-CP015004.1	97.780	1188	95	1126	0.0	1873	RS-GCF-001604995.1-NZ-CP015004.1
15657-1492R-T-F11	RS-GCF-017352355.1-NZ-WVTC01000010.1	97.780	1188	95	1126	0.0	1873	RS-GCF-017352355.1-NZ-WVTC01000010.1
15657-1492R-T-F11	RS-GCF-000259365.1-NC-017743.1--2	97.780	1188	95	1126	0.0	1873	RS-GCF-000259365.1-NC-017743.1--2
15657-1492R-T-F11	RS-GCF-000259365.1-NC-017743.1	97.780	1188	95	1126	0.0	1873	RS-GCF-000259365.1-NC-017743.1
15657-1492R-T-F11	RS-GCF-003665215.1-NZ-CP032855.1--10	97.780	1188	95	1126	0.0	1873	RS-GCF-003665215.1-NZ-CP032855.1--10
15657-1492R-T-F11	RS-GCF-003665215.1-NZ-CP032855.1	97.780	1188	95	1126	0.0	1873	RS-GCF-003665215.1-NZ-CP032855.1
15657-1492R-T-F11	RS-GCF-000789295.1-NZ-CP010053.1--9	97.780	1188	95	1126	0.0	1873	RS-GCF-000789295.1-NZ-CP010053.1--9
15657-1492R-T-F11	RS-GCF-004119675.1-NZ-CP035397.1--10	97.780	1188	95	1126	0.0	1873	RS-GCF-004119675.1-NZ-CP035397.1--10
15657-1492R-T-F11	RS-GCF-014879275.1-NZ-CP062497.1--2	97.780	1188	95	1126	0.0	1873	RS-GCF-014879275.1-NZ-CP062497.1--2
15657-1492R-T-F11	RS-GCF-000952895.1-NZ-LN680001.1--10	97.780	1188	95	1126	0.0	1873	RS-GCF-000952895.1-NZ-LN680001.1--10
15657-1492R-T-F11	RS-GCF-002290305.1-NZ-CP023257.1--4	97.780	1188	95	1126	0.0	1873	RS-GCF-002290305.1-NZ-CP023257.1--4
15657-1492R-T-F11	RS-GCF-001750745.1-NZ-CP017312.1--9	97.780	1188	95	1126	0.0	1873	RS-GCF-001750745.1-NZ-CP017312.1--9
15657-1492R-T-F11	RS-GCF-000227485.1-NC-017195.1--2	97.780	1188	95	1126	0.0	1873	RS-GCF-000227485.1-NC-017195.1--2
15657-1492R-T-F11	RS-GCF-009913255.1-NZ-CP028201.1--9	97.780	1188	95	1126	0.0	1873	RS-GCF-009913255.1-NZ-CP028201.1--9
15657-1492R-T-F11	RS-GCF-003184225.1-NZ-CP020915.1--7	97.780	1188	95	1126	0.0	1873	RS-GCF-003184225.1-NZ-CP020915.1--7
15657-1492R-T-F11	RS-GCF-012030395.1-NZ-JAAUXF010000005.1	97.780	1188	95	1126	0.0	1873	RS-GCF-012030395.1-NZ-JAAUXF010000005.1
15657-1492R-T-F11	RS-GCF-001720505.1-NZ-CP017112.1--10	97.780	1188	95	1126	0.0	1873	RS-GCF-001720505.1-NZ-CP017112.1--10
15657-1492R-T-F11	RS-GCF-000338735.1-NC-020244.1	97.780	1188	95	1126	0.0	1873	RS-GCF-000338735.1-NC-020244.1
15657-1492R-T-F11	RS-GCF-000706705.1-NZ-CP007409.1--4	97.780	1188	95	1126	0.0	1873	RS-GCF-000706705.1-NZ-CP007409.1--4
15657-1492R-T-F11	RS-GCF-905311425.1-NZ-CAJNPY010000010.1	97.780	1188	95	1126	0.0	1873	RS-GCF-905311425.1-NZ-CAJNPY010000010.1
15657-1492R-T-F11	RS-GCF-018884165.1-NZ-CP063150.1--9	97.780	1188	95	1126	0.0	1873	RS-GCF-018884165.1-NZ-CP063150.1--9
15657-1492R-T-F11	RS-GCF-018884165.1-NZ-CP063150.1--4	97.780	1188	95	1126	0.0	1873	RS-GCF-018884165.1-NZ-CP063150.1--4
15657-1492R-T-F11	RS-GCF-018884165.1-NZ-CP063150.1--3	97.780	1188	95	1126	0.0	1873	RS-GCF-018884165.1-NZ-CP063150.1--3
15657-1492R-T-F11	RS-GCF-009913555.1-NZ-CP028215.1--10	97.780	1188	95	1126	0.0	1873	RS-GCF-009913555.1-NZ-CP028215.1--10
