15664-1492R-11	RS-GCF-000499305.1-NZ-AWUJ01000055.1	97.390	1220	99	1226	0.0	2001	RS-GCF-000499305.1-NZ-AWUJ01000055.1
15664-1492R-11	RS-GCF-900134475.1-NZ-FVJK01000013.1	97.390	1220	99	1226	0.0	2001	RS-GCF-900134475.1-NZ-FVJK01000013.1
15664-1492R-11	RS-GCF-003287275.1-NZ-QEVW01000030.1	97.227	1220	99	1226	0.0	1992	RS-GCF-003287275.1-NZ-QEVW01000030.1
15664-1492R-11	RS-GCF-014844075.1-NZ-CP062165.1--7	97.227	1220	99	1226	0.0	1992	RS-GCF-014844075.1-NZ-CP062165.1--7
15664-1492R-11	RS-GCF-014844075.1-NZ-CP062165.1--6	97.227	1220	99	1226	0.0	1992	RS-GCF-014844075.1-NZ-CP062165.1--6
15664-1492R-11	RS-GCF-014844075.1-NZ-CP062165.1--4	97.227	1220	99	1226	0.0	1992	RS-GCF-014844075.1-NZ-CP062165.1--4
15664-1492R-11	RS-GCF-014844075.1-NZ-CP062165.1--3	97.227	1220	99	1226	0.0	1992	RS-GCF-014844075.1-NZ-CP062165.1--3
15664-1492R-11	RS-GCF-013401555.1-NZ-CP058552.1--4	97.227	1220	99	1226	0.0	1992	RS-GCF-013401555.1-NZ-CP058552.1--4
15664-1492R-11	RS-GCF-900110055.1-NZ-FOCH01000019.1	97.227	1220	99	1226	0.0	1992	RS-GCF-900110055.1-NZ-FOCH01000019.1
15664-1492R-11	G001514495	97.227	1220	99	1226	0.0	1992	G001514495
15664-1492R-11	AB045094	97.227	1220	99	1226	0.0	1992	AB045094
15664-1492R-11	EU179327	97.227	1220	99	1226	0.0	1992	EU179327
15664-1492R-11	RS-GCF-013401555.1-NZ-CP058552.1--8	97.145	1220	99	1226	0.0	1987	RS-GCF-013401555.1-NZ-CP058552.1--8
15664-1492R-11	RS-GCF-013401555.1-NZ-CP058552.1--5	97.145	1220	99	1226	0.0	1987	RS-GCF-013401555.1-NZ-CP058552.1--5
15664-1492R-11	RS-GCF-014844075.1-NZ-CP062165.1	97.064	1220	99	1226	0.0	1983	RS-GCF-014844075.1-NZ-CP062165.1
15664-1492R-11	RS-GCF-003182535.1-NZ-QGTZ01000034.1	97.064	1220	99	1226	0.0	1983	RS-GCF-003182535.1-NZ-QGTZ01000034.1
15664-1492R-11	KT461879	97.064	1220	99	1226	0.0	1983	KT461879
15664-1492R-11	RS-GCF-013401555.1-NZ-CP058552.1--2	96.900	1220	99	1226	0.0	1978	RS-GCF-013401555.1-NZ-CP058552.1--2
15664-1492R-11	MJ033-1-barcode34-umi37342bins-ubs-4	96.900	1220	99	1226	0.0	1974	MJ033-1-barcode34-umi37342bins-ubs-4
15664-1492R-11	RS-GCF-014844075.1-NZ-CP062165.1--10	96.827	1220	99	1229	0.0	1961	RS-GCF-014844075.1-NZ-CP062165.1--10
15664-1492R-11	AY427832	96.585	1220	99	1230	0.0	1957	AY427832
15664-1492R-11	RS-GCF-001659845.1-NZ-LXQN01000019.1--4	96.656	1220	99	1226	0.0	1953	RS-GCF-001659845.1-NZ-LXQN01000019.1--4
15664-1492R-11	MJ030-2-barcode65-umi15873bins-ubs-36	96.493	1220	99	1226	0.0	1951	MJ030-2-barcode65-umi15873bins-ubs-36
15664-1492R-11	MJ030-2-barcode65-umi11299bins-ubs-48	96.330	1220	99	1226	0.0	1942	MJ030-2-barcode65-umi11299bins-ubs-48
15664-1492R-11	RS-GCF-001659845.1-NZ-LXQN01000021.1--2	96.496	1220	99	1227	0.0	1939	RS-GCF-001659845.1-NZ-LXQN01000021.1--2
15664-1492R-11	RS-GCF-014844075.1-NZ-CP062165.1--11	96.498	1220	99	1228	0.0	1935	RS-GCF-014844075.1-NZ-CP062165.1--11
15664-1492R-11	RS-GCF-008386395.1-NZ-CP043761.1--3	96.170	1220	99	1227	0.0	1931	RS-GCF-008386395.1-NZ-CP043761.1--3
15664-1492R-11	RS-GCF-003833245.1-NZ-RPHH01000020.1	96.088	1220	99	1227	0.0	1927	RS-GCF-003833245.1-NZ-RPHH01000020.1
15664-1492R-11	RS-GCF-008386395.1-NZ-CP043761.1--5	96.088	1220	99	1227	0.0	1927	RS-GCF-008386395.1-NZ-CP043761.1--5
15664-1492R-11	JF811909	96.003	1220	99	1226	0.0	1924	JF811909
15664-1492R-11	RS-GCF-008386395.1-NZ-CP043761.1--9	96.007	1220	99	1227	0.0	1922	RS-GCF-008386395.1-NZ-CP043761.1--9
15664-1492R-11	RS-GCF-008386395.1-NZ-CP043761.1--8	96.007	1220	99	1227	0.0	1922	RS-GCF-008386395.1-NZ-CP043761.1--8
15664-1492R-11	RS-GCF-900109515.1-NZ-FOBD01000041.1	95.925	1220	99	1227	0.0	1918	RS-GCF-900109515.1-NZ-FOBD01000041.1
15664-1492R-11	RS-GCF-900221045.1-NZ-OBQL01000029.1	95.925	1220	99	1227	0.0	1918	RS-GCF-900221045.1-NZ-OBQL01000029.1
15664-1492R-11	RS-GCF-008386395.1-NZ-CP043761.1	95.925	1220	99	1227	0.0	1918	RS-GCF-008386395.1-NZ-CP043761.1
15664-1492R-11	EU558284	95.925	1220	99	1227	0.0	1918	EU558284
15664-1492R-11	RS-GCF-000316035.1-NZ-ANHX01000082.1	95.844	1220	99	1227	0.0	1913	RS-GCF-000316035.1-NZ-ANHX01000082.1
15664-1492R-11	RS-GCF-008386395.1-NZ-CP043761.1--12	95.844	1220	99	1227	0.0	1913	RS-GCF-008386395.1-NZ-CP043761.1--12
15664-1492R-11	RS-GCF-001029205.1-NZ-LELF01000062.1	95.844	1220	99	1227	0.0	1913	RS-GCF-001029205.1-NZ-LELF01000062.1
15664-1492R-11	G001908275	95.762	1220	99	1227	0.0	1909	G001908275
15664-1492R-11	AB073192	95.691	1220	99	1230	0.0	1908	AB073192
15664-1492R-11	GB-GCA-016887665.1-JAFEHC010000053.1	95.691	1220	99	1230	0.0	1907	GB-GCA-016887665.1-JAFEHC010000053.1
15664-1492R-11	RS-GCF-000443225.1-NZ-ATSZ01000024.1	95.691	1220	99	1230	0.0	1907	RS-GCF-000443225.1-NZ-ATSZ01000024.1
15664-1492R-11	MJ034-1-barcode48-umi27243bins-ubs-4	95.691	1220	99	1230	0.0	1907	MJ034-1-barcode48-umi27243bins-ubs-4
15664-1492R-11	RS-GCF-003268635.1-NZ-CP029639.1--10	95.762	1220	99	1227	0.0	1905	RS-GCF-003268635.1-NZ-CP029639.1--10
15664-1492R-11	RS-GCF-013347305.1-NZ-CP054614.1--7	95.769	1220	99	1229	0.0	1905	RS-GCF-013347305.1-NZ-CP054614.1--7
15664-1492R-11	RS-GCF-001956055.1-NZ-MRTJ01000033.1	95.681	1220	99	1227	0.0	1904	RS-GCF-001956055.1-NZ-MRTJ01000033.1
15664-1492R-11	RS-GCF-008386395.1-NZ-CP043761.1--10	95.681	1220	99	1227	0.0	1904	RS-GCF-008386395.1-NZ-CP043761.1--10
15664-1492R-11	EU558281	95.681	1220	99	1227	0.0	1904	EU558281
15664-1492R-11	RS-GCF-009664365.1-NZ-CP044310.1--8	95.610	1220	99	1230	0.0	1902	RS-GCF-009664365.1-NZ-CP044310.1--8
15664-1492R-11	RS-GCF-015143645.1-NZ-WYEV01000030.1	95.610	1220	99	1230	0.0	1902	RS-GCF-015143645.1-NZ-WYEV01000030.1
15664-1492R-11	RS-GCF-002968835.1-NZ-PKQK01000011.1	95.599	1220	99	1227	0.0	1900	RS-GCF-002968835.1-NZ-PKQK01000011.1
15664-1492R-11	RS-GCF-013347305.1-NZ-CP054614.1--3	95.610	1220	99	1230	0.0	1900	RS-GCF-013347305.1-NZ-CP054614.1--3
15664-1492R-11	RS-GCF-009664365.1-NZ-CP044310.1--10	95.528	1220	99	1230	0.0	1898	RS-GCF-009664365.1-NZ-CP044310.1--10
15664-1492R-11	RS-GCF-009664365.1-NZ-CP044310.1--5	95.528	1220	99	1230	0.0	1898	RS-GCF-009664365.1-NZ-CP044310.1--5
15664-1492R-11	D85396	95.518	1220	99	1227	0.0	1897	D85396
15664-1492R-11	RS-GCF-003217495.1-NZ-QJSW01000063.1	95.606	1220	99	1229	0.0	1896	RS-GCF-003217495.1-NZ-QJSW01000063.1
15664-1492R-11	RS-GCF-013347305.1-NZ-CP054614.1--11	95.606	1220	99	1229	0.0	1896	RS-GCF-013347305.1-NZ-CP054614.1--11
15664-1492R-11	RS-GCF-013347305.1-NZ-CP054614.1--10	95.606	1220	99	1229	0.0	1896	RS-GCF-013347305.1-NZ-CP054614.1--10
15664-1492R-11	RS-GCF-013347305.1-NZ-CP054614.1--8	95.606	1220	99	1229	0.0	1896	RS-GCF-013347305.1-NZ-CP054614.1--8
15664-1492R-11	RS-GCF-009664365.1-NZ-CP044310.1--4	95.447	1220	99	1230	0.0	1893	RS-GCF-009664365.1-NZ-CP044310.1--4
15664-1492R-11	RS-GCF-013347305.1-NZ-CP054614.1--12	95.525	1220	99	1229	0.0	1892	RS-GCF-013347305.1-NZ-CP054614.1--12
15664-1492R-11	RS-GCF-013347305.1-NZ-CP054614.1--5	95.525	1220	99	1229	0.0	1892	RS-GCF-013347305.1-NZ-CP054614.1--5
15664-1492R-11	AJ716019	95.525	1220	99	1229	0.0	1892	AJ716019
15664-1492R-11	RS-GCF-900095775.1-NZ-FMIS01000040.1	97.054	1220	94	1154	0.0	1891	RS-GCF-900095775.1-NZ-FMIS01000040.1
15664-1492R-11	RS-GCF-009664365.1-NZ-CP044310.1--2	95.443	1220	99	1229	0.0	1890	RS-GCF-009664365.1-NZ-CP044310.1--2
15664-1492R-11	RS-GCF-002968835.1-NZ-PKQK01000001.1--2	95.440	1220	99	1228	0.0	1889	RS-GCF-002968835.1-NZ-PKQK01000001.1--2
15664-1492R-11	RS-GCF-009664365.1-NZ-CP044310.1	95.362	1220	99	1229	0.0	1885	RS-GCF-009664365.1-NZ-CP044310.1
15664-1492R-11	RS-GCF-002968835.1-NZ-PKQK01000001.1--10	95.358	1220	99	1228	0.0	1884	RS-GCF-002968835.1-NZ-PKQK01000001.1--10
15664-1492R-11	RS-GCF-002968835.1-NZ-PKQK01000001.1--9	95.358	1220	99	1228	0.0	1884	RS-GCF-002968835.1-NZ-PKQK01000001.1--9
15664-1492R-11	RS-GCF-009664365.1-NZ-CP044310.1--6	95.285	1220	99	1230	0.0	1884	RS-GCF-009664365.1-NZ-CP044310.1--6
15664-1492R-11	RS-GCF-001426865.1-NZ-LMFO01000023.1	94.784	1220	99	1227	0.0	1882	RS-GCF-001426865.1-NZ-LMFO01000023.1
15664-1492R-11	KF425513	96.074	1220	97	1197	0.0	1881	KF425513
15664-1492R-11	RS-GCF-009664365.1-NZ-CP044310.1--3	95.203	1220	99	1230	0.0	1880	RS-GCF-009664365.1-NZ-CP044310.1--3
15664-1492R-11	RS-GCF-003268635.1-NZ-CP029639.1--4	95.192	1220	99	1227	0.0	1877	RS-GCF-003268635.1-NZ-CP029639.1--4
15664-1492R-11	RS-GCF-003268635.1-NZ-CP029639.1--2	95.192	1220	99	1227	0.0	1877	RS-GCF-003268635.1-NZ-CP029639.1--2
15664-1492R-11	RS-GCF-001659845.1-NZ-LXQN01000021.1	95.192	1220	99	1227	0.0	1877	RS-GCF-001659845.1-NZ-LXQN01000021.1
15664-1492R-11	RS-GCF-001659845.1-NZ-LXQN01000007.1	95.192	1220	99	1227	0.0	1877	RS-GCF-001659845.1-NZ-LXQN01000007.1
15664-1492R-11	RS-GCF-900101205.1-NZ-FNFR01000026.1	95.192	1220	99	1227	0.0	1877	RS-GCF-900101205.1-NZ-FNFR01000026.1
15664-1492R-11	KF479658	95.118	1220	99	1229	0.0	1876	KF479658
15664-1492R-11	RS-GCF-003268635.1-NZ-CP029639.1--6	95.110	1220	99	1227	0.0	1873	RS-GCF-003268635.1-NZ-CP029639.1--6
15664-1492R-11	RS-GCF-003268635.1-NZ-CP029639.1--3	95.110	1220	99	1227	0.0	1873	RS-GCF-003268635.1-NZ-CP029639.1--3
15664-1492R-11	RS-GCF-900101225.1-NZ-FMZN01000015.1	95.029	1220	99	1227	0.0	1868	RS-GCF-900101225.1-NZ-FMZN01000015.1
15664-1492R-11	RS-GCF-003268635.1-NZ-CP029639.1--11	95.029	1220	99	1227	0.0	1865	RS-GCF-003268635.1-NZ-CP029639.1--11
15664-1492R-11	MJ033-1-barcode32-umi2953bins-ubs-136	94.955	1220	99	1229	0.0	1860	MJ033-1-barcode32-umi2953bins-ubs-136
15664-1492R-11	RS-GCF-001570725.1-NZ-BCNV01000012.1	94.866	1220	99	1227	0.0	1859	RS-GCF-001570725.1-NZ-BCNV01000012.1
15664-1492R-11	G001373415	94.784	1220	99	1227	0.0	1859	G001373415
15664-1492R-11	KC835077	94.878	1220	99	1230	0.0	1859	KC835077
15664-1492R-11	MJ030-1-barcode25-umi34551bins-ubs-15	94.788	1220	99	1228	0.0	1857	MJ030-1-barcode25-umi34551bins-ubs-15
15664-1492R-11	RS-GCF-900155685.1-NZ-LT732547.1	94.784	1220	99	1227	0.0	1855	RS-GCF-900155685.1-NZ-LT732547.1
15664-1492R-11	MJ034-1-barcode48-umi26676bins-ubs-4	94.797	1220	99	1230	0.0	1855	MJ034-1-barcode48-umi26676bins-ubs-4
15664-1492R-11	RS-GCF-900177425.1-NZ-LT840184.1	95.474	1220	97	1193	0.0	1853	RS-GCF-900177425.1-NZ-LT840184.1
15664-1492R-11	RS-GCF-003591485.1-NZ-QZCF01000019.1	94.788	1220	99	1228	0.0	1853	RS-GCF-003591485.1-NZ-QZCF01000019.1
15664-1492R-11	MH714913	94.788	1220	99	1228	0.0	1853	MH714913
15664-1492R-11	FN556467	95.474	1220	97	1193	0.0	1853	FN556467
15664-1492R-11	RS-GCF-003268635.1-NZ-CP029639.1	94.703	1220	99	1227	0.0	1850	RS-GCF-003268635.1-NZ-CP029639.1
15664-1492R-11	RS-GCF-003248275.1-NZ-QKWW01000050.1	94.715	1220	99	1230	0.0	1850	RS-GCF-003248275.1-NZ-QKWW01000050.1
15664-1492R-11	RS-GCF-003388735.1-NZ-QUBQ01000013.1	94.707	1220	99	1228	0.0	1848	RS-GCF-003388735.1-NZ-QUBQ01000013.1
15664-1492R-11	RS-GCF-900155685.1-NZ-LT732548.1--2	94.621	1220	99	1227	0.0	1846	RS-GCF-900155685.1-NZ-LT732548.1--2
15664-1492R-11	KX900571	94.535	1220	99	1226	0.0	1843	KX900571
15664-1492R-11	MJ031-1-barcode30-umi31222bins-ubs-8	94.454	1220	99	1226	0.0	1843	MJ031-1-barcode30-umi31222bins-ubs-8
15664-1492R-11	RS-GCF-014303795.1-NZ-CP060293.1--3	94.544	1220	99	1228	0.0	1839	RS-GCF-014303795.1-NZ-CP060293.1--3
15664-1492R-11	MJ034-1-barcode40-umi26133bins-ubs-4	94.544	1220	99	1228	0.0	1839	MJ034-1-barcode40-umi26133bins-ubs-4
15664-1492R-11	RS-GCF-001955535.1-NZ-MPVN01000021.1	94.454	1220	99	1226	0.0	1838	RS-GCF-001955535.1-NZ-MPVN01000021.1
15664-1492R-11	AY960748	94.548	1220	99	1229	0.0	1838	AY960748
15664-1492R-11	RS-GCF-009363095.1-NZ-CP045295.1--3	94.458	1220	99	1227	0.0	1837	RS-GCF-009363095.1-NZ-CP045295.1--3
15664-1492R-11	RS-GCF-014303795.1-NZ-CP060293.1--5	94.463	1220	99	1228	0.0	1835	RS-GCF-014303795.1-NZ-CP060293.1--5
15664-1492R-11	RS-GCF-014303795.1-NZ-CP060293.1--2	94.463	1220	99	1228	0.0	1835	RS-GCF-014303795.1-NZ-CP060293.1--2
15664-1492R-11	AB265205	94.372	1220	99	1226	0.0	1834	AB265205
15664-1492R-11	RS-GCF-002224835.1-NZ-MBRK01000001.1--2	94.377	1220	99	1227	0.0	1832	RS-GCF-002224835.1-NZ-MBRK01000001.1--2
15664-1492R-11	KU201962	94.395	1220	99	1231	0.0	1832	KU201962
15664-1492R-11	AB245384	94.223	1220	99	1229	0.0	1831	AB245384
15664-1492R-11	RS-GCF-014303795.1-NZ-CP060293.1	94.381	1220	99	1228	0.0	1830	RS-GCF-014303795.1-NZ-CP060293.1
15664-1492R-11	EU912452	94.395	1220	99	1231	0.0	1830	EU912452
15664-1492R-11	RS-GCF-003060825.1-NZ-CP028922.1--12	94.386	1220	99	1229	0.0	1829	RS-GCF-003060825.1-NZ-CP028922.1--12
15664-1492R-11	RS-GCF-003060825.1-NZ-CP028922.1--6	94.386	1220	99	1229	0.0	1829	RS-GCF-003060825.1-NZ-CP028922.1--6
15664-1492R-11	RS-GCF-002224835.1-NZ-MBRK01000001.1--5	94.295	1220	99	1227	0.0	1828	RS-GCF-002224835.1-NZ-MBRK01000001.1--5
15664-1492R-11	RS-GCF-002224835.1-NZ-MBRK01000001.1	94.295	1220	99	1227	0.0	1828	RS-GCF-002224835.1-NZ-MBRK01000001.1
15664-1492R-11	RS-GCF-018604145.1-NZ-CP075889.1--6	94.300	1220	99	1228	0.0	1826	RS-GCF-018604145.1-NZ-CP075889.1--6
15664-1492R-11	RS-GCF-018604145.1-NZ-CP075889.1	94.300	1220	99	1228	0.0	1826	RS-GCF-018604145.1-NZ-CP075889.1
15664-1492R-11	AJ345023	94.300	1220	99	1228	0.0	1826	AJ345023
15664-1492R-11	MJ010-1-barcode29-umi133721bins-ubs-4	94.300	1220	99	1228	0.0	1826	MJ010-1-barcode29-umi133721bins-ubs-4
15664-1492R-11	AJ575658	94.214	1220	99	1227	0.0	1825	AJ575658
15664-1492R-11	KU573975	94.318	1220	99	1232	0.0	1824	KU573975
15664-1492R-11	RS-GCF-902375655.1-NZ-CABKUV010000009.1--2	94.051	1220	99	1227	0.0	1823	RS-GCF-902375655.1-NZ-CABKUV010000009.1--2
15664-1492R-11	RS-GCF-902375655.1-NZ-CABKUV010000009.1	94.051	1220	99	1227	0.0	1823	RS-GCF-902375655.1-NZ-CABKUV010000009.1
15664-1492R-11	RS-GCF-003386155.1-NZ-QRDU01000016.1	94.214	1220	99	1227	0.0	1823	RS-GCF-003386155.1-NZ-QRDU01000016.1
15664-1492R-11	RS-GCF-016624415.1-NZ-JACVTM010000023.1	94.214	1220	99	1227	0.0	1823	RS-GCF-016624415.1-NZ-JACVTM010000023.1
15664-1492R-11	G001403875	94.051	1220	99	1227	0.0	1823	G001403875
15664-1492R-11	LN881615	94.051	1220	99	1227	0.0	1823	LN881615
15664-1492R-11	AY323608	94.060	1220	99	1229	0.0	1822	AY323608
15664-1492R-11	RS-GCF-018604145.1-NZ-CP075889.1--4	94.218	1220	99	1228	0.0	1821	RS-GCF-018604145.1-NZ-CP075889.1--4
15664-1492R-11	RS-GCF-018604145.1-NZ-CP075889.1--3	94.349	1220	99	1221	0.0	1821	RS-GCF-018604145.1-NZ-CP075889.1--3
15664-1492R-11	RS-GCF-014303795.1-NZ-CP060293.1--8	94.218	1220	99	1228	0.0	1821	RS-GCF-014303795.1-NZ-CP060293.1--8
15664-1492R-11	MJ007-1-barcode38-umi39069bins-ubs-3	94.812	1220	97	1195	0.0	1821	MJ007-1-barcode38-umi39069bins-ubs-3
15664-1492R-11	MJ007-1-barcode38-umi30757bins-ubs-5	94.812	1220	97	1195	0.0	1821	MJ007-1-barcode38-umi30757bins-ubs-5
15664-1492R-11	MJ007-1-barcode38-umi15187bins-ubs-16	94.812	1220	97	1195	0.0	1821	MJ007-1-barcode38-umi15187bins-ubs-16
15664-1492R-11	EF212893	94.132	1220	99	1227	0.0	1820	EF212893
15664-1492R-11	G001275645	94.223	1220	99	1229	0.0	1819	G001275645
15664-1492R-11	AY839867	94.223	1220	99	1229	0.0	1819	AY839867
15664-1492R-11	RS-GCF-003931855.1-NZ-CP034248.1--2	94.132	1220	99	1227	0.0	1819	RS-GCF-003931855.1-NZ-CP034248.1--2
15664-1492R-11	RS-GCF-003931855.1-NZ-CP034248.1	94.132	1220	99	1227	0.0	1819	RS-GCF-003931855.1-NZ-CP034248.1
15664-1492R-11	RS-GCF-902375655.1-NZ-CABKUV010000006.1	93.969	1220	99	1227	0.0	1819	RS-GCF-902375655.1-NZ-CABKUV010000006.1
15664-1492R-11	AY208751	94.132	1220	99	1227	0.0	1819	AY208751
15664-1492R-11	MJ030-1-barcode49-umi43936bins-ubs-11	94.132	1220	99	1227	0.0	1819	MJ030-1-barcode49-umi43936bins-ubs-11
15664-1492R-11	MJ007-1-barcode38-umi41245bins-ubs-3	94.132	1220	99	1227	0.0	1819	MJ007-1-barcode38-umi41245bins-ubs-3
15664-1492R-11	RS-GCF-003060825.1-NZ-CP028922.1--5	94.228	1220	99	1230	0.0	1818	RS-GCF-003060825.1-NZ-CP028922.1--5
15664-1492R-11	RS-GCF-003060825.1-NZ-CP028922.1--3	94.228	1220	99	1230	0.0	1818	RS-GCF-003060825.1-NZ-CP028922.1--3
15664-1492R-11	RS-GCF-003060825.1-NZ-CP028922.1--2	94.228	1220	99	1230	0.0	1818	RS-GCF-003060825.1-NZ-CP028922.1--2
15664-1492R-11	RS-GCF-001637205.1-NZ-LVJH01000032.1	94.314	1220	99	1231	0.0	1818	RS-GCF-001637205.1-NZ-LVJH01000032.1
15664-1492R-11	RS-GCF-008369725.1-NZ-CP043611.1--9	94.314	1220	99	1231	0.0	1818	RS-GCF-008369725.1-NZ-CP043611.1--9
15664-1492R-11	RS-GCF-003337375.1-NZ-QPJD01000076.1	94.137	1220	99	1228	0.0	1817	RS-GCF-003337375.1-NZ-QPJD01000076.1
15664-1492R-11	RS-GCF-018604145.1-NZ-CP075889.1--8	94.137	1220	99	1228	0.0	1817	RS-GCF-018604145.1-NZ-CP075889.1--8
15664-1492R-11	RS-GCF-018604145.1-NZ-CP075889.1--7	94.137	1220	99	1228	0.0	1817	RS-GCF-018604145.1-NZ-CP075889.1--7
15664-1492R-11	G003605435	94.137	1220	99	1228	0.0	1817	G003605435
15664-1492R-11	MJ007-1-barcode38-umi42684bins-ubs-3	94.728	1220	97	1195	0.0	1817	MJ007-1-barcode38-umi42684bins-ubs-3
15664-1492R-11	MJ007-1-barcode38-umi44284bins-ubs-3	94.728	1220	97	1195	0.0	1817	MJ007-1-barcode38-umi44284bins-ubs-3
15664-1492R-11	MJ010-1-barcode26-umi31505bins-ubs-23	94.137	1220	99	1228	0.0	1817	MJ010-1-barcode26-umi31505bins-ubs-23
15664-1492R-11	AJ605292	94.232	1220	99	1231	0.0	1815	AJ605292
15664-1492R-11	MJ031-2-barcode61-umi52120bins-ubs-3	94.142	1220	99	1229	0.0	1815	MJ031-2-barcode61-umi52120bins-ubs-3
15664-1492R-11	RS-GCF-003931855.1-NZ-CP034248.1--5	94.051	1220	99	1227	0.0	1814	RS-GCF-003931855.1-NZ-CP034248.1--5
15664-1492R-11	RS-GCF-902375655.1-NZ-CABKUV010000007.1	93.888	1220	99	1227	0.0	1814	RS-GCF-902375655.1-NZ-CABKUV010000007.1
15664-1492R-11	RS-GCF-001956185.1-NZ-MRTP01000005.1	94.051	1220	99	1227	0.0	1814	RS-GCF-001956185.1-NZ-MRTP01000005.1
15664-1492R-11	RS-GCF-009363095.1-NZ-CP045295.1--9	94.051	1220	99	1227	0.0	1814	RS-GCF-009363095.1-NZ-CP045295.1--9
15664-1492R-11	RS-GCF-009363095.1-NZ-CP045295.1	94.051	1220	99	1227	0.0	1814	RS-GCF-009363095.1-NZ-CP045295.1
15664-1492R-11	AY751754	94.051	1220	99	1227	0.0	1814	AY751754
15664-1492R-11	KC800716	94.051	1220	99	1227	0.0	1814	KC800716
15664-1492R-11	RS-GCF-003060825.1-NZ-CP028922.1--11	94.146	1220	99	1230	0.0	1813	RS-GCF-003060825.1-NZ-CP028922.1--11
15664-1492R-11	RS-GCF-003060825.1-NZ-CP028922.1--9	94.146	1220	99	1230	0.0	1813	RS-GCF-003060825.1-NZ-CP028922.1--9
15664-1492R-11	RS-GCF-003060825.1-NZ-CP028922.1--8	94.146	1220	99	1230	0.0	1813	RS-GCF-003060825.1-NZ-CP028922.1--8
15664-1492R-11	RS-GCF-008369725.1-NZ-CP043611.1--4	94.232	1220	99	1231	0.0	1813	RS-GCF-008369725.1-NZ-CP043611.1--4
15664-1492R-11	RS-GCF-001637225.1-NZ-LVJI01000026.1	94.232	1220	99	1231	0.0	1813	RS-GCF-001637225.1-NZ-LVJI01000026.1
15664-1492R-11	GB-GCA-001637215.1-LVJG01000074.1	94.232	1220	99	1231	0.0	1813	GB-GCA-001637215.1-LVJG01000074.1
15664-1492R-11	RS-GCF-900156375.1-NZ-FTNK01000072.1	94.232	1220	99	1231	0.0	1813	RS-GCF-900156375.1-NZ-FTNK01000072.1
15664-1492R-11	EU815294	94.232	1220	99	1231	0.0	1813	EU815294
15664-1492R-11	MJ007-1-barcode38-umi24841bins-ubs-7	94.644	1220	97	1195	0.0	1812	MJ007-1-barcode38-umi24841bins-ubs-7
15664-1492R-11	MJ007-1-barcode38-umi41856bins-ubs-3	94.644	1220	97	1195	0.0	1812	MJ007-1-barcode38-umi41856bins-ubs-3
15664-1492R-11	MJ007-1-barcode38-umi35812bins-ubs-5	94.644	1220	97	1195	0.0	1812	MJ007-1-barcode38-umi35812bins-ubs-5
15664-1492R-11	MJ007-1-barcode38-umi52566bins-ubs-3	94.644	1220	97	1195	0.0	1812	MJ007-1-barcode38-umi52566bins-ubs-3
15664-1492R-11	MJ010-1-barcode26-umi65109bins-ubs-10	94.055	1220	99	1228	0.0	1812	MJ010-1-barcode26-umi65109bins-ubs-10
15664-1492R-11	MJ010-1-barcode26-umi16882bins-ubs-35	94.055	1220	99	1228	0.0	1812	MJ010-1-barcode26-umi16882bins-ubs-35
15664-1492R-11	RS-GCF-013394225.1-NZ-CP041731.1--7	94.724	1220	97	1194	0.0	1810	RS-GCF-013394225.1-NZ-CP041731.1--7
15664-1492R-11	RS-GCF-002240415.1-NZ-CP020028.1--2	94.724	1220	97	1194	0.0	1810	RS-GCF-002240415.1-NZ-CP020028.1--2
15664-1492R-11	MJ010-1-barcode26-umi38083bins-ubs-17	94.060	1220	99	1229	0.0	1810	MJ010-1-barcode26-umi38083bins-ubs-17
15664-1492R-11	RS-GCF-003931855.1-NZ-CP034248.1--4	93.969	1220	99	1227	0.0	1810	RS-GCF-003931855.1-NZ-CP034248.1--4
15664-1492R-11	RS-GCF-000987955.1-NZ-LAZU01000005.1	94.016	1220	99	1220	0.0	1810	RS-GCF-000987955.1-NZ-LAZU01000005.1
15664-1492R-11	RS-GCF-009725205.1-NZ-WNZY01000044.1	93.969	1220	99	1227	0.0	1810	RS-GCF-009725205.1-NZ-WNZY01000044.1
15664-1492R-11	KM243343	93.969	1220	99	1227	0.0	1810	KM243343
15664-1492R-11	RS-GCF-008369725.1-NZ-CP043611.1--2	94.151	1220	99	1231	0.0	1809	RS-GCF-008369725.1-NZ-CP043611.1--2
15664-1492R-11	RS-GCF-005222705.1-NZ-STGF01000069.1	93.974	1220	99	1228	0.0	1808	RS-GCF-005222705.1-NZ-STGF01000069.1
15664-1492R-11	AB265206	93.974	1220	99	1228	0.0	1808	AB265206
15664-1492R-11	MJ034-1-barcode30-umi27085bins-ubs-4	93.979	1220	99	1229	0.0	1808	MJ034-1-barcode30-umi27085bins-ubs-4
15664-1492R-11	MJ007-1-barcode38-umi43678bins-ubs-3	94.561	1220	97	1195	0.0	1808	MJ007-1-barcode38-umi43678bins-ubs-3
15664-1492R-11	RS-GCF-006519665.1-NZ-VIDW01000115.1	94.542	1220	97	1191	0.0	1807	RS-GCF-006519665.1-NZ-VIDW01000115.1
15664-1492R-11	FJ178001	94.060	1220	99	1229	0.0	1807	FJ178001
15664-1492R-11	RS-GCF-013394225.1-NZ-CP041731.1--10	94.640	1220	97	1194	0.0	1806	RS-GCF-013394225.1-NZ-CP041731.1--10
15664-1492R-11	RS-GCF-013394225.1-NZ-CP041731.1--9	94.640	1220	97	1194	0.0	1806	RS-GCF-013394225.1-NZ-CP041731.1--9
15664-1492R-11	RS-GCF-013394225.1-NZ-CP041731.1	94.640	1220	97	1194	0.0	1806	RS-GCF-013394225.1-NZ-CP041731.1
15664-1492R-11	RS-GCF-002240415.1-NZ-CP020028.1--8	94.640	1220	97	1194	0.0	1806	RS-GCF-002240415.1-NZ-CP020028.1--8
15664-1492R-11	AB073203	93.719	1220	99	1226	0.0	1804	AB073203
15664-1492R-11	RS-GCF-006274405.1-NZ-CP040829.1--4	94.552	1220	97	1193	0.0	1803	RS-GCF-006274405.1-NZ-CP040829.1--4
15664-1492R-11	AB819817	93.893	1220	99	1228	0.0	1803	AB819817
15664-1492R-11	RS-GCF-003863965.1-NZ-RRCN01000001.1--4	93.897	1220	99	1229	0.0	1802	RS-GCF-003863965.1-NZ-RRCN01000001.1--4
15664-1492R-11	RS-GCF-003863965.1-NZ-RRCN01000001.1	93.897	1220	99	1229	0.0	1802	RS-GCF-003863965.1-NZ-RRCN01000001.1
15664-1492R-11	RS-GCF-013394225.1-NZ-CP041731.1--4	94.556	1220	97	1194	0.0	1801	RS-GCF-013394225.1-NZ-CP041731.1--4
15664-1492R-11	RS-GCF-014947195.2-NZ-JADCNN020000046.1	93.806	1220	99	1227	0.0	1801	RS-GCF-014947195.2-NZ-JADCNN020000046.1
15664-1492R-11	RS-GCF-002272015.1-NZ-NPBY01000122.1	94.463	1220	97	1192	0.0	1801	RS-GCF-002272015.1-NZ-NPBY01000122.1
15664-1492R-11	RS-GCF-001857945.1-NZ-CP017770.1--9	93.989	1220	99	1231	0.0	1800	RS-GCF-001857945.1-NZ-CP017770.1--9
15664-1492R-11	RS-GCF-001857945.1-NZ-CP017770.1--3	93.989	1220	99	1231	0.0	1800	RS-GCF-001857945.1-NZ-CP017770.1--3
15664-1492R-11	RS-GCF-001857945.1-NZ-CP017770.1	93.989	1220	99	1231	0.0	1800	RS-GCF-001857945.1-NZ-CP017770.1
15664-1492R-11	RS-GCF-001637335.1-NZ-LSFN01000012.1	93.989	1220	99	1231	0.0	1800	RS-GCF-001637335.1-NZ-LSFN01000012.1
15664-1492R-11	KU057345	93.989	1220	99	1231	0.0	1800	KU057345
15664-1492R-11	RS-GCF-011947265.1-NZ-JAATHD010000070.1	94.468	1220	97	1193	0.0	1799	RS-GCF-011947265.1-NZ-JAATHD010000070.1
15664-1492R-11	RS-GCF-002884445.1-NZ-KZ614144.1--5	93.811	1220	99	1228	0.0	1799	RS-GCF-002884445.1-NZ-KZ614144.1--5
15664-1492R-11	RS-GCF-900454525.1-NZ-UGSC01000001.1--6	94.468	1220	97	1193	0.0	1799	RS-GCF-900454525.1-NZ-UGSC01000001.1--6
15664-1492R-11	RS-GCF-003813765.1-NZ-RPDG01000113.1	94.468	1220	97	1193	0.0	1799	RS-GCF-003813765.1-NZ-RPDG01000113.1
15664-1492R-11	RS-GCF-015710975.1-NZ-CP049783.1--5	94.468	1220	97	1193	0.0	1799	RS-GCF-015710975.1-NZ-CP049783.1--5
15664-1492R-11	EU099594	93.811	1220	99	1228	0.0	1799	EU099594
15664-1492R-11	AB360546	93.994	1220	99	1232	0.0	1799	AB360546
15664-1492R-11	AF021924	94.384	1220	97	1193	0.0	1799	AF021924
15664-1492R-11	EF212892	93.897	1220	99	1229	0.0	1799	EF212892
15664-1492R-11	RS-GCF-902375825.1-NZ-CABKVL010000014.1	93.719	1220	99	1226	0.0	1798	RS-GCF-902375825.1-NZ-CABKVL010000014.1
15664-1492R-11	RS-GCF-002165585.1-NZ-MXQD01000125.1	93.648	1220	99	1228	0.0	1797	RS-GCF-002165585.1-NZ-MXQD01000125.1
15664-1492R-11	RS-GCF-002240415.1-NZ-CP020028.1--5	94.472	1220	97	1194	0.0	1797	RS-GCF-002240415.1-NZ-CP020028.1--5
15664-1492R-11	AF391123	94.472	1220	97	1194	0.0	1797	AF391123
15664-1492R-11	MJ007-1-barcode38-umi22883bins-ubs-9	94.398	1220	97	1196	0.0	1797	MJ007-1-barcode38-umi22883bins-ubs-9
15664-1492R-11	RS-GCF-008084145.1-NZ-VSDO01000003.1	93.725	1220	99	1227	0.0	1796	RS-GCF-008084145.1-NZ-VSDO01000003.1
15664-1492R-11	AY741810	93.725	1220	99	1227	0.0	1796	AY741810
15664-1492R-11	MJ033-1-barcode36-umi32670bins-ubs-6	93.725	1220	99	1227	0.0	1796	MJ033-1-barcode36-umi32670bins-ubs-6
15664-1492R-11	RS-GCF-001857945.1-NZ-CP017770.1--10	93.907	1220	99	1231	0.0	1795	RS-GCF-001857945.1-NZ-CP017770.1--10
15664-1492R-11	AB073199	93.719	1220	99	1226	0.0	1795	AB073199
15664-1492R-11	MJ009-1-barcode34-umi26394bins-ubs-15	93.907	1220	99	1231	0.0	1795	MJ009-1-barcode34-umi26394bins-ubs-15
15664-1492R-11	RS-GCF-001685395.1-NZ-CP014167.1--5	93.730	1220	99	1228	0.0	1794	RS-GCF-001685395.1-NZ-CP014167.1--5
15664-1492R-11	RS-GCF-002240225.1-NZ-CP022584.1--4	93.730	1220	99	1228	0.0	1794	RS-GCF-002240225.1-NZ-CP022584.1--4
15664-1492R-11	RS-GCF-017582705.1-NZ-JAGFIP010000034.1	93.648	1220	99	1228	0.0	1794	RS-GCF-017582705.1-NZ-JAGFIP010000034.1
15664-1492R-11	RS-GCF-005577435.1-NZ-CP040396.1--9	93.648	1220	99	1228	0.0	1794	RS-GCF-005577435.1-NZ-CP040396.1--9
15664-1492R-11	RS-GCF-002884445.1-NZ-KZ614144.1--7	93.730	1220	99	1228	0.0	1794	RS-GCF-002884445.1-NZ-KZ614144.1--7
15664-1492R-11	RS-GCF-002884445.1-NZ-KZ614144.1--3	93.730	1220	99	1228	0.0	1794	RS-GCF-002884445.1-NZ-KZ614144.1--3
15664-1492R-11	RS-GCF-007858415.1-NZ-CP042272.1--4	94.384	1220	97	1193	0.0	1794	RS-GCF-007858415.1-NZ-CP042272.1--4
15664-1492R-11	RS-GCF-900454545.1-NZ-UATJ01000009.1	94.384	1220	97	1193	0.0	1794	RS-GCF-900454545.1-NZ-UATJ01000009.1
15664-1492R-11	RS-GCF-000597985.1-NZ-CP006872.1--6	94.384	1220	97	1193	0.0	1794	RS-GCF-000597985.1-NZ-CP006872.1--6
15664-1492R-11	RS-GCF-002893885.1-NZ-CP025957.1	94.384	1220	97	1193	0.0	1794	RS-GCF-002893885.1-NZ-CP025957.1
15664-1492R-11	KJ000069	93.730	1220	99	1228	0.0	1794	KJ000069
15664-1492R-11	MG994973	93.648	1220	99	1228	0.0	1794	MG994973
15664-1492R-11	MJ010-1-barcode26-umi103956bins-ubs-7	93.730	1220	99	1228	0.0	1794	MJ010-1-barcode26-umi103956bins-ubs-7
15664-1492R-11	RS-GCF-003863965.1-NZ-RRCN01000001.1--7	93.735	1220	99	1229	0.0	1793	RS-GCF-003863965.1-NZ-RRCN01000001.1--7
15664-1492R-11	RS-GCF-003863965.1-NZ-RRCN01000001.1--2	93.735	1220	99	1229	0.0	1793	RS-GCF-003863965.1-NZ-RRCN01000001.1--2
15664-1492R-11	RS-GCF-013394225.1-NZ-CP041731.1--3	94.389	1220	97	1194	0.0	1792	RS-GCF-013394225.1-NZ-CP041731.1--3
15664-1492R-11	G009363075	93.643	1220	99	1227	0.0	1792	G009363075
15664-1492R-11	HM212646	93.643	1220	99	1227	0.0	1792	HM212646
15664-1492R-11	AB567661	93.643	1220	99	1227	0.0	1792	AB567661
15664-1492R-11	RS-GCF-001685395.1-NZ-CP014167.1	93.648	1220	99	1228	0.0	1790	RS-GCF-001685395.1-NZ-CP014167.1
15664-1492R-11	RS-GCF-003217535.1-NZ-QJTA01000072.1	93.648	1220	99	1228	0.0	1790	RS-GCF-003217535.1-NZ-QJTA01000072.1
15664-1492R-11	RS-GCF-009725165.1-NZ-WNZW01000030.1	94.300	1220	97	1193	0.0	1790	RS-GCF-009725165.1-NZ-WNZW01000030.1
15664-1492R-11	RS-GCF-002240225.1-NZ-CP022584.1	93.776	1220	99	1221	0.0	1790	RS-GCF-002240225.1-NZ-CP022584.1
15664-1492R-11	RS-GCF-005577435.1-NZ-CP040396.1--8	93.648	1220	99	1228	0.0	1790	RS-GCF-005577435.1-NZ-CP040396.1--8
15664-1492R-11	RS-GCF-005577435.1-NZ-CP040396.1--5	93.567	1220	99	1228	0.0	1790	RS-GCF-005577435.1-NZ-CP040396.1--5
15664-1492R-11	RS-GCF-005577435.1-NZ-CP040396.1	93.567	1220	99	1228	0.0	1790	RS-GCF-005577435.1-NZ-CP040396.1
15664-1492R-11	RS-GCF-007858415.1-NZ-CP042272.1--7	94.300	1220	97	1193	0.0	1790	RS-GCF-007858415.1-NZ-CP042272.1--7
15664-1492R-11	KJ000691	93.648	1220	99	1228	0.0	1790	KJ000691
15664-1492R-11	RS-GCF-007858415.1-NZ-CP042272.1--10	94.389	1220	97	1194	0.0	1789	RS-GCF-007858415.1-NZ-CP042272.1--10
15664-1492R-11	RS-GCF-014705655.1-NZ-JACXIY010000083.1	93.653	1220	99	1229	0.0	1788	RS-GCF-014705655.1-NZ-JACXIY010000083.1
15664-1492R-11	MJ007-1-barcode38-umi34078bins-ubs-4	94.231	1220	97	1196	0.0	1788	MJ007-1-barcode38-umi34078bins-ubs-4
15664-1492R-11	RS-GCF-001428245.1-NZ-LMRV01000099.1	93.567	1220	99	1228	0.0	1787	RS-GCF-001428245.1-NZ-LMRV01000099.1
15664-1492R-11	RS-GCF-900069005.2-NZ-LN831277.1--2	93.562	1220	99	1227	0.0	1787	RS-GCF-900069005.2-NZ-LN831277.1--2
15664-1492R-11	RS-GCF-900069005.2-NZ-LN831273.1	93.562	1220	99	1227	0.0	1787	RS-GCF-900069005.2-NZ-LN831273.1
15664-1492R-11	KC978082	93.562	1220	99	1227	0.0	1787	KC978082
15664-1492R-11	KC835079	93.567	1220	99	1228	0.0	1787	KC835079
15664-1492R-11	G000315235	93.627	1220	99	1224	0.0	1786	G000315235
15664-1492R-11	JX409872	93.648	1220	99	1228	0.0	1786	JX409872
15664-1492R-11	AY847463	94.132	1220	97	1193	0.0	1786	AY847463
15664-1492R-11	KF923806	93.653	1220	99	1229	0.0	1786	KF923806
15664-1492R-11	RS-GCF-001685395.1-NZ-CP014167.1--8	93.567	1220	99	1228	0.0	1785	RS-GCF-001685395.1-NZ-CP014167.1--8
15664-1492R-11	RS-GCF-016019935.1-NZ-JAECMT010000005.1	93.567	1220	99	1228	0.0	1785	RS-GCF-016019935.1-NZ-JAECMT010000005.1
15664-1492R-11	RS-GCF-016019935.1-NZ-JAECMT010000003.1	93.694	1220	99	1221	0.0	1785	RS-GCF-016019935.1-NZ-JAECMT010000003.1
15664-1492R-11	RS-GCF-007858415.1-NZ-CP042272.1--9	94.216	1220	97	1193	0.0	1785	RS-GCF-007858415.1-NZ-CP042272.1--9
15664-1492R-11	RS-GCF-007066225.2-NZ-JAALJM010000006.1--2	93.556	1220	99	1226	0.0	1785	RS-GCF-007066225.2-NZ-JAALJM010000006.1--2
15664-1492R-11	RS-GCF-900454545.1-NZ-UATJ01000009.1--2	94.216	1220	97	1193	0.0	1785	RS-GCF-900454545.1-NZ-UATJ01000009.1--2
15664-1492R-11	RS-GCF-000597985.1-NZ-CP006872.1--7	94.216	1220	97	1193	0.0	1785	RS-GCF-000597985.1-NZ-CP006872.1--7
15664-1492R-11	RS-GCF-000735775.1-NZ-JNCB01000009.1--3	94.216	1220	97	1193	0.0	1785	RS-GCF-000735775.1-NZ-JNCB01000009.1--3
15664-1492R-11	CP014167	93.567	1220	99	1228	0.0	1785	CP014167
15664-1492R-11	AB073198	93.556	1220	99	1226	0.0	1785	AB073198
15664-1492R-11	MJ009-1-barcode27-umi64481bins-ubs-5	93.567	1220	99	1228	0.0	1785	MJ009-1-barcode27-umi64481bins-ubs-5
15664-1492R-11	RS-GCF-007858415.1-NZ-CP042272.1--11	94.305	1220	97	1194	0.0	1784	RS-GCF-007858415.1-NZ-CP042272.1--11
15664-1492R-11	KP334123	93.572	1220	99	1229	0.0	1783	KP334123
15664-1492R-11	MJ007-1-barcode38-umi25821bins-ubs-6	94.147	1220	97	1196	0.0	1783	MJ007-1-barcode38-umi25821bins-ubs-6
15664-1492R-11	MJ009-2-barcode65-umi32734bins-ubs-18	93.562	1220	99	1227	0.0	1783	MJ009-2-barcode65-umi32734bins-ubs-18
15664-1492R-11	RS-GCF-001874425.3-NZ-CP017968.3--4	94.310	1220	97	1195	0.0	1783	RS-GCF-001874425.3-NZ-CP017968.3--4
15664-1492R-11	RS-GCF-001272655.2-NZ-CP011512.1--7	94.310	1220	97	1195	0.0	1783	RS-GCF-001272655.2-NZ-CP011512.1--7
15664-1492R-11	RS-GCF-001874405.2-NZ-CP017967.2--7	94.310	1220	97	1195	0.0	1783	RS-GCF-001874405.2-NZ-CP017967.2--7
15664-1492R-11	RS-GCF-001922145.1-NZ-CP011420.1--9	94.310	1220	97	1195	0.0	1783	RS-GCF-001922145.1-NZ-CP011420.1--9
15664-1492R-11	RS-GCF-001922145.1-NZ-CP011420.1--7	94.310	1220	97	1195	0.0	1783	RS-GCF-001922145.1-NZ-CP011420.1--7
15664-1492R-11	RS-GCF-001956225.1-NZ-MRTU01000002.1--2	94.310	1220	97	1195	0.0	1783	RS-GCF-001956225.1-NZ-MRTU01000002.1--2
15664-1492R-11	KJ572789	93.562	1220	99	1227	0.0	1783	KJ572789
15664-1492R-11	RS-GCF-007066225.2-NZ-JAALJM010000006.1--3	93.556	1220	99	1226	0.0	1782	RS-GCF-007066225.2-NZ-JAALJM010000006.1--3
15664-1492R-11	AB073197	93.475	1220	99	1226	0.0	1782	AB073197
15664-1492R-11	RS-GCF-003243025.1-NZ-QKVW01000109.1	93.475	1220	99	1226	0.0	1781	RS-GCF-003243025.1-NZ-QKVW01000109.1
15664-1492R-11	RS-GCF-004358805.1-NZ-SMZW01000027.1	93.475	1220	99	1226	0.0	1781	RS-GCF-004358805.1-NZ-SMZW01000027.1
15664-1492R-11	RS-GCF-012272915.1-NZ-JAAWWZ010000007.1	93.475	1220	99	1226	0.0	1781	RS-GCF-012272915.1-NZ-JAAWWZ010000007.1
15664-1492R-11	RS-GCF-013266915.1-NZ-JABRVK010000086.1	93.475	1220	99	1226	0.0	1781	RS-GCF-013266915.1-NZ-JABRVK010000086.1
15664-1492R-11	RS-GCF-007858415.1-NZ-CP042272.1--13	94.132	1220	97	1193	0.0	1781	RS-GCF-007858415.1-NZ-CP042272.1--13
15664-1492R-11	RS-GCF-007858415.1-NZ-CP042272.1	94.132	1220	97	1193	0.0	1781	RS-GCF-007858415.1-NZ-CP042272.1
15664-1492R-11	RS-GCF-004001005.1-NZ-BIMI01000170.1	93.475	1220	99	1226	0.0	1781	RS-GCF-004001005.1-NZ-BIMI01000170.1
15664-1492R-11	RS-GCF-900454555.1-NZ-UGRZ01000006.1--2	93.475	1220	99	1226	0.0	1781	RS-GCF-900454555.1-NZ-UGRZ01000006.1--2
15664-1492R-11	RS-GCF-900454555.1-NZ-UGRZ01000006.1	93.475	1220	99	1226	0.0	1781	RS-GCF-900454555.1-NZ-UGRZ01000006.1
15664-1492R-11	RS-GCF-900454555.1-NZ-UGRZ01000004.1--2	93.475	1220	99	1226	0.0	1781	RS-GCF-900454555.1-NZ-UGRZ01000004.1--2
15664-1492R-11	RS-GCF-900454555.1-NZ-UGRZ01000004.1	93.475	1220	99	1226	0.0	1781	RS-GCF-900454555.1-NZ-UGRZ01000004.1
15664-1492R-11	RS-GCF-002161855.1-NZ-NDGK01000018.1	93.475	1220	99	1226	0.0	1781	RS-GCF-002161855.1-NZ-NDGK01000018.1
15664-1492R-11	RS-GCF-002893885.1-NZ-CP025957.1--14	94.132	1220	97	1193	0.0	1781	RS-GCF-002893885.1-NZ-CP025957.1--14
15664-1492R-11	RS-GCF-002893885.1-NZ-CP025957.1--7	94.132	1220	97	1193	0.0	1781	RS-GCF-002893885.1-NZ-CP025957.1--7
15664-1492R-11	RS-GCF-000735775.1-NZ-JNCB01000009.1--5	94.132	1220	97	1193	0.0	1781	RS-GCF-000735775.1-NZ-JNCB01000009.1--5
15664-1492R-11	MF619925	93.485	1220	99	1228	0.0	1781	MF619925
15664-1492R-11	AJ272249	93.485	1220	99	1228	0.0	1781	AJ272249
15664-1492R-11	MJ030-2-barcode65-umi13430bins-ubs-43	94.132	1220	97	1193	0.0	1781	MJ030-2-barcode65-umi13430bins-ubs-43
15664-1492R-11	RS-GCF-014854715.1-NZ-CP029370.1--8	94.221	1220	97	1194	0.0	1780	RS-GCF-014854715.1-NZ-CP029370.1--8
15664-1492R-11	RS-GCF-014854715.1-NZ-CP029370.1--6	94.221	1220	97	1194	0.0	1780	RS-GCF-014854715.1-NZ-CP029370.1--6
15664-1492R-11	RS-GCF-014854715.1-NZ-CP029370.1--4	94.221	1220	97	1194	0.0	1780	RS-GCF-014854715.1-NZ-CP029370.1--4
15664-1492R-11	RS-GCF-014854715.1-NZ-CP029370.1--3	94.221	1220	97	1194	0.0	1780	RS-GCF-014854715.1-NZ-CP029370.1--3
15664-1492R-11	RS-GCF-014854715.1-NZ-CP029370.1--2	94.221	1220	97	1194	0.0	1780	RS-GCF-014854715.1-NZ-CP029370.1--2
15664-1492R-11	RS-GCF-000819665.1-NZ-CP010268.1--2	94.221	1220	97	1194	0.0	1780	RS-GCF-000819665.1-NZ-CP010268.1--2
15664-1492R-11	RS-GCF-003428495.1-NZ-QVPU01000089.1	94.221	1220	97	1194	0.0	1780	RS-GCF-003428495.1-NZ-QVPU01000089.1
15664-1492R-11	RS-GCF-903797665.1-NZ-CAIGJZ010000116.1	94.221	1220	97	1194	0.0	1780	RS-GCF-903797665.1-NZ-CAIGJZ010000116.1
15664-1492R-11	RS-GCF-000785455.1-NZ-CP009909.1	94.221	1220	97	1194	0.0	1780	RS-GCF-000785455.1-NZ-CP009909.1
15664-1492R-11	AB681087	93.399	1220	99	1227	0.0	1780	AB681087
15664-1492R-11	DQ023221	93.496	1220	99	1230	0.0	1780	DQ023221
15664-1492R-11	RS-GCF-017833155.1-NZ-JAFIBS010000001.1--11	93.290	1220	100	1237	0.0	1779	RS-GCF-017833155.1-NZ-JAFIBS010000001.1--11
15664-1492R-11	AJ345020	93.491	1220	99	1229	0.0	1779	AJ345020
15664-1492R-11	RS-GCF-018918005.1-NZ-JAHLPR010000122.1	93.399	1220	99	1227	0.0	1778	RS-GCF-018918005.1-NZ-JAHLPR010000122.1
15664-1492R-11	RS-GCF-014692735.1-NZ-CP061172.1--12	94.226	1220	97	1195	0.0	1778	RS-GCF-014692735.1-NZ-CP061172.1--12
15664-1492R-11	RS-GCF-014692735.1-NZ-CP061172.1	94.226	1220	97	1195	0.0	1778	RS-GCF-014692735.1-NZ-CP061172.1
15664-1492R-11	RS-GCF-001955935.1-NZ-MRTC01000044.1	94.226	1220	97	1195	0.0	1778	RS-GCF-001955935.1-NZ-MRTC01000044.1
15664-1492R-11	RS-GCF-001874425.3-NZ-CP017968.3--10	94.226	1220	97	1195	0.0	1778	RS-GCF-001874425.3-NZ-CP017968.3--10
15664-1492R-11	RS-GCF-001874425.3-NZ-CP017968.3--2	94.226	1220	97	1195	0.0	1778	RS-GCF-001874425.3-NZ-CP017968.3--2
15664-1492R-11	RS-GCF-001874425.3-NZ-CP017968.3	94.226	1220	97	1195	0.0	1778	RS-GCF-001874425.3-NZ-CP017968.3
15664-1492R-11	RS-GCF-001272655.2-NZ-CP011512.1--12	94.226	1220	97	1195	0.0	1778	RS-GCF-001272655.2-NZ-CP011512.1--12
15664-1492R-11	RS-GCF-001272655.2-NZ-CP011512.1--6	94.226	1220	97	1195	0.0	1778	RS-GCF-001272655.2-NZ-CP011512.1--6
15664-1492R-11	RS-GCF-001719045.1-NZ-CP015423.1--7	94.226	1220	97	1195	0.0	1778	RS-GCF-001719045.1-NZ-CP015423.1--7
15664-1492R-11	RS-GCF-001719045.1-NZ-CP015423.1--3	94.226	1220	97	1195	0.0	1778	RS-GCF-001719045.1-NZ-CP015423.1--3
15664-1492R-11	RS-GCF-001719045.1-NZ-CP015423.1	94.226	1220	97	1195	0.0	1778	RS-GCF-001719045.1-NZ-CP015423.1
15664-1492R-11	RS-GCF-001874405.2-NZ-CP017967.2	94.226	1220	97	1195	0.0	1778	RS-GCF-001874405.2-NZ-CP017967.2
15664-1492R-11	RS-GCF-001922145.1-NZ-CP011420.1--12	94.226	1220	97	1195	0.0	1778	RS-GCF-001922145.1-NZ-CP011420.1--12
15664-1492R-11	RS-GCF-001922145.1-NZ-CP011420.1--2	94.226	1220	97	1195	0.0	1778	RS-GCF-001922145.1-NZ-CP011420.1--2
15664-1492R-11	RS-GCF-001922145.1-NZ-CP011420.1	94.226	1220	97	1195	0.0	1778	RS-GCF-001922145.1-NZ-CP011420.1
15664-1492R-11	RS-GCF-002894905.1-NZ-POVS01000002.1	94.226	1220	97	1195	0.0	1778	RS-GCF-002894905.1-NZ-POVS01000002.1
15664-1492R-11	RS-GCF-017833155.1-NZ-JAFIBS010000001.1--9	94.226	1220	97	1195	0.0	1778	RS-GCF-017833155.1-NZ-JAFIBS010000001.1--9
15664-1492R-11	RS-GCF-017833155.1-NZ-JAFIBS010000001.1--6	94.226	1220	97	1195	0.0	1778	RS-GCF-017833155.1-NZ-JAFIBS010000001.1--6
15664-1492R-11	RS-GCF-017833155.1-NZ-JAFIBS010000001.1	94.226	1220	97	1195	0.0	1778	RS-GCF-017833155.1-NZ-JAFIBS010000001.1
15664-1492R-11	RS-GCF-900406265.2-NZ-OXKC02000021.1	94.226	1220	97	1195	0.0	1778	RS-GCF-900406265.2-NZ-OXKC02000021.1
15664-1492R-11	G000949425	93.496	1220	99	1230	0.0	1778	G000949425
15664-1492R-11	MJ030-1-barcode25-umi94052bins-ubs-4	94.226	1220	97	1195	0.0	1778	MJ030-1-barcode25-umi94052bins-ubs-4
15664-1492R-11	RS-GCF-007066225.2-NZ-JAALJM010000006.1--5	93.475	1220	99	1226	0.0	1777	RS-GCF-007066225.2-NZ-JAALJM010000006.1--5
15664-1492R-11	RS-GCF-007066225.2-NZ-JAALJM010000006.1	93.475	1220	99	1226	0.0	1777	RS-GCF-007066225.2-NZ-JAALJM010000006.1
15664-1492R-11	RS-GCF-007858415.1-NZ-CP042272.1--12	94.049	1220	97	1193	0.0	1776	RS-GCF-007858415.1-NZ-CP042272.1--12
15664-1492R-11	RS-GCF-007858415.1-NZ-CP042272.1--5	94.049	1220	97	1193	0.0	1776	RS-GCF-007858415.1-NZ-CP042272.1--5
15664-1492R-11	RS-GCF-013337105.1-NZ-SGWF01000017.1	93.393	1220	99	1226	0.0	1776	RS-GCF-013337105.1-NZ-SGWF01000017.1
15664-1492R-11	RS-GCF-003856555.1-NZ-CP034141.1--8	94.049	1220	97	1193	0.0	1776	RS-GCF-003856555.1-NZ-CP034141.1--8
15664-1492R-11	RS-GCF-006274405.1-NZ-CP040829.1--10	94.049	1220	97	1193	0.0	1776	RS-GCF-006274405.1-NZ-CP040829.1--10
15664-1492R-11	RS-GCF-006274405.1-NZ-CP040829.1--8	94.049	1220	97	1193	0.0	1776	RS-GCF-006274405.1-NZ-CP040829.1--8
15664-1492R-11	RS-GCF-006274405.1-NZ-CP040829.1--7	94.049	1220	97	1193	0.0	1776	RS-GCF-006274405.1-NZ-CP040829.1--7
15664-1492R-11	RS-GCF-015710975.1-NZ-CP049783.1--12	94.049	1220	97	1193	0.0	1776	RS-GCF-015710975.1-NZ-CP049783.1--12
15664-1492R-11	RS-GCF-000735775.1-NZ-JNCB01000008.1--3	94.049	1220	97	1193	0.0	1776	RS-GCF-000735775.1-NZ-JNCB01000008.1--3
15664-1492R-11	RS-GCF-000735775.1-NZ-JNCB01000008.1	94.049	1220	97	1193	0.0	1776	RS-GCF-000735775.1-NZ-JNCB01000008.1
15664-1492R-11	G000971975	93.404	1220	99	1228	0.0	1776	G000971975
15664-1492R-11	G000230915	93.535	1220	99	1222	0.0	1776	G000230915
15664-1492R-11	KX636168	93.530	1220	99	1221	0.0	1776	KX636168
15664-1492R-11	MH842737	94.049	1220	97	1193	0.0	1776	MH842737
15664-1492R-11	HG324065	94.049	1220	97	1193	0.0	1776	HG324065
15664-1492R-11	MJ033-1-barcode32-umi11288bins-ubs-28	93.393	1220	99	1226	0.0	1776	MJ033-1-barcode32-umi11288bins-ubs-28
15664-1492R-11	MJ010-1-barcode26-umi63041bins-ubs-11	93.404	1220	99	1228	0.0	1776	MJ010-1-barcode26-umi63041bins-ubs-11
15664-1492R-11	MJ010-1-barcode26-umi86262bins-ubs-8	93.312	1220	99	1226	0.0	1776	MJ010-1-barcode26-umi86262bins-ubs-8
15664-1492R-11	MJ031-1-barcode34-umi38873bins-ubs-3	93.322	1220	99	1228	0.0	1776	MJ031-1-barcode34-umi38873bins-ubs-3
15664-1492R-11	RS-GCF-002872435.1-NZ-CP025696.1--7	94.137	1220	97	1194	0.0	1775	RS-GCF-002872435.1-NZ-CP025696.1--7
15664-1492R-11	RS-GCF-003856555.1-NZ-CP034141.1--9	94.137	1220	97	1194	0.0	1775	RS-GCF-003856555.1-NZ-CP034141.1--9
15664-1492R-11	RS-GCF-003856555.1-NZ-CP034141.1--6	94.137	1220	97	1194	0.0	1775	RS-GCF-003856555.1-NZ-CP034141.1--6
15664-1492R-11	RS-GCF-003856555.1-NZ-CP034141.1--2	94.137	1220	97	1194	0.0	1775	RS-GCF-003856555.1-NZ-CP034141.1--2
15664-1492R-11	RS-GCF-001049835.1-NZ-CVPD01000001.1--7	94.137	1220	97	1194	0.0	1775	RS-GCF-001049835.1-NZ-CVPD01000001.1--7
15664-1492R-11	RS-GCF-014854715.1-NZ-CP029370.1--12	94.137	1220	97	1194	0.0	1775	RS-GCF-014854715.1-NZ-CP029370.1--12
15664-1492R-11	RS-GCF-014854715.1-NZ-CP029370.1--10	94.137	1220	97	1194	0.0	1775	RS-GCF-014854715.1-NZ-CP029370.1--10
15664-1492R-11	RS-GCF-014854715.1-NZ-CP029370.1--5	94.137	1220	97	1194	0.0	1775	RS-GCF-014854715.1-NZ-CP029370.1--5
15664-1492R-11	RS-GCF-000237325.1-NC-017542.1--12	94.137	1220	97	1194	0.0	1775	RS-GCF-000237325.1-NC-017542.1--12
15664-1492R-11	RS-GCF-000237325.1-NC-017542.1--8	94.137	1220	97	1194	0.0	1775	RS-GCF-000237325.1-NC-017542.1--8
15664-1492R-11	RS-GCF-000237325.1-NC-017542.1--3	94.137	1220	97	1194	0.0	1775	RS-GCF-000237325.1-NC-017542.1--3
15664-1492R-11	RS-GCF-000819665.1-NZ-CP010268.1--13	94.137	1220	97	1194	0.0	1775	RS-GCF-000819665.1-NZ-CP010268.1--13
15664-1492R-11	RS-GCF-000819665.1-NZ-CP010268.1--11	94.137	1220	97	1194	0.0	1775	RS-GCF-000819665.1-NZ-CP010268.1--11
15664-1492R-11	RS-GCF-000597985.1-NZ-CP006872.1	94.137	1220	97	1194	0.0	1775	RS-GCF-000597985.1-NZ-CP006872.1
15664-1492R-11	RS-GCF-002894925.1-NZ-POVT01000032.1	94.137	1220	97	1194	0.0	1775	RS-GCF-002894925.1-NZ-POVT01000032.1
15664-1492R-11	RS-GCF-900454525.1-NZ-UGSC01000001.1--4	94.137	1220	97	1194	0.0	1775	RS-GCF-900454525.1-NZ-UGSC01000001.1--4
15664-1492R-11	RS-GCF-000785455.1-NZ-CP009909.1--10	94.137	1220	97	1194	0.0	1775	RS-GCF-000785455.1-NZ-CP009909.1--10
15664-1492R-11	RS-GCF-000785455.1-NZ-CP009909.1--7	94.137	1220	97	1194	0.0	1775	RS-GCF-000785455.1-NZ-CP009909.1--7
15664-1492R-11	RS-GCF-000785455.1-NZ-CP009909.1--6	94.137	1220	97	1194	0.0	1775	RS-GCF-000785455.1-NZ-CP009909.1--6
15664-1492R-11	RS-GCF-000785455.1-NZ-CP009909.1--4	94.137	1220	97	1194	0.0	1775	RS-GCF-000785455.1-NZ-CP009909.1--4
15664-1492R-11	RS-GCF-000785455.1-NZ-CP009909.1--2	94.137	1220	97	1194	0.0	1775	RS-GCF-000785455.1-NZ-CP009909.1--2
15664-1492R-11	RS-GCF-015710975.1-NZ-CP049783.1--7	94.137	1220	97	1194	0.0	1775	RS-GCF-015710975.1-NZ-CP049783.1--7
15664-1492R-11	RS-GCF-007786445.1-NZ-VNJI01000127.1	93.399	1220	99	1227	0.0	1774	RS-GCF-007786445.1-NZ-VNJI01000127.1
15664-1492R-11	RS-GCF-007066225.2-NZ-JAALJM010000006.1--6	93.399	1220	99	1227	0.0	1774	RS-GCF-007066225.2-NZ-JAALJM010000006.1--6
15664-1492R-11	RS-GCF-000597985.1-NZ-CP006872.1--11	94.054	1220	97	1194	0.0	1774	RS-GCF-000597985.1-NZ-CP006872.1--11
15664-1492R-11	FN394513	93.344	1220	99	1232	0.0	1774	FN394513
15664-1492R-11	RS-GCF-000235585.1-NC-016641.1--8	94.142	1220	97	1195	0.0	1773	RS-GCF-000235585.1-NC-016641.1--8
15664-1492R-11	RS-GCF-000235585.1-NC-016641.1--5	94.142	1220	97	1195	0.0	1773	RS-GCF-000235585.1-NC-016641.1--5
15664-1492R-11	RS-GCF-000235585.1-NC-016641.1	94.142	1220	97	1195	0.0	1773	RS-GCF-000235585.1-NC-016641.1
15664-1492R-11	RS-GCF-009363115.1-NZ-CP045298.1--3	94.142	1220	97	1195	0.0	1773	RS-GCF-009363115.1-NZ-CP045298.1--3
15664-1492R-11	RS-GCF-002741055.1-NZ-CP016809.1--2	93.317	1220	99	1227	0.0	1773	RS-GCF-002741055.1-NZ-CP016809.1--2
15664-1492R-11	RS-GCF-004000745.1-NZ-BILV01000160.1	93.317	1220	99	1227	0.0	1773	RS-GCF-004000745.1-NZ-BILV01000160.1
15664-1492R-11	RS-GCF-014692735.1-NZ-CP061172.1--10	94.142	1220	97	1195	0.0	1773	RS-GCF-014692735.1-NZ-CP061172.1--10
15664-1492R-11	RS-GCF-014692735.1-NZ-CP061172.1--9	94.142	1220	97	1195	0.0	1773	RS-GCF-014692735.1-NZ-CP061172.1--9
15664-1492R-11	RS-GCF-014692735.1-NZ-CP061172.1--8	94.142	1220	97	1195	0.0	1773	RS-GCF-014692735.1-NZ-CP061172.1--8
15664-1492R-11	RS-GCF-014692735.1-NZ-CP061172.1--6	94.142	1220	97	1195	0.0	1773	RS-GCF-014692735.1-NZ-CP061172.1--6
15664-1492R-11	RS-GCF-014692735.1-NZ-CP061172.1--2	94.142	1220	97	1195	0.0	1773	RS-GCF-014692735.1-NZ-CP061172.1--2
15664-1492R-11	RS-GCF-001272655.2-NZ-CP011512.1--8	94.142	1220	97	1195	0.0	1773	RS-GCF-001272655.2-NZ-CP011512.1--8
15664-1492R-11	RS-GCF-001272655.2-NZ-CP011512.1--2	94.142	1220	97	1195	0.0	1773	RS-GCF-001272655.2-NZ-CP011512.1--2
15664-1492R-11	RS-GCF-001719045.1-NZ-CP015423.1--8	94.142	1220	97	1195	0.0	1773	RS-GCF-001719045.1-NZ-CP015423.1--8
15664-1492R-11	RS-GCF-001874405.2-NZ-CP017967.2--9	94.142	1220	97	1195	0.0	1773	RS-GCF-001874405.2-NZ-CP017967.2--9
15664-1492R-11	RS-GCF-001874405.2-NZ-CP017967.2--8	94.142	1220	97	1195	0.0	1773	RS-GCF-001874405.2-NZ-CP017967.2--8
15664-1492R-11	RS-GCF-001874405.2-NZ-CP017967.2--6	94.142	1220	97	1195	0.0	1773	RS-GCF-001874405.2-NZ-CP017967.2--6
15664-1492R-11	RS-GCF-001874405.2-NZ-CP017967.2--5	94.142	1220	97	1195	0.0	1773	RS-GCF-001874405.2-NZ-CP017967.2--5
15664-1492R-11	RS-GCF-001874405.2-NZ-CP017967.2--3	94.142	1220	97	1195	0.0	1773	RS-GCF-001874405.2-NZ-CP017967.2--3
15664-1492R-11	RS-GCF-014706575.1-NZ-CP048794.1--3	94.142	1220	97	1195	0.0	1773	RS-GCF-014706575.1-NZ-CP048794.1--3
15664-1492R-11	RS-GCF-001922145.1-NZ-CP011420.1--10	94.142	1220	97	1195	0.0	1773	RS-GCF-001922145.1-NZ-CP011420.1--10
15664-1492R-11	RS-GCF-001922145.1-NZ-CP011420.1--4	94.142	1220	97	1195	0.0	1773	RS-GCF-001922145.1-NZ-CP011420.1--4
15664-1492R-11	RS-GCF-000146875.3-NC-014483.2--8	94.142	1220	97	1195	0.0	1773	RS-GCF-000146875.3-NC-014483.2--8
15664-1492R-11	RS-GCF-000146875.3-NC-014483.2--6	94.142	1220	97	1195	0.0	1773	RS-GCF-000146875.3-NC-014483.2--6
15664-1492R-11	RS-GCF-000146875.3-NC-014483.2--5	94.142	1220	97	1195	0.0	1773	RS-GCF-000146875.3-NC-014483.2--5
15664-1492R-11	RS-GCF-000146875.3-NC-014483.2--4	94.142	1220	97	1195	0.0	1773	RS-GCF-000146875.3-NC-014483.2--4
15664-1492R-11	RS-GCF-000146875.3-NC-014483.2--2	94.142	1220	97	1195	0.0	1773	RS-GCF-000146875.3-NC-014483.2--2
15664-1492R-11	RS-GCF-017833155.1-NZ-JAFIBS010000001.1--10	94.142	1220	97	1195	0.0	1773	RS-GCF-017833155.1-NZ-JAFIBS010000001.1--10
15664-1492R-11	KM522843	93.415	1220	99	1230	0.0	1773	KM522843
15664-1492R-11	AF391124	94.142	1220	97	1195	0.0	1773	AF391124
15664-1492R-11	MJ010-1-barcode26-umi43035bins-ubs-16	94.142	1220	97	1195	0.0	1773	MJ010-1-barcode26-umi43035bins-ubs-16
15664-1492R-11	RS-GCF-015473105.1-NZ-BNJP01000022.1	93.236	1220	99	1227	0.0	1773	RS-GCF-015473105.1-NZ-BNJP01000022.1
15664-1492R-11	AY359885	93.393	1220	99	1226	0.0	1773	AY359885
15664-1492R-11	RS-GCF-015845845.1-NZ-LDIG01000046.1	93.312	1220	99	1226	0.0	1772	RS-GCF-015845845.1-NZ-LDIG01000046.1
15664-1492R-11	RS-GCF-001619755.1-NZ-LQQX01000147.1	93.965	1220	97	1193	0.0	1772	RS-GCF-001619755.1-NZ-LQQX01000147.1
15664-1492R-11	RS-GCF-005403365.1-NZ-BJCS01000041.1	93.312	1220	99	1226	0.0	1772	RS-GCF-005403365.1-NZ-BJCS01000041.1
15664-1492R-11	RS-GCF-001465255.1-NZ-CP013652.1--9	93.312	1220	99	1226	0.0	1772	RS-GCF-001465255.1-NZ-CP013652.1--9
15664-1492R-11	RS-GCF-001465255.1-NZ-CP013652.1--4	93.312	1220	99	1226	0.0	1772	RS-GCF-001465255.1-NZ-CP013652.1--4
15664-1492R-11	RS-GCF-013337105.1-NZ-SGWF01000019.1	93.312	1220	99	1226	0.0	1772	RS-GCF-013337105.1-NZ-SGWF01000019.1
15664-1492R-11	RS-GCF-013337105.1-NZ-SGWF01000017.1--3	93.312	1220	99	1226	0.0	1772	RS-GCF-013337105.1-NZ-SGWF01000017.1--3
15664-1492R-11	RS-GCF-013337105.1-NZ-SGWF01000017.1--2	93.312	1220	99	1226	0.0	1772	RS-GCF-013337105.1-NZ-SGWF01000017.1--2
15664-1492R-11	RS-GCF-000237325.1-NC-017542.1--5	93.965	1220	97	1193	0.0	1772	RS-GCF-000237325.1-NC-017542.1--5
15664-1492R-11	RS-GCF-000237325.1-NC-017542.1--2	93.965	1220	97	1193	0.0	1772	RS-GCF-000237325.1-NC-017542.1--2
15664-1492R-11	RS-GCF-000507205.3-NC-023037.2--12	94.147	1220	97	1196	0.0	1772	RS-GCF-000507205.3-NC-023037.2--12
15664-1492R-11	RS-GCF-000507205.3-NC-023037.2--10	94.147	1220	97	1196	0.0	1772	RS-GCF-000507205.3-NC-023037.2--10
15664-1492R-11	RS-GCF-000507205.3-NC-023037.2--6	94.147	1220	97	1196	0.0	1772	RS-GCF-000507205.3-NC-023037.2--6
15664-1492R-11	RS-GCF-000507205.3-NC-023037.2--5	94.147	1220	97	1196	0.0	1772	RS-GCF-000507205.3-NC-023037.2--5
15664-1492R-11	RS-GCF-000507205.3-NC-023037.2--4	94.147	1220	97	1196	0.0	1772	RS-GCF-000507205.3-NC-023037.2--4
15664-1492R-11	RS-GCF-000507205.3-NC-023037.2--3	94.147	1220	97	1196	0.0	1772	RS-GCF-000507205.3-NC-023037.2--3
15664-1492R-11	RS-GCF-900454545.1-NZ-UATJ01000013.1	93.965	1220	97	1193	0.0	1772	RS-GCF-900454545.1-NZ-UATJ01000013.1
15664-1492R-11	RS-GCF-002893885.1-NZ-CP025957.1--10	93.965	1220	97	1193	0.0	1772	RS-GCF-002893885.1-NZ-CP025957.1--10
15664-1492R-11	GQ383922	93.322	1220	99	1228	0.0	1772	GQ383922
15664-1492R-11	FJ820995	93.322	1220	99	1228	0.0	1772	FJ820995
15664-1492R-11	AB681405	93.236	1220	99	1227	0.0	1772	AB681405
15664-1492R-11	RS-GCF-002872435.1-NZ-CP025696.1--11	94.054	1220	97	1194	0.0	1771	RS-GCF-002872435.1-NZ-CP025696.1--11
15664-1492R-11	RS-GCF-003856555.1-NZ-CP034141.1--12	94.054	1220	97	1194	0.0	1771	RS-GCF-003856555.1-NZ-CP034141.1--12
15664-1492R-11	RS-GCF-003856555.1-NZ-CP034141.1--10	94.054	1220	97	1194	0.0	1771	RS-GCF-003856555.1-NZ-CP034141.1--10
15664-1492R-11	RS-GCF-001049835.1-NZ-CVPD01000001.1--11	94.054	1220	97	1194	0.0	1771	RS-GCF-001049835.1-NZ-CVPD01000001.1--11
15664-1492R-11	RS-GCF-001049835.1-NZ-CVPD01000001.1--5	94.054	1220	97	1194	0.0	1771	RS-GCF-001049835.1-NZ-CVPD01000001.1--5
15664-1492R-11	RS-GCF-000237325.1-NC-017542.1--11	94.054	1220	97	1194	0.0	1771	RS-GCF-000237325.1-NC-017542.1--11
15664-1492R-11	RS-GCF-000237325.1-NC-017542.1--6	94.054	1220	97	1194	0.0	1771	RS-GCF-000237325.1-NC-017542.1--6
15664-1492R-11	RS-GCF-000819665.1-NZ-CP010268.1--9	94.054	1220	97	1194	0.0	1771	RS-GCF-000819665.1-NZ-CP010268.1--9
15664-1492R-11	RS-GCF-000597985.1-NZ-CP006872.1--4	94.054	1220	97	1194	0.0	1771	RS-GCF-000597985.1-NZ-CP006872.1--4
15664-1492R-11	RS-GCF-015710975.1-NZ-CP049784.1	94.054	1220	97	1194	0.0	1771	RS-GCF-015710975.1-NZ-CP049784.1
15664-1492R-11	RS-GCF-015710975.1-NZ-CP049783.1--2	94.054	1220	97	1194	0.0	1771	RS-GCF-015710975.1-NZ-CP049783.1--2
15664-1492R-11	G000164985	94.054	1220	97	1194	0.0	1771	G000164985
15664-1492R-11	RS-GCF-001447315.1-NZ-CP013203.1--9	94.054	1220	97	1194	0.0	1770	RS-GCF-001447315.1-NZ-CP013203.1--9
15664-1492R-11	RS-GCF-001922145.1-NZ-CP011420.1--13	94.142	1220	97	1195	0.0	1770	RS-GCF-001922145.1-NZ-CP011420.1--13
15664-1492R-11	KC415175	93.436	1220	99	1234	0.0	1770	KC415175
15664-1492R-11	EU081509	93.236	1220	99	1227	0.0	1770	EU081509
15664-1492R-11	AJ318909	93.333	1220	99	1230	0.0	1770	AJ318909
15664-1492R-11	RS-GCF-000235585.1-NC-016641.1--2	94.059	1220	97	1195	0.0	1769	RS-GCF-000235585.1-NC-016641.1--2
15664-1492R-11	GB-GCA-900766135.1-CAAFUF010000026.1	93.236	1220	99	1227	0.0	1769	GB-GCA-900766135.1-CAAFUF010000026.1
15664-1492R-11	RS-GCF-009363115.1-NZ-CP045298.1--8	94.059	1220	97	1195	0.0	1769	RS-GCF-009363115.1-NZ-CP045298.1--8
15664-1492R-11	RS-GCF-009363115.1-NZ-CP045298.1--7	94.059	1220	97	1195	0.0	1769	RS-GCF-009363115.1-NZ-CP045298.1--7
15664-1492R-11	RS-GCF-009363115.1-NZ-CP045298.1--5	94.059	1220	97	1195	0.0	1769	RS-GCF-009363115.1-NZ-CP045298.1--5
15664-1492R-11	RS-GCF-009363115.1-NZ-CP045298.1	94.059	1220	97	1195	0.0	1769	RS-GCF-009363115.1-NZ-CP045298.1
15664-1492R-11	RS-GCF-001447315.1-NZ-CP013203.1--7	94.059	1220	97	1195	0.0	1769	RS-GCF-001447315.1-NZ-CP013203.1--7
15664-1492R-11	RS-GCF-001447315.1-NZ-CP013203.1--5	94.059	1220	97	1195	0.0	1769	RS-GCF-001447315.1-NZ-CP013203.1--5
15664-1492R-11	RS-GCF-014858585.1-NZ-SLTL01000086.1	94.059	1220	97	1195	0.0	1769	RS-GCF-014858585.1-NZ-SLTL01000086.1
15664-1492R-11	RS-GCF-007066225.2-NZ-JAALJM010000006.1--4	93.393	1220	99	1226	0.0	1769	RS-GCF-007066225.2-NZ-JAALJM010000006.1--4
15664-1492R-11	RS-GCF-014692735.1-NZ-CP061172.1--14	94.059	1220	97	1195	0.0	1769	RS-GCF-014692735.1-NZ-CP061172.1--14
15664-1492R-11	RS-GCF-001719045.1-NZ-CP015423.1--11	94.059	1220	97	1195	0.0	1769	RS-GCF-001719045.1-NZ-CP015423.1--11
15664-1492R-11	RS-GCF-001719045.1-NZ-CP015423.1--9	94.059	1220	97	1195	0.0	1769	RS-GCF-001719045.1-NZ-CP015423.1--9
15664-1492R-11	RS-GCF-000146875.3-NC-014483.2--10	94.059	1220	97	1195	0.0	1769	RS-GCF-000146875.3-NC-014483.2--10
15664-1492R-11	RS-GCF-000146875.3-NC-014483.2--9	94.059	1220	97	1195	0.0	1769	RS-GCF-000146875.3-NC-014483.2--9
15664-1492R-11	RS-GCF-001956155.1-NZ-MRTN01000002.1	94.192	1220	96	1188	0.0	1769	RS-GCF-001956155.1-NZ-MRTN01000002.1
15664-1492R-11	G000236805	94.059	1220	97	1195	0.0	1769	G000236805
15664-1492R-11	G000023585	93.236	1220	99	1227	0.0	1769	G000023585
15664-1492R-11	KR610523	93.236	1220	99	1227	0.0	1769	KR610523
15664-1492R-11	JX089326	93.236	1220	99	1227	0.0	1769	JX089326
15664-1492R-11	EU977789	93.154	1220	99	1227	0.0	1769	EU977789
15664-1492R-11	AJ320494	94.059	1220	97	1195	0.0	1769	AJ320494
15664-1492R-11	EU741036	93.236	1220	99	1227	0.0	1769	EU741036
15664-1492R-11	RS-GCF-900454545.1-NZ-UATJ01000015.1	93.965	1220	97	1193	0.0	1768	RS-GCF-900454545.1-NZ-UATJ01000015.1
15664-1492R-11	RS-GCF-000235585.1-NC-016641.1--6	94.064	1220	97	1196	0.0	1767	RS-GCF-000235585.1-NC-016641.1--6
15664-1492R-11	RS-GCF-001465255.1-NZ-CP013652.1--8	93.230	1220	99	1226	0.0	1767	RS-GCF-001465255.1-NZ-CP013652.1--8
15664-1492R-11	RS-GCF-900099895.1-NZ-FNDY01000090.1	93.230	1220	99	1226	0.0	1767	RS-GCF-900099895.1-NZ-FNDY01000090.1
15664-1492R-11	AF353681	93.230	1220	99	1226	0.0	1767	AF353681
15664-1492R-11	KM243342	93.241	1220	99	1228	0.0	1767	KM243342
15664-1492R-11	KM978955	93.241	1220	99	1228	0.0	1767	KM978955
15664-1492R-11	RS-GCF-007066085.1-NZ-CP041405.1--7	93.213	1220	99	1223	0.0	1766	RS-GCF-007066085.1-NZ-CP041405.1--7
15664-1492R-11	RS-GCF-002872435.1-NZ-CP025696.1--6	93.970	1220	97	1194	0.0	1766	RS-GCF-002872435.1-NZ-CP025696.1--6
