15707-1492R-B-A2	G000159115	97.068	1212	99	1228	0.0	1997	G000159115
15707-1492R-B-A2	AJ439346	97.068	1212	99	1228	0.0	1997	AJ439346
15707-1492R-B-A2	RS-GCF-000478135.1-NZ-KI515760.1--2	96.987	1212	99	1228	0.0	1993	RS-GCF-000478135.1-NZ-KI515760.1--2
15707-1492R-B-A2	RS-GCF-000478135.1-NZ-KI515760.1	96.908	1212	99	1229	0.0	1991	RS-GCF-000478135.1-NZ-KI515760.1
15707-1492R-B-A2	RS-GCF-000478135.1-NZ-KI515758.1	96.906	1212	99	1228	0.0	1988	RS-GCF-000478135.1-NZ-KI515758.1
15707-1492R-B-A2	RS-GCF-000478075.1-NZ-KI515744.1	96.827	1212	99	1229	0.0	1986	RS-GCF-000478075.1-NZ-KI515744.1
15707-1492R-B-A2	RS-GCF-000478095.1-NZ-KI515749.1	96.580	1212	99	1228	0.0	1970	RS-GCF-000478095.1-NZ-KI515749.1
15707-1492R-B-A2	RS-GCF-016628425.2-NZ-JAACBX020000002.1	96.498	1212	99	1228	0.0	1966	RS-GCF-016628425.2-NZ-JAACBX020000002.1
15707-1492R-B-A2	AJ439345	96.498	1212	99	1228	0.0	1966	AJ439345
15707-1492R-B-A2	RS-GCF-016628345.1-NZ-JAACBV010000042.1	96.350	1212	100	1233	0.0	1962	RS-GCF-016628345.1-NZ-JAACBV010000042.1
15707-1492R-B-A2	RS-GCF-000477915.1-NZ-KI515712.1--2	96.341	1212	99	1230	0.0	1955	RS-GCF-000477915.1-NZ-KI515712.1--2
15707-1492R-B-A2	RS-GCF-900637825.1-NZ-LR134408.1	96.341	1212	99	1230	0.0	1955	RS-GCF-900637825.1-NZ-LR134408.1
15707-1492R-B-A2	RS-GCF-000477975.1-NZ-KI515719.1	96.341	1212	99	1230	0.0	1955	RS-GCF-000477975.1-NZ-KI515719.1
15707-1492R-B-A2	RS-GCF-000477875.1-NZ-KI515702.1	96.341	1212	99	1230	0.0	1955	RS-GCF-000477875.1-NZ-KI515702.1
15707-1492R-B-A2	GB-GCA-017850055.1-JAFIJE010000056.1	96.263	1212	99	1231	0.0	1953	GB-GCA-017850055.1-JAFIJE010000056.1
15707-1492R-B-A2	RS-GCF-900637825.1-NZ-LR134408.1--3	96.263	1212	99	1231	0.0	1953	RS-GCF-900637825.1-NZ-LR134408.1--3
15707-1492R-B-A2	RS-GCF-000477915.1-NZ-KI515713.1	96.260	1212	99	1230	0.0	1950	RS-GCF-000477915.1-NZ-KI515713.1
15707-1492R-B-A2	RS-GCF-000477915.1-NZ-KI515712.1--3	96.260	1212	99	1230	0.0	1950	RS-GCF-000477915.1-NZ-KI515712.1--3
15707-1492R-B-A2	RS-GCF-000478095.1-NZ-KI515749.1--2	96.260	1212	99	1230	0.0	1950	RS-GCF-000478095.1-NZ-KI515749.1--2
15707-1492R-B-A2	RS-GCF-001057615.1-NZ-JUZU01000117.1	96.088	1212	99	1227	0.0	1945	RS-GCF-001057615.1-NZ-JUZU01000117.1
15707-1492R-B-A2	RS-GCF-016127015.1-NZ-CP065972.1	96.010	1212	99	1228	0.0	1939	RS-GCF-016127015.1-NZ-CP065972.1
15707-1492R-B-A2	RS-GCF-016728365.1-NZ-CP068156.1	95.440	1212	99	1228	0.0	1907	RS-GCF-016728365.1-NZ-CP068156.1
15707-1492R-B-A2	AJ438050	95.440	1212	99	1228	0.0	1907	AJ438050
15707-1492R-B-A2	RS-GCF-016894265.1-NZ-CP069791.1	95.358	1212	99	1228	0.0	1902	RS-GCF-016894265.1-NZ-CP069791.1
15707-1492R-B-A2	RS-GCF-000156615.2-NZ-GL542879.1	95.358	1212	99	1228	0.0	1902	RS-GCF-000156615.2-NZ-GL542879.1
15707-1492R-B-A2	RS-GCF-000478035.1-NZ-KI515731.1--2	95.358	1212	99	1228	0.0	1902	RS-GCF-000478035.1-NZ-KI515731.1--2
15707-1492R-B-A2	RS-GCF-016728365.1-NZ-CP068156.1--3	95.358	1212	99	1228	0.0	1899	RS-GCF-016728365.1-NZ-CP068156.1--3
15707-1492R-B-A2	RS-GCF-000156615.2-NZ-GL542880.1	95.277	1212	99	1228	0.0	1898	RS-GCF-000156615.2-NZ-GL542880.1
15707-1492R-B-A2	G001054195	95.277	1212	99	1228	0.0	1898	G001054195
15707-1492R-B-A2	MJ030-2-barcode74-umi102433bins-ubs-3	95.277	1212	99	1228	0.0	1898	MJ030-2-barcode74-umi102433bins-ubs-3
15707-1492R-B-A2	RS-GCF-016728365.1-NZ-CP068156.1--4	95.277	1212	99	1228	0.0	1891	RS-GCF-016728365.1-NZ-CP068156.1--4
15707-1492R-B-A2	RS-GCF-900478045.1-NZ-LS483460.1--3	94.643	1212	100	1232	0.0	1862	RS-GCF-900478045.1-NZ-LS483460.1--3
15707-1492R-B-A2	RS-GCF-001836165.1-NZ-KV827658.1	94.703	1212	99	1227	0.0	1861	RS-GCF-001836165.1-NZ-KV827658.1
15707-1492R-B-A2	RS-GCF-900637065.1-NZ-LR134339.1	94.707	1212	99	1228	0.0	1859	RS-GCF-900637065.1-NZ-LR134339.1
15707-1492R-B-A2	G000805675	94.707	1212	99	1228	0.0	1859	G000805675
15707-1492R-B-A2	RS-GCF-007672555.1-NZ-VDSV01000014.1	94.625	1212	99	1228	0.0	1855	RS-GCF-007672555.1-NZ-VDSV01000014.1
15707-1492R-B-A2	MJ006-2-barcode58-umi105468bins-ubs-4	94.481	1212	100	1232	0.0	1853	MJ006-2-barcode58-umi105468bins-ubs-4
15707-1492R-B-A2	RS-GCF-001813925.1-NZ-KV814387.1	94.540	1212	99	1227	0.0	1852	RS-GCF-001813925.1-NZ-KV814387.1
15707-1492R-B-A2	RS-GCF-016889985.1-NZ-CP069568.1--3	94.395	1212	100	1231	0.0	1850	RS-GCF-016889985.1-NZ-CP069568.1--3
15707-1492R-B-A2	RS-GCF-001552395.1-NZ-BCRC01000029.1	94.395	1212	100	1231	0.0	1850	RS-GCF-001552395.1-NZ-BCRC01000029.1
15707-1492R-B-A2	RS-GCF-900478045.1-NZ-LS483460.1--4	94.395	1212	100	1231	0.0	1850	RS-GCF-900478045.1-NZ-LS483460.1--4
15707-1492R-B-A2	RS-GCF-001814945.1-NZ-KV818429.1	94.395	1212	100	1231	0.0	1850	RS-GCF-001814945.1-NZ-KV818429.1
15707-1492R-B-A2	GB-GCA-007786375.1-VMTY01000005.1	94.395	1212	100	1231	0.0	1850	GB-GCA-007786375.1-VMTY01000005.1
15707-1492R-B-A2	RS-GCF-003492745.1-NZ-QQLP01000014.1	94.544	1212	99	1228	0.0	1850	RS-GCF-003492745.1-NZ-QQLP01000014.1
15707-1492R-B-A2	RS-GCF-012030615.1-NZ-JAAUWA010000037.1	94.544	1212	99	1228	0.0	1850	RS-GCF-012030615.1-NZ-JAAUWA010000037.1
15707-1492R-B-A2	RS-GCF-007097455.1-NZ-VKDG01000021.1	94.544	1212	99	1228	0.0	1850	RS-GCF-007097455.1-NZ-VKDG01000021.1
15707-1492R-B-A2	RS-GCF-001811845.1-NZ-KV806777.1	94.544	1212	99	1228	0.0	1850	RS-GCF-001811845.1-NZ-KV806777.1
15707-1492R-B-A2	RS-GCF-015070775.1-NZ-JADCSB010000016.1	94.544	1212	99	1228	0.0	1850	RS-GCF-015070775.1-NZ-JADCSB010000016.1
15707-1492R-B-A2	G000833575	94.548	1212	99	1229	0.0	1850	G000833575
15707-1492R-B-A2	G000022905	94.544	1212	99	1228	0.0	1850	G000022905
15707-1492R-B-A2	ACLH01000041	94.544	1212	99	1228	0.0	1850	ACLH01000041
15707-1492R-B-A2	MJ006-2-barcode58-umi100475bins-ubs-5	94.544	1212	99	1228	0.0	1850	MJ006-2-barcode58-umi100475bins-ubs-5
15707-1492R-B-A2	MJ006-2-barcode63-umi39294bins-ubs-9	94.544	1212	99	1228	0.0	1850	MJ006-2-barcode63-umi39294bins-ubs-9
15707-1492R-B-A2	RS-GCF-001811145.1-NZ-KV803654.1	94.880	1212	98	1211	0.0	1849	RS-GCF-001811145.1-NZ-KV803654.1
15707-1492R-B-A2	RS-GCF-014217255.1-NZ-CP059404.1	94.540	1212	99	1227	0.0	1848	RS-GCF-014217255.1-NZ-CP059404.1
15707-1492R-B-A2	RS-GCF-903645345.1-NZ-CAHJXS010000003.1	94.399	1212	100	1232	0.0	1848	RS-GCF-903645345.1-NZ-CAHJXS010000003.1
15707-1492R-B-A2	RS-GCF-001812805.1-NZ-KV810432.1	94.884	1212	98	1212	0.0	1847	RS-GCF-001812805.1-NZ-KV810432.1
15707-1492R-B-A2	RS-GCF-900478045.1-NZ-LS483460.1--2	94.458	1212	99	1227	0.0	1847	RS-GCF-900478045.1-NZ-LS483460.1--2
15707-1492R-B-A2	RS-GCF-001807205.1-NZ-KV788189.1	94.458	1212	99	1227	0.0	1847	RS-GCF-001807205.1-NZ-KV788189.1
15707-1492R-B-A2	MJ006-2-barcode58-umi152026bins-ubs-3	94.458	1212	99	1227	0.0	1847	MJ006-2-barcode58-umi152026bins-ubs-3
15707-1492R-B-A2	MJ006-2-barcode58-umi151046bins-ubs-3	94.463	1212	99	1228	0.0	1847	MJ006-2-barcode58-umi151046bins-ubs-3
15707-1492R-B-A2	RS-GCF-002871735.1-NZ-PNHI01000033.1	94.463	1212	99	1228	0.0	1846	RS-GCF-002871735.1-NZ-PNHI01000033.1
15707-1492R-B-A2	RS-GCF-002861385.1-NZ-PKHR01000004.1	94.463	1212	99	1228	0.0	1846	RS-GCF-002861385.1-NZ-PKHR01000004.1
15707-1492R-B-A2	RS-GCF-001810695.1-NZ-KV802419.1	94.463	1212	99	1228	0.0	1846	RS-GCF-001810695.1-NZ-KV802419.1
15707-1492R-B-A2	MJ006-2-barcode58-umi110947bins-ubs-3	94.463	1212	99	1228	0.0	1846	MJ006-2-barcode58-umi110947bins-ubs-3
15707-1492R-B-A2	RS-GCF-001813175.1-NZ-KV811707.1	94.798	1212	98	1211	0.0	1845	RS-GCF-001813175.1-NZ-KV811707.1
15707-1492R-B-A2	MJ006-2-barcode58-umi142206bins-ubs-3	94.467	1212	99	1229	0.0	1844	MJ006-2-barcode58-umi142206bins-ubs-3
15707-1492R-B-A2	RS-GCF-016889985.1-NZ-CP069568.1--2	94.377	1212	99	1227	0.0	1843	RS-GCF-016889985.1-NZ-CP069568.1--2
15707-1492R-B-A2	RS-GCF-016889985.1-NZ-CP069568.1	94.377	1212	99	1227	0.0	1843	RS-GCF-016889985.1-NZ-CP069568.1
15707-1492R-B-A2	X84678	94.242	1212	100	1233	0.0	1840	X84678
15707-1492R-B-A2	RS-GCF-007097425.1-NZ-VKDK01000050.1	94.295	1212	99	1227	0.0	1838	RS-GCF-007097425.1-NZ-VKDK01000050.1
15707-1492R-B-A2	MJ030-2-barcode50-umi81792bins-ubs-7	94.295	1212	99	1227	0.0	1838	MJ030-2-barcode50-umi81792bins-ubs-7
15707-1492R-B-A2	RS-GCF-001813755.1-NZ-KV813887.1	94.633	1212	98	1211	0.0	1836	RS-GCF-001813755.1-NZ-KV813887.1
15707-1492R-B-A2	RS-GCF-001836065.1-NZ-KV827301.1	94.214	1212	99	1227	0.0	1834	RS-GCF-001836065.1-NZ-KV827301.1
15707-1492R-B-A2	RS-GCF-001807315.1-NZ-KV788539.1	94.132	1212	99	1227	0.0	1829	RS-GCF-001807315.1-NZ-KV788539.1
15707-1492R-B-A2	RS-GCF-001807495.1-NZ-KV789214.1	94.051	1212	99	1227	0.0	1825	RS-GCF-001807495.1-NZ-KV789214.1
15707-1492R-B-A2	MJ006-2-barcode63-umi132722bins-ubs-4	94.051	1212	99	1227	0.0	1825	MJ006-2-barcode63-umi132722bins-ubs-4
15707-1492R-B-A2	AJ012837	94.051	1212	99	1227	0.0	1821	AJ012837
15707-1492R-B-A2	G001586215	93.969	1212	99	1227	0.0	1820	G001586215
15707-1492R-B-A2	RS-GCF-900096985.1-NZ-FMKB01000004.1	98.387	1212	87	1054	0.0	1807	RS-GCF-900096985.1-NZ-FMKB01000004.1
15707-1492R-B-A2	GB-GCA-900618065.1-UYIL01000003.1	93.730	1212	99	1228	0.0	1805	GB-GCA-900618065.1-UYIL01000003.1
15707-1492R-B-A2	RS-GCF-008693065.1-NZ-VXKH01000108.1	93.730	1212	99	1228	0.0	1805	RS-GCF-008693065.1-NZ-VXKH01000108.1
15707-1492R-B-A2	G000759055	93.730	1212	99	1228	0.0	1805	G000759055
15707-1492R-B-A2	RS-GCF-000478115.1-NZ-KI515752.1	97.584	1212	88	1076	0.0	1802	RS-GCF-000478115.1-NZ-KI515752.1
15707-1492R-B-A2	AY677186	93.648	1212	99	1228	0.0	1801	AY677186
15707-1492R-B-A2	G001815935	93.572	1212	99	1229	0.0	1799	G001815935
15707-1492R-B-A2	RS-GCF-000255235.1-NC-016786.1	94.759	1212	96	1183	0.0	1794	RS-GCF-000255235.1-NC-016786.1
15707-1492R-B-A2	RS-GCF-900638715.1-NZ-LR134537.1	94.759	1212	96	1183	0.0	1794	RS-GCF-900638715.1-NZ-LR134537.1
15707-1492R-B-A2	GB-GCA-003640845.1-RCFA01000043.1	94.759	1212	96	1183	0.0	1794	GB-GCA-003640845.1-RCFA01000043.1
15707-1492R-B-A2	RS-GCF-015831155.1-NZ-JADQTW010000025.1	94.759	1212	96	1183	0.0	1794	RS-GCF-015831155.1-NZ-JADQTW010000025.1
15707-1492R-B-A2	G000312345	94.103	1212	98	1204	0.0	1792	G000312345
15707-1492R-B-A2	LT629765	94.103	1212	98	1204	0.0	1792	LT629765
15707-1492R-B-A2	MG845149	94.590	1212	96	1183	0.0	1789	MG845149
15707-1492R-B-A2	RS-GCF-900105305.1-NZ-LT629765.1--3	94.020	1212	98	1204	0.0	1788	RS-GCF-900105305.1-NZ-LT629765.1--3
15707-1492R-B-A2	RS-GCF-000242775.1-NC-016787.1--2	94.501	1212	96	1182	0.0	1787	RS-GCF-000242775.1-NC-016787.1--2
15707-1492R-B-A2	GB-GCA-003640965.1-RCEY01000020.1	94.675	1212	96	1183	0.0	1786	GB-GCA-003640965.1-RCEY01000020.1
15707-1492R-B-A2	G003813985	94.505	1212	96	1183	0.0	1784	G003813985
15707-1492R-B-A2	G000420605	94.291	1212	97	1191	0.0	1784	G000420605
15707-1492R-B-A2	EF217056	94.291	1212	97	1191	0.0	1784	EF217056
15707-1492R-B-A2	GB-GCA-900312965.1-LT990688.1	93.393	1212	99	1226	0.0	1783	GB-GCA-900312965.1-LT990688.1
15707-1492R-B-A2	LT990688	93.393	1212	99	1226	0.0	1783	LT990688
15707-1492R-B-A2	G003813965	93.328	1212	99	1229	0.0	1783	G003813965
15707-1492R-B-A2	RS-GCF-001814575.1-NZ-KV817196.1	93.740	1212	98	1214	0.0	1782	RS-GCF-001814575.1-NZ-KV817196.1
15707-1492R-B-A2	RS-GCF-015830225.1-NZ-JADQVP010000022.1	94.416	1212	96	1182	0.0	1782	RS-GCF-015830225.1-NZ-JADQVP010000022.1
15707-1492R-B-A2	G006547305	93.740	1212	98	1214	0.0	1782	G006547305
15707-1492R-B-A2	LT960553	94.416	1212	96	1182	0.0	1782	LT960553
15707-1492R-B-A2	RS-GCF-001807295.1-NZ-KV788495.1	93.317	1212	99	1227	0.0	1781	RS-GCF-001807295.1-NZ-KV788495.1
15707-1492R-B-A2	RS-GCF-000766885.2-NZ-CP027001.1	93.459	1212	99	1223	0.0	1780	RS-GCF-000766885.2-NZ-CP027001.1
15707-1492R-B-A2	G000980815	93.459	1212	99	1223	0.0	1780	G000980815
15707-1492R-B-A2	RS-GCF-001889905.1-NZ-MKYN01000027.1	93.312	1212	99	1226	0.0	1779	RS-GCF-001889905.1-NZ-MKYN01000027.1
15707-1492R-B-A2	KX214080	93.453	1212	99	1222	0.0	1779	KX214080
15707-1492R-B-A2	RS-GCF-903645305.1-NZ-CAHJXO010000001.1	93.366	1212	99	1221	0.0	1778	RS-GCF-903645305.1-NZ-CAHJXO010000001.1
15707-1492R-B-A2	RS-GCF-015830925.1-NZ-JADQUH010000016.1	94.332	1212	96	1182	0.0	1777	RS-GCF-015830925.1-NZ-JADQUH010000016.1
15707-1492R-B-A2	GB-GCA-900447175.1-UFWY01000001.1	94.332	1212	96	1182	0.0	1777	GB-GCA-900447175.1-UFWY01000001.1
15707-1492R-B-A2	RS-GCF-002203235.1-NZ-LSYJ01000022.1	94.332	1212	96	1182	0.0	1777	RS-GCF-002203235.1-NZ-LSYJ01000022.1
15707-1492R-B-A2	RS-GCF-001053435.1-NZ-JVTL01000076.1	93.236	1212	99	1227	0.0	1776	RS-GCF-001053435.1-NZ-JVTL01000076.1
15707-1492R-B-A2	RS-GCF-011682985.1-NZ-VCOY01000043.1	93.236	1212	99	1227	0.0	1776	RS-GCF-011682985.1-NZ-VCOY01000043.1
15707-1492R-B-A2	G000143825	93.154	1212	99	1227	0.0	1775	G000143825
15707-1492R-B-A2	RS-GCF-002843135.1-NZ-CP025209.1	93.230	1212	99	1226	0.0	1774	RS-GCF-002843135.1-NZ-CP025209.1
15707-1492R-B-A2	G001457455	93.230	1212	99	1226	0.0	1774	G001457455
15707-1492R-B-A2	RS-GCF-900177745.1-NZ-FXAR01000014.1	93.361	1212	99	1220	0.0	1773	RS-GCF-900177745.1-NZ-FXAR01000014.1
15707-1492R-B-A2	RS-GCF-014610855.1-NZ-PGGF01000007.1	93.399	1212	99	1227	0.0	1773	RS-GCF-014610855.1-NZ-PGGF01000007.1
15707-1492R-B-A2	RS-GCF-016728205.1-NZ-CP068157.1--3	93.317	1212	99	1227	0.0	1773	RS-GCF-016728205.1-NZ-CP068157.1--3
15707-1492R-B-A2	RS-GCF-000242775.1-NC-016787.1--3	94.247	1212	96	1182	0.0	1773	RS-GCF-000242775.1-NC-016787.1--3
15707-1492R-B-A2	KP276149	93.361	1212	99	1220	0.0	1773	KP276149
15707-1492R-B-A2	RS-GCF-001026805.1-NZ-JAQN01000039.1	94.247	1212	96	1182	0.0	1773	RS-GCF-001026805.1-NZ-JAQN01000039.1
15707-1492R-B-A2	RS-GCF-017149595.1-NZ-JAFIQC010000029.1	94.247	1212	96	1182	0.0	1773	RS-GCF-017149595.1-NZ-JAFIQC010000029.1
15707-1492R-B-A2	RS-GCF-903986125.1-NZ-CAJDXT010000033.1	94.247	1212	96	1182	0.0	1773	RS-GCF-903986125.1-NZ-CAJDXT010000033.1
15707-1492R-B-A2	RS-GCF-015830795.1-NZ-JADQUN010000096.1	94.247	1212	96	1182	0.0	1773	RS-GCF-015830795.1-NZ-JADQUN010000096.1
15707-1492R-B-A2	RS-GCF-015830115.1-NZ-JADQVS010000033.1	94.247	1212	96	1182	0.0	1773	RS-GCF-015830115.1-NZ-JADQVS010000033.1
15707-1492R-B-A2	RS-GCF-903986245.1-NZ-CAJDXI010000026.1	94.247	1212	96	1182	0.0	1773	RS-GCF-903986245.1-NZ-CAJDXI010000026.1
15707-1492R-B-A2	RS-GCF-003666645.1-NZ-RCIS01000023.1	94.247	1212	96	1182	0.0	1773	RS-GCF-003666645.1-NZ-RCIS01000023.1
15707-1492R-B-A2	G001875875	94.247	1212	96	1182	0.0	1773	G001875875
15707-1492R-B-A2	G001875845	94.247	1212	96	1182	0.0	1773	G001875845
15707-1492R-B-A2	RS-GCF-002803965.1-NZ-CP024931.1	93.154	1212	99	1227	0.0	1772	RS-GCF-002803965.1-NZ-CP024931.1
15707-1492R-B-A2	G008373895	93.154	1212	99	1227	0.0	1772	G008373895
15707-1492R-B-A2	RS-GCF-001889835.1-NZ-MKYL01000028.1	94.252	1212	96	1183	0.0	1771	RS-GCF-001889835.1-NZ-MKYL01000028.1
15707-1492R-B-A2	RS-GCF-002115155.1-NZ-NDHN01000026.1	94.252	1212	96	1183	0.0	1771	RS-GCF-002115155.1-NZ-NDHN01000026.1
15707-1492R-B-A2	RS-GCF-002201145.1-NZ-MSIH01000024.1	94.252	1212	96	1183	0.0	1771	RS-GCF-002201145.1-NZ-MSIH01000024.1
15707-1492R-B-A2	G004795735	93.036	1212	100	1235	0.0	1771	G004795735
15707-1492R-B-A2	X84248	93.148	1212	99	1226	0.0	1771	X84248
15707-1492R-B-A2	MJ006-2-barcode58-umi151385bins-ubs-3	92.886	1212	100	1237	0.0	1771	MJ006-2-barcode58-umi151385bins-ubs-3
15707-1492R-B-A2	RS-GCF-000738305.1-NZ-JFCP01000004.1	92.811	1212	100	1238	0.0	1769	RS-GCF-000738305.1-NZ-JFCP01000004.1
15707-1492R-B-A2	RS-GCF-000738335.1-NZ-JFCL01000041.1	92.811	1212	100	1238	0.0	1769	RS-GCF-000738335.1-NZ-JFCL01000041.1
15707-1492R-B-A2	RS-GCF-000738185.1-NZ-JFCF01000023.1	92.811	1212	100	1238	0.0	1769	RS-GCF-000738185.1-NZ-JFCF01000023.1
15707-1492R-B-A2	RS-GCF-004758745.1-NZ-CP038504.1--2	94.162	1212	96	1182	0.0	1769	RS-GCF-004758745.1-NZ-CP038504.1--2
15707-1492R-B-A2	GB-GCA-001937335.1-MSTA01000040.1	94.247	1212	96	1182	0.0	1769	GB-GCA-001937335.1-MSTA01000040.1
15707-1492R-B-A2	GB-GCA-003640955.1-RCEU01000046.1	94.247	1212	96	1182	0.0	1769	GB-GCA-003640955.1-RCEU01000046.1
15707-1492R-B-A2	RS-GCF-000738175.1-NZ-JFCH01000010.1	92.880	1212	100	1236	0.0	1768	RS-GCF-000738175.1-NZ-JFCH01000010.1
15707-1492R-B-A2	RS-GCF-016728205.1-NZ-CP068157.1--4	93.154	1212	99	1227	0.0	1768	RS-GCF-016728205.1-NZ-CP068157.1--4
15707-1492R-B-A2	RS-GCF-015830215.1-NZ-JADQVQ010000028.1	94.162	1212	96	1182	0.0	1768	RS-GCF-015830215.1-NZ-JADQVQ010000028.1
15707-1492R-B-A2	RS-GCF-000241935.1-NC-016800.1	94.162	1212	96	1182	0.0	1768	RS-GCF-000241935.1-NC-016800.1
15707-1492R-B-A2	GB-GCA-003640875.1-RCFC01000051.1	94.162	1212	96	1182	0.0	1768	GB-GCA-003640875.1-RCFC01000051.1
15707-1492R-B-A2	HF558381	93.284	1212	99	1221	0.0	1768	HF558381
15707-1492R-B-A2	Y09569	93.350	1212	99	1218	0.0	1768	Y09569
15707-1492R-B-A2	RS-GCF-016889445.1-NZ-CP069514.1	93.073	1212	99	1227	0.0	1767	RS-GCF-016889445.1-NZ-CP069514.1
15707-1492R-B-A2	RS-GCF-003202245.1-NZ-NRIL01000009.1	93.073	1212	99	1227	0.0	1767	RS-GCF-003202245.1-NZ-NRIL01000009.1
15707-1492R-B-A2	MK185698	93.160	1212	99	1228	0.0	1767	MK185698
15707-1492R-B-A2	RS-GCF-900156665.1-NZ-FTOF01000024.1	92.991	1212	99	1227	0.0	1766	RS-GCF-900156665.1-NZ-FTOF01000024.1
15707-1492R-B-A2	RS-GCF-001902275.1-NZ-CP018331.1	94.167	1212	96	1183	0.0	1766	RS-GCF-001902275.1-NZ-CP018331.1
15707-1492R-B-A2	RS-GCF-900187295.1-NZ-LT906473.1	94.162	1212	96	1182	0.0	1765	RS-GCF-900187295.1-NZ-LT906473.1
15707-1492R-B-A2	RS-GCF-008693105.1-NZ-VXKK01000021.1	92.794	1212	99	1235	0.0	1765	RS-GCF-008693105.1-NZ-VXKK01000021.1
15707-1492R-B-A2	RS-GCF-003202295.1-NZ-NRIN01000018.1	92.933	1212	100	1231	0.0	1765	RS-GCF-003202295.1-NZ-NRIN01000018.1
15707-1492R-B-A2	RS-GCF-002156805.1-NZ-CP021252.1	92.933	1212	100	1231	0.0	1765	RS-GCF-002156805.1-NZ-CP021252.1
15707-1492R-B-A2	RS-GCF-003202375.1-NZ-NRIM01000009.1	92.933	1212	100	1231	0.0	1765	RS-GCF-003202375.1-NZ-NRIM01000009.1
15707-1492R-B-A2	GB-GCA-004771215.1-CP038789.1--5	94.247	1212	96	1182	0.0	1765	GB-GCA-004771215.1-CP038789.1--5
15707-1492R-B-A2	G001941465	92.794	1212	99	1235	0.0	1765	G001941465
15707-1492R-B-A2	G000590555	93.202	1212	99	1221	0.0	1765	G000590555
15707-1492R-B-A2	GB-GCA-001935905.1-MSBU01000007.1	94.162	1212	96	1182	0.0	1764	GB-GCA-001935905.1-MSBU01000007.1
15707-1492R-B-A2	GB-GCA-001723445.1-MDYU01000066.1	94.162	1212	96	1182	0.0	1764	GB-GCA-001723445.1-MDYU01000066.1
15707-1492R-B-A2	X84442	93.073	1212	99	1227	0.0	1764	X84442
15707-1492R-B-A2	Y15886	93.538	1212	98	1207	0.0	1764	Y15886
15707-1492R-B-A2	RS-GCF-003070865.1-NZ-CP026948.1--2	93.328	1212	98	1214	0.0	1763	RS-GCF-003070865.1-NZ-CP026948.1--2
15707-1492R-B-A2	RS-GCF-000738355.1-NZ-JFCR01000004.1	92.736	1212	100	1239	0.0	1763	RS-GCF-000738355.1-NZ-JFCR01000004.1
15707-1492R-B-A2	RS-GCF-002775105.1-NZ-LTBH01000004.1	92.991	1212	99	1227	0.0	1763	RS-GCF-002775105.1-NZ-LTBH01000004.1
15707-1492R-B-A2	MG798930	93.328	1212	98	1214	0.0	1763	MG798930
15707-1492R-B-A2	RS-GCF-903645305.1-NZ-CAHJXO010000001.1--2	93.180	1212	99	1217	0.0	1762	RS-GCF-903645305.1-NZ-CAHJXO010000001.1--2
15707-1492R-B-A2	RS-GCF-004916755.1-NZ-CP039523.1	94.083	1212	96	1183	0.0	1762	RS-GCF-004916755.1-NZ-CP039523.1
15707-1492R-B-A2	G001889145	94.083	1212	96	1183	0.0	1762	G001889145
15707-1492R-B-A2	AJ314919	92.910	1212	99	1227	0.0	1762	AJ314919
15707-1492R-B-A2	RS-GCF-900187295.1-NZ-LT906473.1--2	94.078	1212	96	1182	0.0	1761	RS-GCF-900187295.1-NZ-LT906473.1--2
15707-1492R-B-A2	RS-GCF-000215665.1-NC-015683.1	93.988	1212	96	1181	0.0	1761	RS-GCF-000215665.1-NC-015683.1
15707-1492R-B-A2	G000372085	93.532	1212	98	1206	0.0	1761	G000372085
15707-1492R-B-A2	HG799103	93.213	1212	99	1223	0.0	1761	HG799103
15707-1492R-B-A2	X84441	92.713	1212	99	1235	0.0	1761	X84441
15707-1492R-B-A2	AQUV01000005	93.532	1212	98	1206	0.0	1761	AQUV01000005
15707-1492R-B-A2	RS-GCF-900100745.1-NZ-FMTZ01000002.1	92.713	1212	99	1235	0.0	1760	RS-GCF-900100745.1-NZ-FMTZ01000002.1
15707-1492R-B-A2	RS-GCF-000769635.1-NZ-CP009716.1--4	94.162	1212	96	1182	0.0	1760	RS-GCF-000769635.1-NZ-CP009716.1--4
15707-1492R-B-A2	X84256	93.993	1212	96	1182	0.0	1760	X84256
15707-1492R-B-A2	RS-GCF-014522205.1-NZ-CP046884.1	92.933	1212	99	1231	0.0	1759	RS-GCF-014522205.1-NZ-CP046884.1
15707-1492R-B-A2	RS-GCF-900176865.1-NZ-LT839632.1	93.120	1212	99	1221	0.0	1759	RS-GCF-900176865.1-NZ-LT839632.1
15707-1492R-B-A2	RS-GCF-900176865.1-NZ-LT839618.1	93.120	1212	99	1221	0.0	1759	RS-GCF-900176865.1-NZ-LT839618.1
15707-1492R-B-A2	RS-GCF-000971865.1-NZ-JZEZ01000103.1	93.120	1212	99	1221	0.0	1759	RS-GCF-000971865.1-NZ-JZEZ01000103.1
15707-1492R-B-A2	RS-GCF-016727365.1-NZ-CP068134.1	93.993	1212	96	1182	0.0	1759	RS-GCF-016727365.1-NZ-CP068134.1
15707-1492R-B-A2	RS-GCF-001876325.1-NZ-MIOS01000031.1	93.993	1212	96	1182	0.0	1759	RS-GCF-001876325.1-NZ-MIOS01000031.1
15707-1492R-B-A2	RS-GCF-001298275.1-NZ-LGSX01000006.1	93.993	1212	96	1182	0.0	1759	RS-GCF-001298275.1-NZ-LGSX01000006.1
15707-1492R-B-A2	RS-GCF-000968945.1-NZ-CP011095.1	93.993	1212	96	1182	0.0	1759	RS-GCF-000968945.1-NZ-CP011095.1
15707-1492R-B-A2	GB-GCA-000764045.2-CP016829.1	93.993	1212	96	1182	0.0	1759	GB-GCA-000764045.2-CP016829.1
15707-1492R-B-A2	RS-GCF-000227605.3-NC-017307.3	93.993	1212	96	1182	0.0	1759	RS-GCF-000227605.3-NC-017307.3
15707-1492R-B-A2	G001922265	93.993	1212	96	1182	0.0	1759	G001922265
15707-1492R-B-A2	G000259155	93.993	1212	96	1182	0.0	1759	G000259155
15707-1492R-B-A2	RS-GCF-011038645.2-NZ-CP064955.1--3	93.245	1212	98	1214	0.0	1758	RS-GCF-011038645.2-NZ-CP064955.1--3
15707-1492R-B-A2	RS-GCF-003070865.1-NZ-CP026948.1	93.245	1212	98	1214	0.0	1758	RS-GCF-003070865.1-NZ-CP026948.1
15707-1492R-B-A2	RS-GCF-001807485.1-NZ-KV789177.1	92.655	1212	100	1239	0.0	1758	RS-GCF-001807485.1-NZ-KV789177.1
15707-1492R-B-A2	G000265545	93.998	1212	96	1183	0.0	1757	G000265545
15707-1492R-B-A2	X84252	93.993	1212	96	1182	0.0	1757	X84252
15707-1492R-B-A2	RS-GCF-000738405.1-NZ-JFCM01000009.1	92.632	1212	99	1235	0.0	1755	RS-GCF-000738405.1-NZ-JFCM01000009.1
15707-1492R-B-A2	LT576414	92.957	1212	99	1221	0.0	1755	LT576414
15707-1492R-B-A2	RS-GCF-013135535.1-NZ-JABGCQ010000015.1	93.909	1212	96	1182	0.0	1755	RS-GCF-013135535.1-NZ-JABGCQ010000015.1
15707-1492R-B-A2	G900169525	92.991	1212	99	1227	0.0	1755	G900169525
15707-1492R-B-A2	G000739455	93.069	1212	98	1212	0.0	1754	G000739455
15707-1492R-B-A2	KJ938705	92.921	1212	99	1229	0.0	1754	KJ938705
15707-1492R-B-A2	RS-GCF-902702935.1-NZ-LR738855.1	93.914	1212	96	1183	0.0	1753	RS-GCF-902702935.1-NZ-LR738855.1
15707-1492R-B-A2	RS-GCF-001969145.1-NZ-CP023395.1--4	93.903	1212	96	1181	0.0	1753	RS-GCF-001969145.1-NZ-CP023395.1--4
15707-1492R-B-A2	G001481675	93.914	1212	96	1183	0.0	1753	G001481675
15707-1492R-B-A2	G001433475	93.914	1212	96	1183	0.0	1753	G001433475
15707-1492R-B-A2	G001298505	93.914	1212	96	1183	0.0	1753	G001298505
15707-1492R-B-A2	G001017615	93.914	1212	96	1183	0.0	1753	G001017615
15707-1492R-B-A2	G000255935	93.914	1212	96	1183	0.0	1753	G000255935
15707-1492R-B-A2	G000143705	93.914	1212	96	1183	0.0	1753	G000143705
15707-1492R-B-A2	MN535983	93.914	1212	96	1183	0.0	1753	MN535983
15707-1492R-B-A2	RS-GCF-900187215.1-NZ-LT906467.1	93.069	1212	98	1212	0.0	1752	RS-GCF-900187215.1-NZ-LT906467.1
15707-1492R-B-A2	G002835695	93.218	1212	98	1209	0.0	1752	G002835695
15707-1492R-B-A2	RS-GCF-000163435.1-NZ-GG700819.1	92.551	1212	99	1235	0.0	1751	RS-GCF-000163435.1-NZ-GG700819.1
15707-1492R-B-A2	RS-GCF-000738385.1-NZ-JFCO01000010.1	92.551	1212	99	1235	0.0	1751	RS-GCF-000738385.1-NZ-JFCO01000010.1
15707-1492R-B-A2	G000006605	92.551	1212	99	1235	0.0	1751	G000006605
15707-1492R-B-A2	KJ938709	92.898	1212	99	1225	0.0	1751	KJ938709
15707-1492R-B-A2	RS-GCF-011038645.2-NZ-CP064955.1--4	93.163	1212	98	1214	0.0	1750	RS-GCF-011038645.2-NZ-CP064955.1--4
15707-1492R-B-A2	GB-GCA-900156035.1-FTMH01000041.1	92.892	1212	99	1224	0.0	1750	GB-GCA-900156035.1-FTMH01000041.1
15707-1492R-B-A2	G001639025	92.892	1212	99	1224	0.0	1750	G001639025
15707-1492R-B-A2	RS-GCF-900103625.1-NZ-LT629700.1	93.272	1212	98	1204	0.0	1748	RS-GCF-900103625.1-NZ-LT629700.1
15707-1492R-B-A2	G000730445	93.829	1212	96	1183	0.0	1748	G000730445
15707-1492R-B-A2	LT629700	93.272	1212	98	1204	0.0	1748	LT629700
15707-1492R-B-A2	Y11200	92.957	1212	99	1221	0.0	1748	Y11200
15707-1492R-B-A2	GB-GCA-014490595.1-CP061031.1--2	92.951	1212	99	1220	0.0	1747	GB-GCA-014490595.1-CP061031.1--2
15707-1492R-B-A2	GB-GCA-014490595.1-CP061031.1	92.951	1212	99	1220	0.0	1747	GB-GCA-014490595.1-CP061031.1
15707-1492R-B-A2	RS-GCF-900105505.1-NZ-FNRU01000002.1--3	92.951	1212	99	1220	0.0	1747	RS-GCF-900105505.1-NZ-FNRU01000002.1--3
15707-1492R-B-A2	G000011305	92.816	1212	99	1225	0.0	1747	G000011305
15707-1492R-B-A2	Y09806	93.289	1212	98	1207	0.0	1747	Y09806
15707-1492R-B-A2	FNRU01000002	92.951	1212	99	1220	0.0	1747	FNRU01000002
15707-1492R-B-A2	RS-GCF-001044155.1-NZ-LDYD01000003.1	92.993	1212	98	1213	0.0	1746	RS-GCF-001044155.1-NZ-LDYD01000003.1
15707-1492R-B-A2	X84250	92.470	1212	99	1235	0.0	1746	X84250
15707-1492R-B-A2	RS-GCF-902377555.1-NZ-CABLBV010000040.1	92.810	1212	99	1224	0.0	1746	RS-GCF-902377555.1-NZ-CABLBV010000040.1
15707-1492R-B-A2	ACLI01000121	92.741	1212	99	1226	0.0	1746	ACLI01000121
15707-1492R-B-A2	Y09044	92.993	1212	98	1213	0.0	1746	Y09044
15707-1492R-B-A2	Y09655	93.027	1212	99	1219	0.0	1746	Y09655
15707-1492R-B-A2	RS-GCF-014262665.1-NZ-CP046883.1	92.723	1212	99	1223	0.0	1745	RS-GCF-014262665.1-NZ-CP046883.1
15707-1492R-B-A2	MN611118	92.723	1212	99	1223	0.0	1745	MN611118
15707-1492R-B-A2	RS-GCF-012396315.1-NZ-JAAXPF010000023.1	92.881	1212	99	1222	0.0	1744	RS-GCF-012396315.1-NZ-JAAXPF010000023.1
15707-1492R-B-A2	G001277995	93.189	1212	98	1204	0.0	1744	G001277995
15707-1492R-B-A2	G000730365	93.745	1212	96	1183	0.0	1744	G000730365
15707-1492R-B-A2	HQ612241	93.189	1212	98	1204	0.0	1744	HQ612241
15707-1492R-B-A2	RS-GCF-009734385.1-NZ-CP046452.1--4	93.195	1212	98	1205	0.0	1742	RS-GCF-009734385.1-NZ-CP046452.1--4
15707-1492R-B-A2	RS-GCF-009734385.1-NZ-CP046452.1--3	93.195	1212	98	1205	0.0	1742	RS-GCF-009734385.1-NZ-CP046452.1--3
15707-1492R-B-A2	RS-GCF-900447205.1-NZ-UFXQ01000001.1	92.910	1212	98	1213	0.0	1742	RS-GCF-900447205.1-NZ-UFXQ01000001.1
15707-1492R-B-A2	G001044175	93.278	1212	98	1205	0.0	1742	G001044175
15707-1492R-B-A2	FJ157329	93.064	1212	98	1211	0.0	1742	FJ157329
15707-1492R-B-A2	RS-GCF-900478035.1-NZ-LS483464.1	93.112	1212	98	1205	0.0	1741	RS-GCF-900478035.1-NZ-LS483464.1
15707-1492R-B-A2	RS-GCF-013051085.1-NZ-WIAS01000015.1	92.781	1212	99	1219	0.0	1740	RS-GCF-013051085.1-NZ-WIAS01000015.1
15707-1492R-B-A2	RS-GCF-900105505.1-NZ-FNRU01000002.1--4	92.781	1212	99	1219	0.0	1740	RS-GCF-900105505.1-NZ-FNRU01000002.1--4
15707-1492R-B-A2	X84438	92.805	1212	99	1223	0.0	1740	X84438
15707-1492R-B-A2	RS-GCF-013978595.1-NZ-JACDTZ010000002.1	92.735	1212	99	1225	0.0	1739	RS-GCF-013978595.1-NZ-JACDTZ010000002.1
15707-1492R-B-A2	RS-GCF-004114895.1-NZ-CP035299.1--4	93.660	1212	96	1183	0.0	1739	RS-GCF-004114895.1-NZ-CP035299.1--4
15707-1492R-B-A2	RS-GCF-004114895.1-NZ-CP035299.1	93.660	1212	96	1183	0.0	1739	RS-GCF-004114895.1-NZ-CP035299.1
15707-1492R-B-A2	G006334925	93.586	1212	96	1185	0.0	1739	G006334925
15707-1492R-B-A2	G000747315	92.799	1212	99	1222	0.0	1739	G000747315
15707-1492R-B-A2	HG799102	93.586	1212	96	1185	0.0	1739	HG799102
15707-1492R-B-A2	MK602323	93.660	1212	96	1183	0.0	1739	MK602323
15707-1492R-B-A2	FN295567	92.735	1212	99	1225	0.0	1739	FN295567
15707-1492R-B-A2	RS-GCF-007641235.1-NZ-CP038157.1	92.922	1212	98	1215	0.0	1738	RS-GCF-007641235.1-NZ-CP038157.1
15707-1492R-B-A2	GB-GCA-013393575.1-JABXHC010000088.1	92.840	1212	98	1215	0.0	1738	GB-GCA-013393575.1-JABXHC010000088.1
15707-1492R-B-A2	RS-GCF-001837615.1-NZ-KV833267.1	92.787	1212	99	1220	0.0	1738	RS-GCF-001837615.1-NZ-KV833267.1
15707-1492R-B-A2	MN592990	92.787	1212	99	1220	0.0	1738	MN592990
15707-1492R-B-A2	G008693095	92.665	1212	99	1227	0.0	1738	G008693095
15707-1492R-B-A2	AJ429234	92.665	1212	99	1227	0.0	1738	AJ429234
15707-1492R-B-A2	CP038157	92.922	1212	98	1215	0.0	1738	CP038157
15707-1492R-B-A2	RS-GCF-011038655.2-NZ-CP064954.1--2	92.464	1212	100	1234	0.0	1737	RS-GCF-011038655.2-NZ-CP064954.1--2
15707-1492R-B-A2	G001021025	93.112	1212	98	1205	0.0	1737	G001021025
15707-1492R-B-A2	CP011541	93.112	1212	98	1205	0.0	1737	CP011541
15707-1492R-B-A2	X81916	93.576	1212	96	1183	0.0	1737	X81916
15707-1492R-B-A2	RS-GCF-014490555.1-NZ-CP061032.1	92.699	1212	99	1219	0.0	1736	RS-GCF-014490555.1-NZ-CP061032.1
15707-1492R-B-A2	RS-GCF-013978595.1-NZ-JACDTZ010000001.1--3	92.653	1212	99	1225	0.0	1735	RS-GCF-013978595.1-NZ-JACDTZ010000001.1--3
15707-1492R-B-A2	RS-GCF-900155535.1-NZ-LT706957.1	92.421	1212	99	1227	0.0	1735	RS-GCF-900155535.1-NZ-LT706957.1
15707-1492R-B-A2	RS-GCF-003814005.1-NZ-CP033898.1	93.576	1212	96	1183	0.0	1735	RS-GCF-003814005.1-NZ-CP033898.1
15707-1492R-B-A2	RS-GCF-014635485.1-NZ-BMCX01000009.1	93.576	1212	96	1183	0.0	1735	RS-GCF-014635485.1-NZ-BMCX01000009.1
15707-1492R-B-A2	RS-GCF-900475655.1-NZ-LS483404.1--2	93.035	1212	98	1206	0.0	1735	RS-GCF-900475655.1-NZ-LS483404.1--2
15707-1492R-B-A2	G007859215	92.969	1212	98	1209	0.0	1735	G007859215
15707-1492R-B-A2	GQ871934	92.969	1212	98	1209	0.0	1735	GQ871934
15707-1492R-B-A2	KF986249	93.576	1212	96	1183	0.0	1735	KF986249
15707-1492R-B-A2	RS-GCF-014490555.1-NZ-CP061032.1--4	92.705	1212	99	1220	0.0	1734	RS-GCF-014490555.1-NZ-CP061032.1--4
15707-1492R-B-A2	G000550805	92.571	1212	99	1225	0.0	1734	G000550805
15707-1492R-B-A2	KT314237	92.433	1212	99	1229	0.0	1733	KT314237
15707-1492R-B-A2	AJ401282	93.486	1212	96	1182	0.0	1733	AJ401282
15707-1492R-B-A2	G003113335	92.804	1212	98	1209	0.0	1732	G003113335
15707-1492R-B-A2	G000525655	92.214	1212	99	1233	0.0	1732	G000525655
15707-1492R-B-A2	Y13024	92.214	1212	99	1233	0.0	1732	Y13024
15707-1492R-B-A2	MG798929	92.804	1212	98	1209	0.0	1732	MG798929
15707-1492R-B-A2	RS-GCF-001941445.1-NZ-CP009245.1--3	92.414	1212	99	1226	0.0	1731	RS-GCF-001941445.1-NZ-CP009245.1--3
15707-1492R-B-A2	RS-GCF-001941445.1-NZ-CP009245.1	92.414	1212	99	1226	0.0	1731	RS-GCF-001941445.1-NZ-CP009245.1
15707-1492R-B-A2	RS-GCF-016728665.1-NZ-CP068161.1	92.641	1212	99	1223	0.0	1731	RS-GCF-016728665.1-NZ-CP068161.1
15707-1492R-B-A2	RS-GCF-003989215.1-NZ-RBMC01000026.1	92.641	1212	99	1223	0.0	1731	RS-GCF-003989215.1-NZ-RBMC01000026.1
15707-1492R-B-A2	RS-GCF-000375525.1-NZ-AQXC01000020.1	92.641	1212	99	1223	0.0	1731	RS-GCF-000375525.1-NZ-AQXC01000020.1
15707-1492R-B-A2	RS-GCF-012030345.1-NZ-JAAUVV010000053.1	92.617	1212	99	1219	0.0	1731	RS-GCF-012030345.1-NZ-JAAUVV010000053.1
15707-1492R-B-A2	RS-GCF-001806995.1-NZ-KV787072.1	92.617	1212	99	1219	0.0	1731	RS-GCF-001806995.1-NZ-KV787072.1
15707-1492R-B-A2	RS-GCF-001807545.1-NZ-KV789300.1	92.617	1212	99	1219	0.0	1731	RS-GCF-001807545.1-NZ-KV789300.1
15707-1492R-B-A2	MN592987	92.617	1212	99	1219	0.0	1731	MN592987
15707-1492R-B-A2	CP009245	92.414	1212	99	1226	0.0	1731	CP009245
15707-1492R-B-A2	AM397636	92.717	1212	99	1222	0.0	1731	AM397636
15707-1492R-B-A2	AJ431634	92.781	1212	99	1219	0.0	1731	AJ431634
15707-1492R-B-A2	G000577555	92.693	1212	99	1218	0.0	1729	G000577555
15707-1492R-B-A2	G000159635	92.757	1212	98	1215	0.0	1729	G000159635
15707-1492R-B-A2	FM173119	93.129	1212	98	1208	0.0	1729	FM173119
15707-1492R-B-A2	ACHJ01000075	92.757	1212	98	1215	0.0	1729	ACHJ01000075
15707-1492R-B-A2	RS-GCF-013014865.1-NZ-BLRJ01000002.1	92.863	1212	98	1205	0.0	1728	RS-GCF-013014865.1-NZ-BLRJ01000002.1
15707-1492R-B-A2	Y10999	94.585	1212	93	1145	0.0	1728	Y10999
15707-1492R-B-A2	RS-GCF-003583675.1-NZ-QXJK01000025.1	92.133	1212	99	1233	0.0	1728	RS-GCF-003583675.1-NZ-QXJK01000025.1
15707-1492R-B-A2	RS-GCF-008180045.1-NZ-VSZJ01000001.1	92.283	1212	99	1231	0.0	1728	RS-GCF-008180045.1-NZ-VSZJ01000001.1
15707-1492R-B-A2	RS-GCF-002355155.1-NZ-AP017369.1	92.804	1212	98	1209	0.0	1727	RS-GCF-002355155.1-NZ-AP017369.1
15707-1492R-B-A2	RS-GCF-900637565.1-NZ-LR134377.1	92.264	1212	99	1228	0.0	1727	RS-GCF-900637565.1-NZ-LR134377.1
15707-1492R-B-A2	RS-GCF-016728625.1-NZ-CP068160.1--3	92.559	1212	99	1223	0.0	1727	RS-GCF-016728625.1-NZ-CP068160.1--3
15707-1492R-B-A2	RS-GCF-902362995.1-NZ-CABIYR010000010.1	92.559	1212	99	1223	0.0	1727	RS-GCF-902362995.1-NZ-CABIYR010000010.1
15707-1492R-B-A2	RS-GCF-007671985.1-NZ-VDUD01000023.1	92.559	1212	99	1223	0.0	1727	RS-GCF-007671985.1-NZ-VDUD01000023.1
15707-1492R-B-A2	RS-GCF-001052555.1-NZ-JVVY01000068.1	92.559	1212	99	1223	0.0	1727	RS-GCF-001052555.1-NZ-JVVY01000068.1
15707-1492R-B-A2	MK395364	92.804	1212	98	1209	0.0	1727	MK395364
15707-1492R-B-A2	RS-GCF-900447255.1-NZ-UFYC01000001.1--4	92.869	1212	98	1206	0.0	1726	RS-GCF-900447255.1-NZ-UFYC01000001.1--4
15707-1492R-B-A2	RS-GCF-900447255.1-NZ-UFYC01000001.1	92.869	1212	98	1206	0.0	1726	RS-GCF-900447255.1-NZ-UFYC01000001.1
15707-1492R-B-A2	G000819445	92.421	1212	99	1227	0.0	1726	G000819445
15707-1492R-B-A2	RS-GCF-002893515.1-NZ-NHNO01000111.1	92.792	1212	98	1207	0.0	1725	RS-GCF-002893515.1-NZ-NHNO01000111.1
15707-1492R-B-A2	RS-GCF-007430945.1-NZ-CP041728.1--2	92.792	1212	98	1207	0.0	1725	RS-GCF-007430945.1-NZ-CP041728.1--2
15707-1492R-B-A2	RS-GCF-018884245.1-NZ-CP020033.1	92.792	1212	98	1207	0.0	1725	RS-GCF-018884245.1-NZ-CP020033.1
15707-1492R-B-A2	RS-GCF-013014865.1-NZ-BLRJ01000001.1--2	92.792	1212	98	1207	0.0	1725	RS-GCF-013014865.1-NZ-BLRJ01000001.1--2
15707-1492R-B-A2	RS-GCF-000742715.1-NZ-CP007722.1--2	92.792	1212	98	1207	0.0	1725	RS-GCF-000742715.1-NZ-CP007722.1--2
15707-1492R-B-A2	RS-GCF-002220135.1-NZ-CP022394.1	92.792	1212	98	1207	0.0	1725	RS-GCF-002220135.1-NZ-CP022394.1
15707-1492R-B-A2	RS-GCF-002847425.1-NZ-CP025534.1--4	92.792	1212	98	1207	0.0	1725	RS-GCF-002847425.1-NZ-CP025534.1--4
15707-1492R-B-A2	MJ007-2-barcode52-umi40417bins-ubs-5	92.593	1212	98	1215	0.0	1725	MJ007-2-barcode52-umi40417bins-ubs-5
15707-1492R-B-A2	MJ007-2-barcode52-umi33584bins-ubs-8	92.593	1212	98	1215	0.0	1725	MJ007-2-barcode52-umi33584bins-ubs-8
15707-1492R-B-A2	RS-GCF-009026825.1-NZ-CP045032.1	92.195	1212	99	1230	0.0	1724	RS-GCF-009026825.1-NZ-CP045032.1
15707-1492R-B-A2	RS-GCF-013601105.1-NZ-JABFEE010000025.1	92.529	1212	99	1218	0.0	1724	RS-GCF-013601105.1-NZ-JABFEE010000025.1
15707-1492R-B-A2	RS-GCF-014490575.1-NZ-CP061033.1	92.045	1212	99	1232	0.0	1724	RS-GCF-014490575.1-NZ-CP061033.1
15707-1492R-B-A2	RS-GCF-000010225.1-NC-009342.1--6	92.863	1212	98	1205	0.0	1724	RS-GCF-000010225.1-NC-009342.1--6
15707-1492R-B-A2	G009016505	92.045	1212	99	1232	0.0	1724	G009016505
15707-1492R-B-A2	G000980835	92.258	1212	99	1227	0.0	1724	G000980835
15707-1492R-B-A2	X81909	93.121	1212	97	1192	0.0	1724	X81909
15707-1492R-B-A2	RS-GCF-001912755.2-NZ-LOQV01000031.1	92.516	1212	98	1216	0.0	1723	RS-GCF-001912755.2-NZ-LOQV01000031.1
15707-1492R-B-A2	RS-GCF-000828015.1-NZ-CP010451.1--5	92.516	1212	98	1216	0.0	1723	RS-GCF-000828015.1-NZ-CP010451.1--5
15707-1492R-B-A2	RS-GCF-000233355.2-NZ-AGQQ02000002.1	92.516	1212	98	1216	0.0	1723	RS-GCF-000233355.2-NZ-AGQQ02000002.1
15707-1492R-B-A2	RS-GCF-000987865.1-NZ-CP011309.1--4	92.516	1212	98	1216	0.0	1723	RS-GCF-000987865.1-NZ-CP011309.1--4
15707-1492R-B-A2	G000069945	92.201	1212	99	1231	0.0	1723	G000069945
15707-1492R-B-A2	AM942444	92.201	1212	99	1231	0.0	1723	AM942444
15707-1492R-B-A2	RS-GCF-001815965.1-NZ-KV823514.1	93.043	1212	97	1193	0.0	1722	RS-GCF-001815965.1-NZ-KV823514.1
15707-1492R-B-A2	RS-GCF-002003445.1-NZ-BAYH01000108.1	92.786	1212	98	1206	0.0	1722	RS-GCF-002003445.1-NZ-BAYH01000108.1
15707-1492R-B-A2	RS-GCF-018286655.1-NZ-CP073911.1--4	92.786	1212	98	1206	0.0	1722	RS-GCF-018286655.1-NZ-CP073911.1--4
15707-1492R-B-A2	RS-GCF-000380545.1-NZ-AQPS01000024.1	92.586	1212	98	1214	0.0	1722	RS-GCF-000380545.1-NZ-AQPS01000024.1
15707-1492R-B-A2	RS-GCF-007833315.1-NZ-CP012297.1--6	92.786	1212	98	1206	0.0	1722	RS-GCF-007833315.1-NZ-CP012297.1--6
15707-1492R-B-A2	RS-GCF-013014865.1-NZ-BLRJ01000001.1	92.786	1212	98	1206	0.0	1722	RS-GCF-013014865.1-NZ-BLRJ01000001.1
15707-1492R-B-A2	RS-GCF-007858715.1-NZ-LHDJ01000004.1	92.786	1212	98	1206	0.0	1722	RS-GCF-007858715.1-NZ-LHDJ01000004.1
15707-1492R-B-A2	RS-GCF-011761195.1-NZ-JAAOYN010000001.1--6	92.586	1212	98	1214	0.0	1722	RS-GCF-011761195.1-NZ-JAAOYN010000001.1--6
15707-1492R-B-A2	RS-GCF-011761195.1-NZ-JAAOYN010000001.1--2	92.586	1212	98	1214	0.0	1722	RS-GCF-011761195.1-NZ-JAAOYN010000001.1--2
15707-1492R-B-A2	RS-GCF-007858765.1-NZ-LHDF01000003.1	92.786	1212	98	1206	0.0	1722	RS-GCF-007858765.1-NZ-LHDF01000003.1
15707-1492R-B-A2	RS-GCF-011761285.1-NZ-JAAOYZ010000001.1--6	92.786	1212	98	1206	0.0	1722	RS-GCF-011761285.1-NZ-JAAOYZ010000001.1--6
15707-1492R-B-A2	RS-GCF-011761285.1-NZ-JAAOYZ010000001.1--5	92.786	1212	98	1206	0.0	1722	RS-GCF-011761285.1-NZ-JAAOYZ010000001.1--5
15707-1492R-B-A2	RS-GCF-007858625.1-NZ-LHDB01000004.1	92.786	1212	98	1206	0.0	1722	RS-GCF-007858625.1-NZ-LHDB01000004.1
15707-1492R-B-A2	RS-GCF-000742715.1-NZ-CP007722.1--4	92.786	1212	98	1206	0.0	1722	RS-GCF-000742715.1-NZ-CP007722.1--4
15707-1492R-B-A2	RS-GCF-001683055.1-NZ-CP004046.1--6	92.786	1212	98	1206	0.0	1722	RS-GCF-001683055.1-NZ-CP004046.1--6
15707-1492R-B-A2	RS-GCF-002220135.1-NZ-CP022394.1--6	92.786	1212	98	1206	0.0	1722	RS-GCF-002220135.1-NZ-CP022394.1--6
15707-1492R-B-A2	RS-GCF-002847425.1-NZ-CP025534.1	92.786	1212	98	1206	0.0	1722	RS-GCF-002847425.1-NZ-CP025534.1
15707-1492R-B-A2	G002994655	92.120	1212	99	1231	0.0	1722	G002994655
15707-1492R-B-A2	KT216265	92.786	1212	98	1206	0.0	1722	KT216265
15707-1492R-B-A2	AF314192	92.786	1212	98	1206	0.0	1722	AF314192
15707-1492R-B-A2	RS-GCF-002243555.1-NZ-CP022614.1	92.593	1212	98	1215	0.0	1721	RS-GCF-002243555.1-NZ-CP022614.1
15707-1492R-B-A2	G001021045	92.875	1212	96	1193	0.0	1721	G001021045
15707-1492R-B-A2	MK161113	92.251	1212	99	1226	0.0	1721	MK161113
15707-1492R-B-A2	AJ295841	92.959	1212	96	1193	0.0	1721	AJ295841
15707-1492R-B-A2	KF135179	91.922	1212	99	1238	0.0	1721	KF135179
15707-1492R-B-A2	MJ007-2-barcode52-umi44765bins-ubs-4	92.440	1212	98	1217	0.0	1721	MJ007-2-barcode52-umi44765bins-ubs-4
15707-1492R-B-A2	MJ007-2-barcode52-umi39783bins-ubs-5	92.440	1212	98	1217	0.0	1721	MJ007-2-barcode52-umi39783bins-ubs-5
15707-1492R-B-A2	MJ007-2-barcode52-umi43420bins-ubs-4	92.440	1212	98	1217	0.0	1721	MJ007-2-barcode52-umi43420bins-ubs-4
15707-1492R-B-A2	MJ007-2-barcode52-umi47394bins-ubs-4	92.440	1212	98	1217	0.0	1721	MJ007-2-barcode52-umi47394bins-ubs-4
15707-1492R-B-A2	MJ007-1-barcode38-umi36545bins-ubs-4	92.440	1212	98	1217	0.0	1721	MJ007-1-barcode38-umi36545bins-ubs-4
15707-1492R-B-A2	RS-GCF-002355155.1-NZ-AP017369.1--2	92.727	1212	98	1210	0.0	1720	RS-GCF-002355155.1-NZ-AP017369.1--2
15707-1492R-B-A2	RS-GCF-002287505.1-NZ-CP019688.1--2	92.623	1212	99	1220	0.0	1720	RS-GCF-002287505.1-NZ-CP019688.1--2
15707-1492R-B-A2	RS-GCF-002285115.1-NZ-NSGP01000026.1	92.492	1212	98	1212	0.0	1720	RS-GCF-002285115.1-NZ-NSGP01000026.1
15707-1492R-B-A2	RS-GCF-002243555.1-NZ-CP022614.1--3	92.510	1212	98	1215	0.0	1720	RS-GCF-002243555.1-NZ-CP022614.1--3
15707-1492R-B-A2	RS-GCF-000987865.1-NZ-CP011309.1--6	92.510	1212	98	1215	0.0	1720	RS-GCF-000987865.1-NZ-CP011309.1--6
15707-1492R-B-A2	RS-GCF-000987865.1-NZ-CP011309.1--5	92.510	1212	98	1215	0.0	1720	RS-GCF-000987865.1-NZ-CP011309.1--5
15707-1492R-B-A2	RS-GCF-001912785.1-NZ-LOQY01000013.1	92.510	1212	98	1215	0.0	1720	RS-GCF-001912785.1-NZ-LOQY01000013.1
15707-1492R-B-A2	RS-GCF-001518935.2-NZ-CP013991.1--3	92.709	1212	98	1207	0.0	1720	RS-GCF-001518935.2-NZ-CP013991.1--3
15707-1492R-B-A2	RS-GCF-001518935.2-NZ-CP013991.1	92.709	1212	98	1207	0.0	1720	RS-GCF-001518935.2-NZ-CP013991.1
15707-1492R-B-A2	KY593177	92.492	1212	98	1212	0.0	1720	KY593177
15707-1492R-B-A2	RS-GCF-000010225.1-NC-009342.1--3	92.780	1212	98	1205	0.0	1719	RS-GCF-000010225.1-NC-009342.1--3
15707-1492R-B-A2	RS-GCF-000010225.1-NC-009342.1	92.780	1212	98	1205	0.0	1719	RS-GCF-000010225.1-NC-009342.1
15707-1492R-B-A2	RS-GCF-007858615.1-NZ-LHDE01000006.1	92.780	1212	98	1205	0.0	1719	RS-GCF-007858615.1-NZ-LHDE01000006.1
15707-1492R-B-A2	RS-GCF-007858755.1-NZ-LHDK01000007.1--2	92.780	1212	98	1205	0.0	1719	RS-GCF-007858755.1-NZ-LHDK01000007.1--2
15707-1492R-B-A2	RS-GCF-007858755.1-NZ-LHDK01000004.1	92.780	1212	98	1205	0.0	1719	RS-GCF-007858755.1-NZ-LHDK01000004.1
15707-1492R-B-A2	RS-GCF-008830455.1-NZ-WBII01000004.1	92.033	1212	99	1230	0.0	1718	RS-GCF-008830455.1-NZ-WBII01000004.1
15707-1492R-B-A2	RS-GCF-008244525.1-NZ-VTFJ01000001.1	92.120	1212	99	1231	0.0	1718	RS-GCF-008244525.1-NZ-VTFJ01000001.1
15707-1492R-B-A2	RS-GCF-001643035.1-NZ-CP014984.1--4	92.434	1212	98	1216	0.0	1718	RS-GCF-001643035.1-NZ-CP014984.1--4
15707-1492R-B-A2	RS-GCF-002355155.1-NZ-AP017369.1--6	93.182	1212	96	1188	0.0	1718	RS-GCF-002355155.1-NZ-AP017369.1--6
15707-1492R-B-A2	RS-GCF-000477955.1-NZ-KI515718.1	92.396	1212	99	1223	0.0	1718	RS-GCF-000477955.1-NZ-KI515718.1
15707-1492R-B-A2	RS-GCF-001447865.2-NZ-CP012194.1--6	92.703	1212	98	1206	0.0	1718	RS-GCF-001447865.2-NZ-CP012194.1--6
15707-1492R-B-A2	RS-GCF-001936195.1-NZ-CP018175.1--5	92.703	1212	98	1206	0.0	1718	RS-GCF-001936195.1-NZ-CP018175.1--5
15707-1492R-B-A2	RS-GCF-002163915.1-NZ-CP020658.1--3	92.703	1212	98	1206	0.0	1718	RS-GCF-002163915.1-NZ-CP020658.1--3
15707-1492R-B-A2	G000477935	92.396	1212	99	1223	0.0	1718	G000477935
15707-1492R-B-A2	AJ439343	92.396	1212	99	1223	0.0	1718	AJ439343
15707-1492R-B-A2	RS-GCF-900163675.1-NZ-FWFE01000021.1	92.358	1212	98	1217	0.0	1717	RS-GCF-900163675.1-NZ-FWFE01000021.1
15707-1492R-B-A2	RS-GCF-012843865.1-NZ-JABAFZ010000016.1	92.358	1212	98	1217	0.0	1717	RS-GCF-012843865.1-NZ-JABAFZ010000016.1
15707-1492R-B-A2	G001021065	92.467	1212	98	1208	0.0	1717	G001021065
15707-1492R-B-A2	G000550785	92.358	1212	98	1217	0.0	1717	G000550785
15707-1492R-B-A2	HE577802	92.467	1212	98	1208	0.0	1717	HE577802
15707-1492R-B-A2	MJ007-2-barcode52-umi48075bins-ubs-3	92.358	1212	98	1217	0.0	1717	MJ007-2-barcode52-umi48075bins-ubs-3
15707-1492R-B-A2	MJ007-2-barcode52-umi47088bins-ubs-3	92.358	1212	98	1217	0.0	1717	MJ007-2-barcode52-umi47088bins-ubs-3
15707-1492R-B-A2	RS-GCF-015752125.1-NZ-JADOUE010000001.1	91.971	1212	100	1233	0.0	1716	RS-GCF-015752125.1-NZ-JADOUE010000001.1
15707-1492R-B-A2	RS-GCF-007858735.1-NZ-LHDD01000001.1--3	92.428	1212	98	1215	0.0	1716	RS-GCF-007858735.1-NZ-LHDD01000001.1--3
15707-1492R-B-A2	RS-GCF-002243555.1-NZ-CP022614.1--4	92.352	1212	98	1216	0.0	1716	RS-GCF-002243555.1-NZ-CP022614.1--4
15707-1492R-B-A2	RS-GCF-001687645.1-NZ-CP016335.1--6	92.709	1212	98	1207	0.0	1716	RS-GCF-001687645.1-NZ-CP016335.1--6
15707-1492R-B-A2	FJ172667	92.428	1212	98	1215	0.0	1716	FJ172667
15707-1492R-B-A2	HE575405	91.971	1212	100	1233	0.0	1716	HE575405
15707-1492R-B-A2	MN135974	91.883	1212	99	1232	0.0	1715	MN135974
15707-1492R-B-A2	G001941345	92.282	1212	98	1218	0.0	1715	G001941345
15707-1492R-B-A2	MJ007-1-barcode38-umi32230bins-ubs-4	92.365	1212	98	1218	0.0	1715	MJ007-1-barcode38-umi32230bins-ubs-4
15707-1492R-B-A2	RS-GCF-016127975.1-NZ-CP066064.1	92.039	1212	99	1231	0.0	1714	RS-GCF-016127975.1-NZ-CP066064.1
15707-1492R-B-A2	RS-GCF-016127095.1-NZ-CP065982.1--2	92.039	1212	99	1231	0.0	1714	RS-GCF-016127095.1-NZ-CP065982.1--2
15707-1492R-B-A2	MJ007-2-barcode52-umi34879bins-ubs-7	92.276	1212	98	1217	0.0	1712	MJ007-2-barcode52-umi34879bins-ubs-7
15707-1492R-B-A2	MJ007-1-barcode38-umi43150bins-ubs-3	92.428	1212	98	1215	0.0	1712	MJ007-1-barcode38-umi43150bins-ubs-3
15707-1492R-B-A2	RS-GCF-900411315.1-NZ-LS990887.1	92.346	1212	98	1215	0.0	1711	RS-GCF-900411315.1-NZ-LS990887.1
15707-1492R-B-A2	G001020985	92.929	1212	96	1188	0.0	1711	G001020985
15707-1492R-B-A2	FJ374773	92.929	1212	96	1188	0.0	1711	FJ374773
15707-1492R-B-A2	RS-GCF-900626215.1-NZ-LR131106.1	91.958	1212	99	1231	0.0	1709	RS-GCF-900626215.1-NZ-LR131106.1
15707-1492R-B-A2	RS-GCF-012843925.1-NZ-JABAGB010000026.1	92.226	1212	98	1222	0.0	1709	RS-GCF-012843925.1-NZ-JABAGB010000026.1
15707-1492R-B-A2	RS-GCF-000338095.1-NC-020230.1	92.875	1212	97	1193	0.0	1709	RS-GCF-000338095.1-NC-020230.1
15707-1492R-B-A2	G001263755	92.282	1212	99	1218	0.0	1709	G001263755
15707-1492R-B-A2	KX214078	93.701	1212	94	1159	0.0	1709	KX214078
15707-1492R-B-A2	X81871	92.013	1212	99	1227	0.0	1709	X81871
15707-1492R-B-A2	X81908	92.661	1212	97	1199	0.0	1709	X81908
15707-1492R-B-A2	AF010474	92.371	1212	99	1219	0.0	1709	AF010474
15707-1492R-B-A2	RS-GCF-014897435.1-NZ-JABUYG010000055.1	92.194	1212	98	1217	0.0	1708	RS-GCF-014897435.1-NZ-JABUYG010000055.1
15707-1492R-B-A2	RS-GCF-014117265.1-NZ-CP059833.1	93.057	1212	96	1181	0.0	1707	RS-GCF-014117265.1-NZ-CP059833.1
15707-1492R-B-A2	RS-GCF-007970465.1-NZ-CP042429.1	91.809	1212	100	1233	0.0	1707	RS-GCF-007970465.1-NZ-CP042429.1
15707-1492R-B-A2	RS-GCF-016728505.1-NZ-CP068159.1--3	92.200	1212	99	1218	0.0	1706	RS-GCF-016728505.1-NZ-CP068159.1--3
15707-1492R-B-A2	RS-GCF-016403265.1-NZ-CP066289.1--3	92.875	1212	97	1193	0.0	1706	RS-GCF-016403265.1-NZ-CP066289.1--3
15707-1492R-B-A2	RS-GCF-002285075.1-NZ-NSGO01000018.1	92.442	1212	98	1204	0.0	1706	RS-GCF-002285075.1-NZ-NSGO01000018.1
15707-1492R-B-A2	G000767055	92.007	1212	99	1226	0.0	1706	G000767055
15707-1492R-B-A2	MJ006-1-barcode36-umi140565bins-ubs-3	92.200	1212	99	1218	0.0	1706	MJ006-1-barcode36-umi140565bins-ubs-3
15707-1492R-B-A2	MJ006-1-barcode36-umi108381bins-ubs-4	92.200	1212	99	1218	0.0	1706	MJ006-1-barcode36-umi108381bins-ubs-4
15707-1492R-B-A2	RS-GCF-900163685.1-NZ-FUIB01000042.1	92.384	1212	98	1208	0.0	1705	RS-GCF-900163685.1-NZ-FUIB01000042.1
15707-1492R-B-A2	G001941565	92.133	1212	99	1233	0.0	1705	G001941565
15707-1492R-B-A2	GQ421281	92.201	1212	99	1231	0.0	1705	GQ421281
15707-1492R-B-A2	RS-GCF-001875725.1-NZ-MLCQ01000020.1	92.531	1212	98	1205	0.0	1703	RS-GCF-001875725.1-NZ-MLCQ01000020.1
15707-1492R-B-A2	RS-GCF-007970465.1-NZ-CP042429.1--5	91.727	1212	100	1233	0.0	1702	RS-GCF-007970465.1-NZ-CP042429.1--5
15707-1492R-B-A2	G000213935	91.727	1212	100	1233	0.0	1702	G000213935
15707-1492R-B-A2	HM165487	91.727	1212	100	1233	0.0	1702	HM165487
15707-1492R-B-A2	CP009249	91.964	1212	99	1232	0.0	1701	CP009249
15707-1492R-B-A2	G001875735	92.525	1212	98	1204	0.0	1700	G001875735
15707-1492R-B-A2	G000344785	92.371	1212	98	1206	0.0	1700	G000344785
15707-1492R-B-A2	CP004354	92.371	1212	98	1206	0.0	1700	CP004354
15707-1492R-B-A2	RS-GCF-900099485.1-NZ-LT622815.1	92.448	1212	98	1205	0.0	1699	RS-GCF-900099485.1-NZ-LT622815.1
15707-1492R-B-A2	RS-GCF-001767255.1-NZ-CP017639.1	92.448	1212	98	1205	0.0	1699	RS-GCF-001767255.1-NZ-CP017639.1
15707-1492R-B-A2	MJ006-1-barcode36-umi115412bins-ubs-4	92.448	1212	98	1205	0.0	1699	MJ006-1-barcode36-umi115412bins-ubs-4
15707-1492R-B-A2	EU998655	91.925	1212	99	1226	0.0	1698	EU998655
15707-1492R-B-A2	G000179395	91.653	1212	100	1234	0.0	1696	G000179395
15707-1492R-B-A2	RS-GCF-015233855.1-NZ-JADGIT010000014.1	91.640	1212	99	1232	0.0	1695	RS-GCF-015233855.1-NZ-JADGIT010000014.1
15707-1492R-B-A2	RS-GCF-001833035.1-NZ-MLBN01000016.1	96.053	1212	87	1064	0.0	1695	RS-GCF-001833035.1-NZ-MLBN01000016.1
15707-1492R-B-A2	G900232865	91.640	1212	99	1232	0.0	1695	G900232865
15707-1492R-B-A2	X84440	91.987	1212	98	1223	0.0	1695	X84440
15707-1492R-B-A2	RS-GCF-900411315.1-NZ-LS990887.1--4	92.016	1212	98	1215	0.0	1693	RS-GCF-900411315.1-NZ-LS990887.1--4
15707-1492R-B-A2	G000418365	91.565	1212	100	1233	0.0	1693	G000418365
15707-1492R-B-A2	CP003696	91.565	1212	100	1233	0.0	1693	CP003696
15707-1492R-B-A2	G007904105	91.885	1212	99	1220	0.0	1692	G007904105
15707-1492R-B-A2	MJ020-1-barcode29-umi84099bins-ubs-4	92.724	1212	96	1182	0.0	1691	MJ020-1-barcode29-umi84099bins-ubs-4
15707-1492R-B-A2	MJ020-1-barcode29-umi122589bins-ubs-3	92.724	1212	96	1182	0.0	1691	MJ020-1-barcode29-umi122589bins-ubs-3
15707-1492R-B-A2	MJ020-1-barcode29-umi106929bins-ubs-3	92.724	1212	96	1182	0.0	1691	MJ020-1-barcode29-umi106929bins-ubs-3
15707-1492R-B-A2	MJ020-1-barcode29-umi116856bins-ubs-3	92.724	1212	96	1182	0.0	1691	MJ020-1-barcode29-umi116856bins-ubs-3
15707-1492R-B-A2	Y14651	92.212	1212	98	1207	0.0	1691	Y14651
15707-1492R-B-A2	RS-GCF-002287505.1-NZ-CP019688.1	91.961	1212	99	1219	0.0	1690	RS-GCF-002287505.1-NZ-CP019688.1
15707-1492R-B-A2	RS-GCF-002285155.1-NZ-NSGL01000002.1	91.997	1212	98	1212	0.0	1690	RS-GCF-002285155.1-NZ-NSGL01000002.1
15707-1492R-B-A2	AJ222815	91.579	1212	100	1235	0.0	1690	AJ222815
15707-1492R-B-A2	GB-GCA-019209905.1-JAHUTM010000005.1	92.450	1212	97	1192	0.0	1688	GB-GCA-019209905.1-JAHUTM010000005.1
15707-1492R-B-A2	RS-GCF-001643015.1-NZ-CP015622.1--3	92.123	1212	98	1206	0.0	1686	RS-GCF-001643015.1-NZ-CP015622.1--3
15707-1492R-B-A2	CP015622	92.123	1212	98	1206	0.0	1686	CP015622
15707-1492R-B-A2	RS-GCF-001643015.1-NZ-CP015622.1	92.040	1212	98	1206	0.0	1683	RS-GCF-001643015.1-NZ-CP015622.1
15707-1492R-B-A2	G001054945	91.491	1212	100	1234	0.0	1683	G001054945
15707-1492R-B-A2	RS-GCF-017876455.1-NZ-JAGINY010000001.1--3	92.555	1212	96	1182	0.0	1682	RS-GCF-017876455.1-NZ-JAGINY010000001.1--3
15707-1492R-B-A2	RS-GCF-017876455.1-NZ-JAGINY010000001.1	92.555	1212	96	1182	0.0	1682	RS-GCF-017876455.1-NZ-JAGINY010000001.1
15707-1492R-B-A2	G000758965	92.555	1212	96	1182	0.0	1682	G000758965
15707-1492R-B-A2	MJ006-1-barcode36-umi156623bins-ubs-3	91.708	1212	99	1218	0.0	1682	MJ006-1-barcode36-umi156623bins-ubs-3
15707-1492R-B-A2	GB-GCA-019209955.1-JAHUTL010000008.1	91.667	1212	99	1224	0.0	1681	GB-GCA-019209955.1-JAHUTL010000008.1
15707-1492R-B-A2	RS-GCF-008930885.1-NZ-PQMP01000014.1	91.667	1212	99	1224	0.0	1681	RS-GCF-008930885.1-NZ-PQMP01000014.1
15707-1492R-B-A2	AJ555193	91.680	1212	99	1226	0.0	1681	AJ555193
15707-1492R-B-A2	RS-GCF-008930935.1-NZ-PQMR01000022.1	91.660	1212	99	1223	0.0	1679	RS-GCF-008930935.1-NZ-PQMR01000022.1
15707-1492R-B-A2	G009734425	91.470	1212	99	1231	0.0	1679	G009734425
15707-1492R-B-A2	AJ504424	92.347	1212	96	1189	0.0	1675	AJ504424
15707-1492R-B-A2	RS-GCF-017638445.1-NZ-CP072111.1	92.185	1212	97	1190	0.0	1673	RS-GCF-017638445.1-NZ-CP072111.1
15707-1492R-B-A2	AB595944	92.050	1212	97	1195	0.0	1673	AB595944
15707-1492R-B-A2	RS-GCF-000688435.1-NZ-JIAJ01000025.1	91.429	1212	99	1225	0.0	1672	RS-GCF-000688435.1-NZ-JIAJ01000025.1
15707-1492R-B-A2	G000372385	93.872	1212	92	1126	0.0	1672	G000372385
15707-1492R-B-A2	G000341345	91.429	1212	99	1225	0.0	1672	G000341345
15707-1492R-B-A2	CP003697	91.429	1212	99	1225	0.0	1672	CP003697
15707-1492R-B-A2	Z97069	91.926	1212	96	1189	0.0	1671	Z97069
15707-1492R-B-A2	RS-GCF-000767255.1-NZ-JRVJ01000003.1	92.050	1212	97	1195	0.0	1670	RS-GCF-000767255.1-NZ-JRVJ01000003.1
15707-1492R-B-A2	RS-GCF-900078305.2-NZ-LT546028.1--2	91.530	1212	99	1216	0.0	1669	RS-GCF-900078305.2-NZ-LT546028.1--2
