A8_1492R	RS-GCF-000247125.1-NZ-AHLF01000032.1	97.568	1110	99	1110	0.0	1818	RS-GCF-000247125.1-NZ-AHLF01000032.1
A8_1492R	RS-GCF-001622495.1-NZ-LWCW01000070.1	97.568	1110	99	1110	0.0	1818	RS-GCF-001622495.1-NZ-LWCW01000070.1
A8_1492R	RS-GCF-001659125.1-NZ-LYSH01000037.1	97.568	1110	99	1110	0.0	1818	RS-GCF-001659125.1-NZ-LYSH01000037.1
A8_1492R	RS-GCF-001622445.1-NZ-LWBW01000018.1	97.568	1110	99	1110	0.0	1818	RS-GCF-001622445.1-NZ-LWBW01000018.1
A8_1492R	RS-GCF-003979975.1-NZ-LUBS01000131.1	97.568	1110	99	1110	0.0	1818	RS-GCF-003979975.1-NZ-LUBS01000131.1
A8_1492R	RS-GCF-001070565.1-NZ-JVSY01000107.1	97.568	1110	99	1110	0.0	1818	RS-GCF-001070565.1-NZ-JVSY01000107.1
A8_1492R	RS-GCF-001465385.1-NZ-JRVP01000053.1	97.568	1110	99	1110	0.0	1818	RS-GCF-001465385.1-NZ-JRVP01000053.1
A8_1492R	RS-GCF-009897365.1-NZ-SHFF01000044.1	97.568	1110	99	1110	0.0	1818	RS-GCF-009897365.1-NZ-SHFF01000044.1
A8_1492R	RS-GCF-001622835.1-NZ-LWBG01000080.1	97.568	1110	99	1110	0.0	1818	RS-GCF-001622835.1-NZ-LWBG01000080.1
A8_1492R	RS-GCF-001658785.1-NZ-LXRV01000011.1	97.568	1110	99	1110	0.0	1818	RS-GCF-001658785.1-NZ-LXRV01000011.1
A8_1492R	RS-GCF-003980055.1-NZ-LUBM01000100.1	97.568	1110	99	1110	0.0	1818	RS-GCF-003980055.1-NZ-LUBM01000100.1
A8_1492R	RS-GCF-011306775.1-NZ-CP043781.1	97.568	1110	99	1110	0.0	1818	RS-GCF-011306775.1-NZ-CP043781.1
A8_1492R	RS-GCF-001659475.1-NZ-LYWF01000028.1	97.568	1110	99	1110	0.0	1818	RS-GCF-001659475.1-NZ-LYWF01000028.1
A8_1492R	RS-GCF-008922385.1-NZ-WBQK01000040.1	97.568	1110	99	1110	0.0	1818	RS-GCF-008922385.1-NZ-WBQK01000040.1
A8_1492R	RS-GCF-008922375.1-NZ-WBQL01000044.1	97.568	1110	99	1110	0.0	1818	RS-GCF-008922375.1-NZ-WBQL01000044.1
A8_1492R	RS-GCF-001658715.1-NZ-LXRX01000037.1	97.568	1110	99	1110	0.0	1818	RS-GCF-001658715.1-NZ-LXRX01000037.1
A8_1492R	RS-GCF-003980155.1-NZ-LUBV01000051.1	97.568	1110	99	1110	0.0	1818	RS-GCF-003980155.1-NZ-LUBV01000051.1
A8_1492R	RS-GCF-001658535.1-NZ-LYQA01000020.1	97.568	1110	99	1110	0.0	1818	RS-GCF-001658535.1-NZ-LYQA01000020.1
A8_1492R	RS-GCF-000410915.1-NZ-ARWU01000102.1	97.568	1110	99	1110	0.0	1818	RS-GCF-000410915.1-NZ-ARWU01000102.1
A8_1492R	RS-GCF-006094375.1-NZ-CP035288.1	97.568	1110	99	1110	0.0	1818	RS-GCF-006094375.1-NZ-CP035288.1
A8_1492R	RS-GCF-003980205.1-NZ-MNBF01000052.1	97.568	1110	99	1110	0.0	1818	RS-GCF-003980205.1-NZ-MNBF01000052.1
A8_1492R	RS-GCF-003979985.1-NZ-LUBT01000109.1	97.568	1110	99	1110	0.0	1818	RS-GCF-003979985.1-NZ-LUBT01000109.1
A8_1492R	RS-GCF-003859985.1-NZ-RQYG01000064.1	97.568	1110	99	1110	0.0	1818	RS-GCF-003859985.1-NZ-RQYG01000064.1
A8_1492R	RS-GCF-900205795.1-NZ-OAOB01000025.1	97.568	1110	99	1110	0.0	1818	RS-GCF-900205795.1-NZ-OAOB01000025.1
A8_1492R	RS-GCF-002215535.1-NZ-CP022247.1--6	97.568	1110	99	1110	0.0	1818	RS-GCF-002215535.1-NZ-CP022247.1--6
A8_1492R	RS-GCF-000705075.1-NZ-JMID01000002.1	97.568	1110	99	1110	0.0	1818	RS-GCF-000705075.1-NZ-JMID01000002.1
A8_1492R	RS-GCF-000759555.1-NZ-CP009046.1	97.568	1110	99	1110	0.0	1818	RS-GCF-000759555.1-NZ-CP009046.1
A8_1492R	GB-GCA-001658655.1-LXRP01000038.1	97.568	1110	99	1110	0.0	1818	GB-GCA-001658655.1-LXRP01000038.1
A8_1492R	RS-GCF-003980195.1-NZ-LUBX01000012.1	97.568	1110	99	1110	0.0	1818	RS-GCF-003980195.1-NZ-LUBX01000012.1
A8_1492R	RS-GCF-001072885.1-NZ-JVHR01000007.1	97.568	1110	99	1110	0.0	1818	RS-GCF-001072885.1-NZ-JVHR01000007.1
A8_1492R	GB-GCA-003687755.1-RDFC01000075.1	97.568	1110	99	1110	0.0	1818	GB-GCA-003687755.1-RDFC01000075.1
A8_1492R	RS-GCF-006742205.1-NZ-AP019721.1--6	97.568	1110	99	1110	0.0	1818	RS-GCF-006742205.1-NZ-AP019721.1--6
A8_1492R	RS-GCF-001662985.1-NZ-LYYX01000031.1	97.568	1110	99	1110	0.0	1818	RS-GCF-001662985.1-NZ-LYYX01000031.1
A8_1492R	RS-GCF-001658625.1-NZ-LXRQ01000031.1	97.568	1110	99	1110	0.0	1818	RS-GCF-001658625.1-NZ-LXRQ01000031.1
A8_1492R	RS-GCF-000011925.1-NC-002976.3--3	97.568	1110	99	1110	0.0	1818	RS-GCF-000011925.1-NC-002976.3--3
A8_1492R	G008763925	97.568	1110	99	1110	0.0	1818	G008763925
A8_1492R	G008349105	97.568	1110	99	1110	0.0	1818	G008349105
A8_1492R	G000245655	97.568	1110	99	1110	0.0	1818	G000245655
A8_1492R	D83363	97.568	1110	99	1110	0.0	1818	D83363
A8_1492R	MJ006-1-barcode27-umi62770bins-ubs-9	97.568	1110	99	1110	0.0	1818	MJ006-1-barcode27-umi62770bins-ubs-9
A8_1492R	MJ006-1-barcode27-umi141267bins-ubs-3	97.568	1110	99	1110	0.0	1818	MJ006-1-barcode27-umi141267bins-ubs-3
A8_1492R	MJ006-1-barcode27-umi155401bins-ubs-3	97.568	1110	99	1110	0.0	1818	MJ006-1-barcode27-umi155401bins-ubs-3
A8_1492R	RS-GCF-000705055.1-NZ-JMIE01000043.1	97.477	1110	99	1110	0.0	1813	RS-GCF-000705055.1-NZ-JMIE01000043.1
A8_1492R	RS-GCF-004374765.1-NZ-SNNA01000058.1	97.477	1110	99	1110	0.0	1813	RS-GCF-004374765.1-NZ-SNNA01000058.1
A8_1492R	RS-GCF-000783535.2-NZ-JTAY02000002.1--3	97.477	1110	99	1110	0.0	1813	RS-GCF-000783535.2-NZ-JTAY02000002.1--3
A8_1492R	RS-GCF-902509525.1-NZ-LR735432.1--2	97.477	1110	99	1110	0.0	1813	RS-GCF-902509525.1-NZ-LR735432.1--2
A8_1492R	RS-GCF-001837955.1-NZ-KV834845.1	97.477	1110	99	1110	0.0	1813	RS-GCF-001837955.1-NZ-KV834845.1
A8_1492R	RS-GCF-902509515.1-NZ-LR735437.1--5	97.477	1110	99	1110	0.0	1813	RS-GCF-902509515.1-NZ-LR735437.1--5
A8_1492R	RS-GCF-000627055.1-NZ-JHQC01000040.1	97.477	1110	99	1110	0.0	1813	RS-GCF-000627055.1-NZ-JHQC01000040.1
A8_1492R	RS-GCF-000417965.2-NZ-ATCV02000047.1	97.477	1110	99	1110	0.0	1813	RS-GCF-000417965.2-NZ-ATCV02000047.1
A8_1492R	RS-GCF-008922245.1-NZ-WBQC01000008.1	97.477	1110	99	1110	0.0	1813	RS-GCF-008922245.1-NZ-WBQC01000008.1
A8_1492R	RS-GCF-002087975.1-NZ-NARC01000024.1	97.477	1110	99	1110	0.0	1813	RS-GCF-002087975.1-NZ-NARC01000024.1
A8_1492R	RS-GCF-011306775.1-NZ-CP043781.1--4	97.477	1110	99	1110	0.0	1813	RS-GCF-011306775.1-NZ-CP043781.1--4
A8_1492R	RS-GCF-002085695.1-NZ-CP020463.1--6	97.477	1110	99	1110	0.0	1813	RS-GCF-002085695.1-NZ-CP020463.1--6
A8_1492R	RS-GCF-011306595.1-NZ-CP043777.1--5	97.477	1110	99	1110	0.0	1813	RS-GCF-011306595.1-NZ-CP043777.1--5
A8_1492R	RS-GCF-003578045.1-NZ-QXSL01000097.1	97.477	1110	99	1110	0.0	1813	RS-GCF-003578045.1-NZ-QXSL01000097.1
A8_1492R	RS-GCF-001075805.1-NZ-JUML01000010.1	97.477	1110	99	1110	0.0	1813	RS-GCF-001075805.1-NZ-JUML01000010.1
A8_1492R	RS-GCF-001659245.1-NZ-LYVU01000043.1	97.477	1110	99	1110	0.0	1813	RS-GCF-001659245.1-NZ-LYVU01000043.1
A8_1492R	RS-GCF-000247185.1-NZ-AHLI01000009.1	97.477	1110	99	1110	0.0	1813	RS-GCF-000247185.1-NZ-AHLI01000009.1
A8_1492R	RS-GCF-011307475.1-NZ-CP043792.1--6	97.477	1110	99	1110	0.0	1813	RS-GCF-011307475.1-NZ-CP043792.1--6
A8_1492R	RS-GCF-902363495.1-NZ-CABJAG010000011.1	97.477	1110	99	1110	0.0	1813	RS-GCF-902363495.1-NZ-CABJAG010000011.1
A8_1492R	RS-GCF-008923085.1-NZ-WBRT01000039.1	97.477	1110	99	1110	0.0	1813	RS-GCF-008923085.1-NZ-WBRT01000039.1
A8_1492R	RS-GCF-900458585.1-NZ-UHDD01000001.1--6	97.477	1110	99	1110	0.0	1813	RS-GCF-900458585.1-NZ-UHDD01000001.1--6
A8_1492R	RS-GCF-016406625.1-NZ-CP066376.1--4	97.477	1110	99	1110	0.0	1813	RS-GCF-016406625.1-NZ-CP066376.1--4
A8_1492R	RS-GCF-007678185.1-NZ-VEEC01000021.1	97.477	1110	99	1110	0.0	1813	RS-GCF-007678185.1-NZ-VEEC01000021.1
A8_1492R	RS-GCF-016903575.1-NZ-CP069954.1--6	97.477	1110	99	1110	0.0	1813	RS-GCF-016903575.1-NZ-CP069954.1--6
A8_1492R	RS-GCF-016903575.1-NZ-CP069954.1	97.477	1110	99	1110	0.0	1813	RS-GCF-016903575.1-NZ-CP069954.1
A8_1492R	RS-GCF-003856395.1-NZ-CP034111.1	97.477	1110	99	1110	0.0	1813	RS-GCF-003856395.1-NZ-CP034111.1
A8_1492R	RS-GCF-001956655.1-NZ-CP018842.1--5	97.477	1110	99	1110	0.0	1813	RS-GCF-001956655.1-NZ-CP018842.1--5
A8_1492R	RS-GCF-014334295.1-NZ-CP060528.1--6	97.477	1110	99	1110	0.0	1813	RS-GCF-014334295.1-NZ-CP060528.1--6
A8_1492R	RS-GCF-001072245.1-NZ-JVLY01000033.1	97.477	1110	99	1110	0.0	1813	RS-GCF-001072245.1-NZ-JVLY01000033.1
A8_1492R	RS-GCF-016904135.1-NZ-CP070057.1--5	97.477	1110	99	1110	0.0	1813	RS-GCF-016904135.1-NZ-CP070057.1--5
A8_1492R	RS-GCF-902509485.1-NZ-LR735421.1	97.477	1110	99	1110	0.0	1813	RS-GCF-902509485.1-NZ-LR735421.1
A8_1492R	RS-GCF-013317125.1-NZ-CP040883.1--6	97.477	1110	99	1110	0.0	1813	RS-GCF-013317125.1-NZ-CP040883.1--6
A8_1492R	RS-GCF-013317125.1-NZ-CP040883.1--2	97.477	1110	99	1110	0.0	1813	RS-GCF-013317125.1-NZ-CP040883.1--2
A8_1492R	RS-GCF-009769125.1-NZ-CP043847.1--6	97.477	1110	99	1110	0.0	1813	RS-GCF-009769125.1-NZ-CP043847.1--6
A8_1492R	RS-GCF-006151885.1-NZ-VDEO01000040.1	97.477	1110	99	1110	0.0	1813	RS-GCF-006151885.1-NZ-VDEO01000040.1
A8_1492R	RS-GCF-000705035.1-NZ-JMIF01000035.1	97.477	1110	99	1110	0.0	1813	RS-GCF-000705035.1-NZ-JMIF01000035.1
A8_1492R	RS-GCF-011307235.1-NZ-CP043788.1--5	97.477	1110	99	1110	0.0	1813	RS-GCF-011307235.1-NZ-CP043788.1--5
A8_1492R	RS-GCF-011307235.1-NZ-CP043788.1--4	97.477	1110	99	1110	0.0	1813	RS-GCF-011307235.1-NZ-CP043788.1--4
A8_1492R	RS-GCF-000418165.2-NZ-ATDH02000015.1	97.477	1110	99	1110	0.0	1813	RS-GCF-000418165.2-NZ-ATDH02000015.1
A8_1492R	RS-GCF-000418165.2-NZ-ATDH02000089.1	97.477	1110	99	1110	0.0	1813	RS-GCF-000418165.2-NZ-ATDH02000089.1
A8_1492R	RS-GCF-900458645.1-NZ-UHDH01000002.1--3	97.477	1110	99	1110	0.0	1813	RS-GCF-900458645.1-NZ-UHDH01000002.1--3
A8_1492R	RS-GCF-900458645.1-NZ-UHDH01000002.1--2	97.477	1110	99	1110	0.0	1813	RS-GCF-900458645.1-NZ-UHDH01000002.1--2
A8_1492R	RS-GCF-003577825.1-NZ-QXSQ01000156.1	97.477	1110	99	1110	0.0	1813	RS-GCF-003577825.1-NZ-QXSQ01000156.1
A8_1492R	RS-GCF-009897305.1-NZ-SHFB01000041.1	97.477	1110	99	1110	0.0	1813	RS-GCF-009897305.1-NZ-SHFB01000041.1
A8_1492R	RS-GCF-016903555.1-NZ-CP069951.1--6	97.477	1110	99	1110	0.0	1813	RS-GCF-016903555.1-NZ-CP069951.1--6
A8_1492R	RS-GCF-000418085.2-NZ-ATDD02000024.1	97.477	1110	99	1110	0.0	1813	RS-GCF-000418085.2-NZ-ATDD02000024.1
A8_1492R	RS-GCF-016834475.1-NZ-CP069215.1--6	97.477	1110	99	1110	0.0	1813	RS-GCF-016834475.1-NZ-CP069215.1--6
A8_1492R	RS-GCF-000011925.1-NC-002976.3--5	97.477	1110	99	1110	0.0	1813	RS-GCF-000011925.1-NC-002976.3--5
A8_1492R	RS-GCF-000276365.1-NZ-AKGR01000002.1	97.477	1110	99	1110	0.0	1813	RS-GCF-000276365.1-NZ-AKGR01000002.1
A8_1492R	RS-GCF-000703025.1-NZ-JNLI01000004.1--5	97.477	1110	99	1110	0.0	1813	RS-GCF-000703025.1-NZ-JNLI01000004.1--5
A8_1492R	RS-GCF-000703025.1-NZ-JNLI01000004.1	97.477	1110	99	1110	0.0	1813	RS-GCF-000703025.1-NZ-JNLI01000004.1
A8_1492R	G000007645	97.477	1110	99	1110	0.0	1813	G000007645
A8_1492R	MJ033-1-barcode35-umi8154bins-ubs-42	97.477	1110	99	1110	0.0	1813	MJ033-1-barcode35-umi8154bins-ubs-42
A8_1492R	MJ020-1-barcode32-umi7281bins-ubs-48	97.477	1110	99	1110	0.0	1813	MJ020-1-barcode32-umi7281bins-ubs-48
A8_1492R	MJ031-1-barcode35-umi11097bins-ubs-46	97.477	1110	99	1110	0.0	1813	MJ031-1-barcode35-umi11097bins-ubs-46
A8_1492R	MJ006-1-barcode27-umi12109bins-ubs-17	97.477	1110	99	1110	0.0	1813	MJ006-1-barcode27-umi12109bins-ubs-17
A8_1492R	MJ006-1-barcode27-umi11382bins-ubs-18	97.477	1110	99	1110	0.0	1813	MJ006-1-barcode27-umi11382bins-ubs-18
A8_1492R	MJ006-2-barcode71-umi61039bins-ubs-7	97.477	1110	99	1110	0.0	1813	MJ006-2-barcode71-umi61039bins-ubs-7
A8_1492R	MJ006-2-barcode65-umi17920bins-ubs-15	97.477	1110	99	1110	0.0	1813	MJ006-2-barcode65-umi17920bins-ubs-15
A8_1492R	RS-GCF-900458815.1-NZ-UHDZ01000001.1	97.475	1110	99	1109	0.0	1811	RS-GCF-900458815.1-NZ-UHDZ01000001.1
A8_1492R	RS-GCF-002954055.1-NZ-CP014132.1--2	97.480	1110	99	1111	0.0	1811	RS-GCF-002954055.1-NZ-CP014132.1--2
A8_1492R	RS-GCF-002954055.1-NZ-CP014132.1--4	97.477	1110	99	1110	0.0	1810	RS-GCF-002954055.1-NZ-CP014132.1--4
A8_1492R	RS-GCF-902509535.1-NZ-LR735440.1--6	97.477	1110	99	1110	0.0	1810	RS-GCF-902509535.1-NZ-LR735440.1--6
A8_1492R	GB-GCA-001298115.1-LGJG01000041.1	97.477	1110	99	1110	0.0	1810	GB-GCA-001298115.1-LGJG01000041.1
A8_1492R	RS-GCF-016026915.1-NZ-CP065656.1--5	97.477	1110	99	1110	0.0	1810	RS-GCF-016026915.1-NZ-CP065656.1--5
A8_1492R	RS-GCF-016026915.1-NZ-CP065656.1--2	97.477	1110	99	1110	0.0	1810	RS-GCF-016026915.1-NZ-CP065656.1--2
A8_1492R	RS-GCF-014490515.1-NZ-CP061029.1	97.387	1110	99	1110	0.0	1809	RS-GCF-014490515.1-NZ-CP061029.1
A8_1492R	RS-GCF-009896875.1-NZ-SHEI01000044.1	97.387	1110	99	1110	0.0	1809	RS-GCF-009896875.1-NZ-SHEI01000044.1
A8_1492R	RS-GCF-011307015.1-NZ-CP043784.1--6	97.387	1110	99	1110	0.0	1809	RS-GCF-011307015.1-NZ-CP043784.1--6
A8_1492R	RS-GCF-003325735.1-NZ-CP030246.1--2	97.387	1110	99	1110	0.0	1809	RS-GCF-003325735.1-NZ-CP030246.1--2
A8_1492R	RS-GCF-011306775.1-NZ-CP043781.1--5	97.387	1110	99	1110	0.0	1809	RS-GCF-011306775.1-NZ-CP043781.1--5
A8_1492R	RS-GCF-011306595.1-NZ-CP043777.1--2	97.387	1110	99	1110	0.0	1809	RS-GCF-011306595.1-NZ-CP043777.1--2
A8_1492R	RS-GCF-000362145.1-NZ-KB821726.1	97.387	1110	99	1110	0.0	1809	RS-GCF-000362145.1-NZ-KB821726.1
A8_1492R	GB-GCA-004920235.1-AFTV01000090.1	97.387	1110	99	1110	0.0	1809	GB-GCA-004920235.1-AFTV01000090.1
A8_1492R	RS-GCF-011307695.1-NZ-CP043801.1--3	97.387	1110	99	1110	0.0	1809	RS-GCF-011307695.1-NZ-CP043801.1--3
A8_1492R	RS-GCF-902509505.1-NZ-LR735434.1--6	97.387	1110	99	1110	0.0	1809	RS-GCF-902509505.1-NZ-LR735434.1--6
A8_1492R	RS-GCF-016406625.1-NZ-CP066376.1--2	97.387	1110	99	1110	0.0	1809	RS-GCF-016406625.1-NZ-CP066376.1--2
A8_1492R	GB-GCA-000239515.2-AGUC01000056.1	97.387	1110	99	1110	0.0	1809	GB-GCA-000239515.2-AGUC01000056.1
A8_1492R	RS-GCF-003035705.1-NZ-PYYT01000114.1	97.387	1110	99	1110	0.0	1809	RS-GCF-003035705.1-NZ-PYYT01000114.1
A8_1492R	RS-GCF-001956655.1-NZ-CP018842.1	97.387	1110	99	1110	0.0	1809	RS-GCF-001956655.1-NZ-CP018842.1
A8_1492R	RS-GCF-014489335.1-NZ-CP060794.1--6	97.387	1110	99	1110	0.0	1809	RS-GCF-014489335.1-NZ-CP060794.1--6
A8_1492R	RS-GCF-002215535.1-NZ-CP022247.1--2	97.387	1110	99	1110	0.0	1809	RS-GCF-002215535.1-NZ-CP022247.1--2
A8_1492R	RS-GCF-016026915.1-NZ-CP065656.1--6	97.387	1110	99	1110	0.0	1809	RS-GCF-016026915.1-NZ-CP065656.1--6
A8_1492R	RS-GCF-900458645.1-NZ-UHDH01000002.1--6	97.387	1110	99	1110	0.0	1809	RS-GCF-900458645.1-NZ-UHDH01000002.1--6
A8_1492R	RS-GCF-900458645.1-NZ-UHDH01000002.1	97.387	1110	99	1110	0.0	1809	RS-GCF-900458645.1-NZ-UHDH01000002.1
A8_1492R	MJ009-2-barcode63-umi153bins-ubs-1233	97.387	1110	99	1110	0.0	1809	MJ009-2-barcode63-umi153bins-ubs-1233
A8_1492R	MJ005-barcode65-umi4676bins-ubs-37	97.387	1110	99	1110	0.0	1809	MJ005-barcode65-umi4676bins-ubs-37
A8_1492R	MJ005-barcode35-umi8548bins-ubs-23	97.387	1110	99	1110	0.0	1809	MJ005-barcode35-umi8548bins-ubs-23
A8_1492R	MJ006-1-barcode27-umi11114bins-ubs-20	97.387	1110	99	1110	0.0	1809	MJ006-1-barcode27-umi11114bins-ubs-20
A8_1492R	MJ006-1-barcode27-umi11986bins-ubs-19	97.387	1110	99	1110	0.0	1809	MJ006-1-barcode27-umi11986bins-ubs-19
A8_1492R	MJ006-1-barcode34-umi21823bins-ubs-12	97.387	1110	99	1110	0.0	1809	MJ006-1-barcode34-umi21823bins-ubs-12
A8_1492R	MJ006-1-barcode28-umi92548bins-ubs-5	97.387	1110	99	1110	0.0	1809	MJ006-1-barcode28-umi92548bins-ubs-5
A8_1492R	RS-GCF-900458815.1-NZ-UHDZ01000001.1--3	97.385	1110	99	1109	0.0	1807	RS-GCF-900458815.1-NZ-UHDZ01000001.1--3
A8_1492R	AB009935	97.385	1110	99	1109	0.0	1807	AB009935
A8_1492R	AB646616	97.385	1110	99	1109	0.0	1807	AB646616
A8_1492R	AB009937	97.385	1110	99	1109	0.0	1807	AB009937
A8_1492R	RS-GCF-001075835.1-NZ-JULX01000113.1	97.387	1110	99	1110	0.0	1806	RS-GCF-001075835.1-NZ-JULX01000113.1
A8_1492R	RS-GCF-003856455.1-NZ-CP034115.1--6	97.387	1110	99	1110	0.0	1805	RS-GCF-003856455.1-NZ-CP034115.1--6
A8_1492R	RS-GCF-902509535.1-NZ-LR735440.1	97.387	1110	99	1110	0.0	1805	RS-GCF-902509535.1-NZ-LR735440.1
A8_1492R	RS-GCF-001956655.1-NZ-CP018842.1--2	97.387	1110	99	1110	0.0	1805	RS-GCF-001956655.1-NZ-CP018842.1--2
A8_1492R	RS-GCF-016026915.1-NZ-CP065656.1	97.387	1110	99	1110	0.0	1805	RS-GCF-016026915.1-NZ-CP065656.1
A8_1492R	RS-GCF-902509485.1-NZ-LR735421.1--5	97.387	1110	99	1110	0.0	1805	RS-GCF-902509485.1-NZ-LR735421.1--5
A8_1492R	RS-GCF-014489335.1-NZ-CP060794.1--2	97.297	1110	99	1110	0.0	1804	RS-GCF-014489335.1-NZ-CP060794.1--2
A8_1492R	RS-GCF-902509495.1-NZ-LR735429.1--6	97.297	1110	99	1110	0.0	1804	RS-GCF-902509495.1-NZ-LR735429.1--6
A8_1492R	RS-GCF-902509485.1-NZ-LR735421.1--4	97.297	1110	99	1110	0.0	1804	RS-GCF-902509485.1-NZ-LR735421.1--4
A8_1492R	MJ030-1-barcode36-umi2022bins-ubs-102	97.297	1110	99	1110	0.0	1804	MJ030-1-barcode36-umi2022bins-ubs-102
A8_1492R	MJ005-barcode35-umi14642bins-ubs-15	97.297	1110	99	1110	0.0	1804	MJ005-barcode35-umi14642bins-ubs-15
A8_1492R	MJ006-1-barcode37-umi38836bins-ubs-8	97.297	1110	99	1110	0.0	1804	MJ006-1-barcode37-umi38836bins-ubs-8
A8_1492R	RS-GCF-000177115.1-NZ-ADEY01000016.1	97.390	1110	99	1111	0.0	1803	RS-GCF-000177115.1-NZ-ADEY01000016.1
A8_1492R	RS-GCF-016791585.1-NZ-JAENGU010000009.1	97.295	1110	99	1109	0.0	1802	RS-GCF-016791585.1-NZ-JAENGU010000009.1
A8_1492R	RS-GCF-004291105.1-NZ-QHKD01000010.1	97.295	1110	99	1109	0.0	1802	RS-GCF-004291105.1-NZ-QHKD01000010.1
A8_1492R	RS-GCF-001073835.1-NZ-JUYG01000048.1	97.295	1110	99	1109	0.0	1802	RS-GCF-001073835.1-NZ-JUYG01000048.1
A8_1492R	RS-GCF-013267675.1-NZ-CP053957.1--5	97.295	1110	99	1109	0.0	1802	RS-GCF-013267675.1-NZ-CP053957.1--5
A8_1492R	RS-GCF-901482635.1-NZ-CABEEX010000003.1--6	97.295	1110	99	1109	0.0	1802	RS-GCF-901482635.1-NZ-CABEEX010000003.1--6
A8_1492R	RS-GCF-015274185.1-NZ-JACGPS010000019.1	97.295	1110	99	1109	0.0	1802	RS-GCF-015274185.1-NZ-JACGPS010000019.1
A8_1492R	RS-GCF-001069195.1-NZ-JWDH01000068.1	97.295	1110	99	1109	0.0	1802	RS-GCF-001069195.1-NZ-JWDH01000068.1
A8_1492R	RS-GCF-001809655.1-NZ-KV798357.1	97.295	1110	99	1109	0.0	1802	RS-GCF-001809655.1-NZ-KV798357.1
A8_1492R	RS-GCF-001065645.1-NZ-JVAJ01000076.1	97.295	1110	99	1109	0.0	1802	RS-GCF-001065645.1-NZ-JVAJ01000076.1
A8_1492R	RS-GCF-001650475.1-NZ-LWCQ01000014.1	97.295	1110	99	1109	0.0	1802	RS-GCF-001650475.1-NZ-LWCQ01000014.1
A8_1492R	RS-GCF-900138955.1-NZ-FVTG01000022.1	97.295	1110	99	1109	0.0	1802	RS-GCF-900138955.1-NZ-FVTG01000022.1
A8_1492R	G001471555	97.295	1110	99	1109	0.0	1802	G001471555
A8_1492R	MJ005-barcode33-umi4907bins-ubs-37	97.295	1110	99	1109	0.0	1802	MJ005-barcode33-umi4907bins-ubs-37
A8_1492R	RS-GCF-000177115.1-NZ-ADEY01000022.1--2	97.387	1110	99	1110	0.0	1801	RS-GCF-000177115.1-NZ-ADEY01000022.1--2
A8_1492R	RS-GCF-902509505.1-NZ-LR735434.1	97.297	1110	99	1110	0.0	1801	RS-GCF-902509505.1-NZ-LR735434.1
A8_1492R	RS-GCF-000177115.1-NZ-ADEY01000003.1	97.297	1110	99	1110	0.0	1801	RS-GCF-000177115.1-NZ-ADEY01000003.1
A8_1492R	RS-GCF-003812425.1-NZ-CP033782.1	97.297	1110	99	1110	0.0	1801	RS-GCF-003812425.1-NZ-CP033782.1
A8_1492R	RS-GCF-002931555.1-NZ-PSTZ01000013.1	97.207	1110	99	1110	0.0	1800	RS-GCF-002931555.1-NZ-PSTZ01000013.1
A8_1492R	RS-GCF-006546865.1-NZ-RYDR01000031.1--3	97.205	1110	99	1109	0.0	1798	RS-GCF-006546865.1-NZ-RYDR01000031.1--3
A8_1492R	RS-GCF-002591175.1-NZ-CP023966.1--6	97.205	1110	99	1109	0.0	1798	RS-GCF-002591175.1-NZ-CP023966.1--6
A8_1492R	RS-GCF-901482635.1-NZ-CABEEX010000003.1--4	97.205	1110	99	1109	0.0	1798	RS-GCF-901482635.1-NZ-CABEEX010000003.1--4
A8_1492R	RS-GCF-001073365.1-NZ-JVCA01000021.1	97.205	1110	99	1109	0.0	1798	RS-GCF-001073365.1-NZ-JVCA01000021.1
A8_1492R	RS-GCF-000712995.1-NZ-JGYJ01000027.1	97.205	1110	99	1109	0.0	1798	RS-GCF-000712995.1-NZ-JGYJ01000027.1
A8_1492R	RS-GCF-015243435.1-NZ-CP042341.1--6	97.205	1110	99	1109	0.0	1798	RS-GCF-015243435.1-NZ-CP042341.1--6
A8_1492R	RS-GCF-015243435.1-NZ-CP042341.1--2	97.205	1110	99	1109	0.0	1798	RS-GCF-015243435.1-NZ-CP042341.1--2
A8_1492R	RS-GCF-003578385.1-NZ-QXRM01000102.1	97.205	1110	99	1109	0.0	1798	RS-GCF-003578385.1-NZ-QXRM01000102.1
A8_1492R	RS-GCF-000418205.2-NZ-ATCY02000158.1	97.210	1110	99	1111	0.0	1798	RS-GCF-000418205.2-NZ-ATCY02000158.1
A8_1492R	G001028645	97.205	1110	99	1109	0.0	1798	G001028645
A8_1492R	L37599	97.205	1110	99	1109	0.0	1798	L37599
A8_1492R	MJ006-2-barcode58-umi63197bins-ubs-6	97.205	1110	99	1109	0.0	1798	MJ006-2-barcode58-umi63197bins-ubs-6
A8_1492R	MJ006-2-barcode58-umi181615bins-ubs-3	97.205	1110	99	1109	0.0	1798	MJ006-2-barcode58-umi181615bins-ubs-3
A8_1492R	RS-GCF-000177115.1-NZ-ADEY01000015.1	97.297	1110	99	1110	0.0	1797	RS-GCF-000177115.1-NZ-ADEY01000015.1
A8_1492R	RS-GCF-000759555.1-NZ-CP009046.1--4	97.295	1110	99	1109	0.0	1795	RS-GCF-000759555.1-NZ-CP009046.1--4
A8_1492R	RS-GCF-003966585.1-NZ-AP018585.1	97.115	1110	99	1109	0.0	1793	RS-GCF-003966585.1-NZ-AP018585.1
A8_1492R	RS-GCF-003040615.1-NZ-PZDB01000106.1	97.115	1110	99	1109	0.0	1793	RS-GCF-003040615.1-NZ-PZDB01000106.1
A8_1492R	RS-GCF-003578415.1-NZ-QXRO01000153.1	97.115	1110	99	1109	0.0	1793	RS-GCF-003578415.1-NZ-QXRO01000153.1
A8_1492R	MJ033-1-barcode35-umi3722bins-ubs-104	97.115	1110	99	1109	0.0	1793	MJ033-1-barcode35-umi3722bins-ubs-104
A8_1492R	MJ032-2-barcode71-umi1971bins-ubs-134	97.115	1110	99	1109	0.0	1793	MJ032-2-barcode71-umi1971bins-ubs-134
A8_1492R	MJ006-2-barcode58-umi31344bins-ubs-10	97.115	1110	99	1109	0.0	1793	MJ006-2-barcode58-umi31344bins-ubs-10
A8_1492R	RS-GCF-018916935.1-NZ-JAHLNS010000012.1	97.112	1110	98	1108	0.0	1792	RS-GCF-018916935.1-NZ-JAHLNS010000012.1
A8_1492R	RS-GCF-001659315.1-NZ-LYVT01000015.1	97.534	1110	97	1095	0.0	1791	RS-GCF-001659315.1-NZ-LYVT01000015.1
A8_1492R	RS-GCF-011307015.1-NZ-CP043784.1--2	97.027	1110	99	1110	0.0	1791	RS-GCF-011307015.1-NZ-CP043784.1--2
A8_1492R	RS-GCF-015243435.1-NZ-CP042341.1--5	97.115	1110	99	1109	0.0	1790	RS-GCF-015243435.1-NZ-CP042341.1--5
A8_1492R	RS-GCF-000177115.1-NZ-ADEY01000022.1	97.120	1110	99	1111	0.0	1790	RS-GCF-000177115.1-NZ-ADEY01000022.1
A8_1492R	RS-GCF-003966605.1-NZ-AP018586.1--5	97.024	1110	99	1109	0.0	1789	RS-GCF-003966605.1-NZ-AP018586.1--5
A8_1492R	RS-GCF-900458385.1-NZ-UHCW01000005.1--2	97.024	1110	99	1109	0.0	1789	RS-GCF-900458385.1-NZ-UHCW01000005.1--2
A8_1492R	RS-GCF-013267675.1-NZ-CP053957.1--6	97.024	1110	99	1109	0.0	1789	RS-GCF-013267675.1-NZ-CP053957.1--6
A8_1492R	RS-GCF-001469315.1-NZ-LNUS01000001.1--6	97.117	1110	99	1110	0.0	1789	RS-GCF-001469315.1-NZ-LNUS01000001.1--6
A8_1492R	RS-GCF-000177115.1-NZ-ADEY01000016.1--2	97.207	1110	99	1110	0.0	1789	RS-GCF-000177115.1-NZ-ADEY01000016.1--2
A8_1492R	RS-GCF-003966625.1-NZ-AP018587.1--5	97.027	1110	99	1110	0.0	1787	RS-GCF-003966625.1-NZ-AP018587.1--5
A8_1492R	RS-GCF-900458385.1-NZ-UHCW01000005.1--5	97.027	1110	99	1110	0.0	1787	RS-GCF-900458385.1-NZ-UHCW01000005.1--5
A8_1492R	RS-GCF-008728775.1-NZ-CP041726.1--5	96.937	1110	99	1110	0.0	1786	RS-GCF-008728775.1-NZ-CP041726.1--5
A8_1492R	RS-GCF-008728755.1-NZ-CP041725.1--6	96.937	1110	99	1110	0.0	1786	RS-GCF-008728755.1-NZ-CP041725.1--6
A8_1492R	RS-GCF-008728795.1-NZ-CP041727.1--5	96.937	1110	99	1110	0.0	1786	RS-GCF-008728795.1-NZ-CP041727.1--5
A8_1492R	JX139845	96.937	1110	99	1110	0.0	1786	JX139845
A8_1492R	MJ006-2-barcode58-umi148350bins-ubs-3	97.030	1110	99	1111	0.0	1785	MJ006-2-barcode58-umi148350bins-ubs-3
A8_1492R	RS-GCF-007814385.1-NZ-CP031271.1--6	96.934	1110	99	1109	0.0	1784	RS-GCF-007814385.1-NZ-CP031271.1--6
A8_1492R	RS-GCF-901482635.1-NZ-CABEEX010000003.1--5	96.934	1110	99	1109	0.0	1784	RS-GCF-901482635.1-NZ-CABEEX010000003.1--5
A8_1492R	RS-GCF-001469315.1-NZ-LNUS01000001.1--7	97.122	1110	99	1112	0.0	1784	RS-GCF-001469315.1-NZ-LNUS01000001.1--7
A8_1492R	RS-GCF-007667855.1-NZ-VDRX01000042.1	98.938	1110	93	1036	0.0	1783	RS-GCF-007667855.1-NZ-VDRX01000042.1
A8_1492R	RS-GCF-001069395.1-NZ-JVZO01000084.1	96.760	1110	99	1111	0.0	1783	RS-GCF-001069395.1-NZ-JVZO01000084.1
A8_1492R	RS-GCF-004745855.1-NZ-SRLF01000044.1	96.847	1110	99	1110	0.0	1782	RS-GCF-004745855.1-NZ-SRLF01000044.1
A8_1492R	RS-GCF-900458665.1-NZ-UHDU01000001.1--6	96.847	1110	99	1110	0.0	1782	RS-GCF-900458665.1-NZ-UHDU01000001.1--6
A8_1492R	RS-GCF-008728815.1-NZ-CP041722.1--4	96.847	1110	99	1110	0.0	1782	RS-GCF-008728815.1-NZ-CP041722.1--4
A8_1492R	RS-GCF-001558815.2-NZ-CP014023.2--2	96.847	1110	99	1110	0.0	1782	RS-GCF-001558815.2-NZ-CP014023.2--2
A8_1492R	RS-GCF-900474705.1-NZ-LS483312.1--6	96.847	1110	99	1110	0.0	1782	RS-GCF-900474705.1-NZ-LS483312.1--6
A8_1492R	RS-GCF-900474705.1-NZ-LS483312.1	96.847	1110	99	1110	0.0	1782	RS-GCF-900474705.1-NZ-LS483312.1
A8_1492R	RS-GCF-003579635.1-NZ-QXVP01000018.1	96.847	1110	99	1110	0.0	1782	RS-GCF-003579635.1-NZ-QXVP01000018.1
A8_1492R	RS-GCF-013364435.1-NZ-CP054883.1--5	96.847	1110	99	1110	0.0	1782	RS-GCF-013364435.1-NZ-CP054883.1--5
A8_1492R	RS-GCF-013267575.1-NZ-CP054006.1--4	96.847	1110	99	1110	0.0	1782	RS-GCF-013267575.1-NZ-CP054006.1--4
A8_1492R	RS-GCF-001808085.1-NZ-KV792045.1	96.847	1110	99	1110	0.0	1782	RS-GCF-001808085.1-NZ-KV792045.1
A8_1492R	RS-GCF-900458635.1-NZ-UHDM01000002.1--4	96.847	1110	99	1110	0.0	1782	RS-GCF-900458635.1-NZ-UHDM01000002.1--4
A8_1492R	RS-GCF-002954105.1-NZ-CP014107.1--6	96.847	1110	99	1110	0.0	1782	RS-GCF-002954105.1-NZ-CP014107.1--6
A8_1492R	RS-GCF-001811375.1-NZ-KV804601.1	96.847	1110	99	1110	0.0	1782	RS-GCF-001811375.1-NZ-KV804601.1
A8_1492R	RS-GCF-900458745.1-NZ-UHDX01000002.1--5	96.847	1110	99	1110	0.0	1782	RS-GCF-900458745.1-NZ-UHDX01000002.1--5
A8_1492R	RS-GCF-001813045.1-NZ-KV811436.1	96.847	1110	99	1110	0.0	1782	RS-GCF-001813045.1-NZ-KV811436.1
A8_1492R	RS-GCF-001876445.1-NZ-LWJO01000064.1	96.847	1110	99	1110	0.0	1782	RS-GCF-001876445.1-NZ-LWJO01000064.1
A8_1492R	RS-GCF-001809305.1-NZ-KV796868.1	96.847	1110	99	1110	0.0	1782	RS-GCF-001809305.1-NZ-KV796868.1
A8_1492R	RS-GCF-016428605.1-NZ-JAELVP010000027.1	96.847	1110	99	1110	0.0	1782	RS-GCF-016428605.1-NZ-JAELVP010000027.1
A8_1492R	RS-GCF-001072965.1-NZ-JVHB01000001.1	96.847	1110	99	1110	0.0	1782	RS-GCF-001072965.1-NZ-JVHB01000001.1
A8_1492R	RS-GCF-003042345.1-NZ-PZHY01000095.1	96.847	1110	99	1110	0.0	1782	RS-GCF-003042345.1-NZ-PZHY01000095.1
A8_1492R	RS-GCF-001807795.1-NZ-KV790884.1	96.847	1110	99	1110	0.0	1782	RS-GCF-001807795.1-NZ-KV790884.1
A8_1492R	RS-GCF-012273435.1-NZ-CP050982.1--2	96.757	1110	99	1110	0.0	1782	RS-GCF-012273435.1-NZ-CP050982.1--2
A8_1492R	RS-GCF-012273435.1-NZ-CP050982.1	96.847	1110	99	1110	0.0	1782	RS-GCF-012273435.1-NZ-CP050982.1
A8_1492R	RS-GCF-004329075.1-NZ-SCHG01000034.1	96.847	1110	99	1110	0.0	1782	RS-GCF-004329075.1-NZ-SCHG01000034.1
A8_1492R	RS-GCF-019048025.1-NZ-CP077270.1--3	96.847	1110	99	1110	0.0	1782	RS-GCF-019048025.1-NZ-CP077270.1--3
A8_1492R	RS-GCF-019048025.1-NZ-CP077270.1--2	96.847	1110	99	1110	0.0	1782	RS-GCF-019048025.1-NZ-CP077270.1--2
A8_1492R	G000183685	96.847	1110	99	1110	0.0	1782	G000183685
A8_1492R	G000025085	96.847	1110	99	1110	0.0	1782	G000025085
A8_1492R	MJ032-2-barcode73-umi13962bins-ubs-34	96.847	1110	99	1110	0.0	1782	MJ032-2-barcode73-umi13962bins-ubs-34
A8_1492R	MJ005-barcode42-umi19192bins-ubs-11	96.847	1110	99	1110	0.0	1782	MJ005-barcode42-umi19192bins-ubs-11
A8_1492R	MJ006-2-barcode55-umi16504bins-ubs-15	96.847	1110	99	1110	0.0	1782	MJ006-2-barcode55-umi16504bins-ubs-15
A8_1492R	MJ006-2-barcode58-umi252049bins-ubs-3	96.847	1110	99	1110	0.0	1782	MJ006-2-barcode58-umi252049bins-ubs-3
A8_1492R	MJ006-1-barcode37-umi124932bins-ubs-4	96.847	1110	99	1110	0.0	1782	MJ006-1-barcode37-umi124932bins-ubs-4
A8_1492R	RS-GCF-001836225.1-NZ-KV827777.1	97.776	1110	96	1079	0.0	1781	RS-GCF-001836225.1-NZ-KV827777.1
A8_1492R	GB-GCA-004920235.1-AFTV01000045.1	97.027	1110	99	1110	0.0	1780	GB-GCA-004920235.1-AFTV01000045.1
A8_1492R	RS-GCF-001983065.1-NZ-MOMS01000106.1	96.844	1110	99	1109	0.0	1780	RS-GCF-001983065.1-NZ-MOMS01000106.1
A8_1492R	RS-GCF-001983085.1-NZ-MOMU01000115.1	96.844	1110	99	1109	0.0	1780	RS-GCF-001983085.1-NZ-MOMU01000115.1
A8_1492R	RS-GCF-900458665.1-NZ-UHDU01000001.1	96.763	1110	99	1112	0.0	1778	RS-GCF-900458665.1-NZ-UHDU01000001.1
A8_1492R	RS-GCF-003035445.1-NZ-PYZJ01000052.1	96.757	1110	99	1110	0.0	1777	RS-GCF-003035445.1-NZ-PYZJ01000052.1
A8_1492R	RS-GCF-900458825.1-NZ-UHDO01000001.1--3	96.757	1110	99	1110	0.0	1777	RS-GCF-900458825.1-NZ-UHDO01000001.1--3
A8_1492R	RS-GCF-003578115.1-NZ-QXSV01000197.1	96.757	1110	99	1110	0.0	1777	RS-GCF-003578115.1-NZ-QXSV01000197.1
A8_1492R	RS-GCF-017893095.1-NZ-JAESMI010000148.1	96.757	1110	99	1110	0.0	1777	RS-GCF-017893095.1-NZ-JAESMI010000148.1
A8_1492R	RS-GCF-003042555.1-NZ-PZIO01000037.1	96.757	1110	99	1110	0.0	1777	RS-GCF-003042555.1-NZ-PZIO01000037.1
A8_1492R	RS-GCF-001921685.1-NZ-MSFF01000012.1	96.757	1110	99	1110	0.0	1777	RS-GCF-001921685.1-NZ-MSFF01000012.1
A8_1492R	RS-GCF-013267715.1-NZ-CP054017.1--5	96.757	1110	99	1110	0.0	1777	RS-GCF-013267715.1-NZ-CP054017.1--5
A8_1492R	RS-GCF-001074135.1-NZ-JUVB01000002.1	96.757	1110	99	1110	0.0	1777	RS-GCF-001074135.1-NZ-JUVB01000002.1
A8_1492R	RS-GCF-002442915.1-NZ-CP017463.1--5	96.757	1110	99	1110	0.0	1777	RS-GCF-002442915.1-NZ-CP017463.1--5
A8_1492R	RS-GCF-016751935.1-NZ-JAEPJP010000001.1--3	96.757	1110	99	1110	0.0	1777	RS-GCF-016751935.1-NZ-JAEPJP010000001.1--3
A8_1492R	RS-GCF-016725285.1-NZ-CP068219.1--4	96.757	1110	99	1110	0.0	1777	RS-GCF-016725285.1-NZ-CP068219.1--4
A8_1492R	RS-GCF-016599795.1-NZ-CP067014.1--6	96.757	1110	99	1110	0.0	1777	RS-GCF-016599795.1-NZ-CP067014.1--6
A8_1492R	RS-GCF-016599795.1-NZ-CP067014.1--5	96.757	1110	99	1110	0.0	1777	RS-GCF-016599795.1-NZ-CP067014.1--5
A8_1492R	RS-GCF-016725205.1-NZ-CP068216.1--6	96.757	1110	99	1110	0.0	1777	RS-GCF-016725205.1-NZ-CP068216.1--6
A8_1492R	RS-GCF-003580525.1-NZ-QYJH01000242.1	96.757	1110	99	1110	0.0	1777	RS-GCF-003580525.1-NZ-QYJH01000242.1
A8_1492R	RS-GCF-001839345.1-NZ-KV840964.1	96.757	1110	99	1110	0.0	1777	RS-GCF-001839345.1-NZ-KV840964.1
A8_1492R	RS-GCF-001558775.1-NZ-CP014022.1--6	96.757	1110	99	1110	0.0	1777	RS-GCF-001558775.1-NZ-CP014022.1--6
A8_1492R	RS-GCF-009931395.1-NZ-CP038807.1--6	96.757	1110	99	1110	0.0	1777	RS-GCF-009931395.1-NZ-CP038807.1--6
A8_1492R	RS-GCF-009931395.1-NZ-CP038807.1--5	96.757	1110	99	1110	0.0	1777	RS-GCF-009931395.1-NZ-CP038807.1--5
A8_1492R	RS-GCF-001839145.1-NZ-KV840194.1	96.757	1110	99	1110	0.0	1777	RS-GCF-001839145.1-NZ-KV840194.1
A8_1492R	RS-GCF-001558815.2-NZ-CP014023.2--6	96.757	1110	99	1110	0.0	1777	RS-GCF-001558815.2-NZ-CP014023.2--6
A8_1492R	RS-GCF-001558815.2-NZ-CP014023.2	96.757	1110	99	1110	0.0	1777	RS-GCF-001558815.2-NZ-CP014023.2
A8_1492R	RS-GCF-001809105.1-NZ-KV795680.1	96.757	1110	99	1110	0.0	1777	RS-GCF-001809105.1-NZ-KV795680.1
A8_1492R	RS-GCF-002407165.1-NZ-CP023539.1--6	96.757	1110	99	1110	0.0	1777	RS-GCF-002407165.1-NZ-CP023539.1--6
A8_1492R	RS-GCF-000270465.1-NC-017353.1	96.757	1110	99	1110	0.0	1777	RS-GCF-000270465.1-NC-017353.1
A8_1492R	RS-GCF-016804245.1-NZ-CP060160.1	96.757	1110	99	1110	0.0	1777	RS-GCF-016804245.1-NZ-CP060160.1
A8_1492R	RS-GCF-002591215.1-NZ-CP023970.1	96.757	1110	99	1110	0.0	1777	RS-GCF-002591215.1-NZ-CP023970.1
A8_1492R	RS-GCF-900478255.1-NZ-LS483482.1--3	96.757	1110	99	1110	0.0	1777	RS-GCF-900478255.1-NZ-LS483482.1--3
A8_1492R	RS-GCF-001809965.1-NZ-KV799486.1	96.757	1110	99	1110	0.0	1777	RS-GCF-001809965.1-NZ-KV799486.1
A8_1492R	RS-GCF-007833855.1-NZ-CP038242.1--5	96.757	1110	99	1110	0.0	1777	RS-GCF-007833855.1-NZ-CP038242.1--5
A8_1492R	RS-GCF-017898045.1-NZ-JAGMUP010000001.1--6	96.757	1110	99	1110	0.0	1777	RS-GCF-017898045.1-NZ-JAGMUP010000001.1--6
A8_1492R	RS-GCF-003571725.1-NZ-CP032159.1	96.757	1110	99	1110	0.0	1777	RS-GCF-003571725.1-NZ-CP032159.1
A8_1492R	RS-GCF-003579665.1-NZ-QXVS01000243.1	96.757	1110	99	1110	0.0	1777	RS-GCF-003579665.1-NZ-QXVS01000243.1
A8_1492R	RS-GCF-900006675.1-NZ-FBVO01000001.1--7	96.757	1110	99	1110	0.0	1777	RS-GCF-900006675.1-NZ-FBVO01000001.1--7
A8_1492R	RS-GCF-900006675.1-NZ-FBVO01000001.1--3	96.757	1110	99	1110	0.0	1777	RS-GCF-900006675.1-NZ-FBVO01000001.1--3
A8_1492R	RS-GCF-900006675.1-NZ-FBVO01000001.1	96.757	1110	99	1110	0.0	1777	RS-GCF-900006675.1-NZ-FBVO01000001.1
A8_1492R	RS-GCF-009730135.1-NZ-CP046306.1--3	96.757	1110	99	1110	0.0	1777	RS-GCF-009730135.1-NZ-CP046306.1--3
A8_1492R	RS-GCF-009730135.1-NZ-CP046306.1	96.757	1110	99	1110	0.0	1777	RS-GCF-009730135.1-NZ-CP046306.1
A8_1492R	RS-GCF-013267575.1-NZ-CP054006.1--2	96.757	1110	99	1110	0.0	1777	RS-GCF-013267575.1-NZ-CP054006.1--2
A8_1492R	GB-GCA-013343025.1-CP054550.1	96.757	1110	99	1110	0.0	1777	GB-GCA-013343025.1-CP054550.1
A8_1492R	RS-GCF-002954105.1-NZ-CP014107.1--2	96.757	1110	99	1110	0.0	1777	RS-GCF-002954105.1-NZ-CP014107.1--2
A8_1492R	RS-GCF-900458745.1-NZ-UHDX01000002.1--6	96.757	1110	99	1110	0.0	1777	RS-GCF-900458745.1-NZ-UHDX01000002.1--6
A8_1492R	RS-GCF-007814725.1-NZ-CP031277.1--3	96.757	1110	99	1110	0.0	1777	RS-GCF-007814725.1-NZ-CP031277.1--3
A8_1492R	RS-GCF-007814725.1-NZ-CP031277.1	96.757	1110	99	1110	0.0	1777	RS-GCF-007814725.1-NZ-CP031277.1
A8_1492R	RS-GCF-003042335.1-NZ-PZHX01000047.1	96.757	1110	99	1110	0.0	1777	RS-GCF-003042335.1-NZ-PZHX01000047.1
A8_1492R	RS-GCF-001070475.1-NZ-JVVE01000085.1	96.757	1110	99	1110	0.0	1777	RS-GCF-001070475.1-NZ-JVVE01000085.1
A8_1492R	RS-GCF-001810265.1-NZ-KV800489.1	96.757	1110	99	1110	0.0	1777	RS-GCF-001810265.1-NZ-KV800489.1
A8_1492R	RS-GCF-001808125.1-NZ-KV792232.1	96.757	1110	99	1110	0.0	1777	RS-GCF-001808125.1-NZ-KV792232.1
A8_1492R	RS-GCF-002114275.1-NZ-NDWY01000001.1--6	96.757	1110	99	1110	0.0	1777	RS-GCF-002114275.1-NZ-NDWY01000001.1--6
A8_1492R	RS-GCF-000763725.1-NZ-JQHA01000040.1	96.757	1110	99	1110	0.0	1777	RS-GCF-000763725.1-NZ-JQHA01000040.1
A8_1492R	RS-GCF-015070445.1-NZ-JADCSR010000087.1	96.757	1110	99	1110	0.0	1777	RS-GCF-015070445.1-NZ-JADCSR010000087.1
A8_1492R	RS-GCF-001072095.1-NZ-JVMX01000045.1	96.757	1110	99	1110	0.0	1777	RS-GCF-001072095.1-NZ-JVMX01000045.1
A8_1492R	RS-GCF-001836865.1-NZ-KV830698.1	96.757	1110	99	1110	0.0	1777	RS-GCF-001836865.1-NZ-KV830698.1
A8_1492R	RS-GCF-903969765.1-NZ-CAJCFZ010000016.1	96.757	1110	99	1110	0.0	1777	RS-GCF-903969765.1-NZ-CAJCFZ010000016.1
A8_1492R	RS-GCF-001705085.1-NZ-JRAX01000123.1	96.757	1110	99	1110	0.0	1777	RS-GCF-001705085.1-NZ-JRAX01000123.1
A8_1492R	RS-GCF-001611955.1-NZ-CP013911.1--5	96.757	1110	99	1110	0.0	1777	RS-GCF-001611955.1-NZ-CP013911.1--5
A8_1492R	RS-GCF-007677695.1-NZ-VEDE01000061.1	96.757	1110	99	1110	0.0	1777	RS-GCF-007677695.1-NZ-VEDE01000061.1
A8_1492R	RS-GCF-001237685.1-NZ-CUDO01000020.1	96.757	1110	99	1110	0.0	1777	RS-GCF-001237685.1-NZ-CUDO01000020.1
A8_1492R	RS-GCF-007998145.1-NZ-CP042650.1--6	96.841	1110	99	1108	0.0	1777	RS-GCF-007998145.1-NZ-CP042650.1--6
A8_1492R	G000009865	96.757	1110	99	1110	0.0	1777	G000009865
A8_1492R	MT586030	96.757	1110	99	1110	0.0	1777	MT586030
A8_1492R	AB233326	96.757	1110	99	1110	0.0	1777	AB233326
A8_1492R	AB009941	96.757	1110	99	1110	0.0	1777	AB009941
A8_1492R	AB009944	96.757	1110	99	1110	0.0	1777	AB009944
A8_1492R	MJ010-1-barcode30-umi51029bins-ubs-13	96.757	1110	99	1110	0.0	1777	MJ010-1-barcode30-umi51029bins-ubs-13
A8_1492R	MJ033-1-barcode49-umi38589bins-ubs-5	96.757	1110	99	1110	0.0	1777	MJ033-1-barcode49-umi38589bins-ubs-5
A8_1492R	MJ007-2-barcode55-umi2482bins-ubs-195	96.757	1110	99	1110	0.0	1777	MJ007-2-barcode55-umi2482bins-ubs-195
A8_1492R	MJ005-barcode41-umi10095bins-ubs-21	96.757	1110	99	1110	0.0	1777	MJ005-barcode41-umi10095bins-ubs-21
A8_1492R	MJ005-barcode41-umi23030bins-ubs-10	96.757	1110	99	1110	0.0	1777	MJ005-barcode41-umi23030bins-ubs-10
A8_1492R	MJ005-barcode26-umi52474bins-ubs-5	96.757	1110	99	1110	0.0	1777	MJ005-barcode26-umi52474bins-ubs-5
A8_1492R	MJ005-barcode82-umi12879bins-ubs-15	96.757	1110	99	1110	0.0	1777	MJ005-barcode82-umi12879bins-ubs-15
A8_1492R	MJ005-barcode66-umi37397bins-ubs-6	96.757	1110	99	1110	0.0	1777	MJ005-barcode66-umi37397bins-ubs-6
A8_1492R	MJ006-2-barcode58-umi100729bins-ubs-5	96.757	1110	99	1110	0.0	1777	MJ006-2-barcode58-umi100729bins-ubs-5
A8_1492R	MJ006-1-barcode26-umi45094bins-ubs-10	96.757	1110	99	1110	0.0	1777	MJ006-1-barcode26-umi45094bins-ubs-10
A8_1492R	MJ006-1-barcode41-umi119145bins-ubs-5	96.757	1110	99	1110	0.0	1777	MJ006-1-barcode41-umi119145bins-ubs-5
A8_1492R	MJ006-1-barcode41-umi131864bins-ubs-4	96.757	1110	99	1110	0.0	1777	MJ006-1-barcode41-umi131864bins-ubs-4
A8_1492R	JN092118	96.667	1110	99	1110	0.0	1776	JN092118
A8_1492R	RS-GCF-001061155.1-NZ-JWBA01000059.1	96.754	1110	99	1109	0.0	1775	RS-GCF-001061155.1-NZ-JWBA01000059.1
A8_1492R	RS-GCF-003239175.1-NZ-PZTW01000023.1	96.754	1110	99	1109	0.0	1775	RS-GCF-003239175.1-NZ-PZTW01000023.1
A8_1492R	RS-GCF-000573045.1-NZ-KK047918.1	96.754	1110	99	1109	0.0	1775	RS-GCF-000573045.1-NZ-KK047918.1
A8_1492R	RS-GCF-001027045.1-NZ-CP011528.1--4	96.754	1110	99	1109	0.0	1775	RS-GCF-001027045.1-NZ-CP011528.1--4
A8_1492R	RS-GCF-001068315.1-NZ-JULJ01000090.1	96.754	1110	99	1109	0.0	1775	RS-GCF-001068315.1-NZ-JULJ01000090.1
A8_1492R	RS-GCF-018622975.1-NZ-CP076029.1--8	96.754	1110	99	1109	0.0	1775	RS-GCF-018622975.1-NZ-CP076029.1--8
A8_1492R	RS-GCF-001045595.1-NZ-JTFJ01000057.1	96.754	1110	99	1109	0.0	1775	RS-GCF-001045595.1-NZ-JTFJ01000057.1
A8_1492R	RS-GCF-000362065.1-NZ-KB821688.1--3	96.754	1110	99	1109	0.0	1775	RS-GCF-000362065.1-NZ-KB821688.1--3
A8_1492R	RS-GCF-008630775.1-NZ-CP043919.1--3	96.754	1110	99	1109	0.0	1775	RS-GCF-008630775.1-NZ-CP043919.1--3
A8_1492R	RS-GCF-003952625.1-NZ-CP034441.1--3	96.754	1110	99	1109	0.0	1775	RS-GCF-003952625.1-NZ-CP034441.1--3
A8_1492R	RS-GCF-002904355.1-NZ-LKNK01000025.1	96.754	1110	99	1109	0.0	1775	RS-GCF-002904355.1-NZ-LKNK01000025.1
A8_1492R	RS-GCF-018502125.1-NZ-CP075508.1--6	96.754	1110	99	1109	0.0	1775	RS-GCF-018502125.1-NZ-CP075508.1--6
A8_1492R	RS-GCF-018995495.1-NZ-JAHNFS010000004.1	96.754	1110	99	1109	0.0	1775	RS-GCF-018995495.1-NZ-JAHNFS010000004.1
A8_1492R	RS-GCF-002905145.1-NZ-LKOT01000025.1	96.754	1110	99	1109	0.0	1775	RS-GCF-002905145.1-NZ-LKOT01000025.1
A8_1492R	RS-GCF-014529875.1-NZ-JACVFE010000055.1	96.754	1110	99	1109	0.0	1775	RS-GCF-014529875.1-NZ-JACVFE010000055.1
A8_1492R	RS-GCF-002904415.1-NZ-LKNL01000031.1	96.754	1110	99	1109	0.0	1775	RS-GCF-002904415.1-NZ-LKNL01000031.1
A8_1492R	RS-GCF-900082185.1-NZ-FKTC01000009.1	96.754	1110	99	1109	0.0	1775	RS-GCF-900082185.1-NZ-FKTC01000009.1
A8_1492R	RS-GCF-000611025.1-NZ-KK099946.1--3	96.754	1110	99	1109	0.0	1775	RS-GCF-000611025.1-NZ-KK099946.1--3
A8_1492R	RS-GCF-002887475.1-NZ-LPWT01000030.1	96.754	1110	99	1109	0.0	1775	RS-GCF-002887475.1-NZ-LPWT01000030.1
A8_1492R	RS-GCF-018093205.1-NZ-CP071102.1--5	96.754	1110	99	1109	0.0	1775	RS-GCF-018093205.1-NZ-CP071102.1--5
A8_1492R	RS-GCF-000681475.1-NZ-AVPA01000021.1	96.754	1110	99	1109	0.0	1775	RS-GCF-000681475.1-NZ-AVPA01000021.1
A8_1492R	RS-GCF-003354765.1-NZ-CP022894.1--4	96.754	1110	99	1109	0.0	1775	RS-GCF-003354765.1-NZ-CP022894.1--4
A8_1492R	RS-GCF-003238755.1-NZ-PZXR01000044.1	96.754	1110	99	1109	0.0	1775	RS-GCF-003238755.1-NZ-PZXR01000044.1
A8_1492R	RS-GCF-003957315.1-NZ-CP034486.1--6	96.754	1110	99	1109	0.0	1775	RS-GCF-003957315.1-NZ-CP034486.1--6
A8_1492R	RS-GCF-011032785.1-NZ-CP048431.1--6	96.754	1110	99	1109	0.0	1775	RS-GCF-011032785.1-NZ-CP048431.1--6
A8_1492R	RS-GCF-011032785.1-NZ-CP048431.1	96.754	1110	99	1109	0.0	1775	RS-GCF-011032785.1-NZ-CP048431.1
A8_1492R	GB-GCA-014696835.1-CP051483.1--6	96.754	1110	99	1109	0.0	1775	GB-GCA-014696835.1-CP051483.1--6
A8_1492R	RS-GCF-003238915.1-NZ-PZSR01000087.1	96.754	1110	99	1109	0.0	1775	RS-GCF-003238915.1-NZ-PZSR01000087.1
A8_1492R	RS-GCF-002904935.1-NZ-LKOL01000008.1	96.754	1110	99	1109	0.0	1775	RS-GCF-002904935.1-NZ-LKOL01000008.1
A8_1492R	RS-GCF-005707015.1-NZ-CP039167.1	96.754	1110	99	1109	0.0	1775	RS-GCF-005707015.1-NZ-CP039167.1
A8_1492R	RS-GCF-003113955.1-NZ-BEXZ01000017.1	96.754	1110	99	1109	0.0	1775	RS-GCF-003113955.1-NZ-BEXZ01000017.1
A8_1492R	RS-GCF-013187685.1-NZ-CP029751.1--6	96.754	1110	99	1109	0.0	1775	RS-GCF-013187685.1-NZ-CP029751.1--6
A8_1492R	RS-GCF-002905235.1-NZ-LKOU01000022.1	96.754	1110	99	1109	0.0	1775	RS-GCF-002905235.1-NZ-LKOU01000022.1
A8_1492R	RS-GCF-003426145.1-NZ-CP031673.1--4	96.754	1110	99	1109	0.0	1775	RS-GCF-003426145.1-NZ-CP031673.1--4
A8_1492R	RS-GCF-003237575.1-NZ-PZVL01000059.1	96.754	1110	99	1109	0.0	1775	RS-GCF-003237575.1-NZ-PZVL01000059.1
A8_1492R	RS-GCF-900457445.1-NZ-UGZQ01000001.1--5	96.754	1110	99	1109	0.0	1775	RS-GCF-900457445.1-NZ-UGZQ01000001.1--5
A8_1492R	RS-GCF-000626975.1-NZ-JHPX01000013.1	96.754	1110	99	1109	0.0	1775	RS-GCF-000626975.1-NZ-JHPX01000013.1
A8_1492R	RS-GCF-011319595.1-NZ-SEZC01000057.1	96.754	1110	99	1109	0.0	1775	RS-GCF-011319595.1-NZ-SEZC01000057.1
A8_1492R	RS-GCF-018998505.1-NZ-JAHNVG010000054.1	96.754	1110	99	1109	0.0	1775	RS-GCF-018998505.1-NZ-JAHNVG010000054.1
A8_1492R	GB-GCA-015290965.1-CP063990.1--6	96.754	1110	99	1109	0.0	1775	GB-GCA-015290965.1-CP063990.1--6
A8_1492R	RS-GCF-900098055.1-NZ-FMPO01000029.1	96.754	1110	99	1109	0.0	1775	RS-GCF-900098055.1-NZ-FMPO01000029.1
A8_1492R	GB-GCA-001469065.1-LNOP01000188.1	96.754	1110	99	1109	0.0	1775	GB-GCA-001469065.1-LNOP01000188.1
A8_1492R	RS-GCF-003194205.1-NZ-CP021353.1--6	96.754	1110	99	1109	0.0	1775	RS-GCF-003194205.1-NZ-CP021353.1--6
A8_1492R	GB-GCA-001982975.1-MOMQ01000023.1	96.754	1110	99	1109	0.0	1775	GB-GCA-001982975.1-MOMQ01000023.1
A8_1492R	RS-GCF-002904555.1-NZ-LKNR01000005.1	96.754	1110	99	1109	0.0	1775	RS-GCF-002904555.1-NZ-LKNR01000005.1
A8_1492R	GB-GCA-014336195.1-CP060618.1	96.754	1110	99	1109	0.0	1775	GB-GCA-014336195.1-CP060618.1
A8_1492R	RS-GCF-003193665.1-NZ-CP029649.1--5	96.754	1110	99	1109	0.0	1775	RS-GCF-003193665.1-NZ-CP029649.1--5
A8_1492R	RS-GCF-003193665.1-NZ-CP029649.1--3	96.754	1110	99	1109	0.0	1775	RS-GCF-003193665.1-NZ-CP029649.1--3
A8_1492R	RS-GCF-011035105.1-NZ-CP047021.1	96.754	1110	99	1109	0.0	1775	RS-GCF-011035105.1-NZ-CP047021.1
A8_1492R	RS-GCF-003113935.1-NZ-BEXY01000022.1	96.754	1110	99	1109	0.0	1775	RS-GCF-003113935.1-NZ-BEXY01000022.1
A8_1492R	RS-GCF-003309965.1-NZ-PTBE01000047.1	96.754	1110	99	1109	0.0	1775	RS-GCF-003309965.1-NZ-PTBE01000047.1
A8_1492R	RS-GCF-017581525.1-NZ-JAGFCK010000021.1	96.754	1110	99	1109	0.0	1775	RS-GCF-017581525.1-NZ-JAGFCK010000021.1
A8_1492R	RS-GCF-000636515.1-NZ-KK218801.1	96.754	1110	99	1109	0.0	1775	RS-GCF-000636515.1-NZ-KK218801.1
A8_1492R	RS-GCF-002905535.1-NZ-LKUM01000015.1	96.754	1110	99	1109	0.0	1775	RS-GCF-002905535.1-NZ-LKUM01000015.1
A8_1492R	RS-GCF-900458025.1-NZ-UHBK01000002.1	96.754	1110	99	1109	0.0	1775	RS-GCF-900458025.1-NZ-UHBK01000002.1
A8_1492R	RS-GCF-012274715.1-NZ-SJAX01000009.1	96.754	1110	99	1109	0.0	1775	RS-GCF-012274715.1-NZ-SJAX01000009.1
A8_1492R	RS-GCF-012274715.1-NZ-SJAX01000004.1	96.754	1110	99	1109	0.0	1775	RS-GCF-012274715.1-NZ-SJAX01000004.1
A8_1492R	RS-GCF-012274715.1-NZ-SJAX01000005.1	96.754	1110	99	1109	0.0	1775	RS-GCF-012274715.1-NZ-SJAX01000005.1
A8_1492R	RS-GCF-017088385.1-NZ-CP070983.1--5	96.754	1110	99	1109	0.0	1775	RS-GCF-017088385.1-NZ-CP070983.1--5
A8_1492R	RS-GCF-003238285.1-NZ-PZVR01000020.1	96.754	1110	99	1109	0.0	1775	RS-GCF-003238285.1-NZ-PZVR01000020.1
A8_1492R	RS-GCF-016894285.1-NZ-CP069799.1--6	96.754	1110	99	1109	0.0	1775	RS-GCF-016894285.1-NZ-CP069799.1--6
A8_1492R	RS-GCF-001298325.2-NZ-CP019945.1--4	96.754	1110	99	1109	0.0	1775	RS-GCF-001298325.2-NZ-CP019945.1--4
A8_1492R	RS-GCF-003017635.1-NZ-NGNL01000001.1--3	96.754	1110	99	1109	0.0	1775	RS-GCF-003017635.1-NZ-NGNL01000001.1--3
A8_1492R	RS-GCF-000636795.1-NZ-KK219406.1--2	96.754	1110	99	1109	0.0	1775	RS-GCF-000636795.1-NZ-KK219406.1--2
A8_1492R	RS-GCF-002904575.1-NZ-LKNS01000019.1	96.754	1110	99	1109	0.0	1775	RS-GCF-002904575.1-NZ-LKNS01000019.1
A8_1492R	RS-GCF-006511775.1-NZ-SZYV01000083.1	96.754	1110	99	1109	0.0	1775	RS-GCF-006511775.1-NZ-SZYV01000083.1
A8_1492R	RS-GCF-000636875.1-NZ-KK219541.1	96.754	1110	99	1109	0.0	1775	RS-GCF-000636875.1-NZ-KK219541.1
A8_1492R	RS-GCF-003857255.1-NZ-RDEV01000009.1	96.754	1110	99	1109	0.0	1775	RS-GCF-003857255.1-NZ-RDEV01000009.1
A8_1492R	RS-GCF-900457905.1-NZ-UHAV01000001.1--6	96.754	1110	99	1109	0.0	1775	RS-GCF-900457905.1-NZ-UHAV01000001.1--6
A8_1492R	RS-GCF-002304615.1-NZ-LKXR01000025.1	96.754	1110	99	1109	0.0	1775	RS-GCF-002304615.1-NZ-LKXR01000025.1
A8_1492R	RS-GCF-009912055.1-NZ-CP047807.1--6	96.754	1110	99	1109	0.0	1775	RS-GCF-009912055.1-NZ-CP047807.1--6
A8_1492R	RS-GCF-009912055.1-NZ-CP047807.1--5	96.754	1110	99	1109	0.0	1775	RS-GCF-009912055.1-NZ-CP047807.1--5
A8_1492R	RS-GCF-000878095.1-NZ-JXID01000165.1	96.754	1110	99	1109	0.0	1775	RS-GCF-000878095.1-NZ-JXID01000165.1
A8_1492R	RS-GCF-013344785.1-NZ-JABVAG010000030.1	96.754	1110	99	1109	0.0	1775	RS-GCF-013344785.1-NZ-JABVAG010000030.1
A8_1492R	RS-GCF-002905455.1-NZ-LKTH01000024.1	96.754	1110	99	1109	0.0	1775	RS-GCF-002905455.1-NZ-LKTH01000024.1
A8_1492R	RS-GCF-002273325.1-NZ-LKWG01000051.1	96.754	1110	99	1109	0.0	1775	RS-GCF-002273325.1-NZ-LKWG01000051.1
A8_1492R	RS-GCF-000646035.1-NZ-KK238060.1--2	96.754	1110	99	1109	0.0	1775	RS-GCF-000646035.1-NZ-KK238060.1--2
A8_1492R	RS-GCF-000646035.1-NZ-KK238043.1	96.754	1110	99	1109	0.0	1775	RS-GCF-000646035.1-NZ-KK238043.1
A8_1492R	RS-GCF-002916515.1-NZ-PNPA01000006.1	96.754	1110	99	1109	0.0	1775	RS-GCF-002916515.1-NZ-PNPA01000006.1
A8_1492R	G003309745	96.754	1110	99	1109	0.0	1775	G003309745
A8_1492R	MJ005-barcode74-umi1760bins-ubs-70	96.754	1110	99	1109	0.0	1775	MJ005-barcode74-umi1760bins-ubs-70
A8_1492R	RS-GCF-018456105.1-NZ-JAGMUC010000001.1--5	96.757	1110	99	1110	0.0	1773	RS-GCF-018456105.1-NZ-JAGMUC010000001.1--5
A8_1492R	RS-GCF-900458745.1-NZ-UHDX01000002.1	96.661	1110	98	1108	0.0	1773	RS-GCF-900458745.1-NZ-UHDX01000002.1
A8_1492R	GB-GCA-017571295.1-JAGETP010000002.1--4	96.847	1110	99	1110	0.0	1773	GB-GCA-017571295.1-JAGETP010000002.1--4
A8_1492R	GB-GCA-017571195.1-JAGETU010000002.1	97.027	1110	99	1110	0.0	1773	GB-GCA-017571195.1-JAGETU010000002.1
A8_1492R	MJ006-1-barcode37-umi160189bins-ubs-3	96.757	1110	99	1110	0.0	1773	MJ006-1-barcode37-umi160189bins-ubs-3
A8_1492R	RS-GCF-003035765.1-NZ-PYZI01000031.1	96.667	1110	99	1110	0.0	1773	RS-GCF-003035765.1-NZ-PYZI01000031.1
A8_1492R	RS-GCF-003035725.1-NZ-PYZH01000134.1	96.667	1110	99	1110	0.0	1773	RS-GCF-003035725.1-NZ-PYZH01000134.1
A8_1492R	RS-GCF-900458355.1-NZ-UHCZ01000002.1--3	96.667	1110	99	1110	0.0	1773	RS-GCF-900458355.1-NZ-UHCZ01000002.1--3
A8_1492R	RS-GCF-013345165.1-NZ-JABVEJ010000001.1	96.667	1110	99	1110	0.0	1773	RS-GCF-013345165.1-NZ-JABVEJ010000001.1
A8_1492R	RS-GCF-003580835.1-NZ-QYJM01000112.1	96.667	1110	99	1110	0.0	1773	RS-GCF-003580835.1-NZ-QYJM01000112.1
A8_1492R	RS-GCF-003043235.1-NZ-PZEZ01000134.1	96.667	1110	99	1110	0.0	1773	RS-GCF-003043235.1-NZ-PZEZ01000134.1
A8_1492R	RS-GCF-017086425.1-NZ-CP070964.1	96.667	1110	99	1110	0.0	1773	RS-GCF-017086425.1-NZ-CP070964.1
A8_1492R	RS-GCF-002442915.1-NZ-CP017463.1--3	96.667	1110	99	1110	0.0	1773	RS-GCF-002442915.1-NZ-CP017463.1--3
A8_1492R	RS-GCF-007814825.1-NZ-CP031280.1--5	96.667	1110	99	1110	0.0	1773	RS-GCF-007814825.1-NZ-CP031280.1--5
A8_1492R	RS-GCF-007814825.1-NZ-CP031280.1	96.667	1110	99	1110	0.0	1773	RS-GCF-007814825.1-NZ-CP031280.1
A8_1492R	RS-GCF-016888605.1-NZ-JAFEKM010000002.1--4	96.667	1110	99	1110	0.0	1773	RS-GCF-016888605.1-NZ-JAFEKM010000002.1--4
A8_1492R	RS-GCF-016888605.1-NZ-JAFEKM010000001.1	96.667	1110	99	1110	0.0	1773	RS-GCF-016888605.1-NZ-JAFEKM010000001.1
A8_1492R	RS-GCF-016725205.1-NZ-CP068216.1--4	96.667	1110	99	1110	0.0	1773	RS-GCF-016725205.1-NZ-CP068216.1--4
A8_1492R	RS-GCF-003580755.1-NZ-QXVU01000093.1	96.667	1110	99	1110	0.0	1773	RS-GCF-003580755.1-NZ-QXVU01000093.1
A8_1492R	RS-GCF-000316075.2-NZ-KB373322.1--2	96.667	1110	99	1110	0.0	1773	RS-GCF-000316075.2-NZ-KB373322.1--2
A8_1492R	RS-GCF-002591215.1-NZ-CP023970.1--2	96.667	1110	99	1110	0.0	1773	RS-GCF-002591215.1-NZ-CP023970.1--2
A8_1492R	RS-GCF-900478255.1-NZ-LS483482.1	96.667	1110	99	1110	0.0	1773	RS-GCF-900478255.1-NZ-LS483482.1
A8_1492R	RS-GCF-900636255.1-NZ-LR134242.1--6	96.667	1110	99	1110	0.0	1773	RS-GCF-900636255.1-NZ-LR134242.1--6
A8_1492R	RS-GCF-900636255.1-NZ-LR134242.1	96.667	1110	99	1110	0.0	1773	RS-GCF-900636255.1-NZ-LR134242.1
A8_1492R	RS-GCF-007666805.1-NZ-VDPX01000022.1	96.667	1110	99	1110	0.0	1773	RS-GCF-007666805.1-NZ-VDPX01000022.1
A8_1492R	RS-GCF-000494875.1-NC-022737.1--2	96.667	1110	99	1110	0.0	1773	RS-GCF-000494875.1-NC-022737.1--2
A8_1492R	RS-GCF-900636265.1-NZ-LR134244.1--6	96.667	1110	99	1110	0.0	1773	RS-GCF-900636265.1-NZ-LR134244.1--6
A8_1492R	RS-GCF-013364435.1-NZ-CP054883.1--6	96.667	1110	99	1110	0.0	1773	RS-GCF-013364435.1-NZ-CP054883.1--6
A8_1492R	RS-GCF-013267575.1-NZ-CP054006.1--6	96.667	1110	99	1110	0.0	1773	RS-GCF-013267575.1-NZ-CP054006.1--6
A8_1492R	RS-GCF-003043015.1-NZ-PZIQ01000082.1	96.667	1110	99	1110	0.0	1773	RS-GCF-003043015.1-NZ-PZIQ01000082.1
A8_1492R	RS-GCF-003043635.1-NZ-PZIE01000133.1	96.667	1110	99	1110	0.0	1773	RS-GCF-003043635.1-NZ-PZIE01000133.1
A8_1492R	RS-GCF-903970005.1-NZ-CAJCHB010000026.1	96.667	1110	99	1110	0.0	1773	RS-GCF-903970005.1-NZ-CAJCHB010000026.1
A8_1492R	RS-GCF-017355005.1-NZ-CP071508.1--6	96.667	1110	99	1110	0.0	1773	RS-GCF-017355005.1-NZ-CP071508.1--6
A8_1492R	RS-GCF-002114275.1-NZ-NDWY01000001.1--5	96.667	1110	99	1110	0.0	1773	RS-GCF-002114275.1-NZ-NDWY01000001.1--5
A8_1492R	RS-GCF-002114275.1-NZ-NDWY01000001.1--2	96.667	1110	99	1110	0.0	1773	RS-GCF-002114275.1-NZ-NDWY01000001.1--2
A8_1492R	RS-GCF-017355025.1-NZ-CP071512.1--6	96.667	1110	99	1110	0.0	1773	RS-GCF-017355025.1-NZ-CP071512.1--6
A8_1492R	RS-GCF-009932935.2-NZ-CP049091.1	96.667	1110	99	1110	0.0	1773	RS-GCF-009932935.2-NZ-CP049091.1
A8_1492R	RS-GCF-000981145.1-NZ-LAKG01000073.1	96.667	1110	99	1110	0.0	1773	RS-GCF-000981145.1-NZ-LAKG01000073.1
A8_1492R	RS-GCF-016695195.1-NZ-CP063274.1--5	96.667	1110	99	1110	0.0	1773	RS-GCF-016695195.1-NZ-CP063274.1--5
A8_1492R	RS-GCF-001814895.1-NZ-KV818357.1	96.667	1110	99	1110	0.0	1773	RS-GCF-001814895.1-NZ-KV818357.1
A8_1492R	GB-GCA-001471285.2-LORN02000015.1--5	96.667	1110	99	1110	0.0	1773	GB-GCA-001471285.2-LORN02000015.1--5
A8_1492R	GB-GCA-001471285.2-LORN02000015.1--4	96.667	1110	99	1110	0.0	1773	GB-GCA-001471285.2-LORN02000015.1--4
A8_1492R	GB-GCA-001471285.2-LORN02000015.1	96.667	1110	99	1110	0.0	1773	GB-GCA-001471285.2-LORN02000015.1
A8_1492R	GB-GCA-002892325.1-PHHQ01000062.1	96.667	1110	99	1110	0.0	1773	GB-GCA-002892325.1-PHHQ01000062.1
A8_1492R	RS-GCF-003042515.1-NZ-PZIN01000065.1	96.667	1110	99	1110	0.0	1773	RS-GCF-003042515.1-NZ-PZIN01000065.1
A8_1492R	RS-GCF-018996905.1-NZ-JAHNUR010000021.1	96.667	1110	99	1110	0.0	1773	RS-GCF-018996905.1-NZ-JAHNUR010000021.1
A8_1492R	RS-GCF-019048025.1-NZ-CP077270.1--6	96.667	1110	99	1110	0.0	1773	RS-GCF-019048025.1-NZ-CP077270.1--6
A8_1492R	RS-GCF-903969845.1-NZ-CAJCGQ010000075.1	96.667	1110	99	1110	0.0	1773	RS-GCF-903969845.1-NZ-CAJCGQ010000075.1
A8_1492R	RS-GCF-003043755.1-NZ-PZIS01000096.1	96.667	1110	99	1110	0.0	1773	RS-GCF-003043755.1-NZ-PZIS01000096.1
A8_1492R	RS-GCF-003042535.1-NZ-PZIP01000064.1	96.667	1110	99	1110	0.0	1773	RS-GCF-003042535.1-NZ-PZIP01000064.1
A8_1492R	RS-GCF-903969905.1-NZ-CAJCGT010000028.1	96.667	1110	99	1110	0.0	1773	RS-GCF-903969905.1-NZ-CAJCGT010000028.1
A8_1492R	RS-GCF-007827125.1-NZ-CP042008.1--5	96.664	1110	99	1109	0.0	1773	RS-GCF-007827125.1-NZ-CP042008.1--5
A8_1492R	G001045675	96.667	1110	99	1110	0.0	1773	G001045675
A8_1492R	FJ389206	96.667	1110	99	1110	0.0	1773	FJ389206
A8_1492R	MJ030-2-barcode71-umi4718bins-ubs-69	96.667	1110	99	1110	0.0	1773	MJ030-2-barcode71-umi4718bins-ubs-69
A8_1492R	MJ005-barcode42-umi22985bins-ubs-10	96.667	1110	99	1110	0.0	1773	MJ005-barcode42-umi22985bins-ubs-10
A8_1492R	MJ006-2-barcode58-umi188846bins-ubs-3	96.667	1110	99	1110	0.0	1773	MJ006-2-barcode58-umi188846bins-ubs-3
A8_1492R	MJ006-2-barcode58-umi89861bins-ubs-6	96.667	1110	99	1110	0.0	1773	MJ006-2-barcode58-umi89861bins-ubs-6
A8_1492R	MJ006-2-barcode66-umi7562bins-ubs-20	96.667	1110	99	1110	0.0	1773	MJ006-2-barcode66-umi7562bins-ubs-20
A8_1492R	MJ006-1-barcode26-umi52220bins-ubs-6	96.667	1110	99	1110	0.0	1773	MJ006-1-barcode26-umi52220bins-ubs-6
A8_1492R	MJ006-1-barcode26-umi23484bins-ubs-13	96.667	1110	99	1110	0.0	1773	MJ006-1-barcode26-umi23484bins-ubs-13
A8_1492R	MJ006-1-barcode41-umi79423bins-ubs-5	96.667	1110	99	1110	0.0	1773	MJ006-1-barcode41-umi79423bins-ubs-5
A8_1492R	RS-GCF-900125915.1-NZ-FQHW01000004.1	96.664	1110	99	1109	0.0	1772	RS-GCF-900125915.1-NZ-FQHW01000004.1
A8_1492R	RS-GCF-900187055.1-NZ-LT906460.1--4	96.664	1110	99	1109	0.0	1771	RS-GCF-900187055.1-NZ-LT906460.1--4
A8_1492R	RS-GCF-017357005.1-NZ-CP071589.1--2	96.664	1110	99	1109	0.0	1771	RS-GCF-017357005.1-NZ-CP071589.1--2
A8_1492R	RS-GCF-017368755.1-NZ-JAFNLZ010000002.1	96.664	1110	99	1109	0.0	1771	RS-GCF-017368755.1-NZ-JAFNLZ010000002.1
A8_1492R	RS-GCF-001969635.1-NZ-LWAN01000180.1	96.664	1110	99	1109	0.0	1771	RS-GCF-001969635.1-NZ-LWAN01000180.1
A8_1492R	RS-GCF-001208665.1-NZ-CSPH01000033.1	96.664	1110	99	1109	0.0	1771	RS-GCF-001208665.1-NZ-CSPH01000033.1
A8_1492R	GB-GCA-000189435.3-CP024649.1--2	96.664	1110	99	1109	0.0	1771	GB-GCA-000189435.3-CP024649.1--2
A8_1492R	RS-GCF-000540455.1-NZ-KI976226.1	96.664	1110	99	1109	0.0	1771	RS-GCF-000540455.1-NZ-KI976226.1
A8_1492R	RS-GCF-003236895.1-NZ-PZTJ01000054.1	96.664	1110	99	1109	0.0	1771	RS-GCF-003236895.1-NZ-PZTJ01000054.1
A8_1492R	RS-GCF-001611535.1-NZ-LSBE01000067.1	96.664	1110	99	1109	0.0	1771	RS-GCF-001611535.1-NZ-LSBE01000067.1
A8_1492R	GB-GCA-000572245.1-JASM01000009.1	96.664	1110	99	1109	0.0	1771	GB-GCA-000572245.1-JASM01000009.1
A8_1492R	RS-GCF-000644915.1-NZ-KK235775.1--2	96.664	1110	99	1109	0.0	1771	RS-GCF-000644915.1-NZ-KK235775.1--2
A8_1492R	RS-GCF-000570035.1-NZ-KK039208.1	96.664	1110	99	1109	0.0	1771	RS-GCF-000570035.1-NZ-KK039208.1
A8_1492R	RS-GCF-000602105.1-NZ-JGGB01000005.1	96.664	1110	99	1109	0.0	1771	RS-GCF-000602105.1-NZ-JGGB01000005.1
A8_1492R	RS-GCF-000573125.1-NZ-KK048020.1	96.664	1110	99	1109	0.0	1771	RS-GCF-000573125.1-NZ-KK048020.1
A8_1492R	RS-GCF-001019205.2-NZ-CP026953.1	96.664	1110	99	1109	0.0	1771	RS-GCF-001019205.2-NZ-CP026953.1
A8_1492R	RS-GCF-003186105.1-NZ-CP029629.1--3	96.664	1110	99	1109	0.0	1771	RS-GCF-003186105.1-NZ-CP029629.1--3
A8_1492R	RS-GCF-000601825.1-NZ-JGFN01000020.1	96.664	1110	99	1109	0.0	1771	RS-GCF-000601825.1-NZ-JGFN01000020.1
A8_1492R	RS-GCF-000732805.1-NZ-AZMY01000070.1	96.664	1110	99	1109	0.0	1771	RS-GCF-000732805.1-NZ-AZMY01000070.1
A8_1492R	RS-GCF-000644615.1-NZ-KK235178.1	96.664	1110	99	1109	0.0	1771	RS-GCF-000644615.1-NZ-KK235178.1
A8_1492R	RS-GCF-000360925.1-NZ-KB821272.1--5	96.664	1110	99	1109	0.0	1771	RS-GCF-000360925.1-NZ-KB821272.1--5
A8_1492R	RS-GCF-001064135.1-NZ-JVOI01000179.1	96.664	1110	99	1109	0.0	1771	RS-GCF-001064135.1-NZ-JVOI01000179.1
A8_1492R	RS-GCF-000573045.1-NZ-KK047918.1--6	96.664	1110	99	1109	0.0	1771	RS-GCF-000573045.1-NZ-KK047918.1--6
A8_1492R	RS-GCF-000573045.1-NZ-KK047918.1--2	96.664	1110	99	1109	0.0	1771	RS-GCF-000573045.1-NZ-KK047918.1--2
A8_1492R	RS-GCF-000602645.1-NZ-JGHC01000009.1--2	96.664	1110	99	1109	0.0	1771	RS-GCF-000602645.1-NZ-JGHC01000009.1--2
A8_1492R	RS-GCF-000981205.1-NZ-LAKI01000029.1	96.664	1110	99	1109	0.0	1771	RS-GCF-000981205.1-NZ-LAKI01000029.1
A8_1492R	RS-GCF-000539355.1-NZ-KI974889.1	96.664	1110	99	1109	0.0	1771	RS-GCF-000539355.1-NZ-KI974889.1
A8_1492R	RS-GCF-900474695.1-NZ-LS483317.1	96.664	1110	99	1109	0.0	1771	RS-GCF-900474695.1-NZ-LS483317.1
A8_1492R	RS-GCF-000574045.1-NZ-KK064819.1	96.664	1110	99	1109	0.0	1771	RS-GCF-000574045.1-NZ-KK064819.1
A8_1492R	GB-GCA-900457655.1-UAUX01000006.1	96.664	1110	99	1109	0.0	1771	GB-GCA-900457655.1-UAUX01000006.1
