C2_1492R	RS-GCF-016728365.1-NZ-CP068156.1	97.770	1128	99	1121	0.0	1867	RS-GCF-016728365.1-NZ-CP068156.1
C2_1492R	AJ438050	97.770	1128	99	1121	0.0	1867	AJ438050
C2_1492R	RS-GCF-016894265.1-NZ-CP069791.1	97.681	1128	99	1121	0.0	1863	RS-GCF-016894265.1-NZ-CP069791.1
C2_1492R	RS-GCF-000156615.2-NZ-GL542879.1	97.681	1128	99	1121	0.0	1863	RS-GCF-000156615.2-NZ-GL542879.1
C2_1492R	RS-GCF-000478035.1-NZ-KI515731.1--2	97.681	1128	99	1121	0.0	1863	RS-GCF-000478035.1-NZ-KI515731.1--2
C2_1492R	RS-GCF-016728365.1-NZ-CP068156.1--3	97.681	1128	99	1121	0.0	1859	RS-GCF-016728365.1-NZ-CP068156.1--3
C2_1492R	RS-GCF-000156615.2-NZ-GL542880.1	97.591	1128	99	1121	0.0	1858	RS-GCF-000156615.2-NZ-GL542880.1
C2_1492R	G001054195	97.591	1128	99	1121	0.0	1858	G001054195
C2_1492R	MJ030-2-barcode74-umi102433bins-ubs-3	97.591	1128	99	1121	0.0	1858	MJ030-2-barcode74-umi102433bins-ubs-3
C2_1492R	RS-GCF-016728365.1-NZ-CP068156.1--4	97.591	1128	99	1121	0.0	1851	RS-GCF-016728365.1-NZ-CP068156.1--4
C2_1492R	RS-GCF-000478115.1-NZ-KI515752.1	98.601	1128	95	1072	0.0	1831	RS-GCF-000478115.1-NZ-KI515752.1
C2_1492R	RS-GCF-016127015.1-NZ-CP065972.1	96.967	1128	99	1121	0.0	1827	RS-GCF-016127015.1-NZ-CP065972.1
C2_1492R	RS-GCF-001057615.1-NZ-JUZU01000117.1	96.878	1128	99	1121	0.0	1823	RS-GCF-001057615.1-NZ-JUZU01000117.1
C2_1492R	GB-GCA-017850055.1-JAFIJE010000056.1	96.607	1128	99	1120	0.0	1810	GB-GCA-017850055.1-JAFIJE010000056.1
C2_1492R	RS-GCF-900637825.1-NZ-LR134408.1--3	96.518	1128	99	1120	0.0	1806	RS-GCF-900637825.1-NZ-LR134408.1--3
C2_1492R	RS-GCF-000477915.1-NZ-KI515712.1--2	96.518	1128	99	1120	0.0	1802	RS-GCF-000477915.1-NZ-KI515712.1--2
C2_1492R	RS-GCF-900637825.1-NZ-LR134408.1	96.518	1128	99	1120	0.0	1802	RS-GCF-900637825.1-NZ-LR134408.1
C2_1492R	RS-GCF-000477975.1-NZ-KI515719.1	96.518	1128	99	1120	0.0	1802	RS-GCF-000477975.1-NZ-KI515719.1
C2_1492R	RS-GCF-000477875.1-NZ-KI515702.1	96.518	1128	99	1120	0.0	1802	RS-GCF-000477875.1-NZ-KI515702.1
C2_1492R	RS-GCF-000477915.1-NZ-KI515713.1	96.429	1128	99	1120	0.0	1798	RS-GCF-000477915.1-NZ-KI515713.1
C2_1492R	RS-GCF-000477915.1-NZ-KI515712.1--3	96.429	1128	99	1120	0.0	1798	RS-GCF-000477915.1-NZ-KI515712.1--3
C2_1492R	RS-GCF-000478095.1-NZ-KI515749.1--2	96.429	1128	99	1120	0.0	1798	RS-GCF-000478095.1-NZ-KI515749.1--2
C2_1492R	RS-GCF-000478095.1-NZ-KI515749.1	96.250	1128	99	1120	0.0	1789	RS-GCF-000478095.1-NZ-KI515749.1
C2_1492R	RS-GCF-000478135.1-NZ-KI515760.1	96.161	1128	99	1120	0.0	1788	RS-GCF-000478135.1-NZ-KI515760.1
C2_1492R	G000159115	96.161	1128	99	1120	0.0	1784	G000159115
C2_1492R	AJ439346	96.161	1128	99	1120	0.0	1784	AJ439346
C2_1492R	RS-GCF-000478135.1-NZ-KI515760.1--2	96.071	1128	99	1120	0.0	1780	RS-GCF-000478135.1-NZ-KI515760.1--2
C2_1492R	RS-GCF-000478075.1-NZ-KI515744.1	95.982	1128	99	1120	0.0	1779	RS-GCF-000478075.1-NZ-KI515744.1
C2_1492R	RS-GCF-000478135.1-NZ-KI515758.1	95.982	1128	99	1120	0.0	1775	RS-GCF-000478135.1-NZ-KI515758.1
C2_1492R	RS-GCF-900096985.1-NZ-FMKB01000004.1	98.004	1128	93	1052	0.0	1772	RS-GCF-900096985.1-NZ-FMKB01000004.1
C2_1492R	RS-GCF-016628345.1-NZ-JAACBV010000042.1	95.361	1128	99	1121	0.0	1743	RS-GCF-016628345.1-NZ-JAACBV010000042.1
C2_1492R	RS-GCF-016628425.2-NZ-JAACBX020000002.1	95.361	1128	99	1121	0.0	1743	RS-GCF-016628425.2-NZ-JAACBX020000002.1
C2_1492R	AJ439345	95.361	1128	99	1121	0.0	1743	AJ439345
C2_1492R	RS-GCF-014217255.1-NZ-CP059404.1	95.094	1128	99	1121	0.0	1722	RS-GCF-014217255.1-NZ-CP059404.1
C2_1492R	HG799103	94.826	1128	98	1121	0.0	1706	HG799103
C2_1492R	RS-GCF-900177745.1-NZ-FXAR01000014.1	94.732	1128	98	1120	0.0	1703	RS-GCF-900177745.1-NZ-FXAR01000014.1
C2_1492R	KP276149	94.732	1128	98	1120	0.0	1703	KP276149
C2_1492R	RS-GCF-900478045.1-NZ-LS483460.1--3	94.648	1128	99	1121	0.0	1702	RS-GCF-900478045.1-NZ-LS483460.1--3
C2_1492R	RS-GCF-900637065.1-NZ-LR134339.1	94.648	1128	99	1121	0.0	1702	RS-GCF-900637065.1-NZ-LR134339.1
C2_1492R	G000805675	94.648	1128	99	1121	0.0	1702	G000805675
C2_1492R	G000833575	94.474	1128	99	1122	0.0	1693	G000833575
C2_1492R	RS-GCF-001812805.1-NZ-KV810432.1	94.380	1128	99	1121	0.0	1689	RS-GCF-001812805.1-NZ-KV810432.1
C2_1492R	RS-GCF-002871735.1-NZ-PNHI01000033.1	94.380	1128	99	1121	0.0	1689	RS-GCF-002871735.1-NZ-PNHI01000033.1
C2_1492R	RS-GCF-903645345.1-NZ-CAHJXS010000003.1	94.380	1128	99	1121	0.0	1689	RS-GCF-903645345.1-NZ-CAHJXS010000003.1
C2_1492R	RS-GCF-007672555.1-NZ-VDSV01000014.1	94.380	1128	99	1121	0.0	1689	RS-GCF-007672555.1-NZ-VDSV01000014.1
C2_1492R	X84678	94.291	1128	99	1121	0.0	1687	X84678
C2_1492R	RS-GCF-001836165.1-NZ-KV827658.1	94.291	1128	99	1121	0.0	1685	RS-GCF-001836165.1-NZ-KV827658.1
C2_1492R	RS-GCF-004114895.1-NZ-CP035299.1--4	94.375	1128	98	1120	0.0	1684	RS-GCF-004114895.1-NZ-CP035299.1--4
C2_1492R	RS-GCF-004114895.1-NZ-CP035299.1	94.375	1128	98	1120	0.0	1684	RS-GCF-004114895.1-NZ-CP035299.1
C2_1492R	RS-GCF-003492745.1-NZ-QQLP01000014.1	94.291	1128	99	1121	0.0	1684	RS-GCF-003492745.1-NZ-QQLP01000014.1
C2_1492R	RS-GCF-012030615.1-NZ-JAAUWA010000037.1	94.291	1128	99	1121	0.0	1684	RS-GCF-012030615.1-NZ-JAAUWA010000037.1
C2_1492R	RS-GCF-007097455.1-NZ-VKDG01000021.1	94.291	1128	99	1121	0.0	1684	RS-GCF-007097455.1-NZ-VKDG01000021.1
C2_1492R	RS-GCF-001811845.1-NZ-KV806777.1	94.291	1128	99	1121	0.0	1684	RS-GCF-001811845.1-NZ-KV806777.1
C2_1492R	RS-GCF-015070775.1-NZ-JADCSB010000016.1	94.291	1128	99	1121	0.0	1684	RS-GCF-015070775.1-NZ-JADCSB010000016.1
C2_1492R	MJ006-2-barcode58-umi110947bins-ubs-3	94.291	1128	99	1121	0.0	1684	MJ006-2-barcode58-umi110947bins-ubs-3
C2_1492R	MJ006-2-barcode58-umi100475bins-ubs-5	94.291	1128	99	1121	0.0	1684	MJ006-2-barcode58-umi100475bins-ubs-5
C2_1492R	MJ006-2-barcode58-umi105468bins-ubs-4	94.291	1128	99	1121	0.0	1684	MJ006-2-barcode58-umi105468bins-ubs-4
C2_1492R	MJ006-2-barcode63-umi39294bins-ubs-9	94.291	1128	99	1121	0.0	1684	MJ006-2-barcode63-umi39294bins-ubs-9
C2_1492R	RS-GCF-016889985.1-NZ-CP069568.1--3	94.202	1128	99	1121	0.0	1681	RS-GCF-016889985.1-NZ-CP069568.1--3
C2_1492R	RS-GCF-001552395.1-NZ-BCRC01000029.1	94.202	1128	99	1121	0.0	1681	RS-GCF-001552395.1-NZ-BCRC01000029.1
C2_1492R	RS-GCF-900478045.1-NZ-LS483460.1--4	94.202	1128	99	1121	0.0	1681	RS-GCF-900478045.1-NZ-LS483460.1--4
C2_1492R	RS-GCF-900478045.1-NZ-LS483460.1--2	94.202	1128	99	1121	0.0	1681	RS-GCF-900478045.1-NZ-LS483460.1--2
C2_1492R	RS-GCF-001807315.1-NZ-KV788539.1	94.202	1128	99	1121	0.0	1681	RS-GCF-001807315.1-NZ-KV788539.1
C2_1492R	G001815935	94.291	1128	99	1121	0.0	1681	G001815935
C2_1492R	MJ006-2-barcode58-umi152026bins-ubs-3	94.202	1128	99	1121	0.0	1681	MJ006-2-barcode58-umi152026bins-ubs-3
C2_1492R	MJ006-2-barcode58-umi151046bins-ubs-3	94.202	1128	99	1121	0.0	1681	MJ006-2-barcode58-umi151046bins-ubs-3
C2_1492R	RS-GCF-003814005.1-NZ-CP033898.1	94.286	1128	98	1120	0.0	1680	RS-GCF-003814005.1-NZ-CP033898.1
C2_1492R	RS-GCF-014635485.1-NZ-BMCX01000009.1	94.286	1128	98	1120	0.0	1680	RS-GCF-014635485.1-NZ-BMCX01000009.1
C2_1492R	RS-GCF-002861385.1-NZ-PKHR01000004.1	94.202	1128	99	1121	0.0	1680	RS-GCF-002861385.1-NZ-PKHR01000004.1
C2_1492R	RS-GCF-001810695.1-NZ-KV802419.1	94.202	1128	99	1121	0.0	1680	RS-GCF-001810695.1-NZ-KV802419.1
C2_1492R	G000022905	94.202	1128	99	1121	0.0	1680	G000022905
C2_1492R	KF986249	94.286	1128	98	1120	0.0	1680	KF986249
C2_1492R	ACLH01000041	94.202	1128	99	1121	0.0	1680	ACLH01000041
C2_1492R	MJ006-2-barcode58-umi142206bins-ubs-3	94.207	1128	99	1122	0.0	1678	MJ006-2-barcode58-umi142206bins-ubs-3
C2_1492R	GB-GCA-900312965.1-LT990688.1	94.123	1128	99	1123	0.0	1677	GB-GCA-900312965.1-LT990688.1
C2_1492R	RS-GCF-015830225.1-NZ-JADQVP010000022.1	94.123	1128	99	1123	0.0	1677	RS-GCF-015830225.1-NZ-JADQVP010000022.1
C2_1492R	LT990688	94.123	1128	99	1123	0.0	1677	LT990688
C2_1492R	LT960553	94.123	1128	99	1123	0.0	1677	LT960553
C2_1492R	AJ012837	94.202	1128	99	1121	0.0	1677	AJ012837
C2_1492R	RS-GCF-016889985.1-NZ-CP069568.1--2	94.112	1128	99	1121	0.0	1676	RS-GCF-016889985.1-NZ-CP069568.1--2
C2_1492R	RS-GCF-016889985.1-NZ-CP069568.1	94.112	1128	99	1121	0.0	1676	RS-GCF-016889985.1-NZ-CP069568.1
C2_1492R	RS-GCF-001813925.1-NZ-KV814387.1	94.112	1128	99	1121	0.0	1676	RS-GCF-001813925.1-NZ-KV814387.1
C2_1492R	RS-GCF-001811145.1-NZ-KV803654.1	94.112	1128	99	1121	0.0	1676	RS-GCF-001811145.1-NZ-KV803654.1
C2_1492R	RS-GCF-001807495.1-NZ-KV789214.1	94.112	1128	99	1121	0.0	1676	RS-GCF-001807495.1-NZ-KV789214.1
C2_1492R	MJ006-2-barcode63-umi132722bins-ubs-4	94.112	1128	99	1121	0.0	1676	MJ006-2-barcode63-umi132722bins-ubs-4
C2_1492R	RS-GCF-001889835.1-NZ-MKYL01000028.1	94.196	1128	98	1120	0.0	1675	RS-GCF-001889835.1-NZ-MKYL01000028.1
C2_1492R	RS-GCF-002115155.1-NZ-NDHN01000026.1	94.196	1128	98	1120	0.0	1675	RS-GCF-002115155.1-NZ-NDHN01000026.1
C2_1492R	RS-GCF-002201145.1-NZ-MSIH01000024.1	94.196	1128	98	1120	0.0	1675	RS-GCF-002201145.1-NZ-MSIH01000024.1
C2_1492R	G000819445	94.107	1128	98	1120	0.0	1674	G000819445
C2_1492R	G000420605	94.118	1128	99	1122	0.0	1673	G000420605
C2_1492R	EF217056	94.118	1128	99	1122	0.0	1673	EF217056
C2_1492R	RS-GCF-015830925.1-NZ-JADQUH010000016.1	94.034	1128	99	1123	0.0	1673	RS-GCF-015830925.1-NZ-JADQUH010000016.1
C2_1492R	GB-GCA-900447175.1-UFWY01000001.1	94.034	1128	99	1123	0.0	1673	GB-GCA-900447175.1-UFWY01000001.1
C2_1492R	RS-GCF-000766885.2-NZ-CP027001.1	94.034	1128	99	1123	0.0	1672	RS-GCF-000766885.2-NZ-CP027001.1
C2_1492R	RS-GCF-001814945.1-NZ-KV818429.1	94.023	1128	99	1121	0.0	1672	RS-GCF-001814945.1-NZ-KV818429.1
C2_1492R	GB-GCA-007786375.1-VMTY01000005.1	94.023	1128	99	1121	0.0	1672	GB-GCA-007786375.1-VMTY01000005.1
C2_1492R	RS-GCF-001813175.1-NZ-KV811707.1	94.023	1128	99	1121	0.0	1672	RS-GCF-001813175.1-NZ-KV811707.1
C2_1492R	RS-GCF-001807205.1-NZ-KV788189.1	94.023	1128	99	1121	0.0	1672	RS-GCF-001807205.1-NZ-KV788189.1
C2_1492R	RS-GCF-001813755.1-NZ-KV813887.1	94.023	1128	99	1121	0.0	1672	RS-GCF-001813755.1-NZ-KV813887.1
C2_1492R	RS-GCF-007097425.1-NZ-VKDK01000050.1	94.023	1128	99	1121	0.0	1672	RS-GCF-007097425.1-NZ-VKDK01000050.1
C2_1492R	RS-GCF-001889905.1-NZ-MKYN01000027.1	94.107	1128	98	1120	0.0	1672	RS-GCF-001889905.1-NZ-MKYN01000027.1
C2_1492R	RS-GCF-002203235.1-NZ-LSYJ01000022.1	94.107	1128	98	1120	0.0	1672	RS-GCF-002203235.1-NZ-LSYJ01000022.1
C2_1492R	G001586215	94.023	1128	99	1121	0.0	1672	G001586215
C2_1492R	G000980815	94.034	1128	99	1123	0.0	1672	G000980815
C2_1492R	MJ030-2-barcode50-umi81792bins-ubs-7	94.023	1128	99	1121	0.0	1672	MJ030-2-barcode50-umi81792bins-ubs-7
C2_1492R	RS-GCF-001902275.1-NZ-CP018331.1	94.107	1128	98	1120	0.0	1671	RS-GCF-001902275.1-NZ-CP018331.1
C2_1492R	RS-GCF-015830795.1-NZ-JADQUN010000096.1	93.945	1128	99	1123	0.0	1668	RS-GCF-015830795.1-NZ-JADQUN010000096.1
C2_1492R	RS-GCF-000242775.1-NC-016787.1--3	94.107	1128	98	1120	0.0	1668	RS-GCF-000242775.1-NC-016787.1--3
C2_1492R	RS-GCF-001836065.1-NZ-KV827301.1	93.934	1128	99	1121	0.0	1667	RS-GCF-001836065.1-NZ-KV827301.1
C2_1492R	RS-GCF-001807295.1-NZ-KV788495.1	94.029	1128	99	1122	0.0	1667	RS-GCF-001807295.1-NZ-KV788495.1
C2_1492R	RS-GCF-001026805.1-NZ-JAQN01000039.1	94.018	1128	98	1120	0.0	1667	RS-GCF-001026805.1-NZ-JAQN01000039.1
C2_1492R	RS-GCF-017149595.1-NZ-JAFIQC010000029.1	94.018	1128	98	1120	0.0	1667	RS-GCF-017149595.1-NZ-JAFIQC010000029.1
C2_1492R	RS-GCF-903986125.1-NZ-CAJDXT010000033.1	94.018	1128	98	1120	0.0	1667	RS-GCF-903986125.1-NZ-CAJDXT010000033.1
C2_1492R	RS-GCF-002843135.1-NZ-CP025209.1	94.018	1128	98	1120	0.0	1667	RS-GCF-002843135.1-NZ-CP025209.1
C2_1492R	RS-GCF-015830115.1-NZ-JADQVS010000033.1	94.018	1128	98	1120	0.0	1667	RS-GCF-015830115.1-NZ-JADQVS010000033.1
C2_1492R	RS-GCF-903986245.1-NZ-CAJDXI010000026.1	94.018	1128	98	1120	0.0	1667	RS-GCF-903986245.1-NZ-CAJDXI010000026.1
C2_1492R	RS-GCF-003666645.1-NZ-RCIS01000023.1	94.018	1128	98	1120	0.0	1667	RS-GCF-003666645.1-NZ-RCIS01000023.1
C2_1492R	G001875875	94.018	1128	98	1120	0.0	1667	G001875875
C2_1492R	G001875845	94.018	1128	98	1120	0.0	1667	G001875845
C2_1492R	G001457455	94.018	1128	98	1120	0.0	1667	G001457455
C2_1492R	RS-GCF-004916755.1-NZ-CP039523.1	94.018	1128	98	1120	0.0	1666	RS-GCF-004916755.1-NZ-CP039523.1
C2_1492R	GB-GCA-003640875.1-RCFC01000051.1	94.112	1128	98	1121	0.0	1666	GB-GCA-003640875.1-RCFC01000051.1
C2_1492R	G001889145	94.018	1128	98	1120	0.0	1666	G001889145
C2_1492R	RS-GCF-900156665.1-NZ-FTOF01000024.1	93.929	1128	99	1120	0.0	1665	RS-GCF-900156665.1-NZ-FTOF01000024.1
C2_1492R	RS-GCF-004758745.1-NZ-CP038504.1--2	93.929	1128	98	1120	0.0	1663	RS-GCF-004758745.1-NZ-CP038504.1--2
C2_1492R	GB-GCA-001937335.1-MSTA01000040.1	94.018	1128	98	1120	0.0	1663	GB-GCA-001937335.1-MSTA01000040.1
C2_1492R	GB-GCA-003640955.1-RCEU01000046.1	94.018	1128	98	1120	0.0	1663	GB-GCA-003640955.1-RCEU01000046.1
C2_1492R	RS-GCF-000241935.1-NC-016800.1	93.856	1128	99	1123	0.0	1663	RS-GCF-000241935.1-NC-016800.1
C2_1492R	X84248	93.929	1128	98	1120	0.0	1663	X84248
C2_1492R	RS-GCF-011682985.1-NZ-VCOY01000043.1	93.939	1128	99	1122	0.0	1663	RS-GCF-011682985.1-NZ-VCOY01000043.1
C2_1492R	RS-GCF-015830215.1-NZ-JADQVQ010000028.1	93.929	1128	98	1120	0.0	1663	RS-GCF-015830215.1-NZ-JADQVQ010000028.1
C2_1492R	G000265545	93.929	1128	98	1120	0.0	1662	G000265545
C2_1492R	GB-GCA-004771215.1-CP038789.1--5	93.945	1128	99	1123	0.0	1661	GB-GCA-004771215.1-CP038789.1--5
C2_1492R	AJ314919	93.839	1128	99	1120	0.0	1661	AJ314919
C2_1492R	RS-GCF-016728205.1-NZ-CP068157.1--3	94.029	1128	99	1122	0.0	1660	RS-GCF-016728205.1-NZ-CP068157.1--3
C2_1492R	RS-GCF-001044155.1-NZ-LDYD01000003.1	93.767	1128	99	1123	0.0	1659	RS-GCF-001044155.1-NZ-LDYD01000003.1
C2_1492R	RS-GCF-014610855.1-NZ-PGGF01000007.1	93.939	1128	99	1122	0.0	1659	RS-GCF-014610855.1-NZ-PGGF01000007.1
C2_1492R	RS-GCF-016728205.1-NZ-CP068157.1--4	93.939	1128	99	1122	0.0	1659	RS-GCF-016728205.1-NZ-CP068157.1--4
C2_1492R	GB-GCA-001935905.1-MSBU01000007.1	93.929	1128	98	1120	0.0	1659	GB-GCA-001935905.1-MSBU01000007.1
C2_1492R	GB-GCA-001723445.1-MDYU01000066.1	93.929	1128	98	1120	0.0	1659	GB-GCA-001723445.1-MDYU01000066.1
C2_1492R	RS-GCF-902702935.1-NZ-LR738855.1	93.767	1128	99	1123	0.0	1658	RS-GCF-902702935.1-NZ-LR738855.1
C2_1492R	RS-GCF-001053435.1-NZ-JVTL01000076.1	93.850	1128	99	1122	0.0	1658	RS-GCF-001053435.1-NZ-JVTL01000076.1
C2_1492R	MN535983	93.767	1128	99	1123	0.0	1658	MN535983
C2_1492R	GB-GCA-013393575.1-JABXHC010000088.1	93.678	1128	99	1123	0.0	1657	GB-GCA-013393575.1-JABXHC010000088.1
C2_1492R	G001481675	93.839	1128	98	1120	0.0	1657	G001481675
C2_1492R	G001433475	93.839	1128	98	1120	0.0	1657	G001433475
C2_1492R	G001298505	93.839	1128	98	1120	0.0	1657	G001298505
C2_1492R	G001017615	93.839	1128	98	1120	0.0	1657	G001017615
C2_1492R	G000255935	93.839	1128	98	1120	0.0	1657	G000255935
C2_1492R	G000143705	93.839	1128	98	1120	0.0	1657	G000143705
C2_1492R	MG845149	93.839	1128	98	1120	0.0	1657	MG845149
C2_1492R	Y09569	93.912	1128	98	1117	0.0	1657	Y09569
C2_1492R	RS-GCF-000215665.1-NC-015683.1	93.834	1128	98	1119	0.0	1655	RS-GCF-000215665.1-NC-015683.1
C2_1492R	RS-GCF-900447205.1-NZ-UFXQ01000001.1	93.678	1128	99	1123	0.0	1654	RS-GCF-900447205.1-NZ-UFXQ01000001.1
C2_1492R	RS-GCF-000242775.1-NC-016787.1--2	93.839	1128	98	1120	0.0	1654	RS-GCF-000242775.1-NC-016787.1--2
C2_1492R	X84256	93.750	1128	98	1120	0.0	1654	X84256
C2_1492R	RS-GCF-900187295.1-NZ-LT906473.1	93.817	1128	98	1116	0.0	1654	RS-GCF-900187295.1-NZ-LT906473.1
C2_1492R	RS-GCF-016727365.1-NZ-CP068134.1	93.750	1128	98	1120	0.0	1654	RS-GCF-016727365.1-NZ-CP068134.1
C2_1492R	RS-GCF-000769635.1-NZ-CP009716.1--4	93.750	1128	98	1120	0.0	1654	RS-GCF-000769635.1-NZ-CP009716.1--4
C2_1492R	RS-GCF-001876325.1-NZ-MIOS01000031.1	93.750	1128	98	1120	0.0	1654	RS-GCF-001876325.1-NZ-MIOS01000031.1
C2_1492R	RS-GCF-001298275.1-NZ-LGSX01000006.1	93.750	1128	98	1120	0.0	1654	RS-GCF-001298275.1-NZ-LGSX01000006.1
C2_1492R	RS-GCF-000968945.1-NZ-CP011095.1	93.750	1128	98	1120	0.0	1654	RS-GCF-000968945.1-NZ-CP011095.1
C2_1492R	RS-GCF-002803965.1-NZ-CP024931.1	93.761	1128	99	1122	0.0	1654	RS-GCF-002803965.1-NZ-CP024931.1
C2_1492R	RS-GCF-003202245.1-NZ-NRIL01000009.1	93.761	1128	99	1122	0.0	1654	RS-GCF-003202245.1-NZ-NRIL01000009.1
C2_1492R	GB-GCA-000764045.2-CP016829.1	93.750	1128	98	1120	0.0	1654	GB-GCA-000764045.2-CP016829.1
C2_1492R	RS-GCF-000227605.3-NC-017307.3	93.750	1128	98	1120	0.0	1654	RS-GCF-000227605.3-NC-017307.3
C2_1492R	G900169525	93.750	1128	98	1120	0.0	1654	G900169525
C2_1492R	G008373895	93.761	1128	99	1122	0.0	1654	G008373895
C2_1492R	G001922265	93.750	1128	98	1120	0.0	1654	G001922265
C2_1492R	G000259155	93.750	1128	98	1120	0.0	1654	G000259155
C2_1492R	KX214078	94.434	1128	96	1096	0.0	1654	KX214078
C2_1492R	Y15886	94.213	1128	97	1106	0.0	1654	Y15886
C2_1492R	RS-GCF-000255235.1-NC-016786.1	93.845	1128	98	1121	0.0	1653	RS-GCF-000255235.1-NC-016786.1
C2_1492R	RS-GCF-900638715.1-NZ-LR134537.1	93.845	1128	98	1121	0.0	1653	RS-GCF-900638715.1-NZ-LR134537.1
C2_1492R	GB-GCA-003640845.1-RCFA01000043.1	93.845	1128	98	1121	0.0	1653	GB-GCA-003640845.1-RCFA01000043.1
C2_1492R	RS-GCF-015831155.1-NZ-JADQTW010000025.1	93.845	1128	98	1121	0.0	1653	RS-GCF-015831155.1-NZ-JADQTW010000025.1
C2_1492R	G006334925	93.975	1128	98	1112	0.0	1653	G006334925
C2_1492R	G003813985	93.750	1128	98	1120	0.0	1653	G003813985
C2_1492R	G000730445	93.750	1128	98	1120	0.0	1653	G000730445
C2_1492R	HG799102	93.975	1128	98	1112	0.0	1653	HG799102
C2_1492R	RS-GCF-900478035.1-NZ-LS483464.1	93.666	1128	98	1121	0.0	1651	RS-GCF-900478035.1-NZ-LS483464.1
C2_1492R	G001044175	93.666	1128	98	1121	0.0	1651	G001044175
C2_1492R	X84442	93.666	1128	99	1121	0.0	1651	X84442
C2_1492R	GB-GCA-900618065.1-UYIL01000003.1	93.666	1128	99	1121	0.0	1650	GB-GCA-900618065.1-UYIL01000003.1
C2_1492R	RS-GCF-900475655.1-NZ-LS483404.1--2	93.666	1128	98	1121	0.0	1650	RS-GCF-900475655.1-NZ-LS483404.1--2
C2_1492R	RS-GCF-001814575.1-NZ-KV817196.1	93.678	1128	99	1123	0.0	1650	RS-GCF-001814575.1-NZ-KV817196.1
C2_1492R	G006547305	93.678	1128	99	1123	0.0	1650	G006547305
C2_1492R	G000980835	93.482	1128	98	1120	0.0	1650	G000980835
C2_1492R	GQ421281	93.678	1128	98	1123	0.0	1650	GQ421281
C2_1492R	RS-GCF-900187295.1-NZ-LT906473.1--2	93.728	1128	98	1116	0.0	1649	RS-GCF-900187295.1-NZ-LT906473.1--2
C2_1492R	RS-GCF-013135535.1-NZ-JABGCQ010000015.1	93.661	1128	98	1120	0.0	1649	RS-GCF-013135535.1-NZ-JABGCQ010000015.1
C2_1492R	RS-GCF-003202295.1-NZ-NRIN01000018.1	93.672	1128	99	1122	0.0	1649	RS-GCF-003202295.1-NZ-NRIN01000018.1
C2_1492R	RS-GCF-016889445.1-NZ-CP069514.1	93.672	1128	99	1122	0.0	1649	RS-GCF-016889445.1-NZ-CP069514.1
C2_1492R	RS-GCF-002156805.1-NZ-CP021252.1	93.672	1128	99	1122	0.0	1649	RS-GCF-002156805.1-NZ-CP021252.1
C2_1492R	RS-GCF-003202375.1-NZ-NRIM01000009.1	93.672	1128	99	1122	0.0	1649	RS-GCF-003202375.1-NZ-NRIM01000009.1
C2_1492R	RS-GCF-002775105.1-NZ-LTBH01000004.1	93.672	1128	99	1122	0.0	1649	RS-GCF-002775105.1-NZ-LTBH01000004.1
C2_1492R	RS-GCF-900637565.1-NZ-LR134377.1	93.488	1128	98	1121	0.0	1648	RS-GCF-900637565.1-NZ-LR134377.1
C2_1492R	G000730365	93.661	1128	98	1120	0.0	1648	G000730365
C2_1492R	RS-GCF-014117265.1-NZ-CP059833.1	93.583	1128	99	1122	0.0	1647	RS-GCF-014117265.1-NZ-CP059833.1
C2_1492R	RS-GCF-001969145.1-NZ-CP023395.1--4	93.744	1128	98	1119	0.0	1647	RS-GCF-001969145.1-NZ-CP023395.1--4
C2_1492R	RS-GCF-008693065.1-NZ-VXKH01000108.1	93.571	1128	99	1120	0.0	1646	RS-GCF-008693065.1-NZ-VXKH01000108.1
C2_1492R	RS-GCF-002285115.1-NZ-NSGP01000026.1	93.494	1128	99	1122	0.0	1646	RS-GCF-002285115.1-NZ-NSGP01000026.1
C2_1492R	G000759055	93.571	1128	99	1120	0.0	1646	G000759055
C2_1492R	KY593177	93.494	1128	99	1122	0.0	1646	KY593177
C2_1492R	X84252	93.638	1128	98	1116	0.0	1645	X84252
C2_1492R	GB-GCA-003640965.1-RCEY01000020.1	93.756	1128	98	1121	0.0	1645	GB-GCA-003640965.1-RCEY01000020.1
C2_1492R	FJ157329	93.399	1128	98	1121	0.0	1645	FJ157329
C2_1492R	MK602323	93.571	1128	98	1120	0.0	1644	MK602323
C2_1492R	MJ007-2-barcode52-umi40417bins-ubs-5	93.411	1128	99	1123	0.0	1644	MJ007-2-barcode52-umi40417bins-ubs-5
C2_1492R	MJ007-2-barcode52-umi33584bins-ubs-8	93.411	1128	99	1123	0.0	1644	MJ007-2-barcode52-umi33584bins-ubs-8
C2_1492R	AY677186	93.482	1128	99	1120	0.0	1643	AY677186
C2_1492R	G007859215	93.500	1128	98	1123	0.0	1642	G007859215
C2_1492R	GQ871934	93.500	1128	98	1123	0.0	1642	GQ871934
C2_1492R	RS-GCF-900447255.1-NZ-UFYC01000001.1--4	93.488	1128	98	1121	0.0	1641	RS-GCF-900447255.1-NZ-UFYC01000001.1--4
C2_1492R	RS-GCF-900447255.1-NZ-UFYC01000001.1	93.488	1128	98	1121	0.0	1641	RS-GCF-900447255.1-NZ-UFYC01000001.1
C2_1492R	X81916	93.482	1128	98	1120	0.0	1641	X81916
C2_1492R	MJ007-2-barcode52-umi44765bins-ubs-4	93.333	1128	99	1125	0.0	1640	MJ007-2-barcode52-umi44765bins-ubs-4
C2_1492R	MJ007-2-barcode52-umi39783bins-ubs-5	93.333	1128	99	1125	0.0	1640	MJ007-2-barcode52-umi39783bins-ubs-5
C2_1492R	MJ007-2-barcode52-umi43420bins-ubs-4	93.333	1128	99	1125	0.0	1640	MJ007-2-barcode52-umi43420bins-ubs-4
C2_1492R	MJ007-2-barcode52-umi47394bins-ubs-4	93.333	1128	99	1125	0.0	1640	MJ007-2-barcode52-umi47394bins-ubs-4
C2_1492R	MJ007-1-barcode38-umi36545bins-ubs-4	93.333	1128	99	1125	0.0	1640	MJ007-1-barcode38-umi36545bins-ubs-4
C2_1492R	RS-GCF-015752125.1-NZ-JADOUE010000001.1	93.405	1128	99	1122	0.0	1639	RS-GCF-015752125.1-NZ-JADOUE010000001.1
C2_1492R	HE575405	93.405	1128	99	1122	0.0	1639	HE575405
C2_1492R	RS-GCF-002285075.1-NZ-NSGO01000018.1	93.393	1128	99	1120	0.0	1638	RS-GCF-002285075.1-NZ-NSGO01000018.1
C2_1492R	MJ007-1-barcode38-umi32230bins-ubs-4	93.250	1128	99	1126	0.0	1638	MJ007-1-barcode38-umi32230bins-ubs-4
C2_1492R	RS-GCF-008693105.1-NZ-VXKK01000021.1	93.168	1128	99	1127	0.0	1636	RS-GCF-008693105.1-NZ-VXKK01000021.1
C2_1492R	G001941465	93.168	1128	99	1127	0.0	1636	G001941465
C2_1492R	Y09806	93.399	1128	98	1121	0.0	1636	Y09806
C2_1492R	RS-GCF-900163675.1-NZ-FWFE01000021.1	93.244	1128	99	1125	0.0	1636	RS-GCF-900163675.1-NZ-FWFE01000021.1
C2_1492R	RS-GCF-012843865.1-NZ-JABAFZ010000016.1	93.244	1128	99	1125	0.0	1636	RS-GCF-012843865.1-NZ-JABAFZ010000016.1
C2_1492R	G004795735	93.321	1128	99	1123	0.0	1636	G004795735
C2_1492R	G000550805	93.393	1128	98	1120	0.0	1636	G000550805
C2_1492R	G000550785	93.244	1128	99	1125	0.0	1636	G000550785
C2_1492R	MJ007-2-barcode52-umi48075bins-ubs-3	93.244	1128	99	1125	0.0	1636	MJ007-2-barcode52-umi48075bins-ubs-3
C2_1492R	MJ007-2-barcode52-umi47088bins-ubs-3	93.244	1128	99	1125	0.0	1636	MJ007-2-barcode52-umi47088bins-ubs-3
C2_1492R	FM173119	93.566	1128	98	1119	0.0	1635	FM173119
C2_1492R	FJ172667	93.232	1128	99	1123	0.0	1635	FJ172667
C2_1492R	G001941345	93.162	1128	99	1126	0.0	1634	G001941345
C2_1492R	MK185698	93.316	1128	99	1122	0.0	1634	MK185698
C2_1492R	AF010474	93.465	1128	98	1117	0.0	1634	AF010474
C2_1492R	X81908	93.453	1128	98	1115	0.0	1633	X81908
C2_1492R	X84441	93.079	1128	99	1127	0.0	1632	X84441
C2_1492R	G000159635	93.327	1128	99	1124	0.0	1631	G000159635
C2_1492R	ACHJ01000075	93.327	1128	99	1124	0.0	1631	ACHJ01000075
C2_1492R	MJ007-2-barcode52-umi34879bins-ubs-7	93.156	1128	99	1125	0.0	1631	MJ007-2-barcode52-umi34879bins-ubs-7
C2_1492R	MJ007-1-barcode38-umi43150bins-ubs-3	93.232	1128	99	1123	0.0	1631	MJ007-1-barcode38-umi43150bins-ubs-3
C2_1492R	G000379705	92.826	1128	98	1129	0.0	1629	G000379705
C2_1492R	X81909	93.592	1128	97	1108	0.0	1629	X81909
C2_1492R	RS-GCF-900155535.1-NZ-LT706957.1	93.131	1128	99	1121	0.0	1627	RS-GCF-900155535.1-NZ-LT706957.1
C2_1492R	RS-GCF-014897435.1-NZ-JABUYG010000055.1	93.067	1128	99	1125	0.0	1627	RS-GCF-014897435.1-NZ-JABUYG010000055.1
C2_1492R	G000143825	93.131	1128	99	1121	0.0	1627	G000143825
C2_1492R	X81871	93.333	1128	98	1110	0.0	1627	X81871
C2_1492R	RS-GCF-012843925.1-NZ-JABAGB010000026.1	92.996	1128	99	1128	0.0	1626	RS-GCF-012843925.1-NZ-JABAGB010000026.1
C2_1492R	G001021025	93.220	1128	98	1121	0.0	1625	G001021025
C2_1492R	CP011541	93.220	1128	98	1121	0.0	1625	CP011541
C2_1492R	RS-GCF-000828015.1-NZ-CP010451.1--5	93.060	1128	99	1124	0.0	1624	RS-GCF-000828015.1-NZ-CP010451.1--5
C2_1492R	RS-GCF-001518935.2-NZ-CP013991.1--3	93.060	1128	99	1124	0.0	1624	RS-GCF-001518935.2-NZ-CP013991.1--3
C2_1492R	RS-GCF-001518935.2-NZ-CP013991.1	93.060	1128	99	1124	0.0	1624	RS-GCF-001518935.2-NZ-CP013991.1
C2_1492R	KJ938705	93.085	1128	98	1128	0.0	1624	KJ938705
C2_1492R	RS-GCF-000738175.1-NZ-JFCH01000010.1	92.972	1128	99	1124	0.0	1623	RS-GCF-000738175.1-NZ-JFCH01000010.1
C2_1492R	RS-GCF-903645305.1-NZ-CAHJXO010000001.1	93.184	1128	98	1115	0.0	1623	RS-GCF-903645305.1-NZ-CAHJXO010000001.1
C2_1492R	RS-GCF-013014865.1-NZ-BLRJ01000002.1	92.959	1128	99	1122	0.0	1623	RS-GCF-013014865.1-NZ-BLRJ01000002.1
C2_1492R	G001277995	93.054	1128	99	1123	0.0	1623	G001277995
C2_1492R	HQ612241	93.054	1128	99	1123	0.0	1623	HQ612241
C2_1492R	RS-GCF-001837615.1-NZ-KV833267.1	93.202	1128	98	1118	0.0	1622	RS-GCF-001837615.1-NZ-KV833267.1
C2_1492R	RS-GCF-002243555.1-NZ-CP022614.1	93.054	1128	99	1123	0.0	1622	RS-GCF-002243555.1-NZ-CP022614.1
C2_1492R	X84438	93.149	1128	99	1124	0.0	1622	X84438
C2_1492R	RS-GCF-002355155.1-NZ-AP017369.1	92.984	1128	99	1126	0.0	1621	RS-GCF-002355155.1-NZ-AP017369.1
C2_1492R	RS-GCF-002243555.1-NZ-CP022614.1--3	92.965	1128	99	1123	0.0	1621	RS-GCF-002243555.1-NZ-CP022614.1--3
C2_1492R	RS-GCF-000987865.1-NZ-CP011309.1--6	92.965	1128	99	1123	0.0	1621	RS-GCF-000987865.1-NZ-CP011309.1--6
C2_1492R	RS-GCF-000987865.1-NZ-CP011309.1--5	92.965	1128	99	1123	0.0	1621	RS-GCF-000987865.1-NZ-CP011309.1--5
C2_1492R	RS-GCF-001912785.1-NZ-LOQY01000013.1	92.965	1128	99	1123	0.0	1621	RS-GCF-001912785.1-NZ-LOQY01000013.1
C2_1492R	MK395364	92.984	1128	99	1126	0.0	1621	MK395364
C2_1492R	RS-GCF-017638445.1-NZ-CP072111.1	93.048	1128	99	1122	0.0	1620	RS-GCF-017638445.1-NZ-CP072111.1
C2_1492R	RS-GCF-012396315.1-NZ-JAAXPF010000023.1	93.119	1128	98	1119	0.0	1619	RS-GCF-012396315.1-NZ-JAAXPF010000023.1
C2_1492R	RS-GCF-013014865.1-NZ-BLRJ01000001.1--2	92.972	1128	99	1124	0.0	1619	RS-GCF-013014865.1-NZ-BLRJ01000001.1--2
C2_1492R	RS-GCF-001912755.2-NZ-LOQV01000031.1	92.972	1128	99	1124	0.0	1619	RS-GCF-001912755.2-NZ-LOQV01000031.1
C2_1492R	RS-GCF-000233355.2-NZ-AGQQ02000002.1	92.972	1128	99	1124	0.0	1619	RS-GCF-000233355.2-NZ-AGQQ02000002.1
C2_1492R	RS-GCF-000987865.1-NZ-CP011309.1--4	92.972	1128	99	1124	0.0	1619	RS-GCF-000987865.1-NZ-CP011309.1--4
C2_1492R	G003813965	92.953	1128	98	1121	0.0	1619	G003813965
C2_1492R	G000747315	93.119	1128	98	1119	0.0	1619	G000747315
C2_1492R	KX214080	92.953	1128	98	1121	0.0	1619	KX214080
C2_1492R	RS-GCF-903645305.1-NZ-CAHJXO010000001.1--2	93.094	1128	98	1115	0.0	1618	RS-GCF-903645305.1-NZ-CAHJXO010000001.1--2
C2_1492R	RS-GCF-013051085.1-NZ-WIAS01000015.1	93.113	1128	98	1118	0.0	1618	RS-GCF-013051085.1-NZ-WIAS01000015.1
C2_1492R	GB-GCA-900156035.1-FTMH01000041.1	93.107	1128	98	1117	0.0	1618	GB-GCA-900156035.1-FTMH01000041.1
C2_1492R	G001639025	93.107	1128	98	1117	0.0	1618	G001639025
C2_1492R	G000312345	93.190	1128	98	1116	0.0	1618	G000312345
C2_1492R	LT629765	93.190	1128	98	1116	0.0	1618	LT629765
C2_1492R	RS-GCF-016728625.1-NZ-CP068160.1--3	93.060	1128	99	1124	0.0	1618	RS-GCF-016728625.1-NZ-CP068160.1--3
C2_1492R	RS-GCF-007671985.1-NZ-VDUD01000023.1	93.060	1128	99	1124	0.0	1618	RS-GCF-007671985.1-NZ-VDUD01000023.1
C2_1492R	RS-GCF-001052555.1-NZ-JVVY01000068.1	93.060	1128	99	1124	0.0	1618	RS-GCF-001052555.1-NZ-JVVY01000068.1
C2_1492R	Y11200	93.119	1128	98	1119	0.0	1618	Y11200
C2_1492R	RS-GCF-011038645.2-NZ-CP064955.1--3	92.972	1128	99	1124	0.0	1617	RS-GCF-011038645.2-NZ-CP064955.1--3
C2_1492R	RS-GCF-002003445.1-NZ-BAYH01000108.1	92.876	1128	99	1123	0.0	1617	RS-GCF-002003445.1-NZ-BAYH01000108.1
C2_1492R	RS-GCF-018286655.1-NZ-CP073911.1--4	92.876	1128	99	1123	0.0	1617	RS-GCF-018286655.1-NZ-CP073911.1--4
C2_1492R	RS-GCF-007833315.1-NZ-CP012297.1--6	92.876	1128	99	1123	0.0	1617	RS-GCF-007833315.1-NZ-CP012297.1--6
C2_1492R	RS-GCF-013014865.1-NZ-BLRJ01000001.1	92.876	1128	99	1123	0.0	1617	RS-GCF-013014865.1-NZ-BLRJ01000001.1
C2_1492R	RS-GCF-007858715.1-NZ-LHDJ01000004.1	92.876	1128	99	1123	0.0	1617	RS-GCF-007858715.1-NZ-LHDJ01000004.1
C2_1492R	RS-GCF-007858735.1-NZ-LHDD01000001.1--3	92.876	1128	99	1123	0.0	1617	RS-GCF-007858735.1-NZ-LHDD01000001.1--3
C2_1492R	RS-GCF-007858765.1-NZ-LHDF01000003.1	92.876	1128	99	1123	0.0	1617	RS-GCF-007858765.1-NZ-LHDF01000003.1
C2_1492R	RS-GCF-011761285.1-NZ-JAAOYZ010000001.1--6	92.876	1128	99	1123	0.0	1617	RS-GCF-011761285.1-NZ-JAAOYZ010000001.1--6
C2_1492R	RS-GCF-011761285.1-NZ-JAAOYZ010000001.1--5	92.876	1128	99	1123	0.0	1617	RS-GCF-011761285.1-NZ-JAAOYZ010000001.1--5
C2_1492R	RS-GCF-007858625.1-NZ-LHDB01000004.1	92.876	1128	99	1123	0.0	1617	RS-GCF-007858625.1-NZ-LHDB01000004.1
C2_1492R	RS-GCF-000742715.1-NZ-CP007722.1--4	92.876	1128	99	1123	0.0	1617	RS-GCF-000742715.1-NZ-CP007722.1--4
C2_1492R	RS-GCF-001683055.1-NZ-CP004046.1--6	92.876	1128	99	1123	0.0	1617	RS-GCF-001683055.1-NZ-CP004046.1--6
C2_1492R	RS-GCF-002220135.1-NZ-CP022394.1--6	92.876	1128	99	1123	0.0	1617	RS-GCF-002220135.1-NZ-CP022394.1--6
C2_1492R	RS-GCF-002847425.1-NZ-CP025534.1	92.876	1128	99	1123	0.0	1617	RS-GCF-002847425.1-NZ-CP025534.1
C2_1492R	AF314192	92.876	1128	99	1123	0.0	1617	AF314192
C2_1492R	KF135179	92.586	1128	99	1133	0.0	1617	KF135179
C2_1492R	MJ006-2-barcode58-umi151385bins-ubs-3	92.889	1128	99	1125	0.0	1617	MJ006-2-barcode58-umi151385bins-ubs-3
C2_1492R	RS-GCF-900411315.1-NZ-LS990887.1	92.883	1128	99	1124	0.0	1616	RS-GCF-900411315.1-NZ-LS990887.1
C2_1492R	RS-GCF-002285155.1-NZ-NSGL01000002.1	92.959	1128	99	1122	0.0	1616	RS-GCF-002285155.1-NZ-NSGL01000002.1
C2_1492R	RS-GCF-001833035.1-NZ-MLBN01000016.1	94.574	1128	94	1069	0.0	1616	RS-GCF-001833035.1-NZ-MLBN01000016.1
C2_1492R	RS-GCF-002893515.1-NZ-NHNO01000111.1	92.883	1128	99	1124	0.0	1615	RS-GCF-002893515.1-NZ-NHNO01000111.1
C2_1492R	RS-GCF-007430945.1-NZ-CP041728.1--2	92.883	1128	99	1124	0.0	1615	RS-GCF-007430945.1-NZ-CP041728.1--2
C2_1492R	RS-GCF-018884245.1-NZ-CP020033.1	92.883	1128	99	1124	0.0	1615	RS-GCF-018884245.1-NZ-CP020033.1
C2_1492R	RS-GCF-001643035.1-NZ-CP014984.1--4	92.883	1128	99	1124	0.0	1615	RS-GCF-001643035.1-NZ-CP014984.1--4
C2_1492R	RS-GCF-000742715.1-NZ-CP007722.1--2	92.883	1128	99	1124	0.0	1615	RS-GCF-000742715.1-NZ-CP007722.1--2
C2_1492R	RS-GCF-002220135.1-NZ-CP022394.1	92.883	1128	99	1124	0.0	1615	RS-GCF-002220135.1-NZ-CP022394.1
C2_1492R	RS-GCF-002847425.1-NZ-CP025534.1--4	92.883	1128	99	1124	0.0	1615	RS-GCF-002847425.1-NZ-CP025534.1--4
C2_1492R	RS-GCF-900103625.1-NZ-LT629700.1	93.023	1128	98	1118	0.0	1614	RS-GCF-900103625.1-NZ-LT629700.1
C2_1492R	RS-GCF-900105305.1-NZ-LT629765.1--3	93.100	1128	98	1116	0.0	1614	RS-GCF-900105305.1-NZ-LT629765.1--3
C2_1492R	GB-GCA-014490595.1-CP061031.1--2	93.017	1128	98	1117	0.0	1614	GB-GCA-014490595.1-CP061031.1--2
C2_1492R	GB-GCA-014490595.1-CP061031.1	93.017	1128	98	1117	0.0	1614	GB-GCA-014490595.1-CP061031.1
C2_1492R	RS-GCF-014490555.1-NZ-CP061032.1	93.023	1128	98	1118	0.0	1614	RS-GCF-014490555.1-NZ-CP061032.1
C2_1492R	RS-GCF-902377555.1-NZ-CABLBV010000040.1	93.017	1128	98	1117	0.0	1614	RS-GCF-902377555.1-NZ-CABLBV010000040.1
C2_1492R	LT629700	93.023	1128	98	1118	0.0	1614	LT629700
C2_1492R	MJ006-1-barcode36-umi156623bins-ubs-3	92.927	1128	98	1117	0.0	1614	MJ006-1-barcode36-umi156623bins-ubs-3
C2_1492R	RS-GCF-001941445.1-NZ-CP009245.1--3	92.794	1128	98	1124	0.0	1613	RS-GCF-001941445.1-NZ-CP009245.1--3
C2_1492R	RS-GCF-001941445.1-NZ-CP009245.1	92.794	1128	98	1124	0.0	1613	RS-GCF-001941445.1-NZ-CP009245.1
C2_1492R	RS-GCF-001807485.1-NZ-KV789177.1	92.724	1128	99	1127	0.0	1613	RS-GCF-001807485.1-NZ-KV789177.1
C2_1492R	RS-GCF-000738355.1-NZ-JFCR01000004.1	92.724	1128	99	1127	0.0	1613	RS-GCF-000738355.1-NZ-JFCR01000004.1
C2_1492R	RS-GCF-016728665.1-NZ-CP068161.1	92.972	1128	99	1124	0.0	1613	RS-GCF-016728665.1-NZ-CP068161.1
C2_1492R	RS-GCF-003989215.1-NZ-RBMC01000026.1	92.972	1128	99	1124	0.0	1613	RS-GCF-003989215.1-NZ-RBMC01000026.1
C2_1492R	RS-GCF-000375525.1-NZ-AQXC01000020.1	92.972	1128	99	1124	0.0	1613	RS-GCF-000375525.1-NZ-AQXC01000020.1
C2_1492R	RS-GCF-902362995.1-NZ-CABIYR010000010.1	92.972	1128	99	1124	0.0	1613	RS-GCF-902362995.1-NZ-CABIYR010000010.1
C2_1492R	RS-GCF-000010225.1-NC-009342.1--3	92.876	1128	99	1123	0.0	1613	RS-GCF-000010225.1-NC-009342.1--3
C2_1492R	RS-GCF-000010225.1-NC-009342.1	92.876	1128	99	1123	0.0	1613	RS-GCF-000010225.1-NC-009342.1
C2_1492R	RS-GCF-000380545.1-NZ-AQPS01000024.1	92.876	1128	99	1123	0.0	1613	RS-GCF-000380545.1-NZ-AQPS01000024.1
C2_1492R	RS-GCF-007858615.1-NZ-LHDE01000006.1	92.876	1128	99	1123	0.0	1613	RS-GCF-007858615.1-NZ-LHDE01000006.1
C2_1492R	RS-GCF-011761195.1-NZ-JAAOYN010000001.1--6	92.876	1128	99	1123	0.0	1613	RS-GCF-011761195.1-NZ-JAAOYN010000001.1--6
C2_1492R	RS-GCF-011761195.1-NZ-JAAOYN010000001.1--2	92.876	1128	99	1123	0.0	1613	RS-GCF-011761195.1-NZ-JAAOYN010000001.1--2
C2_1492R	RS-GCF-007858755.1-NZ-LHDK01000007.1--2	92.876	1128	99	1123	0.0	1613	RS-GCF-007858755.1-NZ-LHDK01000007.1--2
C2_1492R	RS-GCF-007858755.1-NZ-LHDK01000004.1	92.876	1128	99	1123	0.0	1613	RS-GCF-007858755.1-NZ-LHDK01000004.1
C2_1492R	CP009245	92.794	1128	98	1124	0.0	1613	CP009245
C2_1492R	RS-GCF-009734385.1-NZ-CP046452.1--4	92.883	1128	99	1124	0.0	1612	RS-GCF-009734385.1-NZ-CP046452.1--4
C2_1492R	RS-GCF-009734385.1-NZ-CP046452.1--3	92.883	1128	99	1124	0.0	1612	RS-GCF-009734385.1-NZ-CP046452.1--3
C2_1492R	RS-GCF-014490555.1-NZ-CP061032.1--4	93.029	1128	98	1119	0.0	1612	RS-GCF-014490555.1-NZ-CP061032.1--4
C2_1492R	RS-GCF-001447865.2-NZ-CP012194.1--6	92.787	1128	99	1123	0.0	1612	RS-GCF-001447865.2-NZ-CP012194.1--6
C2_1492R	RS-GCF-001936195.1-NZ-CP018175.1--5	92.787	1128	99	1123	0.0	1612	RS-GCF-001936195.1-NZ-CP018175.1--5
C2_1492R	RS-GCF-002163915.1-NZ-CP020658.1--3	92.787	1128	99	1123	0.0	1612	RS-GCF-002163915.1-NZ-CP020658.1--3
C2_1492R	RS-GCF-002243555.1-NZ-CP022614.1--4	92.794	1128	99	1124	0.0	1612	RS-GCF-002243555.1-NZ-CP022614.1--4
C2_1492R	G001020985	92.794	1128	98	1124	0.0	1612	G001020985
C2_1492R	G000767055	92.870	1128	98	1122	0.0	1612	G000767055
C2_1492R	FJ374773	92.794	1128	98	1124	0.0	1612	FJ374773
C2_1492R	X84440	92.648	1128	99	1129	0.0	1611	X84440
C2_1492R	AM397636	93.029	1128	98	1119	0.0	1611	AM397636
C2_1492R	RS-GCF-002355155.1-NZ-AP017369.1--2	92.724	1128	99	1127	0.0	1610	RS-GCF-002355155.1-NZ-AP017369.1--2
C2_1492R	RS-GCF-000738305.1-NZ-JFCP01000004.1	92.718	1128	99	1126	0.0	1610	RS-GCF-000738305.1-NZ-JFCP01000004.1
C2_1492R	RS-GCF-000738335.1-NZ-JFCL01000041.1	92.718	1128	99	1126	0.0	1610	RS-GCF-000738335.1-NZ-JFCL01000041.1
C2_1492R	RS-GCF-000738185.1-NZ-JFCF01000023.1	92.718	1128	99	1126	0.0	1610	RS-GCF-000738185.1-NZ-JFCF01000023.1
C2_1492R	RS-GCF-001687645.1-NZ-CP016335.1--6	92.794	1128	99	1124	0.0	1610	RS-GCF-001687645.1-NZ-CP016335.1--6
C2_1492R	RS-GCF-002355155.1-NZ-AP017369.1--6	92.794	1128	98	1124	0.0	1609	RS-GCF-002355155.1-NZ-AP017369.1--6
C2_1492R	RS-GCF-012030345.1-NZ-JAAUVV010000053.1	92.934	1128	98	1118	0.0	1609	RS-GCF-012030345.1-NZ-JAAUVV010000053.1
C2_1492R	RS-GCF-001806995.1-NZ-KV787072.1	92.934	1128	98	1118	0.0	1609	RS-GCF-001806995.1-NZ-KV787072.1
C2_1492R	RS-GCF-001807545.1-NZ-KV789300.1	92.934	1128	98	1118	0.0	1609	RS-GCF-001807545.1-NZ-KV789300.1
C2_1492R	MN592987	92.934	1128	98	1118	0.0	1609	MN592987
C2_1492R	G002835695	92.787	1128	98	1123	0.0	1609	G002835695
C2_1492R	CP009249	92.876	1128	99	1123	0.0	1609	CP009249
C2_1492R	RS-GCF-011038645.2-NZ-CP064955.1--4	92.883	1128	99	1124	0.0	1608	RS-GCF-011038645.2-NZ-CP064955.1--4
C2_1492R	RS-GCF-900105505.1-NZ-FNRU01000002.1--3	92.934	1128	98	1118	0.0	1608	RS-GCF-900105505.1-NZ-FNRU01000002.1--3
C2_1492R	RS-GCF-000010225.1-NC-009342.1--6	92.787	1128	99	1123	0.0	1608	RS-GCF-000010225.1-NC-009342.1--6
C2_1492R	G002994655	92.560	1128	98	1129	0.0	1608	G002994655
C2_1492R	FNRU01000002	92.934	1128	98	1118	0.0	1608	FNRU01000002
C2_1492R	HF558381	92.864	1128	98	1121	0.0	1608	HF558381
C2_1492R	RS-GCF-011038655.2-NZ-CP064954.1--2	92.787	1128	99	1123	0.0	1606	RS-GCF-011038655.2-NZ-CP064954.1--2
C2_1492R	KJ938709	92.787	1128	98	1123	0.0	1606	KJ938709
C2_1492R	RS-GCF-000477955.1-NZ-KI515718.1	92.787	1128	99	1123	0.0	1605	RS-GCF-000477955.1-NZ-KI515718.1
C2_1492R	MN592990	92.838	1128	98	1117	0.0	1605	MN592990
C2_1492R	G001941565	92.787	1128	99	1123	0.0	1605	G001941565
C2_1492R	G000590555	92.774	1128	98	1121	0.0	1605	G000590555
C2_1492R	G000477935	92.787	1128	99	1123	0.0	1605	G000477935
C2_1492R	AJ439343	92.787	1128	99	1123	0.0	1605	AJ439343
C2_1492R	RS-GCF-000163435.1-NZ-GG700819.1	92.547	1128	99	1127	0.0	1604	RS-GCF-000163435.1-NZ-GG700819.1
C2_1492R	RS-GCF-900100745.1-NZ-FMTZ01000002.1	92.547	1128	99	1127	0.0	1604	RS-GCF-900100745.1-NZ-FMTZ01000002.1
C2_1492R	RS-GCF-000738385.1-NZ-JFCO01000010.1	92.547	1128	99	1127	0.0	1604	RS-GCF-000738385.1-NZ-JFCO01000010.1
C2_1492R	RS-GCF-900163685.1-NZ-FUIB01000042.1	92.622	1128	99	1125	0.0	1604	RS-GCF-900163685.1-NZ-FUIB01000042.1
C2_1492R	G001021045	92.471	1128	98	1129	0.0	1604	G001021045
C2_1492R	G000006605	92.547	1128	99	1127	0.0	1604	G000006605
C2_1492R	EU998655	92.781	1128	98	1122	0.0	1604	EU998655
C2_1492R	RS-GCF-900176865.1-NZ-LT839632.1	92.755	1128	98	1118	0.0	1603	RS-GCF-900176865.1-NZ-LT839632.1
C2_1492R	RS-GCF-900176865.1-NZ-LT839618.1	92.755	1128	98	1118	0.0	1603	RS-GCF-900176865.1-NZ-LT839618.1
C2_1492R	Y09044	92.705	1128	99	1124	0.0	1603	Y09044
C2_1492R	RS-GCF-013601105.1-NZ-JABFEE010000025.1	92.838	1128	98	1117	0.0	1602	RS-GCF-013601105.1-NZ-JABFEE010000025.1
C2_1492R	LT576414	92.665	1128	98	1118	0.0	1602	LT576414
C2_1492R	RS-GCF-014522205.1-NZ-CP046884.1	92.711	1128	99	1125	0.0	1601	RS-GCF-014522205.1-NZ-CP046884.1
C2_1492R	RS-GCF-900078305.2-NZ-LT546028.1--2	92.735	1128	98	1115	0.0	1601	RS-GCF-900078305.2-NZ-LT546028.1--2
C2_1492R	RS-GCF-900187215.1-NZ-LT906467.1	92.602	1128	99	1122	0.0	1601	RS-GCF-900187215.1-NZ-LT906467.1
C2_1492R	RS-GCF-003070865.1-NZ-CP026948.1--2	92.698	1128	99	1123	0.0	1601	RS-GCF-003070865.1-NZ-CP026948.1--2
C2_1492R	MG798930	92.698	1128	99	1123	0.0	1601	MG798930
C2_1492R	RS-GCF-000688435.1-NZ-JIAJ01000025.1	92.692	1128	98	1122	0.0	1600	RS-GCF-000688435.1-NZ-JIAJ01000025.1
C2_1492R	G000372385	92.685	1128	98	1121	0.0	1600	G000372385
C2_1492R	G000341345	92.692	1128	98	1122	0.0	1600	G000341345
C2_1492R	CP003697	92.692	1128	98	1122	0.0	1600	CP003697
C2_1492R	RS-GCF-000738405.1-NZ-JFCM01000009.1	92.458	1128	99	1127	0.0	1599	RS-GCF-000738405.1-NZ-JFCM01000009.1
C2_1492R	G008693095	92.692	1128	98	1122	0.0	1599	G008693095
C2_1492R	G000739455	92.596	1128	99	1121	0.0	1599	G000739455
C2_1492R	X84250	92.458	1128	99	1127	0.0	1599	X84250
C2_1492R	AJ429234	92.692	1128	98	1122	0.0	1599	AJ429234
C2_1492R	AJ566641	92.569	1128	97	1117	0.0	1599	AJ566641
C2_1492R	AJ295841	92.383	1128	98	1129	0.0	1599	AJ295841
C2_1492R	RS-GCF-000971865.1-NZ-JZEZ01000103.1	92.685	1128	98	1121	0.0	1599	RS-GCF-000971865.1-NZ-JZEZ01000103.1
C2_1492R	G000372085	92.692	1128	99	1122	0.0	1599	G000372085
C2_1492R	AQUV01000005	92.692	1128	99	1122	0.0	1599	AQUV01000005
C2_1492R	RS-GCF-013978595.1-NZ-JACDTZ010000002.1	92.761	1128	98	1119	0.0	1598	RS-GCF-013978595.1-NZ-JACDTZ010000002.1
C2_1492R	RS-GCF-900411315.1-NZ-LS990887.1--4	92.527	1128	99	1124	0.0	1598	RS-GCF-900411315.1-NZ-LS990887.1--4
C2_1492R	FN295567	92.761	1128	98	1119	0.0	1598	FN295567
C2_1492R	Y09655	92.748	1128	98	1117	0.0	1598	Y09655
C2_1492R	RS-GCF-003070865.1-NZ-CP026948.1	92.609	1128	99	1123	0.0	1597	RS-GCF-003070865.1-NZ-CP026948.1
C2_1492R	RS-GCF-900105505.1-NZ-FNRU01000002.1--4	92.665	1128	98	1118	0.0	1596	RS-GCF-900105505.1-NZ-FNRU01000002.1--4
C2_1492R	RS-GCF-008830455.1-NZ-WBII01000004.1	92.349	1128	99	1124	0.0	1595	RS-GCF-008830455.1-NZ-WBII01000004.1
C2_1492R	RS-GCF-014490575.1-NZ-CP061033.1	92.349	1128	99	1124	0.0	1595	RS-GCF-014490575.1-NZ-CP061033.1
C2_1492R	G009016505	92.349	1128	99	1124	0.0	1595	G009016505
C2_1492R	G000011305	92.589	1128	98	1120	0.0	1595	G000011305
C2_1492R	ACLI01000121	92.589	1128	98	1120	0.0	1595	ACLI01000121
C2_1492R	RS-GCF-900626215.1-NZ-LR131106.1	92.431	1128	99	1123	0.0	1594	RS-GCF-900626215.1-NZ-LR131106.1
C2_1492R	RS-GCF-013978595.1-NZ-JACDTZ010000001.1--3	92.672	1128	98	1119	0.0	1593	RS-GCF-013978595.1-NZ-JACDTZ010000001.1--3
C2_1492R	G001021065	92.335	1128	98	1122	0.0	1592	G001021065
C2_1492R	KT314237	92.369	1128	98	1127	0.0	1592	KT314237
C2_1492R	HE577802	92.335	1128	98	1122	0.0	1592	HE577802
C2_1492R	AJ504424	92.342	1128	98	1123	0.0	1591	AJ504424
C2_1492R	RS-GCF-008180045.1-NZ-VSZJ01000001.1	92.342	1128	99	1123	0.0	1590	RS-GCF-008180045.1-NZ-VSZJ01000001.1
C2_1492R	GB-GCA-019209955.1-JAHUTL010000008.1	92.513	1128	98	1122	0.0	1590	GB-GCA-019209955.1-JAHUTL010000008.1
C2_1492R	RS-GCF-008930935.1-NZ-PQMR01000022.1	92.513	1128	98	1122	0.0	1590	RS-GCF-008930935.1-NZ-PQMR01000022.1
C2_1492R	RS-GCF-008930885.1-NZ-PQMP01000014.1	92.513	1128	98	1122	0.0	1590	RS-GCF-008930885.1-NZ-PQMP01000014.1
C2_1492R	G000344785	92.342	1128	99	1123	0.0	1590	G000344785
C2_1492R	CP004354	92.342	1128	99	1123	0.0	1590	CP004354
C2_1492R	AJ555193	92.349	1128	99	1124	0.0	1590	AJ555193
C2_1492R	G003113335	92.178	1128	99	1125	0.0	1588	G003113335
C2_1492R	G000177535	92.349	1128	99	1124	0.0	1588	G000177535
C2_1492R	CP002857	92.349	1128	99	1124	0.0	1588	CP002857
C2_1492R	MG798929	92.178	1128	99	1125	0.0	1588	MG798929
C2_1492R	AJ292762	92.507	1128	98	1121	0.0	1587	AJ292762
C2_1492R	AJ441057	92.260	1128	99	1124	0.0	1587	AJ441057
C2_1492R	GB-GCA-900461265.1-UAWK01000011.1	92.411	1128	98	1120	0.0	1586	GB-GCA-900461265.1-UAWK01000011.1
C2_1492R	MN135974	92.171	1128	99	1124	0.0	1586	MN135974
C2_1492R	G001552415	92.411	1128	98	1120	0.0	1586	G001552415
C2_1492R	AJ401282	92.356	1128	99	1125	0.0	1586	AJ401282
C2_1492R	RS-GCF-001815965.1-NZ-KV823514.1	92.253	1128	99	1123	0.0	1585	RS-GCF-001815965.1-NZ-KV823514.1
C2_1492R	G000525655	92.178	1128	99	1125	0.0	1585	G000525655
C2_1492R	G000069945	92.253	1128	99	1123	0.0	1585	G000069945
C2_1492R	Y13024	92.178	1128	99	1125	0.0	1585	Y13024
C2_1492R	AM942444	92.253	1128	99	1123	0.0	1585	AM942444
C2_1492R	RS-GCF-001643015.1-NZ-CP015622.1--3	92.321	1128	98	1120	0.0	1584	RS-GCF-001643015.1-NZ-CP015622.1--3
C2_1492R	RS-GCF-001643015.1-NZ-CP015622.1	92.321	1128	98	1120	0.0	1584	RS-GCF-001643015.1-NZ-CP015622.1
C2_1492R	G000732945	92.171	1128	99	1124	0.0	1584	G000732945
C2_1492R	CP015622	92.321	1128	98	1120	0.0	1584	CP015622
C2_1492R	G009734425	92.328	1128	98	1121	0.0	1583	G009734425
C2_1492R	RS-GCF-007970465.1-NZ-CP042429.1--5	92.253	1128	99	1123	0.0	1582	RS-GCF-007970465.1-NZ-CP042429.1--5
C2_1492R	G000213935	92.253	1128	99	1123	0.0	1582	G000213935
C2_1492R	AM946639	92.253	1128	99	1123	0.0	1582	AM946639
C2_1492R	HM165487	92.253	1128	99	1123	0.0	1582	HM165487
C2_1492R	RS-GCF-002287505.1-NZ-CP019688.1	92.397	1128	98	1118	0.0	1581	RS-GCF-002287505.1-NZ-CP019688.1
C2_1492R	RS-GCF-007641235.1-NZ-CP038157.1	92.349	1128	99	1124	0.0	1581	RS-GCF-007641235.1-NZ-CP038157.1
C2_1492R	G001056295	92.321	1128	98	1120	0.0	1581	G001056295
C2_1492R	CP038157	92.349	1128	99	1124	0.0	1581	CP038157
C2_1492R	RS-GCF-003583675.1-NZ-QXJK01000025.1	92.089	1128	99	1125	0.0	1581	RS-GCF-003583675.1-NZ-QXJK01000025.1
C2_1492R	RS-GCF-008244525.1-NZ-VTFJ01000001.1	92.164	1128	99	1123	0.0	1581	RS-GCF-008244525.1-NZ-VTFJ01000001.1
C2_1492R	RS-GCF-001814605.1-NZ-KV817271.1	96.300	1128	86	973	0.0	1579	RS-GCF-001814605.1-NZ-KV817271.1
C2_1492R	RS-GCF-014262665.1-NZ-CP046883.1	92.082	1128	99	1124	0.0	1578	RS-GCF-014262665.1-NZ-CP046883.1
C2_1492R	RS-GCF-007970465.1-NZ-CP042429.1	92.164	1128	99	1123	0.0	1578	RS-GCF-007970465.1-NZ-CP042429.1
C2_1492R	MN611118	92.082	1128	99	1124	0.0	1578	MN611118
C2_1492R	KT216265	92.246	1128	98	1122	0.0	1578	KT216265
C2_1492R	AF267152	92.000	1128	99	1125	0.0	1577	AF267152
C2_1492R	GB-GCA-019209905.1-JAHUTM010000005.1	92.171	1128	99	1124	0.0	1576	GB-GCA-019209905.1-JAHUTM010000005.1
C2_1492R	RS-GCF-000338095.1-NC-020230.1	92.075	1128	99	1123	0.0	1576	RS-GCF-000338095.1-NC-020230.1
C2_1492R	RS-GCF-016127975.1-NZ-CP066064.1	92.075	1128	99	1123	0.0	1576	RS-GCF-016127975.1-NZ-CP066064.1
C2_1492R	RS-GCF-016127095.1-NZ-CP065982.1--2	92.075	1128	99	1123	0.0	1576	RS-GCF-016127095.1-NZ-CP065982.1--2
C2_1492R	RS-GCF-015233855.1-NZ-JADGIT010000014.1	92.000	1128	98	1125	0.0	1575	RS-GCF-015233855.1-NZ-JADGIT010000014.1
C2_1492R	G900232865	92.000	1128	98	1125	0.0	1575	G900232865
C2_1492R	RS-GCF-001814885.1-NZ-KV818315.1	96.197	1128	86	973	0.0	1574	RS-GCF-001814885.1-NZ-KV818315.1
C2_1492R	G001054945	91.979	1128	99	1122	0.0	1574	G001054945
C2_1492R	AJ431634	92.308	1128	98	1118	0.0	1573	AJ431634
C2_1492R	RS-GCF-000767255.1-NZ-JRVJ01000003.1	92.000	1128	99	1125	0.0	1572	RS-GCF-000767255.1-NZ-JRVJ01000003.1
C2_1492R	RS-GCF-017876455.1-NZ-JAGINY010000001.1--3	92.143	1128	98	1120	0.0	1572	RS-GCF-017876455.1-NZ-JAGINY010000001.1--3
C2_1492R	RS-GCF-017876455.1-NZ-JAGINY010000001.1	92.143	1128	98	1120	0.0	1572	RS-GCF-017876455.1-NZ-JAGINY010000001.1
C2_1492R	G000758965	92.143	1128	98	1120	0.0	1572	G000758965
C2_1492R	G000179395	92.075	1128	99	1123	0.0	1572	G000179395
C2_1492R	AB595944	92.000	1128	99	1125	0.0	1572	AB595944
C2_1492R	KT892940	92.143	1128	98	1120	0.0	1572	KT892940
C2_1492R	RS-GCF-009026825.1-NZ-CP045032.1	91.904	1128	98	1124	0.0	1572	RS-GCF-009026825.1-NZ-CP045032.1
C2_1492R	RS-GCF-900519355.1-NZ-ULHE01000002.1	92.054	1128	98	1120	0.0	1572	RS-GCF-900519355.1-NZ-ULHE01000002.1
C2_1492R	RS-GCF-003716585.1-NZ-PTJO01000009.1	92.150	1128	98	1121	0.0	1572	RS-GCF-003716585.1-NZ-PTJO01000009.1
C2_1492R	G000626675	91.703	1128	99	1133	0.0	1572	G000626675
C2_1492R	G000577555	92.301	1128	98	1117	0.0	1572	G000577555
C2_1492R	CP006842	91.703	1128	99	1133	0.0	1572	CP006842
C2_1492R	MK161113	91.904	1128	98	1124	0.0	1572	MK161113
C2_1492R	RS-GCF-001941485.1-NZ-CP009247.1--3	91.993	1128	99	1124	0.0	1570	RS-GCF-001941485.1-NZ-CP009247.1--3
C2_1492R	G001263755	92.122	1128	98	1117	0.0	1570	G001263755
C2_1492R	RS-GCF-016403265.1-NZ-CP066289.1--3	92.075	1128	99	1123	0.0	1569	RS-GCF-016403265.1-NZ-CP066289.1--3
