E10_1492-R	RS-GCF-016628345.1-NZ-JAACBV010000042.1	97.608	660	95	627	0.0	1060	RS-GCF-016628345.1-NZ-JAACBV010000042.1
E10_1492-R	RS-GCF-016628425.2-NZ-JAACBX020000002.1	97.608	660	95	627	0.0	1060	RS-GCF-016628425.2-NZ-JAACBX020000002.1
E10_1492-R	AJ439345	97.608	660	95	627	0.0	1060	AJ439345
E10_1492-R	RS-GCF-000478075.1-NZ-KI515744.1	96.491	660	95	627	0.0	1025	RS-GCF-000478075.1-NZ-KI515744.1
E10_1492-R	G000159115	96.491	660	95	627	0.0	1025	G000159115
E10_1492-R	AJ439346	96.491	660	95	627	0.0	1025	AJ439346
E10_1492-R	RS-GCF-000478135.1-NZ-KI515760.1--2	96.332	660	95	627	0.0	1021	RS-GCF-000478135.1-NZ-KI515760.1--2
E10_1492-R	RS-GCF-000478135.1-NZ-KI515760.1	96.332	660	95	627	0.0	1021	RS-GCF-000478135.1-NZ-KI515760.1
E10_1492-R	RS-GCF-000478135.1-NZ-KI515758.1	96.332	660	95	627	0.0	1021	RS-GCF-000478135.1-NZ-KI515758.1
E10_1492-R	RS-GCF-016127015.1-NZ-CP065972.1	95.534	660	95	627	0.0	998	RS-GCF-016127015.1-NZ-CP065972.1
E10_1492-R	RS-GCF-001057615.1-NZ-JUZU01000117.1	95.534	660	95	627	0.0	998	RS-GCF-001057615.1-NZ-JUZU01000117.1
E10_1492-R	RS-GCF-000478095.1-NZ-KI515749.1	95.534	660	95	627	0.0	998	RS-GCF-000478095.1-NZ-KI515749.1
E10_1492-R	RS-GCF-900096985.1-NZ-FMKB01000004.1	95.534	660	95	627	0.0	998	RS-GCF-900096985.1-NZ-FMKB01000004.1
E10_1492-R	RS-GCF-016889985.1-NZ-CP069568.1--2	95.541	660	95	628	0.0	990	RS-GCF-016889985.1-NZ-CP069568.1--2
E10_1492-R	RS-GCF-016889985.1-NZ-CP069568.1	95.541	660	95	628	0.0	990	RS-GCF-016889985.1-NZ-CP069568.1
E10_1492-R	RS-GCF-016889985.1-NZ-CP069568.1--3	95.382	660	95	628	0.0	985	RS-GCF-016889985.1-NZ-CP069568.1--3
E10_1492-R	RS-GCF-001552395.1-NZ-BCRC01000029.1	95.382	660	95	628	0.0	985	RS-GCF-001552395.1-NZ-BCRC01000029.1
E10_1492-R	RS-GCF-900478045.1-NZ-LS483460.1--4	95.382	660	95	628	0.0	985	RS-GCF-900478045.1-NZ-LS483460.1--4
E10_1492-R	RS-GCF-900478045.1-NZ-LS483460.1--3	95.382	660	95	628	0.0	985	RS-GCF-900478045.1-NZ-LS483460.1--3
E10_1492-R	RS-GCF-900478045.1-NZ-LS483460.1--2	95.382	660	95	628	0.0	985	RS-GCF-900478045.1-NZ-LS483460.1--2
E10_1492-R	RS-GCF-900637065.1-NZ-LR134339.1	95.382	660	95	628	0.0	985	RS-GCF-900637065.1-NZ-LR134339.1
E10_1492-R	G000805675	95.382	660	95	628	0.0	985	G000805675
E10_1492-R	MJ006-2-barcode58-umi152026bins-ubs-3	95.382	660	95	628	0.0	985	MJ006-2-barcode58-umi152026bins-ubs-3
E10_1492-R	GB-GCA-017850055.1-JAFIJE010000056.1	95.072	660	95	629	0.0	983	GB-GCA-017850055.1-JAFIJE010000056.1
E10_1492-R	RS-GCF-000477915.1-NZ-KI515712.1--2	95.072	660	95	629	0.0	983	RS-GCF-000477915.1-NZ-KI515712.1--2
E10_1492-R	RS-GCF-900637825.1-NZ-LR134408.1--3	95.072	660	95	629	0.0	983	RS-GCF-900637825.1-NZ-LR134408.1--3
E10_1492-R	RS-GCF-900637825.1-NZ-LR134408.1	95.072	660	95	629	0.0	983	RS-GCF-900637825.1-NZ-LR134408.1
E10_1492-R	RS-GCF-000477975.1-NZ-KI515719.1	95.072	660	95	629	0.0	983	RS-GCF-000477975.1-NZ-KI515719.1
E10_1492-R	RS-GCF-000477875.1-NZ-KI515702.1	95.072	660	95	629	0.0	983	RS-GCF-000477875.1-NZ-KI515702.1
E10_1492-R	RS-GCF-001812805.1-NZ-KV810432.1	95.223	660	95	628	0.0	981	RS-GCF-001812805.1-NZ-KV810432.1
E10_1492-R	RS-GCF-000477915.1-NZ-KI515713.1	94.913	660	95	629	0.0	978	RS-GCF-000477915.1-NZ-KI515713.1
E10_1492-R	RS-GCF-000477915.1-NZ-KI515712.1--3	94.913	660	95	629	0.0	978	RS-GCF-000477915.1-NZ-KI515712.1--3
E10_1492-R	RS-GCF-000478095.1-NZ-KI515749.1--2	94.913	660	95	629	0.0	978	RS-GCF-000478095.1-NZ-KI515749.1--2
E10_1492-R	RS-GCF-001814605.1-NZ-KV817271.1	95.064	660	95	628	0.0	976	RS-GCF-001814605.1-NZ-KV817271.1
E10_1492-R	RS-GCF-001814945.1-NZ-KV818429.1	95.064	660	95	628	0.0	976	RS-GCF-001814945.1-NZ-KV818429.1
E10_1492-R	GB-GCA-007786375.1-VMTY01000005.1	95.064	660	95	628	0.0	976	GB-GCA-007786375.1-VMTY01000005.1
E10_1492-R	RS-GCF-001813925.1-NZ-KV814387.1	95.064	660	95	628	0.0	976	RS-GCF-001813925.1-NZ-KV814387.1
E10_1492-R	RS-GCF-001813175.1-NZ-KV811707.1	95.064	660	95	628	0.0	976	RS-GCF-001813175.1-NZ-KV811707.1
E10_1492-R	RS-GCF-001811145.1-NZ-KV803654.1	95.064	660	95	628	0.0	976	RS-GCF-001811145.1-NZ-KV803654.1
E10_1492-R	RS-GCF-001807205.1-NZ-KV788189.1	95.064	660	95	628	0.0	976	RS-GCF-001807205.1-NZ-KV788189.1
E10_1492-R	RS-GCF-003492745.1-NZ-QQLP01000014.1	95.064	660	95	628	0.0	976	RS-GCF-003492745.1-NZ-QQLP01000014.1
E10_1492-R	RS-GCF-002861385.1-NZ-PKHR01000004.1	95.064	660	95	628	0.0	976	RS-GCF-002861385.1-NZ-PKHR01000004.1
E10_1492-R	RS-GCF-012030615.1-NZ-JAAUWA010000037.1	95.064	660	95	628	0.0	976	RS-GCF-012030615.1-NZ-JAAUWA010000037.1
E10_1492-R	RS-GCF-007097455.1-NZ-VKDG01000021.1	95.064	660	95	628	0.0	976	RS-GCF-007097455.1-NZ-VKDG01000021.1
E10_1492-R	RS-GCF-001811845.1-NZ-KV806777.1	95.064	660	95	628	0.0	976	RS-GCF-001811845.1-NZ-KV806777.1
E10_1492-R	RS-GCF-007672555.1-NZ-VDSV01000014.1	95.064	660	95	628	0.0	976	RS-GCF-007672555.1-NZ-VDSV01000014.1
E10_1492-R	RS-GCF-015070775.1-NZ-JADCSB010000016.1	95.064	660	95	628	0.0	976	RS-GCF-015070775.1-NZ-JADCSB010000016.1
E10_1492-R	G000833575	95.072	660	95	629	0.0	976	G000833575
E10_1492-R	MJ030-2-barcode50-umi81792bins-ubs-7	95.064	660	95	628	0.0	976	MJ030-2-barcode50-umi81792bins-ubs-7
E10_1492-R	MJ006-2-barcode58-umi110947bins-ubs-3	95.064	660	95	628	0.0	976	MJ006-2-barcode58-umi110947bins-ubs-3
E10_1492-R	MJ006-2-barcode58-umi100475bins-ubs-5	95.064	660	95	628	0.0	976	MJ006-2-barcode58-umi100475bins-ubs-5
E10_1492-R	MJ006-2-barcode58-umi105468bins-ubs-4	95.064	660	95	628	0.0	976	MJ006-2-barcode58-umi105468bins-ubs-4
E10_1492-R	MJ006-2-barcode58-umi151046bins-ubs-3	95.064	660	95	628	0.0	976	MJ006-2-barcode58-umi151046bins-ubs-3
E10_1492-R	MJ006-2-barcode63-umi39294bins-ubs-9	95.064	660	95	628	0.0	976	MJ006-2-barcode63-umi39294bins-ubs-9
E10_1492-R	X84678	94.904	660	95	628	0.0	974	X84678
E10_1492-R	RS-GCF-001836165.1-NZ-KV827658.1	94.904	660	95	628	0.0	972	RS-GCF-001836165.1-NZ-KV827658.1
E10_1492-R	RS-GCF-001810695.1-NZ-KV802419.1	94.904	660	95	628	0.0	972	RS-GCF-001810695.1-NZ-KV802419.1
E10_1492-R	G000022905	94.904	660	95	628	0.0	972	G000022905
E10_1492-R	ACLH01000041	94.904	660	95	628	0.0	972	ACLH01000041
E10_1492-R	MJ006-2-barcode58-umi142206bins-ubs-3	94.913	660	95	629	0.0	970	MJ006-2-barcode58-umi142206bins-ubs-3
E10_1492-R	RS-GCF-001813755.1-NZ-KV813887.1	94.745	660	95	628	0.0	967	RS-GCF-001813755.1-NZ-KV813887.1
E10_1492-R	RS-GCF-007097425.1-NZ-VKDK01000050.1	94.745	660	95	628	0.0	967	RS-GCF-007097425.1-NZ-VKDK01000050.1
E10_1492-R	RS-GCF-002871735.1-NZ-PNHI01000033.1	94.745	660	95	628	0.0	967	RS-GCF-002871735.1-NZ-PNHI01000033.1
E10_1492-R	RS-GCF-903645345.1-NZ-CAHJXS010000003.1	94.745	660	95	628	0.0	967	RS-GCF-903645345.1-NZ-CAHJXS010000003.1
E10_1492-R	RS-GCF-001814885.1-NZ-KV818315.1	94.745	660	95	628	0.0	967	RS-GCF-001814885.1-NZ-KV818315.1
E10_1492-R	RS-GCF-001836065.1-NZ-KV827301.1	94.745	660	95	628	0.0	967	RS-GCF-001836065.1-NZ-KV827301.1
E10_1492-R	RS-GCF-000156615.2-NZ-GL542879.1	94.258	660	95	627	0.0	962	RS-GCF-000156615.2-NZ-GL542879.1
E10_1492-R	RS-GCF-016728365.1-NZ-CP068156.1	94.258	660	95	627	0.0	962	RS-GCF-016728365.1-NZ-CP068156.1
E10_1492-R	AJ438050	94.258	660	95	627	0.0	962	AJ438050
E10_1492-R	GB-GCA-900618065.1-UYIL01000003.1	94.268	660	95	628	0.0	957	GB-GCA-900618065.1-UYIL01000003.1
E10_1492-R	RS-GCF-016894265.1-NZ-CP069791.1	94.099	660	95	627	0.0	957	RS-GCF-016894265.1-NZ-CP069791.1
E10_1492-R	RS-GCF-009734385.1-NZ-CP046452.1--4	94.453	660	95	631	0.0	957	RS-GCF-009734385.1-NZ-CP046452.1--4
E10_1492-R	RS-GCF-009734385.1-NZ-CP046452.1--3	94.453	660	95	631	0.0	957	RS-GCF-009734385.1-NZ-CP046452.1--3
E10_1492-R	RS-GCF-000156615.2-NZ-GL542880.1	94.099	660	95	627	0.0	957	RS-GCF-000156615.2-NZ-GL542880.1
E10_1492-R	RS-GCF-000478115.1-NZ-KI515752.1	94.099	660	95	627	0.0	957	RS-GCF-000478115.1-NZ-KI515752.1
E10_1492-R	RS-GCF-000478035.1-NZ-KI515731.1--2	94.099	660	95	627	0.0	957	RS-GCF-000478035.1-NZ-KI515731.1--2
E10_1492-R	RS-GCF-001807315.1-NZ-KV788539.1	94.427	660	95	628	0.0	957	RS-GCF-001807315.1-NZ-KV788539.1
E10_1492-R	G001054195	94.099	660	95	627	0.0	957	G001054195
E10_1492-R	MJ030-2-barcode74-umi102433bins-ubs-3	94.099	660	95	627	0.0	957	MJ030-2-barcode74-umi102433bins-ubs-3
E10_1492-R	RS-GCF-903645305.1-NZ-CAHJXO010000001.1--2	94.099	660	95	627	0.0	954	RS-GCF-903645305.1-NZ-CAHJXO010000001.1--2
E10_1492-R	RS-GCF-903645305.1-NZ-CAHJXO010000001.1	94.099	660	95	627	0.0	954	RS-GCF-903645305.1-NZ-CAHJXO010000001.1
E10_1492-R	RS-GCF-016728365.1-NZ-CP068156.1--3	94.099	660	95	627	0.0	954	RS-GCF-016728365.1-NZ-CP068156.1--3
E10_1492-R	RS-GCF-001807495.1-NZ-KV789214.1	94.268	660	95	628	0.0	953	RS-GCF-001807495.1-NZ-KV789214.1
E10_1492-R	MJ006-2-barcode63-umi132722bins-ubs-4	94.268	660	95	628	0.0	953	MJ006-2-barcode63-umi132722bins-ubs-4
E10_1492-R	RS-GCF-016728365.1-NZ-CP068156.1--4	94.099	660	95	627	0.0	950	RS-GCF-016728365.1-NZ-CP068156.1--4
E10_1492-R	AJ012837	94.268	660	95	628	0.0	949	AJ012837
E10_1492-R	G001586215	94.108	660	95	628	0.0	948	G001586215
E10_1492-R	G000312345	93.949	660	95	628	0.0	948	G000312345
E10_1492-R	LT629765	93.949	660	95	628	0.0	948	LT629765
E10_1492-R	RS-GCF-008693065.1-NZ-VXKH01000108.1	93.780	660	95	627	0.0	946	RS-GCF-008693065.1-NZ-VXKH01000108.1
E10_1492-R	G000759055	93.780	660	95	627	0.0	946	G000759055
E10_1492-R	AY677186	93.780	660	95	627	0.0	946	AY677186
E10_1492-R	RS-GCF-900105305.1-NZ-LT629765.1--3	93.790	660	95	628	0.0	944	RS-GCF-900105305.1-NZ-LT629765.1--3
E10_1492-R	G003813985	93.810	660	95	630	0.0	941	G003813985
E10_1492-R	MG845149	93.810	660	95	630	0.0	941	MG845149
E10_1492-R	G003113335	93.461	660	95	627	0.0	936	G003113335
E10_1492-R	MG798929	93.461	660	95	627	0.0	936	MG798929
E10_1492-R	AJ431634	93.651	660	95	630	0.0	936	AJ431634
E10_1492-R	RS-GCF-900103625.1-NZ-LT629700.1	93.492	660	95	630	0.0	935	RS-GCF-900103625.1-NZ-LT629700.1
E10_1492-R	Y10999	96.048	660	88	582	0.0	935	Y10999
E10_1492-R	LT629700	93.492	660	95	630	0.0	935	LT629700
E10_1492-R	RS-GCF-900187215.1-NZ-LT906467.1	93.471	660	95	628	0.0	934	RS-GCF-900187215.1-NZ-LT906467.1
E10_1492-R	G000739455	93.471	660	95	628	0.0	934	G000739455
E10_1492-R	G003813965	93.513	660	95	632	0.0	933	G003813965
E10_1492-R	KX214080	93.513	660	95	632	0.0	933	KX214080
E10_1492-R	RS-GCF-014217255.1-NZ-CP059404.1	93.301	660	95	627	0.0	932	RS-GCF-014217255.1-NZ-CP059404.1
E10_1492-R	G000143825	93.301	660	95	627	0.0	932	G000143825
E10_1492-R	G001020985	93.164	660	95	629	0.0	931	G001020985
E10_1492-R	FJ374773	93.164	660	95	629	0.0	931	FJ374773
E10_1492-R	RS-GCF-000738405.1-NZ-JFCM01000009.1	93.175	660	95	630	0.0	930	RS-GCF-000738405.1-NZ-JFCM01000009.1
E10_1492-R	RS-GCF-000163435.1-NZ-GG700819.1	93.175	660	95	630	0.0	930	RS-GCF-000163435.1-NZ-GG700819.1
E10_1492-R	RS-GCF-000738385.1-NZ-JFCO01000010.1	93.175	660	95	630	0.0	930	RS-GCF-000738385.1-NZ-JFCO01000010.1
E10_1492-R	G000006605	93.175	660	95	630	0.0	930	G000006605
E10_1492-R	G000420605	93.312	660	95	628	0.0	930	G000420605
E10_1492-R	EF217056	93.312	660	95	628	0.0	930	EF217056
E10_1492-R	G001889145	93.164	660	95	629	0.0	929	G001889145
E10_1492-R	RS-GCF-014262665.1-NZ-CP046883.1	93.005	660	95	629	0.0	928	RS-GCF-014262665.1-NZ-CP046883.1
E10_1492-R	MN611118	93.005	660	95	629	0.0	928	MN611118
E10_1492-R	Y09044	93.323	660	95	629	0.0	928	Y09044
E10_1492-R	RS-GCF-011038645.2-NZ-CP064955.1--4	93.175	660	95	630	0.0	927	RS-GCF-011038645.2-NZ-CP064955.1--4
E10_1492-R	RS-GCF-011038645.2-NZ-CP064955.1--3	93.175	660	95	630	0.0	927	RS-GCF-011038645.2-NZ-CP064955.1--3
E10_1492-R	RS-GCF-000738175.1-NZ-JFCH01000010.1	93.016	660	95	630	0.0	926	RS-GCF-000738175.1-NZ-JFCH01000010.1
E10_1492-R	RS-GCF-001807485.1-NZ-KV789177.1	93.016	660	95	630	0.0	926	RS-GCF-001807485.1-NZ-KV789177.1
E10_1492-R	RS-GCF-000738355.1-NZ-JFCR01000004.1	93.016	660	95	630	0.0	926	RS-GCF-000738355.1-NZ-JFCR01000004.1
E10_1492-R	RS-GCF-900100745.1-NZ-FMTZ01000002.1	93.016	660	95	630	0.0	926	RS-GCF-900100745.1-NZ-FMTZ01000002.1
E10_1492-R	RS-GCF-000738305.1-NZ-JFCP01000004.1	93.016	660	95	630	0.0	926	RS-GCF-000738305.1-NZ-JFCP01000004.1
E10_1492-R	RS-GCF-014335105.1-NZ-PDGZ01000006.1	93.016	660	95	630	0.0	926	RS-GCF-014335105.1-NZ-PDGZ01000006.1
E10_1492-R	RS-GCF-000738335.1-NZ-JFCL01000041.1	93.016	660	95	630	0.0	926	RS-GCF-000738335.1-NZ-JFCL01000041.1
E10_1492-R	RS-GCF-000738185.1-NZ-JFCF01000023.1	93.016	660	95	630	0.0	926	RS-GCF-000738185.1-NZ-JFCF01000023.1
E10_1492-R	X84250	93.016	660	95	630	0.0	926	X84250
E10_1492-R	MJ006-2-barcode58-umi151385bins-ubs-3	93.016	660	95	630	0.0	926	MJ006-2-barcode58-umi151385bins-ubs-3
E10_1492-R	RS-GCF-002287505.1-NZ-CP019688.1--2	93.344	660	95	631	0.0	925	RS-GCF-002287505.1-NZ-CP019688.1--2
E10_1492-R	G000265545	93.005	660	95	629	0.0	924	G000265545
E10_1492-R	RS-GCF-900177745.1-NZ-FXAR01000014.1	93.175	660	95	630	0.0	923	RS-GCF-900177745.1-NZ-FXAR01000014.1
E10_1492-R	GB-GCA-014490595.1-CP061031.1--2	93.164	660	95	629	0.0	923	GB-GCA-014490595.1-CP061031.1--2
E10_1492-R	GB-GCA-014490595.1-CP061031.1	93.164	660	95	629	0.0	923	GB-GCA-014490595.1-CP061031.1
E10_1492-R	G001639025	93.164	660	95	629	0.0	923	G001639025
E10_1492-R	KP276149	93.175	660	95	630	0.0	923	KP276149
E10_1492-R	RS-GCF-003070865.1-NZ-CP026948.1--2	93.016	660	95	630	0.0	922	RS-GCF-003070865.1-NZ-CP026948.1--2
E10_1492-R	RS-GCF-003070865.1-NZ-CP026948.1	93.016	660	95	630	0.0	922	RS-GCF-003070865.1-NZ-CP026948.1
E10_1492-R	G001021065	92.846	660	95	629	0.0	922	G001021065
E10_1492-R	HE577802	92.846	660	95	629	0.0	922	HE577802
E10_1492-R	MG798930	93.016	660	95	630	0.0	922	MG798930
E10_1492-R	RS-GCF-900176865.1-NZ-LT839632.1	93.016	660	95	630	0.0	921	RS-GCF-900176865.1-NZ-LT839632.1
E10_1492-R	RS-GCF-900176865.1-NZ-LT839618.1	93.016	660	95	630	0.0	921	RS-GCF-900176865.1-NZ-LT839618.1
E10_1492-R	KJ938705	93.185	660	95	631	0.0	921	KJ938705
E10_1492-R	X84256	92.846	660	95	629	0.0	921	X84256
E10_1492-R	Y11200	93.027	660	95	631	0.0	921	Y11200
E10_1492-R	RS-GCF-014522205.1-NZ-CP046884.1	93.038	660	95	632	0.0	920	RS-GCF-014522205.1-NZ-CP046884.1
E10_1492-R	RS-GCF-900187295.1-NZ-LT906473.1--2	92.846	660	95	629	0.0	920	RS-GCF-900187295.1-NZ-LT906473.1--2
E10_1492-R	RS-GCF-900187295.1-NZ-LT906473.1	92.846	660	95	629	0.0	920	RS-GCF-900187295.1-NZ-LT906473.1
E10_1492-R	RS-GCF-001814575.1-NZ-KV817196.1	92.846	660	95	629	0.0	920	RS-GCF-001814575.1-NZ-KV817196.1
E10_1492-R	RS-GCF-016727365.1-NZ-CP068134.1	92.846	660	95	629	0.0	920	RS-GCF-016727365.1-NZ-CP068134.1
E10_1492-R	RS-GCF-000769635.1-NZ-CP009716.1--4	92.846	660	95	629	0.0	920	RS-GCF-000769635.1-NZ-CP009716.1--4
E10_1492-R	RS-GCF-001876325.1-NZ-MIOS01000031.1	92.846	660	95	629	0.0	920	RS-GCF-001876325.1-NZ-MIOS01000031.1
E10_1492-R	RS-GCF-001298275.1-NZ-LGSX01000006.1	92.846	660	95	629	0.0	920	RS-GCF-001298275.1-NZ-LGSX01000006.1
E10_1492-R	RS-GCF-000968945.1-NZ-CP011095.1	92.846	660	95	629	0.0	920	RS-GCF-000968945.1-NZ-CP011095.1
E10_1492-R	RS-GCF-000215665.1-NC-015683.1	92.846	660	95	629	0.0	920	RS-GCF-000215665.1-NC-015683.1
E10_1492-R	RS-GCF-001969145.1-NZ-CP023395.1--4	92.846	660	95	629	0.0	920	RS-GCF-001969145.1-NZ-CP023395.1--4
E10_1492-R	GB-GCA-000764045.2-CP016829.1	92.846	660	95	629	0.0	920	GB-GCA-000764045.2-CP016829.1
E10_1492-R	RS-GCF-000227605.3-NC-017307.3	92.846	660	95	629	0.0	920	RS-GCF-000227605.3-NC-017307.3
E10_1492-R	G900111265	92.846	660	95	629	0.0	920	G900111265
E10_1492-R	G006547305	92.846	660	95	629	0.0	920	G006547305
E10_1492-R	G001922265	92.846	660	95	629	0.0	920	G001922265
E10_1492-R	G001481675	92.846	660	95	629	0.0	920	G001481675
E10_1492-R	G001433475	92.846	660	95	629	0.0	920	G001433475
E10_1492-R	G001298505	92.846	660	95	629	0.0	920	G001298505
E10_1492-R	G001017615	92.846	660	95	629	0.0	920	G001017615
E10_1492-R	G000259155	92.846	660	95	629	0.0	920	G000259155
E10_1492-R	G000255935	92.846	660	95	629	0.0	920	G000255935
E10_1492-R	G000143705	92.846	660	95	629	0.0	920	G000143705
E10_1492-R	RS-GCF-900156665.1-NZ-FTOF01000024.1	92.823	660	95	627	0.0	919	RS-GCF-900156665.1-NZ-FTOF01000024.1
E10_1492-R	GB-GCA-900156035.1-FTMH01000041.1	93.005	660	95	629	0.0	919	GB-GCA-900156035.1-FTMH01000041.1
E10_1492-R	RS-GCF-902377555.1-NZ-CABLBV010000040.1	93.005	660	95	629	0.0	919	RS-GCF-902377555.1-NZ-CABLBV010000040.1
E10_1492-R	AJ314919	92.823	660	95	627	0.0	919	AJ314919
E10_1492-R	RS-GCF-003202295.1-NZ-NRIN01000018.1	92.994	660	95	628	0.0	918	RS-GCF-003202295.1-NZ-NRIN01000018.1
E10_1492-R	RS-GCF-001053435.1-NZ-JVTL01000076.1	92.994	660	95	628	0.0	918	RS-GCF-001053435.1-NZ-JVTL01000076.1
E10_1492-R	RS-GCF-003202375.1-NZ-NRIM01000009.1	92.994	660	95	628	0.0	918	RS-GCF-003202375.1-NZ-NRIM01000009.1
E10_1492-R	RS-GCF-002775105.1-NZ-LTBH01000004.1	92.994	660	95	628	0.0	918	RS-GCF-002775105.1-NZ-LTBH01000004.1
E10_1492-R	KT314237	93.185	660	95	631	0.0	918	KT314237
E10_1492-R	HF558381	93.027	660	95	631	0.0	918	HF558381
E10_1492-R	X84442	92.994	660	95	628	0.0	918	X84442
E10_1492-R	LT576414	92.698	660	95	630	0.0	918	LT576414
E10_1492-R	RS-GCF-013051085.1-NZ-WIAS01000015.1	92.857	660	95	630	0.0	917	RS-GCF-013051085.1-NZ-WIAS01000015.1
E10_1492-R	RS-GCF-007672625.1-NZ-VDSZ01000036.1	92.868	660	95	631	0.0	916	RS-GCF-007672625.1-NZ-VDSZ01000036.1
E10_1492-R	RS-GCF-007641235.1-NZ-CP038157.1	92.868	660	95	631	0.0	916	RS-GCF-007641235.1-NZ-CP038157.1
E10_1492-R	CP038157	92.868	660	95	631	0.0	916	CP038157
E10_1492-R	X84252	92.687	660	95	629	0.0	916	X84252
E10_1492-R	RS-GCF-013135535.1-NZ-JABGCQ010000015.1	92.687	660	95	629	0.0	915	RS-GCF-013135535.1-NZ-JABGCQ010000015.1
E10_1492-R	RS-GCF-000255235.1-NC-016786.1	92.687	660	95	629	0.0	915	RS-GCF-000255235.1-NC-016786.1
E10_1492-R	RS-GCF-001833035.1-NZ-MLBN01000016.1	92.687	660	95	629	0.0	915	RS-GCF-001833035.1-NZ-MLBN01000016.1
E10_1492-R	RS-GCF-900638715.1-NZ-LR134537.1	92.687	660	95	629	0.0	915	RS-GCF-900638715.1-NZ-LR134537.1
E10_1492-R	GB-GCA-003640845.1-RCFA01000043.1	92.687	660	95	629	0.0	915	GB-GCA-003640845.1-RCFA01000043.1
E10_1492-R	RS-GCF-015831155.1-NZ-JADQTW010000025.1	92.687	660	95	629	0.0	915	RS-GCF-015831155.1-NZ-JADQTW010000025.1
E10_1492-R	G000730445	92.687	660	95	629	0.0	915	G000730445
E10_1492-R	G000730365	92.687	660	95	629	0.0	915	G000730365
E10_1492-R	G000590555	92.868	660	95	631	0.0	915	G000590555
E10_1492-R	G000577555	92.846	660	95	629	0.0	915	G000577555
E10_1492-R	Y09655	92.687	660	95	629	0.0	915	Y09655
E10_1492-R	RS-GCF-009026825.1-NZ-CP045032.1	92.528	660	95	629	0.0	914	RS-GCF-009026825.1-NZ-CP045032.1
E10_1492-R	MN592990	92.846	660	95	629	0.0	914	MN592990
E10_1492-R	MK161113	92.528	660	95	629	0.0	914	MK161113
E10_1492-R	RS-GCF-000971865.1-NZ-JZEZ01000103.1	92.868	660	95	631	0.0	913	RS-GCF-000971865.1-NZ-JZEZ01000103.1
E10_1492-R	RS-GCF-016889445.1-NZ-CP069514.1	92.834	660	95	628	0.0	913	RS-GCF-016889445.1-NZ-CP069514.1
E10_1492-R	RS-GCF-002803965.1-NZ-CP024931.1	92.834	660	95	628	0.0	913	RS-GCF-002803965.1-NZ-CP024931.1
E10_1492-R	RS-GCF-001807295.1-NZ-KV788495.1	92.834	660	95	628	0.0	913	RS-GCF-001807295.1-NZ-KV788495.1
E10_1492-R	RS-GCF-003202245.1-NZ-NRIL01000009.1	92.834	660	95	628	0.0	913	RS-GCF-003202245.1-NZ-NRIL01000009.1
E10_1492-R	G008373895	92.834	660	95	628	0.0	913	G008373895
E10_1492-R	RS-GCF-014490555.1-NZ-CP061032.1	92.698	660	95	630	0.0	912	RS-GCF-014490555.1-NZ-CP061032.1
E10_1492-R	RS-GCF-900105505.1-NZ-FNRU01000002.1--4	92.698	660	95	630	0.0	912	RS-GCF-900105505.1-NZ-FNRU01000002.1--4
E10_1492-R	RS-GCF-900105505.1-NZ-FNRU01000002.1--3	92.698	660	95	630	0.0	912	RS-GCF-900105505.1-NZ-FNRU01000002.1--3
E10_1492-R	X81916	92.528	660	95	629	0.0	912	X81916
E10_1492-R	FNRU01000002	92.698	660	95	630	0.0	912	FNRU01000002
E10_1492-R	RS-GCF-000242775.1-NC-016787.1--2	92.687	660	95	629	0.0	911	RS-GCF-000242775.1-NC-016787.1--2
E10_1492-R	RS-GCF-001941445.1-NZ-CP009245.1--3	92.528	660	95	629	0.0	911	RS-GCF-001941445.1-NZ-CP009245.1--3
E10_1492-R	RS-GCF-001941445.1-NZ-CP009245.1	92.528	660	95	629	0.0	911	RS-GCF-001941445.1-NZ-CP009245.1
E10_1492-R	RS-GCF-011038655.2-NZ-CP064954.1--2	92.528	660	95	629	0.0	911	RS-GCF-011038655.2-NZ-CP064954.1--2
E10_1492-R	RS-GCF-014490555.1-NZ-CP061032.1--4	92.710	660	95	631	0.0	911	RS-GCF-014490555.1-NZ-CP061032.1--4
E10_1492-R	CP009245	92.528	660	95	629	0.0	911	CP009245
E10_1492-R	AJ401282	92.698	660	95	630	0.0	911	AJ401282
E10_1492-R	X84438	92.528	660	95	629	0.0	911	X84438
E10_1492-R	RS-GCF-900078305.2-NZ-LT546028.1--2	92.504	660	95	627	0.0	910	RS-GCF-900078305.2-NZ-LT546028.1--2
E10_1492-R	G004795735	92.698	660	95	630	0.0	910	G004795735
E10_1492-R	G002994655	92.698	660	95	630	0.0	910	G002994655
E10_1492-R	G001021045	92.698	660	95	630	0.0	910	G001021045
E10_1492-R	G000011305	92.698	660	95	630	0.0	910	G000011305
E10_1492-R	ACLI01000121	92.698	660	95	630	0.0	910	ACLI01000121
E10_1492-R	AJ295841	92.698	660	95	630	0.0	910	AJ295841
E10_1492-R	MK185698	92.698	660	95	630	0.0	910	MK185698
E10_1492-R	RS-GCF-002156805.1-NZ-CP021252.1	92.675	660	95	628	0.0	909	RS-GCF-002156805.1-NZ-CP021252.1
E10_1492-R	RS-GCF-011682985.1-NZ-VCOY01000043.1	92.675	660	95	628	0.0	909	RS-GCF-011682985.1-NZ-VCOY01000043.1
E10_1492-R	G001815935	92.504	660	95	627	0.0	909	G001815935
E10_1492-R	Y15886	92.504	660	95	627	0.0	909	Y15886
E10_1492-R	MN592987	92.540	660	95	630	0.0	908	MN592987
E10_1492-R	RS-GCF-017638445.1-NZ-CP072111.1	92.687	660	95	629	0.0	907	RS-GCF-017638445.1-NZ-CP072111.1
E10_1492-R	RS-GCF-014117265.1-NZ-CP059833.1	92.687	660	95	629	0.0	907	RS-GCF-014117265.1-NZ-CP059833.1
E10_1492-R	RS-GCF-001814825.1-NZ-KV817962.1	92.516	660	95	628	0.0	907	RS-GCF-001814825.1-NZ-KV817962.1
E10_1492-R	RS-GCF-002285155.1-NZ-NSGL01000002.1	92.516	660	95	628	0.0	907	RS-GCF-002285155.1-NZ-NSGL01000002.1
E10_1492-R	RS-GCF-002285075.1-NZ-NSGO01000018.1	92.516	660	95	628	0.0	907	RS-GCF-002285075.1-NZ-NSGO01000018.1
E10_1492-R	RS-GCF-002285115.1-NZ-NSGP01000026.1	92.516	660	95	628	0.0	907	RS-GCF-002285115.1-NZ-NSGP01000026.1
E10_1492-R	GB-GCA-003640965.1-RCEY01000020.1	92.528	660	95	629	0.0	907	GB-GCA-003640965.1-RCEY01000020.1
E10_1492-R	KY593177	92.516	660	95	628	0.0	907	KY593177
E10_1492-R	RS-GCF-013978595.1-NZ-JACDTZ010000002.1	92.552	660	95	631	0.0	906	RS-GCF-013978595.1-NZ-JACDTZ010000002.1
E10_1492-R	RS-GCF-013978595.1-NZ-JACDTZ010000001.1--3	92.552	660	95	631	0.0	906	RS-GCF-013978595.1-NZ-JACDTZ010000001.1--3
E10_1492-R	RS-GCF-012396315.1-NZ-JAAXPF010000023.1	92.552	660	95	631	0.0	906	RS-GCF-012396315.1-NZ-JAAXPF010000023.1
E10_1492-R	RS-GCF-016728505.1-NZ-CP068159.1--3	92.369	660	95	629	0.0	906	RS-GCF-016728505.1-NZ-CP068159.1--3
E10_1492-R	RS-GCF-016728665.1-NZ-CP068161.1	92.369	660	95	629	0.0	906	RS-GCF-016728665.1-NZ-CP068161.1
E10_1492-R	RS-GCF-003989215.1-NZ-RBMC01000026.1	92.369	660	95	629	0.0	906	RS-GCF-003989215.1-NZ-RBMC01000026.1
E10_1492-R	RS-GCF-000375525.1-NZ-AQXC01000020.1	92.369	660	95	629	0.0	906	RS-GCF-000375525.1-NZ-AQXC01000020.1
E10_1492-R	G007904105	92.369	660	95	629	0.0	906	G007904105
E10_1492-R	G001263755	92.369	660	95	629	0.0	906	G001263755
E10_1492-R	HG799103	92.733	660	95	633	0.0	906	HG799103
E10_1492-R	MK602323	92.369	660	95	629	0.0	906	MK602323
E10_1492-R	FN295567	92.552	660	95	631	0.0	906	FN295567
E10_1492-R	Y14651	92.369	660	95	629	0.0	906	Y14651
E10_1492-R	MJ006-1-barcode36-umi140565bins-ubs-3	92.369	660	95	629	0.0	906	MJ006-1-barcode36-umi140565bins-ubs-3
E10_1492-R	MJ006-1-barcode36-umi108381bins-ubs-4	92.369	660	95	629	0.0	906	MJ006-1-barcode36-umi108381bins-ubs-4
E10_1492-R	RS-GCF-900155535.1-NZ-LT706957.1	92.344	660	95	627	0.0	905	RS-GCF-900155535.1-NZ-LT706957.1
E10_1492-R	RS-GCF-003583675.1-NZ-QXJK01000025.1	92.210	660	95	629	0.0	905	RS-GCF-003583675.1-NZ-QXJK01000025.1
E10_1492-R	RS-GCF-013601105.1-NZ-JABFEE010000025.1	92.528	660	95	629	0.0	905	RS-GCF-013601105.1-NZ-JABFEE010000025.1
E10_1492-R	RS-GCF-014610855.1-NZ-PGGF01000007.1	92.675	660	95	628	0.0	905	RS-GCF-014610855.1-NZ-PGGF01000007.1
E10_1492-R	RS-GCF-016728205.1-NZ-CP068157.1--4	92.675	660	95	628	0.0	905	RS-GCF-016728205.1-NZ-CP068157.1--4
E10_1492-R	G001021025	92.540	660	95	630	0.0	905	G001021025
E10_1492-R	G000819445	92.540	660	95	630	0.0	905	G000819445
E10_1492-R	G000525655	92.210	660	95	629	0.0	905	G000525655
E10_1492-R	Y13024	92.210	660	95	629	0.0	905	Y13024
E10_1492-R	FM173119	92.393	660	95	631	0.0	905	FM173119
E10_1492-R	CP011541	92.540	660	95	630	0.0	905	CP011541
E10_1492-R	KF135179	92.540	660	95	630	0.0	905	KF135179
E10_1492-R	MJ020-1-barcode29-umi84099bins-ubs-4	92.540	660	95	630	0.0	905	MJ020-1-barcode29-umi84099bins-ubs-4
E10_1492-R	MJ020-1-barcode29-umi122589bins-ubs-3	92.540	660	95	630	0.0	905	MJ020-1-barcode29-umi122589bins-ubs-3
E10_1492-R	MJ020-1-barcode29-umi106929bins-ubs-3	92.540	660	95	630	0.0	905	MJ020-1-barcode29-umi106929bins-ubs-3
E10_1492-R	MJ020-1-barcode29-umi116856bins-ubs-3	92.540	660	95	630	0.0	905	MJ020-1-barcode29-umi116856bins-ubs-3
E10_1492-R	KJ938709	92.540	660	95	630	0.0	904	KJ938709
E10_1492-R	RS-GCF-012030345.1-NZ-JAAUVV010000053.1	92.381	660	95	630	0.0	903	RS-GCF-012030345.1-NZ-JAAUVV010000053.1
E10_1492-R	RS-GCF-001806995.1-NZ-KV787072.1	92.381	660	95	630	0.0	903	RS-GCF-001806995.1-NZ-KV787072.1
E10_1492-R	RS-GCF-001807545.1-NZ-KV789300.1	92.381	660	95	630	0.0	903	RS-GCF-001807545.1-NZ-KV789300.1
E10_1492-R	RS-GCF-001837615.1-NZ-KV833267.1	92.381	660	95	630	0.0	903	RS-GCF-001837615.1-NZ-KV833267.1
E10_1492-R	G002835695	92.381	660	95	630	0.0	903	G002835695
E10_1492-R	RS-GCF-004114895.1-NZ-CP035299.1--4	92.210	660	95	629	0.0	902	RS-GCF-004114895.1-NZ-CP035299.1--4
E10_1492-R	RS-GCF-004114895.1-NZ-CP035299.1	92.210	660	95	629	0.0	902	RS-GCF-004114895.1-NZ-CP035299.1
E10_1492-R	RS-GCF-016728625.1-NZ-CP068160.1--3	92.210	660	95	629	0.0	902	RS-GCF-016728625.1-NZ-CP068160.1--3
E10_1492-R	RS-GCF-902362995.1-NZ-CABIYR010000010.1	92.210	660	95	629	0.0	902	RS-GCF-902362995.1-NZ-CABIYR010000010.1
E10_1492-R	RS-GCF-007671985.1-NZ-VDUD01000023.1	92.210	660	95	629	0.0	902	RS-GCF-007671985.1-NZ-VDUD01000023.1
E10_1492-R	RS-GCF-001052555.1-NZ-JVVY01000068.1	92.210	660	95	629	0.0	902	RS-GCF-001052555.1-NZ-JVVY01000068.1
E10_1492-R	RS-GCF-016728205.1-NZ-CP068157.1--3	92.516	660	95	628	0.0	902	RS-GCF-016728205.1-NZ-CP068157.1--3
E10_1492-R	GB-GCA-900312965.1-LT990688.1	92.210	660	95	629	0.0	902	GB-GCA-900312965.1-LT990688.1
E10_1492-R	RS-GCF-001026805.1-NZ-JAQN01000039.1	92.210	660	95	629	0.0	902	RS-GCF-001026805.1-NZ-JAQN01000039.1
E10_1492-R	RS-GCF-001889905.1-NZ-MKYN01000027.1	92.210	660	95	629	0.0	902	RS-GCF-001889905.1-NZ-MKYN01000027.1
E10_1492-R	RS-GCF-001889835.1-NZ-MKYL01000028.1	92.210	660	95	629	0.0	902	RS-GCF-001889835.1-NZ-MKYL01000028.1
E10_1492-R	RS-GCF-002115155.1-NZ-NDHN01000026.1	92.210	660	95	629	0.0	902	RS-GCF-002115155.1-NZ-NDHN01000026.1
E10_1492-R	RS-GCF-002203235.1-NZ-LSYJ01000022.1	92.210	660	95	629	0.0	902	RS-GCF-002203235.1-NZ-LSYJ01000022.1
E10_1492-R	RS-GCF-002201145.1-NZ-MSIH01000024.1	92.210	660	95	629	0.0	902	RS-GCF-002201145.1-NZ-MSIH01000024.1
E10_1492-R	RS-GCF-015830225.1-NZ-JADQVP010000022.1	92.210	660	95	629	0.0	902	RS-GCF-015830225.1-NZ-JADQVP010000022.1
E10_1492-R	G000747315	92.393	660	95	631	0.0	902	G000747315
E10_1492-R	LT990688	92.210	660	95	629	0.0	902	LT990688
E10_1492-R	LT960553	92.210	660	95	629	0.0	902	LT960553
E10_1492-R	AM397636	92.393	660	95	631	0.0	902	AM397636
E10_1492-R	RS-GCF-001815965.1-NZ-KV823514.1	92.210	660	95	629	0.0	901	RS-GCF-001815965.1-NZ-KV823514.1
E10_1492-R	RS-GCF-000338095.1-NC-020230.1	92.210	660	95	629	0.0	901	RS-GCF-000338095.1-NC-020230.1
E10_1492-R	RS-GCF-016127975.1-NZ-CP066064.1	92.210	660	95	629	0.0	901	RS-GCF-016127975.1-NZ-CP066064.1
E10_1492-R	RS-GCF-016127095.1-NZ-CP065982.1--2	92.210	660	95	629	0.0	901	RS-GCF-016127095.1-NZ-CP065982.1--2
E10_1492-R	G000069945	92.210	660	95	629	0.0	901	G000069945
E10_1492-R	AM942444	92.210	660	95	629	0.0	901	AM942444
E10_1492-R	KT216265	92.381	660	95	630	0.0	901	KT216265
E10_1492-R	RS-GCF-003814005.1-NZ-CP033898.1	92.051	660	95	629	0.0	897	RS-GCF-003814005.1-NZ-CP033898.1
E10_1492-R	RS-GCF-014635485.1-NZ-BMCX01000009.1	92.051	660	95	629	0.0	897	RS-GCF-014635485.1-NZ-BMCX01000009.1
E10_1492-R	RS-GCF-017149595.1-NZ-JAFIQC010000029.1	92.051	660	95	629	0.0	897	RS-GCF-017149595.1-NZ-JAFIQC010000029.1
E10_1492-R	RS-GCF-004758745.1-NZ-CP038504.1--2	92.051	660	95	629	0.0	897	RS-GCF-004758745.1-NZ-CP038504.1--2
E10_1492-R	RS-GCF-903986125.1-NZ-CAJDXT010000033.1	92.051	660	95	629	0.0	897	RS-GCF-903986125.1-NZ-CAJDXT010000033.1
E10_1492-R	RS-GCF-015830795.1-NZ-JADQUN010000096.1	92.051	660	95	629	0.0	897	RS-GCF-015830795.1-NZ-JADQUN010000096.1
E10_1492-R	RS-GCF-015830925.1-NZ-JADQUH010000016.1	92.051	660	95	629	0.0	897	RS-GCF-015830925.1-NZ-JADQUH010000016.1
E10_1492-R	GB-GCA-900447175.1-UFWY01000001.1	92.051	660	95	629	0.0	897	GB-GCA-900447175.1-UFWY01000001.1
E10_1492-R	RS-GCF-002843135.1-NZ-CP025209.1	92.051	660	95	629	0.0	897	RS-GCF-002843135.1-NZ-CP025209.1
E10_1492-R	RS-GCF-001902275.1-NZ-CP018331.1	92.051	660	95	629	0.0	897	RS-GCF-001902275.1-NZ-CP018331.1
E10_1492-R	RS-GCF-004916755.1-NZ-CP039523.1	92.051	660	95	629	0.0	897	RS-GCF-004916755.1-NZ-CP039523.1
E10_1492-R	RS-GCF-015830115.1-NZ-JADQVS010000033.1	92.051	660	95	629	0.0	897	RS-GCF-015830115.1-NZ-JADQVS010000033.1
E10_1492-R	RS-GCF-903986245.1-NZ-CAJDXI010000026.1	92.051	660	95	629	0.0	897	RS-GCF-903986245.1-NZ-CAJDXI010000026.1
E10_1492-R	RS-GCF-003666645.1-NZ-RCIS01000023.1	92.051	660	95	629	0.0	897	RS-GCF-003666645.1-NZ-RCIS01000023.1
E10_1492-R	G001875875	92.051	660	95	629	0.0	897	G001875875
E10_1492-R	G001875845	92.051	660	95	629	0.0	897	G001875845
E10_1492-R	G001457455	92.051	660	95	629	0.0	897	G001457455
E10_1492-R	KX214078	92.051	660	95	629	0.0	897	KX214078
E10_1492-R	KF986249	92.051	660	95	629	0.0	897	KF986249
E10_1492-R	RS-GCF-008180045.1-NZ-VSZJ01000001.1	92.051	660	95	629	0.0	896	RS-GCF-008180045.1-NZ-VSZJ01000001.1
E10_1492-R	RS-GCF-008244525.1-NZ-VTFJ01000001.1	92.051	660	95	629	0.0	896	RS-GCF-008244525.1-NZ-VTFJ01000001.1
E10_1492-R	RS-GCF-008830455.1-NZ-WBII01000004.1	91.892	660	95	629	0.0	895	RS-GCF-008830455.1-NZ-WBII01000004.1
E10_1492-R	RS-GCF-014490575.1-NZ-CP061033.1	91.892	660	95	629	0.0	895	RS-GCF-014490575.1-NZ-CP061033.1
E10_1492-R	G009016505	91.892	660	95	629	0.0	895	G009016505
E10_1492-R	Y09806	92.222	660	95	630	0.0	895	Y09806
E10_1492-R	GB-GCA-001937335.1-MSTA01000040.1	92.051	660	95	629	0.0	893	GB-GCA-001937335.1-MSTA01000040.1
E10_1492-R	GB-GCA-003640955.1-RCEU01000046.1	92.051	660	95	629	0.0	893	GB-GCA-003640955.1-RCEU01000046.1
E10_1492-R	RS-GCF-000242775.1-NC-016787.1--3	92.051	660	95	629	0.0	893	RS-GCF-000242775.1-NC-016787.1--3
E10_1492-R	G000159635	92.076	660	95	631	0.0	893	G000159635
E10_1492-R	X84248	91.892	660	95	629	0.0	893	X84248
E10_1492-R	ACHJ01000075	92.076	660	95	631	0.0	893	ACHJ01000075
E10_1492-R	RS-GCF-000766885.2-NZ-CP027001.1	91.892	660	95	629	0.0	893	RS-GCF-000766885.2-NZ-CP027001.1
E10_1492-R	RS-GCF-016403265.1-NZ-CP066289.1--3	92.051	660	95	629	0.0	893	RS-GCF-016403265.1-NZ-CP066289.1--3
E10_1492-R	RS-GCF-000477955.1-NZ-KI515718.1	91.892	660	95	629	0.0	893	RS-GCF-000477955.1-NZ-KI515718.1
E10_1492-R	RS-GCF-015830215.1-NZ-JADQVQ010000028.1	91.892	660	95	629	0.0	893	RS-GCF-015830215.1-NZ-JADQVQ010000028.1
E10_1492-R	RS-GCF-000241935.1-NC-016800.1	91.892	660	95	629	0.0	893	RS-GCF-000241935.1-NC-016800.1
E10_1492-R	GB-GCA-003640875.1-RCFC01000051.1	91.892	660	95	629	0.0	893	GB-GCA-003640875.1-RCFC01000051.1
E10_1492-R	G000980815	91.892	660	95	629	0.0	893	G000980815
E10_1492-R	G000477935	91.892	660	95	629	0.0	893	G000477935
E10_1492-R	G000466825	91.892	660	95	629	0.0	893	G000466825
E10_1492-R	G000372085	92.051	660	95	629	0.0	893	G000372085
E10_1492-R	FJ157329	92.089	660	95	632	0.0	893	FJ157329
E10_1492-R	AJ439343	91.892	660	95	629	0.0	893	AJ439343
E10_1492-R	Y09569	91.892	660	95	629	0.0	893	Y09569
E10_1492-R	AQUV01000005	92.051	660	95	629	0.0	893	AQUV01000005
E10_1492-R	RS-GCF-902702935.1-NZ-LR738855.1	92.063	660	95	630	0.0	892	RS-GCF-902702935.1-NZ-LR738855.1
E10_1492-R	RS-GCF-017876455.1-NZ-JAGINY010000001.1--3	92.063	660	95	630	0.0	892	RS-GCF-017876455.1-NZ-JAGINY010000001.1--3
E10_1492-R	RS-GCF-017876455.1-NZ-JAGINY010000001.1	92.063	660	95	630	0.0	892	RS-GCF-017876455.1-NZ-JAGINY010000001.1
E10_1492-R	G000758965	92.063	660	95	630	0.0	892	G000758965
E10_1492-R	G000550805	92.063	660	95	630	0.0	892	G000550805
E10_1492-R	KT892940	91.892	660	95	629	0.0	892	KT892940
E10_1492-R	MN535983	92.063	660	95	630	0.0	892	MN535983
E10_1492-R	RS-GCF-002287505.1-NZ-CP019688.1	91.905	660	95	630	0.0	891	RS-GCF-002287505.1-NZ-CP019688.1
E10_1492-R	MN135974	91.733	660	95	629	0.0	891	MN135974
E10_1492-R	GB-GCA-001935905.1-MSBU01000007.1	91.892	660	95	629	0.0	889	GB-GCA-001935905.1-MSBU01000007.1
E10_1492-R	GB-GCA-001723445.1-MDYU01000066.1	91.892	660	95	629	0.0	889	GB-GCA-001723445.1-MDYU01000066.1
E10_1492-R	RS-GCF-015752125.1-NZ-JADOUE010000001.1	91.733	660	95	629	0.0	888	RS-GCF-015752125.1-NZ-JADOUE010000001.1
E10_1492-R	G007859215	91.930	660	95	632	0.0	888	G007859215
E10_1492-R	GQ871934	91.930	660	95	632	0.0	888	GQ871934
E10_1492-R	HE575405	91.733	660	95	629	0.0	888	HE575405
E10_1492-R	RS-GCF-900626215.1-NZ-LR131106.1	91.905	660	95	630	0.0	887	RS-GCF-900626215.1-NZ-LR131106.1
E10_1492-R	RS-GCF-008693105.1-NZ-VXKK01000021.1	91.905	660	95	630	0.0	887	RS-GCF-008693105.1-NZ-VXKK01000021.1
E10_1492-R	G001941465	91.905	660	95	630	0.0	887	G001941465
E10_1492-R	RS-GCF-900475655.1-NZ-LS483404.1--2	91.746	660	95	630	0.0	885	RS-GCF-900475655.1-NZ-LS483404.1--2
E10_1492-R	RS-GCF-900478035.1-NZ-LS483464.1	91.746	660	95	630	0.0	885	RS-GCF-900478035.1-NZ-LS483464.1
E10_1492-R	GB-GCA-004771215.1-CP038789.1--5	91.892	660	95	629	0.0	885	GB-GCA-004771215.1-CP038789.1--5
E10_1492-R	G900169525	91.930	660	95	632	0.0	885	G900169525
E10_1492-R	G001044175	91.746	660	95	630	0.0	885	G001044175
E10_1492-R	G008693095	91.587	660	95	630	0.0	884	G008693095
E10_1492-R	AJ429234	91.587	660	95	630	0.0	884	AJ429234
E10_1492-R	GQ421281	92.114	660	95	634	0.0	884	GQ421281
E10_1492-R	X81873	93.289	660	90	596	0.0	884	X81873
E10_1492-R	AF010474	91.574	660	95	629	0.0	884	AF010474
E10_1492-R	G006334925	91.772	660	95	632	0.0	883	G006334925
E10_1492-R	G001054945	91.746	660	95	630	0.0	883	G001054945
E10_1492-R	G000372385	91.627	660	95	633	0.0	883	G000372385
E10_1492-R	HG799102	91.772	660	95	632	0.0	883	HG799102
E10_1492-R	X84441	91.746	660	95	630	0.0	883	X84441
E10_1492-R	RS-GCF-900411315.1-NZ-LS990887.1--4	91.587	660	95	630	0.0	881	RS-GCF-900411315.1-NZ-LS990887.1--4
E10_1492-R	RS-GCF-900411315.1-NZ-LS990887.1	91.587	660	95	630	0.0	881	RS-GCF-900411315.1-NZ-LS990887.1
E10_1492-R	RS-GCF-900447255.1-NZ-UFYC01000001.1--4	91.587	660	95	630	0.0	881	RS-GCF-900447255.1-NZ-UFYC01000001.1--4
E10_1492-R	RS-GCF-900447255.1-NZ-UFYC01000001.1	91.587	660	95	630	0.0	881	RS-GCF-900447255.1-NZ-UFYC01000001.1
E10_1492-R	G000379705	91.587	660	95	630	0.0	881	G000379705
E10_1492-R	KM609201	91.483	660	95	634	0.0	881	KM609201
E10_1492-R	RS-GCF-002355155.1-NZ-AP017369.1--6	91.746	660	95	630	0.0	879	RS-GCF-002355155.1-NZ-AP017369.1--6
E10_1492-R	RS-GCF-002355155.1-NZ-AP017369.1--2	91.746	660	95	630	0.0	879	RS-GCF-002355155.1-NZ-AP017369.1--2
E10_1492-R	RS-GCF-002355155.1-NZ-AP017369.1	91.746	660	95	630	0.0	879	RS-GCF-002355155.1-NZ-AP017369.1
E10_1492-R	RS-GCF-000767255.1-NZ-JRVJ01000003.1	91.415	660	95	629	0.0	879	RS-GCF-000767255.1-NZ-JRVJ01000003.1
E10_1492-R	AB595944	91.415	660	95	629	0.0	879	AB595944
E10_1492-R	MK395364	91.746	660	95	630	0.0	879	MK395364
E10_1492-R	X81909	91.429	660	95	630	0.0	878	X81909
E10_1492-R	AJ441057	91.415	660	95	629	0.0	878	AJ441057
E10_1492-R	MJ006-1-barcode36-umi156623bins-ubs-3	91.415	660	95	629	0.0	878	MJ006-1-barcode36-umi156623bins-ubs-3
E10_1492-R	G001941565	91.614	660	95	632	0.0	876	G001941565
E10_1492-R	G000732945	91.256	660	95	629	0.0	875	G000732945
E10_1492-R	G000177535	91.256	660	95	629	0.0	875	G000177535
E10_1492-R	CP002857	91.256	660	95	629	0.0	875	CP002857
E10_1492-R	X82054	93.664	660	88	584	0.0	875	X82054
E10_1492-R	RS-GCF-015233855.1-NZ-JADGIT010000014.1	91.097	660	95	629	0.0	874	RS-GCF-015233855.1-NZ-JADGIT010000014.1
E10_1492-R	RS-GCF-016728645.1-NZ-CP068162.1--3	91.429	660	95	630	0.0	874	RS-GCF-016728645.1-NZ-CP068162.1--3
E10_1492-R	RS-GCF-002893515.1-NZ-NHNO01000111.1	91.429	660	95	630	0.0	874	RS-GCF-002893515.1-NZ-NHNO01000111.1
E10_1492-R	RS-GCF-002003445.1-NZ-BAYH01000108.1	91.429	660	95	630	0.0	874	RS-GCF-002003445.1-NZ-BAYH01000108.1
E10_1492-R	RS-GCF-007430945.1-NZ-CP041728.1--2	91.429	660	95	630	0.0	874	RS-GCF-007430945.1-NZ-CP041728.1--2
E10_1492-R	RS-GCF-018286655.1-NZ-CP073911.1--4	91.429	660	95	630	0.0	874	RS-GCF-018286655.1-NZ-CP073911.1--4
E10_1492-R	RS-GCF-000010225.1-NC-009342.1--6	91.429	660	95	630	0.0	874	RS-GCF-000010225.1-NC-009342.1--6
E10_1492-R	RS-GCF-000010225.1-NC-009342.1--3	91.429	660	95	630	0.0	874	RS-GCF-000010225.1-NC-009342.1--3
E10_1492-R	RS-GCF-000010225.1-NC-009342.1	91.429	660	95	630	0.0	874	RS-GCF-000010225.1-NC-009342.1
E10_1492-R	RS-GCF-000380545.1-NZ-AQPS01000024.1	91.429	660	95	630	0.0	874	RS-GCF-000380545.1-NZ-AQPS01000024.1
E10_1492-R	RS-GCF-018884245.1-NZ-CP020033.1	91.429	660	95	630	0.0	874	RS-GCF-018884245.1-NZ-CP020033.1
E10_1492-R	RS-GCF-007833315.1-NZ-CP012297.1--6	91.429	660	95	630	0.0	874	RS-GCF-007833315.1-NZ-CP012297.1--6
E10_1492-R	RS-GCF-013014865.1-NZ-BLRJ01000002.1	91.429	660	95	630	0.0	874	RS-GCF-013014865.1-NZ-BLRJ01000002.1
E10_1492-R	RS-GCF-013014865.1-NZ-BLRJ01000001.1--2	91.429	660	95	630	0.0	874	RS-GCF-013014865.1-NZ-BLRJ01000001.1--2
E10_1492-R	RS-GCF-013014865.1-NZ-BLRJ01000001.1	91.429	660	95	630	0.0	874	RS-GCF-013014865.1-NZ-BLRJ01000001.1
E10_1492-R	RS-GCF-007858615.1-NZ-LHDE01000006.1	91.429	660	95	630	0.0	874	RS-GCF-007858615.1-NZ-LHDE01000006.1
E10_1492-R	RS-GCF-001912755.2-NZ-LOQV01000031.1	91.429	660	95	630	0.0	874	RS-GCF-001912755.2-NZ-LOQV01000031.1
E10_1492-R	RS-GCF-007858715.1-NZ-LHDJ01000004.1	91.429	660	95	630	0.0	874	RS-GCF-007858715.1-NZ-LHDJ01000004.1
E10_1492-R	RS-GCF-011761195.1-NZ-JAAOYN010000001.1--6	91.429	660	95	630	0.0	874	RS-GCF-011761195.1-NZ-JAAOYN010000001.1--6
E10_1492-R	RS-GCF-011761195.1-NZ-JAAOYN010000001.1--2	91.429	660	95	630	0.0	874	RS-GCF-011761195.1-NZ-JAAOYN010000001.1--2
E10_1492-R	RS-GCF-002243555.1-NZ-CP022614.1--4	91.429	660	95	630	0.0	874	RS-GCF-002243555.1-NZ-CP022614.1--4
E10_1492-R	RS-GCF-002243555.1-NZ-CP022614.1--3	91.429	660	95	630	0.0	874	RS-GCF-002243555.1-NZ-CP022614.1--3
E10_1492-R	RS-GCF-001687645.1-NZ-CP016335.1--6	91.429	660	95	630	0.0	874	RS-GCF-001687645.1-NZ-CP016335.1--6
E10_1492-R	RS-GCF-007858765.1-NZ-LHDF01000003.1	91.429	660	95	630	0.0	874	RS-GCF-007858765.1-NZ-LHDF01000003.1
E10_1492-R	RS-GCF-000828015.1-NZ-CP010451.1--5	91.429	660	95	630	0.0	874	RS-GCF-000828015.1-NZ-CP010451.1--5
E10_1492-R	RS-GCF-011761285.1-NZ-JAAOYZ010000001.1--6	91.429	660	95	630	0.0	874	RS-GCF-011761285.1-NZ-JAAOYZ010000001.1--6
E10_1492-R	RS-GCF-011761285.1-NZ-JAAOYZ010000001.1--5	91.429	660	95	630	0.0	874	RS-GCF-011761285.1-NZ-JAAOYZ010000001.1--5
E10_1492-R	RS-GCF-007858755.1-NZ-LHDK01000007.1--2	91.429	660	95	630	0.0	874	RS-GCF-007858755.1-NZ-LHDK01000007.1--2
E10_1492-R	RS-GCF-007858755.1-NZ-LHDK01000004.1	91.429	660	95	630	0.0	874	RS-GCF-007858755.1-NZ-LHDK01000004.1
E10_1492-R	RS-GCF-007858625.1-NZ-LHDB01000004.1	91.429	660	95	630	0.0	874	RS-GCF-007858625.1-NZ-LHDB01000004.1
E10_1492-R	RS-GCF-000233355.2-NZ-AGQQ02000002.1	91.429	660	95	630	0.0	874	RS-GCF-000233355.2-NZ-AGQQ02000002.1
E10_1492-R	RS-GCF-000742715.1-NZ-CP007722.1--4	91.429	660	95	630	0.0	874	RS-GCF-000742715.1-NZ-CP007722.1--4
E10_1492-R	RS-GCF-000742715.1-NZ-CP007722.1--2	91.429	660	95	630	0.0	874	RS-GCF-000742715.1-NZ-CP007722.1--2
E10_1492-R	RS-GCF-001683055.1-NZ-CP004046.1--6	91.429	660	95	630	0.0	874	RS-GCF-001683055.1-NZ-CP004046.1--6
E10_1492-R	RS-GCF-002220135.1-NZ-CP022394.1--6	91.429	660	95	630	0.0	874	RS-GCF-002220135.1-NZ-CP022394.1--6
E10_1492-R	RS-GCF-002220135.1-NZ-CP022394.1	91.429	660	95	630	0.0	874	RS-GCF-002220135.1-NZ-CP022394.1
E10_1492-R	RS-GCF-000987865.1-NZ-CP011309.1--6	91.429	660	95	630	0.0	874	RS-GCF-000987865.1-NZ-CP011309.1--6
E10_1492-R	RS-GCF-000987865.1-NZ-CP011309.1--5	91.429	660	95	630	0.0	874	RS-GCF-000987865.1-NZ-CP011309.1--5
E10_1492-R	RS-GCF-000987865.1-NZ-CP011309.1--4	91.429	660	95	630	0.0	874	RS-GCF-000987865.1-NZ-CP011309.1--4
E10_1492-R	RS-GCF-001912785.1-NZ-LOQY01000013.1	91.429	660	95	630	0.0	874	RS-GCF-001912785.1-NZ-LOQY01000013.1
E10_1492-R	RS-GCF-002847425.1-NZ-CP025534.1--4	91.429	660	95	630	0.0	874	RS-GCF-002847425.1-NZ-CP025534.1--4
E10_1492-R	RS-GCF-002847425.1-NZ-CP025534.1	91.429	660	95	630	0.0	874	RS-GCF-002847425.1-NZ-CP025534.1
E10_1492-R	RS-GCF-001518935.2-NZ-CP013991.1--3	91.429	660	95	630	0.0	874	RS-GCF-001518935.2-NZ-CP013991.1--3
E10_1492-R	RS-GCF-001518935.2-NZ-CP013991.1	91.429	660	95	630	0.0	874	RS-GCF-001518935.2-NZ-CP013991.1
E10_1492-R	G900232865	91.097	660	95	629	0.0	874	G900232865
E10_1492-R	G001277995	91.429	660	95	630	0.0	874	G001277995
E10_1492-R	G000767055	91.587	660	95	630	0.0	874	G000767055
E10_1492-R	FN554542	91.256	660	95	629	0.0	874	FN554542
E10_1492-R	HQ612241	91.429	660	95	630	0.0	874	HQ612241
E10_1492-R	AF314192	91.429	660	95	630	0.0	874	AF314192
E10_1492-R	AJ555193	91.311	660	95	633	0.0	874	AJ555193
E10_1492-R	RS-GCF-001875725.1-NZ-MLCQ01000020.1	91.270	660	95	630	0.0	873	RS-GCF-001875725.1-NZ-MLCQ01000020.1
E10_1492-R	RS-GCF-900637565.1-NZ-LR134377.1	91.270	660	95	630	0.0	873	RS-GCF-900637565.1-NZ-LR134377.1
E10_1492-R	G001281505	91.270	660	95	630	0.0	873	G001281505
E10_1492-R	JX877776	91.270	660	95	630	0.0	873	JX877776
E10_1492-R	CP009249	91.284	660	95	631	0.0	873	CP009249
E10_1492-R	G001274895	91.125	660	95	631	0.0	872	G001274895
E10_1492-R	HE983829	91.125	660	95	631	0.0	872	HE983829
E10_1492-R	X82055	93.493	660	88	584	0.0	871	X82055
E10_1492-R	RS-GCF-003313035.1-NZ-QHCV01000116.1	91.097	660	95	629	0.0	870	RS-GCF-003313035.1-NZ-QHCV01000116.1
E10_1492-R	RS-GCF-001044155.1-NZ-LDYD01000003.1	91.097	660	95	629	0.0	870	RS-GCF-001044155.1-NZ-LDYD01000003.1
E10_1492-R	RS-GCF-002243555.1-NZ-CP022614.1	91.429	660	95	630	0.0	870	RS-GCF-002243555.1-NZ-CP022614.1
E10_1492-R	G000626675	91.097	660	95	629	0.0	870	G000626675
E10_1492-R	CP006842	91.097	660	95	629	0.0	870	CP006842
E10_1492-R	EU998655	91.429	660	95	630	0.0	870	EU998655
E10_1492-R	RS-GCF-001659785.1-NZ-CP015961.1	91.111	660	95	630	0.0	869	RS-GCF-001659785.1-NZ-CP015961.1
E10_1492-R	RS-GCF-007970465.1-NZ-CP042429.1--5	91.270	660	95	630	0.0	869	RS-GCF-007970465.1-NZ-CP042429.1--5
E10_1492-R	RS-GCF-007970465.1-NZ-CP042429.1	91.270	660	95	630	0.0	869	RS-GCF-007970465.1-NZ-CP042429.1
E10_1492-R	GB-GCA-013393575.1-JABXHC010000088.1	91.270	660	95	630	0.0	869	GB-GCA-013393575.1-JABXHC010000088.1
E10_1492-R	RS-GCF-001447865.2-NZ-CP012194.1--6	91.270	660	95	630	0.0	869	RS-GCF-001447865.2-NZ-CP012194.1--6
E10_1492-R	RS-GCF-001936195.1-NZ-CP018175.1--5	91.270	660	95	630	0.0	869	RS-GCF-001936195.1-NZ-CP018175.1--5
E10_1492-R	RS-GCF-002163915.1-NZ-CP020658.1--3	91.270	660	95	630	0.0	869	RS-GCF-002163915.1-NZ-CP020658.1--3
E10_1492-R	RS-GCF-007858735.1-NZ-LHDD01000001.1--3	91.270	660	95	630	0.0	869	RS-GCF-007858735.1-NZ-LHDD01000001.1--3
E10_1492-R	RS-GCF-001643035.1-NZ-CP014984.1--4	91.270	660	95	630	0.0	869	RS-GCF-001643035.1-NZ-CP014984.1--4
E10_1492-R	G001651825	91.111	660	95	630	0.0	869	G001651825
E10_1492-R	G000418365	91.270	660	95	630	0.0	869	G000418365
E10_1492-R	G000213935	91.270	660	95	630	0.0	869	G000213935
E10_1492-R	G000179395	91.270	660	95	630	0.0	869	G000179395
E10_1492-R	AB377289	91.111	660	95	630	0.0	869	AB377289
E10_1492-R	CP003696	91.270	660	95	630	0.0	869	CP003696
E10_1492-R	AJ222815	91.270	660	95	630	0.0	869	AJ222815
E10_1492-R	HM165487	91.270	660	95	630	0.0	869	HM165487
E10_1492-R	G000980835	91.111	660	95	630	0.0	868	G000980835
E10_1492-R	AJ566641	91.111	660	95	630	0.0	868	AJ566641
E10_1492-R	AJ504424	90.967	660	95	631	0.0	867	AJ504424
E10_1492-R	RS-GCF-900447555.1-NZ-UARK01000017.1	91.153	660	95	633	0.0	866	RS-GCF-900447555.1-NZ-UARK01000017.1
E10_1492-R	RS-GCF-900638255.1-NZ-LR134504.1	91.153	660	95	633	0.0	866	RS-GCF-900638255.1-NZ-LR134504.1
E10_1492-R	RS-GCF-011612265.2-NZ-CP050134.2--4	91.153	660	95	633	0.0	866	RS-GCF-011612265.2-NZ-CP050134.2--4
E10_1492-R	AJ292762	91.111	660	95	630	0.0	866	AJ292762
E10_1492-R	X81871	90.952	660	95	630	0.0	866	X81871
E10_1492-R	RS-GCF-001942345.1-NZ-MKKI01000026.1	90.938	660	95	629	0.0	866	RS-GCF-001942345.1-NZ-MKKI01000026.1
E10_1492-R	RS-GCF-900447205.1-NZ-UFXQ01000001.1	90.938	660	95	629	0.0	866	RS-GCF-900447205.1-NZ-UFXQ01000001.1
E10_1492-R	GB-GCA-019209955.1-JAHUTL010000008.1	90.995	660	95	633	0.0	865	GB-GCA-019209955.1-JAHUTL010000008.1
E10_1492-R	RS-GCF-008930935.1-NZ-PQMR01000022.1	90.995	660	95	633	0.0	865	RS-GCF-008930935.1-NZ-PQMR01000022.1
E10_1492-R	RS-GCF-008930885.1-NZ-PQMP01000014.1	90.995	660	95	633	0.0	865	RS-GCF-008930885.1-NZ-PQMP01000014.1
E10_1492-R	RS-GCF-900163685.1-NZ-FUIB01000042.1	91.111	660	95	630	0.0	865	RS-GCF-900163685.1-NZ-FUIB01000042.1
E10_1492-R	RS-GCF-900099485.1-NZ-LT622815.1	90.952	660	95	630	0.0	864	RS-GCF-900099485.1-NZ-LT622815.1
