E5_1492R	HQ223107	95.450	1175	86	1011	0.0	1565	HQ223107
E5_1492R	RS-GCF-004103595.1-NZ-CP035231.1--9	95.622	1175	85	1005	0.0	1563	RS-GCF-004103595.1-NZ-CP035231.1--9
E5_1492R	RS-GCF-003665215.1-NZ-CP032855.1--8	95.622	1175	85	1005	0.0	1563	RS-GCF-003665215.1-NZ-CP032855.1--8
E5_1492R	GB-GCA-900445475.1-UAQC01000011.1	95.700	1175	85	1000	0.0	1563	GB-GCA-900445475.1-UAQC01000011.1
E5_1492R	RS-GCF-002759055.1-NZ-PELK01000474.1	95.441	1175	86	1009	0.0	1562	RS-GCF-002759055.1-NZ-PELK01000474.1
E5_1492R	RS-GCF-003390415.1-NZ-CP031424.1--9	95.441	1175	86	1009	0.0	1562	RS-GCF-003390415.1-NZ-CP031424.1--9
E5_1492R	RS-GCF-003667745.1-NZ-CP033054.1--3	95.441	1175	86	1009	0.0	1562	RS-GCF-003667745.1-NZ-CP033054.1--3
E5_1492R	RS-GCF-002796465.1-NZ-CP024897.1--6	95.441	1175	86	1009	0.0	1562	RS-GCF-002796465.1-NZ-CP024897.1--6
E5_1492R	RS-GCF-004135455.2-NZ-CP043809.1	95.441	1175	86	1009	0.0	1562	RS-GCF-004135455.2-NZ-CP043809.1
E5_1492R	RS-GCF-019093835.1-NZ-JAGTPD010000013.1	95.441	1175	86	1009	0.0	1562	RS-GCF-019093835.1-NZ-JAGTPD010000013.1
E5_1492R	RS-GCF-003855275.1-NZ-CP034037.1--6	95.441	1175	86	1009	0.0	1562	RS-GCF-003855275.1-NZ-CP034037.1--6
E5_1492R	RS-GCF-003855275.1-NZ-CP034037.1--5	95.441	1175	86	1009	0.0	1562	RS-GCF-003855275.1-NZ-CP034037.1--5
E5_1492R	RS-GCF-014622745.1-NZ-CP061168.1--9	95.441	1175	86	1009	0.0	1562	RS-GCF-014622745.1-NZ-CP061168.1--9
E5_1492R	RS-GCF-014622745.1-NZ-CP061168.1--8	95.441	1175	86	1009	0.0	1562	RS-GCF-014622745.1-NZ-CP061168.1--8
E5_1492R	RS-GCF-000815145.1-NZ-CP010406.1--9	95.441	1175	86	1009	0.0	1562	RS-GCF-000815145.1-NZ-CP010406.1--9
E5_1492R	RS-GCF-001874385.1-NZ-CP017953.1--7	95.441	1175	86	1009	0.0	1562	RS-GCF-001874385.1-NZ-CP017953.1--7
E5_1492R	RS-GCF-014791945.1-NZ-CP061852.1--9	95.441	1175	86	1009	0.0	1562	RS-GCF-014791945.1-NZ-CP061852.1--9
E5_1492R	RS-GCF-001687745.1-NZ-CP015911.1--2	95.441	1175	86	1009	0.0	1562	RS-GCF-001687745.1-NZ-CP015911.1--2
E5_1492R	RS-GCF-001687745.1-NZ-CP015911.1	95.441	1175	86	1009	0.0	1562	RS-GCF-001687745.1-NZ-CP015911.1
E5_1492R	RS-GCF-001586105.1-NZ-CP014700.1--2	95.441	1175	86	1009	0.0	1562	RS-GCF-001586105.1-NZ-CP014700.1--2
E5_1492R	RS-GCF-014854735.1-NZ-CP029466.1--9	95.441	1175	86	1009	0.0	1562	RS-GCF-014854735.1-NZ-CP029466.1--9
E5_1492R	RS-GCF-014854735.1-NZ-CP029466.1--5	95.441	1175	86	1009	0.0	1562	RS-GCF-014854735.1-NZ-CP029466.1--5
E5_1492R	RS-GCF-003149795.1-NZ-CP029071.1--9	95.441	1175	86	1009	0.0	1562	RS-GCF-003149795.1-NZ-CP029071.1--9
E5_1492R	RS-GCF-009913355.1-NZ-CP028207.1--3	95.441	1175	86	1009	0.0	1562	RS-GCF-009913355.1-NZ-CP028207.1--3
E5_1492R	RS-GCF-000508265.1-NC-023073.1--10	95.441	1175	86	1009	0.0	1562	RS-GCF-000508265.1-NC-023073.1--10
E5_1492R	RS-GCF-000283695.1-NC-016784.1	95.441	1175	86	1009	0.0	1562	RS-GCF-000283695.1-NC-016784.1
E5_1492R	RS-GCF-000319475.1-NC-019842.1--9	95.441	1175	86	1009	0.0	1562	RS-GCF-000319475.1-NC-019842.1--9
E5_1492R	RS-GCF-009931675.1-NZ-CP048002.1--7	95.441	1175	86	1009	0.0	1562	RS-GCF-009931675.1-NZ-CP048002.1--7
E5_1492R	RS-GCF-001889285.1-NZ-CP018152.1	95.441	1175	86	1009	0.0	1562	RS-GCF-001889285.1-NZ-CP018152.1
E5_1492R	RS-GCF-001175005.1-NZ-CVPA01000001.1--9	95.441	1175	86	1009	0.0	1562	RS-GCF-001175005.1-NZ-CVPA01000001.1--9
E5_1492R	RS-GCF-001175005.1-NZ-CVPA01000001.1--2	95.441	1175	86	1009	0.0	1562	RS-GCF-001175005.1-NZ-CVPA01000001.1--2
E5_1492R	RS-GCF-018398955.1-NZ-CP074685.1--8	95.441	1175	86	1009	0.0	1562	RS-GCF-018398955.1-NZ-CP074685.1--8
E5_1492R	RS-GCF-009913295.1-NZ-CP028204.1--3	95.441	1175	86	1009	0.0	1562	RS-GCF-009913295.1-NZ-CP028204.1--3
E5_1492R	RS-GCF-009738165.1-NZ-CP045711.1--8	95.441	1175	86	1009	0.0	1562	RS-GCF-009738165.1-NZ-CP045711.1--8
E5_1492R	RS-GCF-002105595.1-NZ-CP020805.1--4	95.441	1175	86	1009	0.0	1562	RS-GCF-002105595.1-NZ-CP020805.1--4
E5_1492R	RS-GCF-002105595.1-NZ-CP020805.1--3	95.441	1175	86	1009	0.0	1562	RS-GCF-002105595.1-NZ-CP020805.1--3
E5_1492R	RS-GCF-017948225.1-NZ-CP072843.1	95.441	1175	86	1009	0.0	1562	RS-GCF-017948225.1-NZ-CP072843.1
E5_1492R	RS-GCF-000769515.1-NZ-CP009684.1--5	95.441	1175	86	1009	0.0	1562	RS-GCF-000769515.1-NZ-CP009684.1--5
E5_1492R	RS-GCF-002205715.1-NZ-CP021976.1--5	95.441	1175	86	1009	0.0	1562	RS-GCF-002205715.1-NZ-CP021976.1--5
E5_1492R	RS-GCF-009913375.1-NZ-CP028208.1--5	95.441	1175	86	1009	0.0	1562	RS-GCF-009913375.1-NZ-CP028208.1--5
E5_1492R	RS-GCF-000772165.1-NZ-CP009749.1--7	95.441	1175	86	1009	0.0	1562	RS-GCF-000772165.1-NZ-CP009749.1--7
E5_1492R	RS-GCF-003860445.1-NZ-CP034176.1	95.441	1175	86	1009	0.0	1562	RS-GCF-003860445.1-NZ-CP034176.1
E5_1492R	RS-GCF-002916875.1-NZ-NEOS01000010.1	95.441	1175	86	1009	0.0	1562	RS-GCF-002916875.1-NZ-NEOS01000010.1
E5_1492R	RS-GCF-016834435.1-NZ-CP069214.1--7	95.441	1175	86	1009	0.0	1562	RS-GCF-016834435.1-NZ-CP069214.1--7
E5_1492R	RS-GCF-002845365.1-NZ-CP025341.1--2	95.441	1175	86	1009	0.0	1562	RS-GCF-002845365.1-NZ-CP025341.1--2
E5_1492R	RS-GCF-002845365.1-NZ-CP025341.1	95.441	1175	86	1009	0.0	1562	RS-GCF-002845365.1-NZ-CP025341.1
E5_1492R	GB-GCA-002157265.1-CP021338.1--7	95.441	1175	86	1009	0.0	1562	GB-GCA-002157265.1-CP021338.1--7
E5_1492R	RS-GCF-001266825.1-NZ-LGAT01000020.1	95.441	1175	86	1009	0.0	1562	RS-GCF-001266825.1-NZ-LGAT01000020.1
E5_1492R	RS-GCF-013201465.1-NZ-CP053764.1--7	95.441	1175	86	1009	0.0	1562	RS-GCF-013201465.1-NZ-CP053764.1--7
E5_1492R	RS-GCF-013201465.1-NZ-CP053764.1--2	95.441	1175	86	1009	0.0	1562	RS-GCF-013201465.1-NZ-CP053764.1--2
E5_1492R	RS-GCF-013201465.1-NZ-CP053764.1	95.441	1175	86	1009	0.0	1562	RS-GCF-013201465.1-NZ-CP053764.1
E5_1492R	RS-GCF-012647845.1-NZ-CP051463.1--8	95.441	1175	86	1009	0.0	1562	RS-GCF-012647845.1-NZ-CP051463.1--8
E5_1492R	RS-GCF-012275165.1-NZ-CP051011.1	95.441	1175	86	1009	0.0	1562	RS-GCF-012275165.1-NZ-CP051011.1
E5_1492R	RS-GCF-009914135.1-NZ-CP028961.1	95.441	1175	86	1009	0.0	1562	RS-GCF-009914135.1-NZ-CP028961.1
E5_1492R	RS-GCF-014048385.1-NZ-CP059497.1--8	95.441	1175	86	1009	0.0	1562	RS-GCF-014048385.1-NZ-CP059497.1--8
E5_1492R	RS-GCF-006965525.1-NZ-CP041361.1--8	95.441	1175	86	1009	0.0	1562	RS-GCF-006965525.1-NZ-CP041361.1--8
E5_1492R	RS-GCF-014764325.1-NZ-CP061704.1--9	95.441	1175	86	1009	0.0	1562	RS-GCF-014764325.1-NZ-CP061704.1--9
E5_1492R	RS-GCF-001483885.1-NZ-CP013727.1--2	95.441	1175	86	1009	0.0	1562	RS-GCF-001483885.1-NZ-CP013727.1--2
E5_1492R	RS-GCF-002968415.1-NZ-CP026610.1--9	95.441	1175	86	1009	0.0	1562	RS-GCF-002968415.1-NZ-CP026610.1--9
E5_1492R	RS-GCF-002968415.1-NZ-CP026610.1--7	95.441	1175	86	1009	0.0	1562	RS-GCF-002968415.1-NZ-CP026610.1--7
E5_1492R	RS-GCF-001593765.1-NZ-CP006058.1--8	95.441	1175	86	1009	0.0	1562	RS-GCF-001593765.1-NZ-CP006058.1--8
E5_1492R	RS-GCF-001593765.1-NZ-CP006058.1	95.441	1175	86	1009	0.0	1562	RS-GCF-001593765.1-NZ-CP006058.1
E5_1492R	RS-GCF-002057535.1-NZ-CP018007.1--3	95.441	1175	86	1009	0.0	1562	RS-GCF-002057535.1-NZ-CP018007.1--3
E5_1492R	RS-GCF-008802875.1-NZ-CP044349.1--9	95.441	1175	86	1009	0.0	1562	RS-GCF-008802875.1-NZ-CP044349.1--9
E5_1492R	GB-GCA-018141325.1-CP047587.1--7	95.441	1175	86	1009	0.0	1562	GB-GCA-018141325.1-CP047587.1--7
E5_1492R	RS-GCF-002276265.1-NZ-NQXV01000057.1	95.441	1175	86	1009	0.0	1562	RS-GCF-002276265.1-NZ-NQXV01000057.1
E5_1492R	RS-GCF-003047025.1-NZ-CP028439.1--6	95.441	1175	86	1009	0.0	1562	RS-GCF-003047025.1-NZ-CP028439.1--6
E5_1492R	RS-GCF-018861275.1-NZ-CP076408.1--7	95.441	1175	86	1009	0.0	1562	RS-GCF-018861275.1-NZ-CP076408.1--7
E5_1492R	RS-GCF-011421515.1-NZ-WOYD01000012.1	95.441	1175	86	1009	0.0	1562	RS-GCF-011421515.1-NZ-WOYD01000012.1
E5_1492R	RS-GCF-003312895.1-NZ-CP030097.1--9	95.441	1175	86	1009	0.0	1562	RS-GCF-003312895.1-NZ-CP030097.1--9
E5_1492R	RS-GCF-014048285.1-NZ-CP059495.1--4	95.441	1175	86	1009	0.0	1562	RS-GCF-014048285.1-NZ-CP059495.1--4
E5_1492R	RS-GCF-002082435.1-NZ-NBMO01000012.1	95.441	1175	86	1009	0.0	1562	RS-GCF-002082435.1-NZ-NBMO01000012.1
E5_1492R	RS-GCF-904842145.1-NZ-CAJGVG010000001.1--9	95.441	1175	86	1009	0.0	1562	RS-GCF-904842145.1-NZ-CAJGVG010000001.1--9
E5_1492R	RS-GCF-904842145.1-NZ-CAJGVG010000001.1--2	95.441	1175	86	1009	0.0	1562	RS-GCF-904842145.1-NZ-CAJGVG010000001.1--2
E5_1492R	RS-GCF-008244925.1-NZ-CP043416.1--8	95.441	1175	86	1009	0.0	1562	RS-GCF-008244925.1-NZ-CP043416.1--8
E5_1492R	RS-GCF-002243325.2-NZ-CP022654.2	95.441	1175	86	1009	0.0	1562	RS-GCF-002243325.2-NZ-CP022654.2
E5_1492R	RS-GCF-000934885.1-NZ-JYGH01000005.1	95.441	1175	86	1009	0.0	1562	RS-GCF-000934885.1-NZ-JYGH01000005.1
E5_1492R	RS-GCF-004337655.1-NZ-CP037417.1	95.441	1175	86	1009	0.0	1562	RS-GCF-004337655.1-NZ-CP037417.1
E5_1492R	RS-GCF-002844125.1-NZ-CP025308.1--4	95.441	1175	86	1009	0.0	1562	RS-GCF-002844125.1-NZ-CP025308.1--4
E5_1492R	RS-GCF-009664145.1-NZ-CP041192.1--8	95.441	1175	86	1009	0.0	1562	RS-GCF-009664145.1-NZ-CP041192.1--8
E5_1492R	RS-GCF-009834085.1-NZ-CP047157.1--2	95.441	1175	86	1009	0.0	1562	RS-GCF-009834085.1-NZ-CP047157.1--2
E5_1492R	MJ030-1-barcode25-umi38815bins-ubs-13	95.441	1175	86	1009	0.0	1562	MJ030-1-barcode25-umi38815bins-ubs-13
E5_1492R	RS-GCF-002893805.1-NZ-CP025941.1	95.527	1175	86	1006	0.0	1561	RS-GCF-002893805.1-NZ-CP025941.1
E5_1492R	RS-GCF-004103595.1-NZ-CP035231.1--10	95.527	1175	86	1006	0.0	1561	RS-GCF-004103595.1-NZ-CP035231.1--10
E5_1492R	RS-GCF-002216085.1-NZ-CP022287.1--7	95.527	1175	86	1006	0.0	1561	RS-GCF-002216085.1-NZ-CP022287.1--7
E5_1492R	RS-GCF-905310975.1-NZ-CAJNPM010000016.1	95.527	1175	86	1006	0.0	1561	RS-GCF-905310975.1-NZ-CAJNPM010000016.1
E5_1492R	RS-GCF-005234095.1-NZ-CP039935.1--5	95.527	1175	86	1006	0.0	1561	RS-GCF-005234095.1-NZ-CP039935.1--5
E5_1492R	RS-GCF-003390415.1-NZ-CP031424.1--8	95.527	1175	86	1006	0.0	1561	RS-GCF-003390415.1-NZ-CP031424.1--8
E5_1492R	RS-GCF-001584325.1-NZ-LSAZ01000028.1	96.049	1175	84	987	0.0	1560	RS-GCF-001584325.1-NZ-LSAZ01000028.1
E5_1492R	RS-GCF-012648005.1-NZ-CP051464.1--8	95.437	1175	86	1008	0.0	1560	RS-GCF-012648005.1-NZ-CP051464.1--8
E5_1492R	RS-GCF-015074845.1-NZ-CP063276.1--8	95.437	1175	86	1008	0.0	1560	RS-GCF-015074845.1-NZ-CP063276.1--8
E5_1492R	RS-GCF-019149305.1-NZ-JAFEMG010000019.1	95.437	1175	86	1008	0.0	1560	RS-GCF-019149305.1-NZ-JAFEMG010000019.1
E5_1492R	RS-GCF-002860175.1-NZ-PEOF01000030.1	95.437	1175	86	1008	0.0	1560	RS-GCF-002860175.1-NZ-PEOF01000030.1
E5_1492R	RS-GCF-014621755.1-NZ-CP061284.1--2	95.437	1175	86	1008	0.0	1560	RS-GCF-014621755.1-NZ-CP061284.1--2
E5_1492R	GB-GCA-002993725.1-PVXB01000026.1	95.437	1175	86	1008	0.0	1560	GB-GCA-002993725.1-PVXB01000026.1
E5_1492R	RS-GCF-002998275.1-NZ-PVQQ01000020.1	95.437	1175	86	1008	0.0	1560	RS-GCF-002998275.1-NZ-PVQQ01000020.1
E5_1492R	RS-GCF-016461605.1-NZ-JAEMHS010000021.1	95.437	1175	86	1008	0.0	1560	RS-GCF-016461605.1-NZ-JAEMHS010000021.1
E5_1492R	RS-GCF-013347105.1-NZ-CP054584.1--10	95.437	1175	86	1008	0.0	1560	RS-GCF-013347105.1-NZ-CP054584.1--10
E5_1492R	RS-GCF-013347105.1-NZ-CP054584.1	95.437	1175	86	1008	0.0	1560	RS-GCF-013347105.1-NZ-CP054584.1
E5_1492R	RS-GCF-014706595.1-NZ-CP047119.1--4	96.049	1175	84	987	0.0	1560	RS-GCF-014706595.1-NZ-CP047119.1--4
E5_1492R	RS-GCF-016766595.1-NZ-CP068563.1--8	96.049	1175	84	987	0.0	1560	RS-GCF-016766595.1-NZ-CP068563.1--8
E5_1492R	GB-GCA-001247635.1-LGYP01000005.1	95.437	1175	86	1008	0.0	1560	GB-GCA-001247635.1-LGYP01000005.1
E5_1492R	RS-GCF-009664145.1-NZ-CP041192.1--5	96.049	1175	84	987	0.0	1560	RS-GCF-009664145.1-NZ-CP041192.1--5
E5_1492R	RS-GCF-011065615.1-NZ-JAAMNY010000018.1	96.049	1175	84	987	0.0	1560	RS-GCF-011065615.1-NZ-JAAMNY010000018.1
E5_1492R	DQ993671	95.437	1175	86	1008	0.0	1560	DQ993671
E5_1492R	KU836854	96.049	1175	84	987	0.0	1560	KU836854
E5_1492R	MJ032-1-barcode26-umi34905bins-ubs-10	95.437	1175	86	1008	0.0	1560	MJ032-1-barcode26-umi34905bins-ubs-10
E5_1492R	MJ032-1-barcode26-umi38496bins-ubs-12	95.437	1175	86	1008	0.0	1560	MJ032-1-barcode26-umi38496bins-ubs-12
E5_1492R	RS-GCF-003047265.1-NZ-PZYY01000021.1	95.522	1175	85	1005	0.0	1559	RS-GCF-003047265.1-NZ-PZYY01000021.1
E5_1492R	RS-GCF-900445435.1-NZ-UAQB01000030.1	95.522	1175	85	1005	0.0	1559	RS-GCF-900445435.1-NZ-UAQB01000030.1
E5_1492R	RS-GCF-900445435.1-NZ-UAQB01000009.1--3	95.522	1175	85	1005	0.0	1559	RS-GCF-900445435.1-NZ-UAQB01000009.1--3
E5_1492R	RS-GCF-018638305.1-NZ-JABTTR010000161.1	95.522	1175	85	1005	0.0	1559	RS-GCF-018638305.1-NZ-JABTTR010000161.1
E5_1492R	RS-GCF-013290505.1-NZ-JAAJTW010000025.1	95.522	1175	85	1005	0.0	1559	RS-GCF-013290505.1-NZ-JAAJTW010000025.1
E5_1492R	RS-GCF-002925885.1-NZ-PRDC01000008.1	95.522	1175	85	1005	0.0	1559	RS-GCF-002925885.1-NZ-PRDC01000008.1
E5_1492R	RS-GCF-002925885.1-NZ-PRDC01000020.1	95.522	1175	85	1005	0.0	1559	RS-GCF-002925885.1-NZ-PRDC01000020.1
E5_1492R	RS-GCF-003148415.1-NZ-CP029465.1--8	95.522	1175	85	1005	0.0	1559	RS-GCF-003148415.1-NZ-CP029465.1--8
E5_1492R	RS-GCF-003148415.1-NZ-CP029465.1--4	95.522	1175	85	1005	0.0	1559	RS-GCF-003148415.1-NZ-CP029465.1--4
E5_1492R	RS-GCF-003148415.1-NZ-CP029465.1--2	95.522	1175	85	1005	0.0	1559	RS-GCF-003148415.1-NZ-CP029465.1--2
E5_1492R	GB-GCA-016629605.1-RSEX01000001.1--7	95.522	1175	85	1005	0.0	1559	GB-GCA-016629605.1-RSEX01000001.1--7
E5_1492R	RS-GCF-000227465.1-NC-016047.1--10	95.522	1175	85	1005	0.0	1559	RS-GCF-000227465.1-NC-016047.1--10
E5_1492R	RS-GCF-001566945.1-NZ-LSMU01000049.1	95.522	1175	85	1005	0.0	1559	RS-GCF-001566945.1-NZ-LSMU01000049.1
E5_1492R	RS-GCF-009857115.1-NZ-CP047325.1--10	95.522	1175	85	1005	0.0	1559	RS-GCF-009857115.1-NZ-CP047325.1--10
E5_1492R	RS-GCF-004119655.1-NZ-CP035403.1--9	95.522	1175	85	1005	0.0	1559	RS-GCF-004119655.1-NZ-CP035403.1--9
E5_1492R	GB-GCA-001698485.1-CP016787.1--10	95.522	1175	85	1005	0.0	1559	GB-GCA-001698485.1-CP016787.1--10
E5_1492R	RS-GCF-001286845.1-NZ-CYHJ01000044.1	95.522	1175	85	1005	0.0	1559	RS-GCF-001286845.1-NZ-CYHJ01000044.1
E5_1492R	RS-GCF-002893805.1-NZ-CP025941.1--10	95.522	1175	85	1005	0.0	1559	RS-GCF-002893805.1-NZ-CP025941.1--10
E5_1492R	RS-GCF-002893805.1-NZ-CP025941.1--8	95.522	1175	85	1005	0.0	1559	RS-GCF-002893805.1-NZ-CP025941.1--8
E5_1492R	RS-GCF-002893805.1-NZ-CP025941.1--7	95.522	1175	85	1005	0.0	1559	RS-GCF-002893805.1-NZ-CP025941.1--7
E5_1492R	GB-GCA-001698505.1-CP016788.1--9	95.522	1175	85	1005	0.0	1559	GB-GCA-001698505.1-CP016788.1--9
E5_1492R	RS-GCF-001662955.1-NZ-LYUI01000006.1	95.522	1175	85	1005	0.0	1559	RS-GCF-001662955.1-NZ-LYUI01000006.1
E5_1492R	RS-GCF-015535655.1-NZ-CP046592.1--7	95.522	1175	85	1005	0.0	1559	RS-GCF-015535655.1-NZ-CP046592.1--7
E5_1492R	RS-GCF-002220075.1-NZ-CP022391.1--10	95.522	1175	85	1005	0.0	1559	RS-GCF-002220075.1-NZ-CP022391.1--10
E5_1492R	RS-GCF-000737405.1-NZ-CP005997.1--7	95.522	1175	85	1005	0.0	1559	RS-GCF-000737405.1-NZ-CP005997.1--7
E5_1492R	RS-GCF-015845175.1-NZ-LDGZ01000023.1	95.522	1175	85	1005	0.0	1559	RS-GCF-015845175.1-NZ-LDGZ01000023.1
E5_1492R	RS-GCF-015845175.1-NZ-LDGZ01000013.1	95.522	1175	85	1005	0.0	1559	RS-GCF-015845175.1-NZ-LDGZ01000013.1
E5_1492R	RS-GCF-015845175.1-NZ-LDGZ01000010.1	95.522	1175	85	1005	0.0	1559	RS-GCF-015845175.1-NZ-LDGZ01000010.1
E5_1492R	RS-GCF-012030675.1-NZ-CP050532.1--9	95.522	1175	85	1005	0.0	1559	RS-GCF-012030675.1-NZ-CP050532.1--9
E5_1492R	RS-GCF-000789275.1-NZ-CP010052.1--3	95.522	1175	85	1005	0.0	1559	RS-GCF-000789275.1-NZ-CP010052.1--3
E5_1492R	RS-GCF-001808235.1-NZ-CP017676.1--9	95.522	1175	85	1005	0.0	1559	RS-GCF-001808235.1-NZ-CP017676.1--9
E5_1492R	RS-GCF-001808235.1-NZ-CP017676.1--6	95.522	1175	85	1005	0.0	1559	RS-GCF-001808235.1-NZ-CP017676.1--6
E5_1492R	RS-GCF-008014635.1-NZ-VPFB01000014.1	95.522	1175	85	1005	0.0	1559	RS-GCF-008014635.1-NZ-VPFB01000014.1
E5_1492R	RS-GCF-002269195.1-NZ-CP022891.1--2	95.522	1175	85	1005	0.0	1559	RS-GCF-002269195.1-NZ-CP022891.1--2
E5_1492R	RS-GCF-905315385.1-NZ-CAJNQH010000019.1	95.522	1175	85	1005	0.0	1559	RS-GCF-905315385.1-NZ-CAJNQH010000019.1
E5_1492R	RS-GCF-002205435.1-NZ-CP021985.1--11	95.522	1175	85	1005	0.0	1559	RS-GCF-002205435.1-NZ-CP021985.1--11
E5_1492R	RS-GCF-002205435.1-NZ-CP021985.1--8	95.522	1175	85	1005	0.0	1559	RS-GCF-002205435.1-NZ-CP021985.1--8
E5_1492R	RS-GCF-009662335.1-NZ-CP045816.1--9	95.522	1175	85	1005	0.0	1559	RS-GCF-009662335.1-NZ-CP045816.1--9
E5_1492R	RS-GCF-006454465.1-NZ-NGUK01000015.1	95.522	1175	85	1005	0.0	1559	RS-GCF-006454465.1-NZ-NGUK01000015.1
E5_1492R	RS-GCF-004101345.1-NZ-CP035161.1--9	95.522	1175	85	1005	0.0	1559	RS-GCF-004101345.1-NZ-CP035161.1--9
E5_1492R	GB-GCA-003324735.1-CP030925.1	95.522	1175	85	1005	0.0	1559	GB-GCA-003324735.1-CP030925.1
E5_1492R	RS-GCF-004119815.1-NZ-CP035413.1--10	95.522	1175	85	1005	0.0	1559	RS-GCF-004119815.1-NZ-CP035413.1--10
E5_1492R	RS-GCF-004119815.1-NZ-CP035413.1--9	95.522	1175	85	1005	0.0	1559	RS-GCF-004119815.1-NZ-CP035413.1--9
E5_1492R	RS-GCF-002072735.1-NZ-CP020367.1--10	95.522	1175	85	1005	0.0	1559	RS-GCF-002072735.1-NZ-CP020367.1--10
E5_1492R	RS-GCF-002072735.1-NZ-CP020367.1--3	95.522	1175	85	1005	0.0	1559	RS-GCF-002072735.1-NZ-CP020367.1--3
E5_1492R	RS-GCF-011800745.1-NZ-QRFZ01000014.1	95.522	1175	85	1005	0.0	1559	RS-GCF-011800745.1-NZ-QRFZ01000014.1
E5_1492R	RS-GCF-003600785.1-NZ-NQYE01000001.1--8	95.522	1175	85	1005	0.0	1559	RS-GCF-003600785.1-NZ-NQYE01000001.1--8
E5_1492R	RS-GCF-000819585.1-NZ-JXAJ01000001.1	95.522	1175	85	1005	0.0	1559	RS-GCF-000819585.1-NZ-JXAJ01000001.1
E5_1492R	RS-GCF-000293765.1-NC-018520.1--2	95.522	1175	85	1005	0.0	1559	RS-GCF-000293765.1-NC-018520.1--2
E5_1492R	RS-GCF-000293765.1-NC-018520.1	95.522	1175	85	1005	0.0	1559	RS-GCF-000293765.1-NC-018520.1
E5_1492R	RS-GCF-009982935.1-NZ-SIWZ01000001.1--9	95.522	1175	85	1005	0.0	1559	RS-GCF-009982935.1-NZ-SIWZ01000001.1--9
E5_1492R	RS-GCF-000341775.1-NZ-AOTY01000001.1	95.522	1175	85	1005	0.0	1559	RS-GCF-000341775.1-NZ-AOTY01000001.1
E5_1492R	RS-GCF-002009095.1-NZ-CP019662.1--10	95.522	1175	85	1005	0.0	1559	RS-GCF-002009095.1-NZ-CP019662.1--10
E5_1492R	RS-GCF-009662195.1-NZ-CP045824.1--10	95.522	1175	85	1005	0.0	1559	RS-GCF-009662195.1-NZ-CP045824.1--10
E5_1492R	RS-GCF-002202035.1-NZ-CP021921.1--7	95.522	1175	85	1005	0.0	1559	RS-GCF-002202035.1-NZ-CP021921.1--7
E5_1492R	RS-GCF-003665235.1-NZ-CP032853.1	95.522	1175	85	1005	0.0	1559	RS-GCF-003665235.1-NZ-CP032853.1
E5_1492R	RS-GCF-004101425.1-NZ-CP035164.1--10	95.522	1175	85	1005	0.0	1559	RS-GCF-004101425.1-NZ-CP035164.1--10
E5_1492R	RS-GCF-003046665.1-NZ-PZKP01000050.1	95.522	1175	85	1005	0.0	1559	RS-GCF-003046665.1-NZ-PZKP01000050.1
E5_1492R	RS-GCF-008831405.1-NZ-CP044498.1--9	95.522	1175	85	1005	0.0	1559	RS-GCF-008831405.1-NZ-CP044498.1--9
E5_1492R	RS-GCF-001703495.1-NZ-CP016852.1--8	95.522	1175	85	1005	0.0	1559	RS-GCF-001703495.1-NZ-CP016852.1--8
E5_1492R	RS-GCF-005937795.2-NZ-CP041757.1	95.522	1175	85	1005	0.0	1559	RS-GCF-005937795.2-NZ-CP041757.1
E5_1492R	GB-GCA-001698525.1-CP016789.1--10	95.522	1175	85	1005	0.0	1559	GB-GCA-001698525.1-CP016789.1--10
E5_1492R	RS-GCF-009866865.1-NZ-CP023409.1--10	95.522	1175	85	1005	0.0	1559	RS-GCF-009866865.1-NZ-CP023409.1--10
E5_1492R	RS-GCF-009866865.1-NZ-CP023409.1--9	95.522	1175	85	1005	0.0	1559	RS-GCF-009866865.1-NZ-CP023409.1--9
E5_1492R	RS-GCF-004328925.1-NZ-CP029609.1	95.522	1175	85	1005	0.0	1559	RS-GCF-004328925.1-NZ-CP029609.1
E5_1492R	RS-GCF-003515125.1-NZ-CP032089.1--2	95.522	1175	85	1005	0.0	1559	RS-GCF-003515125.1-NZ-CP032089.1--2
E5_1492R	RS-GCF-003515125.1-NZ-CP032089.1	95.522	1175	85	1005	0.0	1559	RS-GCF-003515125.1-NZ-CP032089.1
E5_1492R	RS-GCF-004119775.1-NZ-CP035406.1--2	95.522	1175	85	1005	0.0	1559	RS-GCF-004119775.1-NZ-CP035406.1--2
E5_1492R	RS-GCF-004119535.1-NZ-CP035391.1--10	95.522	1175	85	1005	0.0	1559	RS-GCF-004119535.1-NZ-CP035391.1--10
E5_1492R	RS-GCF-004119535.1-NZ-CP035391.1--9	95.522	1175	85	1005	0.0	1559	RS-GCF-004119535.1-NZ-CP035391.1--9
E5_1492R	RS-GCF-004119535.1-NZ-CP035391.1--3	95.522	1175	85	1005	0.0	1559	RS-GCF-004119535.1-NZ-CP035391.1--3
E5_1492R	RS-GCF-004119535.1-NZ-CP035391.1--2	95.522	1175	85	1005	0.0	1559	RS-GCF-004119535.1-NZ-CP035391.1--2
E5_1492R	RS-GCF-004119535.1-NZ-CP035391.1	95.522	1175	85	1005	0.0	1559	RS-GCF-004119535.1-NZ-CP035391.1
E5_1492R	RS-GCF-003762825.1-NZ-RJWB01000025.1	95.522	1175	85	1005	0.0	1559	RS-GCF-003762825.1-NZ-RJWB01000025.1
E5_1492R	RS-GCF-009662155.1-NZ-CP045819.1--9	95.522	1175	85	1005	0.0	1559	RS-GCF-009662155.1-NZ-CP045819.1--9
E5_1492R	GB-GCA-000815405.1-JXAR01000080.1	95.522	1175	85	1005	0.0	1559	GB-GCA-000815405.1-JXAR01000080.1
E5_1492R	RS-GCF-016894165.1-NZ-CP069789.1--10	95.522	1175	85	1005	0.0	1559	RS-GCF-016894165.1-NZ-CP069789.1--10
E5_1492R	RS-GCF-905311015.1-NZ-CAJNPS010000013.1	95.522	1175	85	1005	0.0	1559	RS-GCF-905311015.1-NZ-CAJNPS010000013.1
E5_1492R	RS-GCF-001604995.1-NZ-CP015004.1--2	95.522	1175	85	1005	0.0	1559	RS-GCF-001604995.1-NZ-CP015004.1--2
E5_1492R	RS-GCF-001604995.1-NZ-CP015004.1	95.522	1175	85	1005	0.0	1559	RS-GCF-001604995.1-NZ-CP015004.1
E5_1492R	RS-GCF-017352355.1-NZ-WVTC01000010.1	95.522	1175	85	1005	0.0	1559	RS-GCF-017352355.1-NZ-WVTC01000010.1
E5_1492R	RS-GCF-000259365.1-NC-017743.1--2	95.522	1175	85	1005	0.0	1559	RS-GCF-000259365.1-NC-017743.1--2
E5_1492R	RS-GCF-000259365.1-NC-017743.1	95.522	1175	85	1005	0.0	1559	RS-GCF-000259365.1-NC-017743.1
E5_1492R	RS-GCF-003665215.1-NZ-CP032855.1--10	95.522	1175	85	1005	0.0	1559	RS-GCF-003665215.1-NZ-CP032855.1--10
E5_1492R	RS-GCF-003665215.1-NZ-CP032855.1--9	95.522	1175	85	1005	0.0	1559	RS-GCF-003665215.1-NZ-CP032855.1--9
E5_1492R	RS-GCF-003665215.1-NZ-CP032855.1--3	95.522	1175	85	1005	0.0	1559	RS-GCF-003665215.1-NZ-CP032855.1--3
E5_1492R	RS-GCF-003665215.1-NZ-CP032855.1	95.522	1175	85	1005	0.0	1559	RS-GCF-003665215.1-NZ-CP032855.1
E5_1492R	RS-GCF-000789295.1-NZ-CP010053.1--9	95.522	1175	85	1005	0.0	1559	RS-GCF-000789295.1-NZ-CP010053.1--9
E5_1492R	RS-GCF-004119675.1-NZ-CP035397.1--10	95.522	1175	85	1005	0.0	1559	RS-GCF-004119675.1-NZ-CP035397.1--10
E5_1492R	RS-GCF-014879275.1-NZ-CP062497.1--2	95.522	1175	85	1005	0.0	1559	RS-GCF-014879275.1-NZ-CP062497.1--2
E5_1492R	RS-GCF-000952895.1-NZ-LN680001.1--10	95.522	1175	85	1005	0.0	1559	RS-GCF-000952895.1-NZ-LN680001.1--10
E5_1492R	RS-GCF-002290305.1-NZ-CP023257.1--4	95.522	1175	85	1005	0.0	1559	RS-GCF-002290305.1-NZ-CP023257.1--4
E5_1492R	RS-GCF-001750745.1-NZ-CP017312.1--9	95.522	1175	85	1005	0.0	1559	RS-GCF-001750745.1-NZ-CP017312.1--9
E5_1492R	RS-GCF-000227485.1-NC-017195.1--2	95.522	1175	85	1005	0.0	1559	RS-GCF-000227485.1-NC-017195.1--2
E5_1492R	RS-GCF-009913255.1-NZ-CP028201.1--9	95.522	1175	85	1005	0.0	1559	RS-GCF-009913255.1-NZ-CP028201.1--9
E5_1492R	RS-GCF-016924995.1-NZ-CP070483.1--2	95.522	1175	85	1005	0.0	1559	RS-GCF-016924995.1-NZ-CP070483.1--2
E5_1492R	RS-GCF-003184225.1-NZ-CP020915.1--7	95.522	1175	85	1005	0.0	1559	RS-GCF-003184225.1-NZ-CP020915.1--7
E5_1492R	RS-GCF-004101405.1-NZ-CP035163.1	95.522	1175	85	1005	0.0	1559	RS-GCF-004101405.1-NZ-CP035163.1
E5_1492R	RS-GCF-012030395.1-NZ-JAAUXF010000005.1	95.522	1175	85	1005	0.0	1559	RS-GCF-012030395.1-NZ-JAAUXF010000005.1
E5_1492R	RS-GCF-001720505.1-NZ-CP017112.1--10	95.522	1175	85	1005	0.0	1559	RS-GCF-001720505.1-NZ-CP017112.1--10
E5_1492R	RS-GCF-000338735.1-NC-020244.1	95.522	1175	85	1005	0.0	1559	RS-GCF-000338735.1-NC-020244.1
E5_1492R	RS-GCF-000706705.1-NZ-CP007409.1--4	95.522	1175	85	1005	0.0	1559	RS-GCF-000706705.1-NZ-CP007409.1--4
E5_1492R	RS-GCF-905311425.1-NZ-CAJNPY010000010.1	95.522	1175	85	1005	0.0	1559	RS-GCF-905311425.1-NZ-CAJNPY010000010.1
E5_1492R	RS-GCF-018884165.1-NZ-CP063150.1--9	95.522	1175	85	1005	0.0	1559	RS-GCF-018884165.1-NZ-CP063150.1--9
E5_1492R	RS-GCF-018884165.1-NZ-CP063150.1--4	95.522	1175	85	1005	0.0	1559	RS-GCF-018884165.1-NZ-CP063150.1--4
E5_1492R	RS-GCF-018884165.1-NZ-CP063150.1--3	95.522	1175	85	1005	0.0	1559	RS-GCF-018884165.1-NZ-CP063150.1--3
E5_1492R	RS-GCF-009913555.1-NZ-CP028215.1--10	95.522	1175	85	1005	0.0	1559	RS-GCF-009913555.1-NZ-CP028215.1--10
E5_1492R	RS-GCF-009913555.1-NZ-CP028215.1--4	95.522	1175	85	1005	0.0	1559	RS-GCF-009913555.1-NZ-CP028215.1--4
E5_1492R	RS-GCF-905311385.1-NZ-CAJNPW010000013.1	95.522	1175	85	1005	0.0	1559	RS-GCF-905311385.1-NZ-CAJNPW010000013.1
E5_1492R	RS-GCF-003665395.1-NZ-CP032872.1--4	95.522	1175	85	1005	0.0	1559	RS-GCF-003665395.1-NZ-CP032872.1--4
E5_1492R	RS-GCF-003665395.1-NZ-CP032872.1--2	95.522	1175	85	1005	0.0	1559	RS-GCF-003665395.1-NZ-CP032872.1--2
E5_1492R	RS-GCF-002142595.1-NZ-CP021169.1--9	95.522	1175	85	1005	0.0	1559	RS-GCF-002142595.1-NZ-CP021169.1--9
E5_1492R	RS-GCF-002142595.1-NZ-CP021169.1--5	95.522	1175	85	1005	0.0	1559	RS-GCF-002142595.1-NZ-CP021169.1--5
E5_1492R	RS-GCF-002142595.1-NZ-CP021169.1--2	95.522	1175	85	1005	0.0	1559	RS-GCF-002142595.1-NZ-CP021169.1--2
E5_1492R	RS-GCF-002009135.1-NZ-CP019663.1--10	95.522	1175	85	1005	0.0	1559	RS-GCF-002009135.1-NZ-CP019663.1--10
E5_1492R	RS-GCF-004119695.1-NZ-CP035401.1--10	95.522	1175	85	1005	0.0	1559	RS-GCF-004119695.1-NZ-CP035401.1--10
E5_1492R	RS-GCF-004119695.1-NZ-CP035401.1--6	95.522	1175	85	1005	0.0	1559	RS-GCF-004119695.1-NZ-CP035401.1--6
E5_1492R	RS-GCF-004119695.1-NZ-CP035401.1--5	95.522	1175	85	1005	0.0	1559	RS-GCF-004119695.1-NZ-CP035401.1--5
E5_1492R	RS-GCF-013620675.1-NZ-SDXS01000017.1	95.522	1175	85	1005	0.0	1559	RS-GCF-013620675.1-NZ-SDXS01000017.1
E5_1492R	RS-GCF-004119595.1-NZ-CP035394.1--4	95.522	1175	85	1005	0.0	1559	RS-GCF-004119595.1-NZ-CP035394.1--4
E5_1492R	RS-GCF-009662415.1-NZ-CP045812.1--10	95.522	1175	85	1005	0.0	1559	RS-GCF-009662415.1-NZ-CP045812.1--10
E5_1492R	RS-GCF-002906075.1-NZ-NJPW01000006.1	95.522	1175	85	1005	0.0	1559	RS-GCF-002906075.1-NZ-NJPW01000006.1
E5_1492R	RS-GCF-002173695.1-NZ-CP021498.1--6	95.522	1175	85	1005	0.0	1559	RS-GCF-002173695.1-NZ-CP021498.1--6
E5_1492R	RS-GCF-002173695.1-NZ-CP021498.1--3	95.522	1175	85	1005	0.0	1559	RS-GCF-002173695.1-NZ-CP021498.1--3
E5_1492R	RS-GCF-002173695.1-NZ-CP021498.1	95.522	1175	85	1005	0.0	1559	RS-GCF-002173695.1-NZ-CP021498.1
E5_1492R	RS-GCF-002096095.1-NZ-CP020722.1--9	95.522	1175	85	1005	0.0	1559	RS-GCF-002096095.1-NZ-CP020722.1--9
E5_1492R	RS-GCF-002096095.1-NZ-CP020722.1--7	95.522	1175	85	1005	0.0	1559	RS-GCF-002096095.1-NZ-CP020722.1--7
E5_1492R	RS-GCF-002096095.1-NZ-CP020722.1--2	95.522	1175	85	1005	0.0	1559	RS-GCF-002096095.1-NZ-CP020722.1--2
E5_1492R	RS-GCF-001719185.1-NZ-CP017070.1--9	95.522	1175	85	1005	0.0	1559	RS-GCF-001719185.1-NZ-CP017070.1--9
E5_1492R	RS-GCF-000155325.1-NZ-CM000487.1--7	95.522	1175	85	1005	0.0	1559	RS-GCF-000155325.1-NZ-CM000487.1--7
E5_1492R	RS-GCF-000155325.1-NZ-CM000487.1--2	95.522	1175	85	1005	0.0	1559	RS-GCF-000155325.1-NZ-CM000487.1--2
E5_1492R	RS-GCF-000155325.1-NZ-CM000487.1	95.522	1175	85	1005	0.0	1559	RS-GCF-000155325.1-NZ-CM000487.1
E5_1492R	GB-GCA-001274705.1-LGUH01000002.1	95.522	1175	85	1005	0.0	1559	GB-GCA-001274705.1-LGUH01000002.1
E5_1492R	RS-GCF-004119635.1-NZ-CP035395.1--9	95.522	1175	85	1005	0.0	1559	RS-GCF-004119635.1-NZ-CP035395.1--9
E5_1492R	RS-GCF-012689485.1-NZ-SIRO01000014.1	95.522	1175	85	1005	0.0	1559	RS-GCF-012689485.1-NZ-SIRO01000014.1
E5_1492R	RS-GCF-012689485.1-NZ-SIRO01000025.1	95.522	1175	85	1005	0.0	1559	RS-GCF-012689485.1-NZ-SIRO01000025.1
E5_1492R	RS-GCF-012689485.1-NZ-SIRO01000034.1	95.522	1175	85	1005	0.0	1559	RS-GCF-012689485.1-NZ-SIRO01000034.1
E5_1492R	RS-GCF-000186745.1-NC-014976.1--9	95.522	1175	85	1005	0.0	1559	RS-GCF-000186745.1-NC-014976.1--9
E5_1492R	RS-GCF-000186745.1-NC-014976.1--8	95.522	1175	85	1005	0.0	1559	RS-GCF-000186745.1-NC-014976.1--8
E5_1492R	RS-GCF-000186745.1-NC-014976.1--3	95.522	1175	85	1005	0.0	1559	RS-GCF-000186745.1-NC-014976.1--3
E5_1492R	RS-GCF-005234095.1-NZ-CP039935.1--10	95.522	1175	85	1005	0.0	1559	RS-GCF-005234095.1-NZ-CP039935.1--10
E5_1492R	RS-GCF-005234095.1-NZ-CP039935.1	95.522	1175	85	1005	0.0	1559	RS-GCF-005234095.1-NZ-CP039935.1
E5_1492R	RS-GCF-000245295.1-NZ-JH600194.1	95.522	1175	85	1005	0.0	1559	RS-GCF-000245295.1-NZ-JH600194.1
E5_1492R	RS-GCF-905319815.1-NZ-CAJNRA010000014.1	95.522	1175	85	1005	0.0	1559	RS-GCF-905319815.1-NZ-CAJNRA010000014.1
E5_1492R	RS-GCF-004119615.1-NZ-CP035402.1--3	95.522	1175	85	1005	0.0	1559	RS-GCF-004119615.1-NZ-CP035402.1--3
E5_1492R	RS-GCF-004119615.1-NZ-CP035402.1	95.522	1175	85	1005	0.0	1559	RS-GCF-004119615.1-NZ-CP035402.1
E5_1492R	RS-GCF-009662355.1-NZ-CP045817.1	95.522	1175	85	1005	0.0	1559	RS-GCF-009662355.1-NZ-CP045817.1
E5_1492R	RS-GCF-018224265.1-NZ-JAGTUG010000001.1--5	96.410	1175	83	975	0.0	1559	RS-GCF-018224265.1-NZ-JAGTUG010000001.1--5
E5_1492R	RS-GCF-013293745.1-NZ-JAAKAP010000015.1	95.522	1175	85	1005	0.0	1559	RS-GCF-013293745.1-NZ-JAAKAP010000015.1
E5_1492R	RS-GCF-013293875.1-NZ-JAAKAY010000134.1	95.522	1175	85	1005	0.0	1559	RS-GCF-013293875.1-NZ-JAAKAY010000134.1
E5_1492R	G000747645	95.522	1175	85	1005	0.0	1559	G000747645
E5_1492R	G000696615	95.522	1175	85	1005	0.0	1559	G000696615
E5_1492R	MN536904	95.522	1175	85	1005	0.0	1559	MN536904
E5_1492R	AMXN01000021	95.522	1175	85	1005	0.0	1559	AMXN01000021
E5_1492R	AJ276351	95.522	1175	85	1005	0.0	1559	AJ276351
E5_1492R	MJ033-1-barcode40-umi6542bins-ubs-57	95.522	1175	85	1005	0.0	1559	MJ033-1-barcode40-umi6542bins-ubs-57
E5_1492R	RS-GCF-004101945.1-NZ-CP026010.1--7	95.600	1175	85	1000	0.0	1558	RS-GCF-004101945.1-NZ-CP026010.1--7
E5_1492R	RS-GCF-004103595.1-NZ-CP035231.1--8	95.600	1175	85	1000	0.0	1558	RS-GCF-004103595.1-NZ-CP035231.1--8
E5_1492R	RS-GCF-000319475.1-NC-019842.1--5	95.432	1175	86	1007	0.0	1558	RS-GCF-000319475.1-NC-019842.1--5
E5_1492R	RS-GCF-002002555.1-NZ-MPHE01000006.1	95.432	1175	86	1007	0.0	1558	RS-GCF-002002555.1-NZ-MPHE01000006.1
E5_1492R	RS-GCF-004331895.1-NZ-CP036527.1--7	95.342	1175	86	1009	0.0	1558	RS-GCF-004331895.1-NZ-CP036527.1--7
E5_1492R	RS-GCF-009856975.1-NZ-CP047268.1--3	95.257	1175	86	1012	0.0	1558	RS-GCF-009856975.1-NZ-CP047268.1--3
E5_1492R	RS-GCF-000245335.1-NZ-JH600285.1	95.342	1175	86	1009	0.0	1557	RS-GCF-000245335.1-NZ-JH600285.1
E5_1492R	RS-GCF-001184225.1-NZ-KQ236689.1--6	95.342	1175	86	1009	0.0	1557	RS-GCF-001184225.1-NZ-KQ236689.1--6
E5_1492R	RS-GCF-001184225.1-NZ-KQ236689.1--5	95.342	1175	86	1009	0.0	1557	RS-GCF-001184225.1-NZ-KQ236689.1--5
E5_1492R	RS-GCF-001184225.1-NZ-KQ236689.1	95.342	1175	86	1009	0.0	1557	RS-GCF-001184225.1-NZ-KQ236689.1
E5_1492R	RS-GCF-001662915.1-NZ-LYUE01000008.1	95.342	1175	86	1009	0.0	1557	RS-GCF-001662915.1-NZ-LYUE01000008.1
E5_1492R	RS-GCF-000966575.1-NZ-LAGT01000018.1	95.342	1175	86	1009	0.0	1557	RS-GCF-000966575.1-NZ-LAGT01000018.1
E5_1492R	RS-GCF-014534735.1-NZ-JACVSR010000014.1	95.342	1175	86	1009	0.0	1557	RS-GCF-014534735.1-NZ-JACVSR010000014.1
E5_1492R	RS-GCF-016313165.1-NZ-CP066219.1--9	95.342	1175	86	1009	0.0	1557	RS-GCF-016313165.1-NZ-CP066219.1--9
E5_1492R	RS-GCF-016313165.1-NZ-CP066219.1--7	95.342	1175	86	1009	0.0	1557	RS-GCF-016313165.1-NZ-CP066219.1--7
E5_1492R	RS-GCF-016313165.1-NZ-CP066219.1--5	95.342	1175	86	1009	0.0	1557	RS-GCF-016313165.1-NZ-CP066219.1--5
E5_1492R	RS-GCF-016313165.1-NZ-CP066219.1--4	95.342	1175	86	1009	0.0	1557	RS-GCF-016313165.1-NZ-CP066219.1--4
E5_1492R	RS-GCF-016313165.1-NZ-CP066219.1--2	95.342	1175	86	1009	0.0	1557	RS-GCF-016313165.1-NZ-CP066219.1--2
E5_1492R	RS-GCF-016313165.1-NZ-CP066219.1	95.342	1175	86	1009	0.0	1557	RS-GCF-016313165.1-NZ-CP066219.1
E5_1492R	RS-GCF-000204275.1-NC-017190.1--4	95.342	1175	86	1009	0.0	1557	RS-GCF-000204275.1-NC-017190.1--4
E5_1492R	RS-GCF-002796465.1-NZ-CP024897.1--5	95.342	1175	86	1009	0.0	1557	RS-GCF-002796465.1-NZ-CP024897.1--5
E5_1492R	RS-GCF-002944585.1-NZ-CP026533.1--4	95.342	1175	86	1009	0.0	1557	RS-GCF-002944585.1-NZ-CP026533.1--4
E5_1492R	RS-GCF-013875015.1-NZ-CP059405.1--9	95.342	1175	86	1009	0.0	1557	RS-GCF-013875015.1-NZ-CP059405.1--9
E5_1492R	RS-GCF-014706595.1-NZ-CP047119.1--5	95.342	1175	86	1009	0.0	1557	RS-GCF-014706595.1-NZ-CP047119.1--5
E5_1492R	RS-GCF-011075175.1-NZ-JAALLJ010000027.1	95.342	1175	86	1009	0.0	1557	RS-GCF-011075175.1-NZ-JAALLJ010000027.1
E5_1492R	RS-GCF-001752685.2-NZ-CP014990.2--8	95.342	1175	86	1009	0.0	1557	RS-GCF-001752685.2-NZ-CP014990.2--8
E5_1492R	RS-GCF-016415725.1-NZ-CP065791.1--9	95.342	1175	86	1009	0.0	1557	RS-GCF-016415725.1-NZ-CP065791.1--9
E5_1492R	RS-GCF-001874385.1-NZ-CP017953.1--3	95.342	1175	86	1009	0.0	1557	RS-GCF-001874385.1-NZ-CP017953.1--3
E5_1492R	RS-GCF-000772205.1-NZ-CP009611.1	95.342	1175	86	1009	0.0	1557	RS-GCF-000772205.1-NZ-CP009611.1
E5_1492R	RS-GCF-003149795.1-NZ-CP029071.1--8	95.342	1175	86	1009	0.0	1557	RS-GCF-003149795.1-NZ-CP029071.1--8
E5_1492R	RS-GCF-003149795.1-NZ-CP029071.1--4	95.342	1175	86	1009	0.0	1557	RS-GCF-003149795.1-NZ-CP029071.1--4
E5_1492R	RS-GCF-001723375.1-NZ-MDCI01000002.1--9	95.342	1175	86	1009	0.0	1557	RS-GCF-001723375.1-NZ-MDCI01000002.1--9
E5_1492R	RS-GCF-016904925.1-NZ-CP069391.1	95.342	1175	86	1009	0.0	1557	RS-GCF-016904925.1-NZ-CP069391.1
E5_1492R	RS-GCF-000835145.1-NZ-CP007242.1	95.342	1175	86	1009	0.0	1557	RS-GCF-000835145.1-NZ-CP007242.1
E5_1492R	GB-GCA-000732055.1-JOKF01000001.1	95.342	1175	86	1009	0.0	1557	GB-GCA-000732055.1-JOKF01000001.1
E5_1492R	RS-GCF-013401395.2-NZ-CP045993.1--3	95.342	1175	86	1009	0.0	1557	RS-GCF-013401395.2-NZ-CP045993.1--3
E5_1492R	RS-GCF-013401395.2-NZ-CP045993.1	95.342	1175	86	1009	0.0	1557	RS-GCF-013401395.2-NZ-CP045993.1
E5_1492R	RS-GCF-002105595.1-NZ-CP020805.1--7	95.342	1175	86	1009	0.0	1557	RS-GCF-002105595.1-NZ-CP020805.1--7
E5_1492R	RS-GCF-002105595.1-NZ-CP020805.1--5	96.311	1175	83	976	0.0	1557	RS-GCF-002105595.1-NZ-CP020805.1--5
E5_1492R	RS-GCF-004119735.1-NZ-CP035399.1--3	95.342	1175	86	1009	0.0	1557	RS-GCF-004119735.1-NZ-CP035399.1--3
E5_1492R	RS-GCF-016834435.1-NZ-CP069214.1--6	95.342	1175	86	1009	0.0	1557	RS-GCF-016834435.1-NZ-CP069214.1--6
E5_1492R	RS-GCF-016834435.1-NZ-CP069214.1--4	95.342	1175	86	1009	0.0	1557	RS-GCF-016834435.1-NZ-CP069214.1--4
E5_1492R	RS-GCF-002893845.1-NZ-CP025939.1	95.342	1175	86	1009	0.0	1557	RS-GCF-002893845.1-NZ-CP025939.1
E5_1492R	RS-GCF-013201465.1-NZ-CP053764.1--3	95.342	1175	86	1009	0.0	1557	RS-GCF-013201465.1-NZ-CP053764.1--3
E5_1492R	RS-GCF-012647845.1-NZ-CP051463.1--6	95.342	1175	86	1009	0.0	1557	RS-GCF-012647845.1-NZ-CP051463.1--6
E5_1492R	RS-GCF-000015785.2-NC-009725.2--8	95.342	1175	86	1009	0.0	1557	RS-GCF-000015785.2-NC-009725.2--8
E5_1492R	RS-GCF-003721475.1-NZ-CP033576.1	95.342	1175	86	1009	0.0	1557	RS-GCF-003721475.1-NZ-CP033576.1
E5_1492R	RS-GCF-014048385.1-NZ-CP059497.1--3	95.342	1175	86	1009	0.0	1557	RS-GCF-014048385.1-NZ-CP059497.1--3
E5_1492R	RS-GCF-002968415.1-NZ-CP026610.1--2	95.342	1175	86	1009	0.0	1557	RS-GCF-002968415.1-NZ-CP026610.1--2
E5_1492R	RS-GCF-002968415.1-NZ-CP026610.1	95.342	1175	86	1009	0.0	1557	RS-GCF-002968415.1-NZ-CP026610.1
E5_1492R	RS-GCF-014495825.1-NZ-CP061087.1--2	95.342	1175	86	1009	0.0	1557	RS-GCF-014495825.1-NZ-CP061087.1--2
E5_1492R	RS-GCF-008534375.1-NZ-CP041770.1	95.342	1175	86	1009	0.0	1557	RS-GCF-008534375.1-NZ-CP041770.1
E5_1492R	RS-GCF-003149695.1-NZ-CP029070.1	95.342	1175	86	1009	0.0	1557	RS-GCF-003149695.1-NZ-CP029070.1
E5_1492R	RS-GCF-018866365.1-NZ-CP076450.1--2	95.342	1175	86	1009	0.0	1557	RS-GCF-018866365.1-NZ-CP076450.1--2
E5_1492R	RS-GCF-014048285.1-NZ-CP059495.1--2	95.342	1175	86	1009	0.0	1557	RS-GCF-014048285.1-NZ-CP059495.1--2
E5_1492R	RS-GCF-008244925.1-NZ-CP043416.1	95.342	1175	86	1009	0.0	1557	RS-GCF-008244925.1-NZ-CP043416.1
E5_1492R	RS-GCF-009834085.1-NZ-CP047157.1--9	95.342	1175	86	1009	0.0	1557	RS-GCF-009834085.1-NZ-CP047157.1--9
E5_1492R	RS-GCF-009834085.1-NZ-CP047157.1--4	95.342	1175	86	1009	0.0	1557	RS-GCF-009834085.1-NZ-CP047157.1--4
E5_1492R	MJ033-1-barcode32-umi2883bins-ubs-138	95.342	1175	86	1009	0.0	1557	MJ033-1-barcode32-umi2883bins-ubs-138
E5_1492R	MJ009-2-barcode71-umi132755bins-ubs-3	95.342	1175	86	1009	0.0	1557	MJ009-2-barcode71-umi132755bins-ubs-3
E5_1492R	RS-GCF-003667885.1-NZ-CP033052.1--10	95.427	1175	86	1006	0.0	1556	RS-GCF-003667885.1-NZ-CP033052.1--10
E5_1492R	RS-GCF-003667885.1-NZ-CP033052.1--2	95.427	1175	86	1006	0.0	1556	RS-GCF-003667885.1-NZ-CP033052.1--2
E5_1492R	RS-GCF-003667885.1-NZ-CP033052.1	95.427	1175	86	1006	0.0	1556	RS-GCF-003667885.1-NZ-CP033052.1
E5_1492R	RS-GCF-004119655.1-NZ-CP035403.1--8	95.427	1175	86	1006	0.0	1556	RS-GCF-004119655.1-NZ-CP035403.1--8
E5_1492R	RS-GCF-008131765.1-NZ-QFZO01000018.1	95.423	1175	85	1005	0.0	1556	RS-GCF-008131765.1-NZ-QFZO01000018.1
E5_1492R	RS-GCF-001808235.1-NZ-CP017676.1--10	95.427	1175	86	1006	0.0	1556	RS-GCF-001808235.1-NZ-CP017676.1--10
E5_1492R	RS-GCF-004103595.1-NZ-CP035231.1	95.427	1175	86	1006	0.0	1556	RS-GCF-004103595.1-NZ-CP035231.1
E5_1492R	RS-GCF-007995205.1-NZ-MSEJ01000014.1	95.423	1175	85	1005	0.0	1556	RS-GCF-007995205.1-NZ-MSEJ01000014.1
E5_1492R	RS-GCF-001625135.1-NZ-LVYH01000002.1	95.423	1175	85	1005	0.0	1556	RS-GCF-001625135.1-NZ-LVYH01000002.1
E5_1492R	RS-GCF-001596755.1-NZ-CP014783.1--5	95.427	1175	86	1006	0.0	1556	RS-GCF-001596755.1-NZ-CP014783.1--5
E5_1492R	RS-GCF-000259405.1-NZ-AJST01000001.1--10	95.427	1175	86	1006	0.0	1556	RS-GCF-000259405.1-NZ-AJST01000001.1--10
E5_1492R	RS-GCF-000259405.1-NZ-AJST01000001.1--2	95.427	1175	86	1006	0.0	1556	RS-GCF-000259405.1-NZ-AJST01000001.1--2
E5_1492R	RS-GCF-002761535.1-NZ-CP018133.1--7	95.427	1175	86	1006	0.0	1556	RS-GCF-002761535.1-NZ-CP018133.1--7
E5_1492R	RS-GCF-002761535.1-NZ-CP018133.1--6	95.427	1175	86	1006	0.0	1556	RS-GCF-002761535.1-NZ-CP018133.1--6
E5_1492R	RS-GCF-002761535.1-NZ-CP018133.1--5	95.427	1175	86	1006	0.0	1556	RS-GCF-002761535.1-NZ-CP018133.1--5
E5_1492R	RS-GCF-000583065.1-NZ-CP007244.1--5	95.427	1175	86	1006	0.0	1556	RS-GCF-000583065.1-NZ-CP007244.1--5
E5_1492R	RS-GCF-000875875.2-NZ-CP029296.1--8	95.427	1175	86	1006	0.0	1556	RS-GCF-000875875.2-NZ-CP029296.1--8
E5_1492R	RS-GCF-001709115.1-NZ-LYNC01000069.1	95.427	1175	86	1006	0.0	1556	RS-GCF-001709115.1-NZ-LYNC01000069.1
E5_1492R	RS-GCF-016406185.1-NZ-CP066337.1--4	95.427	1175	86	1006	0.0	1556	RS-GCF-016406185.1-NZ-CP066337.1--4
E5_1492R	RS-GCF-003265265.1-NZ-CP028375.1--5	95.427	1175	86	1006	0.0	1556	RS-GCF-003265265.1-NZ-CP028375.1--5
E5_1492R	RS-GCF-009663035.1-NZ-CP045926.1--9	95.427	1175	86	1006	0.0	1556	RS-GCF-009663035.1-NZ-CP045926.1--9
E5_1492R	RS-GCF-009663035.1-NZ-CP045926.1--3	95.427	1175	86	1006	0.0	1556	RS-GCF-009663035.1-NZ-CP045926.1--3
E5_1492R	RS-GCF-009663035.1-NZ-CP045926.1	95.427	1175	86	1006	0.0	1556	RS-GCF-009663035.1-NZ-CP045926.1
E5_1492R	RS-GCF-018771665.1-NZ-CP076290.1--9	95.427	1175	86	1006	0.0	1556	RS-GCF-018771665.1-NZ-CP076290.1--9
E5_1492R	RS-GCF-018771665.1-NZ-CP076290.1	95.427	1175	86	1006	0.0	1556	RS-GCF-018771665.1-NZ-CP076290.1
E5_1492R	RS-GCF-006489255.1-NZ-CP041143.1--9	95.427	1175	86	1006	0.0	1556	RS-GCF-006489255.1-NZ-CP041143.1--9
E5_1492R	RS-GCF-000341875.1-NC-020410.1--9	95.427	1175	86	1006	0.0	1556	RS-GCF-000341875.1-NC-020410.1--9
E5_1492R	RS-GCF-001672595.1-NZ-LYUF01000020.1	95.427	1175	86	1006	0.0	1556	RS-GCF-001672595.1-NZ-LYUF01000020.1
E5_1492R	RS-GCF-000508265.1-NC-023073.1--9	95.427	1175	86	1006	0.0	1556	RS-GCF-000508265.1-NC-023073.1--9
E5_1492R	RS-GCF-000508265.1-NC-023073.1--7	95.427	1175	86	1006	0.0	1556	RS-GCF-000508265.1-NC-023073.1--7
E5_1492R	RS-GCF-000283695.1-NC-016784.1--9	95.427	1175	86	1006	0.0	1556	RS-GCF-000283695.1-NC-016784.1--9
E5_1492R	RS-GCF-000283695.1-NC-016784.1--2	95.427	1175	86	1006	0.0	1556	RS-GCF-000283695.1-NC-016784.1--2
E5_1492R	RS-GCF-006489235.1-NZ-CP041144.1--7	95.427	1175	86	1006	0.0	1556	RS-GCF-006489235.1-NZ-CP041144.1--7
E5_1492R	RS-GCF-001536925.1-NZ-LN999829.1	95.427	1175	86	1006	0.0	1556	RS-GCF-001536925.1-NZ-LN999829.1
E5_1492R	RS-GCF-008727675.1-NZ-CP044133.1--8	95.427	1175	86	1006	0.0	1556	RS-GCF-008727675.1-NZ-CP044133.1--8
E5_1492R	RS-GCF-008727675.1-NZ-CP044133.1--3	95.427	1175	86	1006	0.0	1556	RS-GCF-008727675.1-NZ-CP044133.1--3
E5_1492R	RS-GCF-001294785.1-NZ-LJDI01000002.1	95.427	1175	86	1006	0.0	1556	RS-GCF-001294785.1-NZ-LJDI01000002.1
E5_1492R	RS-GCF-002556565.1-NZ-CP023748.1--7	95.427	1175	86	1006	0.0	1556	RS-GCF-002556565.1-NZ-CP023748.1--7
E5_1492R	RS-GCF-002556565.1-NZ-CP023748.1--4	95.427	1175	86	1006	0.0	1556	RS-GCF-002556565.1-NZ-CP023748.1--4
E5_1492R	RS-GCF-002556565.1-NZ-CP023748.1	95.427	1175	86	1006	0.0	1556	RS-GCF-002556565.1-NZ-CP023748.1
E5_1492R	RS-GCF-009931675.1-NZ-CP048002.1--5	95.427	1175	86	1006	0.0	1556	RS-GCF-009931675.1-NZ-CP048002.1--5
E5_1492R	RS-GCF-009931675.1-NZ-CP048002.1--2	95.427	1175	86	1006	0.0	1556	RS-GCF-009931675.1-NZ-CP048002.1--2
E5_1492R	RS-GCF-001461835.1-NZ-LLZA01000025.1	95.427	1175	86	1006	0.0	1556	RS-GCF-001461835.1-NZ-LLZA01000025.1
E5_1492R	RS-GCF-018363035.1-NZ-CP074391.1--4	95.427	1175	86	1006	0.0	1556	RS-GCF-018363035.1-NZ-CP074391.1--4
E5_1492R	GB-GCA-000732055.1-JOKF01000052.1	95.427	1175	86	1006	0.0	1556	GB-GCA-000732055.1-JOKF01000052.1
E5_1492R	RS-GCF-001175005.1-NZ-CVPA01000001.1	95.427	1175	86	1006	0.0	1556	RS-GCF-001175005.1-NZ-CVPA01000001.1
E5_1492R	RS-GCF-018398955.1-NZ-CP074685.1--9	95.427	1175	86	1006	0.0	1556	RS-GCF-018398955.1-NZ-CP074685.1--9
E5_1492R	RS-GCF-016909415.1-NZ-JAFBFS010000024.1	95.427	1175	86	1006	0.0	1556	RS-GCF-016909415.1-NZ-JAFBFS010000024.1
E5_1492R	GB-GCA-003417765.1-QKQQ01000021.1--2	95.427	1175	86	1006	0.0	1556	GB-GCA-003417765.1-QKQQ01000021.1--2
E5_1492R	GB-GCA-003417765.1-QKQQ01000021.1	95.427	1175	86	1006	0.0	1556	GB-GCA-003417765.1-QKQQ01000021.1
E5_1492R	RS-GCF-002850475.1-NZ-CP021011.1--9	95.427	1175	86	1006	0.0	1556	RS-GCF-002850475.1-NZ-CP021011.1--9
E5_1492R	RS-GCF-003990455.1-NZ-RQPF01000032.1	95.427	1175	86	1006	0.0	1556	RS-GCF-003990455.1-NZ-RQPF01000032.1
E5_1492R	RS-GCF-013341255.1-NZ-CP054479.1--7	95.427	1175	86	1006	0.0	1556	RS-GCF-013341255.1-NZ-CP054479.1--7
E5_1492R	RS-GCF-009913295.1-NZ-CP028204.1--9	95.427	1175	86	1006	0.0	1556	RS-GCF-009913295.1-NZ-CP028204.1--9
E5_1492R	RS-GCF-002751885.1-NZ-MAYA01000096.1	95.427	1175	86	1006	0.0	1556	RS-GCF-002751885.1-NZ-MAYA01000096.1
E5_1492R	GB-GCA-000696285.1-JMEG01000021.1	95.427	1175	86	1006	0.0	1556	GB-GCA-000696285.1-JMEG01000021.1
E5_1492R	RS-GCF-005696395.1-NZ-CP040378.1	95.427	1175	86	1006	0.0	1556	RS-GCF-005696395.1-NZ-CP040378.1
E5_1492R	RS-GCF-018406485.1-NZ-AP024603.1--9	95.427	1175	86	1006	0.0	1556	RS-GCF-018406485.1-NZ-AP024603.1--9
E5_1492R	RS-GCF-004331895.1-NZ-CP036527.1--3	95.427	1175	86	1006	0.0	1556	RS-GCF-004331895.1-NZ-CP036527.1--3
E5_1492R	RS-GCF-005843905.1-NZ-VCBE01000008.1	95.427	1175	86	1006	0.0	1556	RS-GCF-005843905.1-NZ-VCBE01000008.1
E5_1492R	RS-GCF-000465655.1-NZ-AVQH01000027.1	95.427	1175	86	1006	0.0	1556	RS-GCF-000465655.1-NZ-AVQH01000027.1
E5_1492R	RS-GCF-002893845.1-NZ-CP025939.1--8	95.427	1175	86	1006	0.0	1556	RS-GCF-002893845.1-NZ-CP025939.1--8
E5_1492R	RS-GCF-002893845.1-NZ-CP025939.1--3	95.427	1175	86	1006	0.0	1556	RS-GCF-002893845.1-NZ-CP025939.1--3
E5_1492R	RS-GCF-000455565.1-NC-022075.1--9	95.427	1175	86	1006	0.0	1556	RS-GCF-000455565.1-NC-022075.1--9
E5_1492R	RS-GCF-000455565.1-NC-022075.1--4	95.427	1175	86	1006	0.0	1556	RS-GCF-000455565.1-NC-022075.1--4
E5_1492R	RS-GCF-014211995.1-NZ-CP060085.1--8	95.427	1175	86	1006	0.0	1556	RS-GCF-014211995.1-NZ-CP060085.1--8
E5_1492R	RS-GCF-000015785.2-NC-009725.2--6	95.427	1175	86	1006	0.0	1556	RS-GCF-000015785.2-NC-009725.2--6
E5_1492R	RS-GCF-004337575.1-NZ-SJCZ01000023.1	95.427	1175	86	1006	0.0	1556	RS-GCF-004337575.1-NZ-SJCZ01000023.1
E5_1492R	RS-GCF-013285085.1-NZ-JABSVZ010000017.1	95.427	1175	86	1006	0.0	1556	RS-GCF-013285085.1-NZ-JABSVZ010000017.1
E5_1492R	RS-GCF-009914135.1-NZ-CP028961.1--4	95.427	1175	86	1006	0.0	1556	RS-GCF-009914135.1-NZ-CP028961.1--4
E5_1492R	RS-GCF-006965525.1-NZ-CP041361.1--9	95.427	1175	86	1006	0.0	1556	RS-GCF-006965525.1-NZ-CP041361.1--9
E5_1492R	RS-GCF-017603845.1-NZ-CP071970.1--5	95.427	1175	86	1006	0.0	1556	RS-GCF-017603845.1-NZ-CP071970.1--5
E5_1492R	GB-GCA-001247635.1-LGYP01000001.1--6	95.427	1175	86	1006	0.0	1556	GB-GCA-001247635.1-LGYP01000001.1--6
E5_1492R	GB-GCA-001247635.1-LGYP01000001.1--5	95.427	1175	86	1006	0.0	1556	GB-GCA-001247635.1-LGYP01000001.1--5
E5_1492R	GB-GCA-001247635.1-LGYP01000001.1	95.427	1175	86	1006	0.0	1556	GB-GCA-001247635.1-LGYP01000001.1
E5_1492R	RS-GCF-001483885.1-NZ-CP013727.1--3	95.427	1175	86	1006	0.0	1556	RS-GCF-001483885.1-NZ-CP013727.1--3
E5_1492R	RS-GCF-014495825.1-NZ-CP061087.1--8	95.427	1175	86	1006	0.0	1556	RS-GCF-014495825.1-NZ-CP061087.1--8
E5_1492R	RS-GCF-014495825.1-NZ-CP061087.1--6	95.427	1175	86	1006	0.0	1556	RS-GCF-014495825.1-NZ-CP061087.1--6
E5_1492R	RS-GCF-002072695.1-NZ-CP020375.1--9	95.427	1175	86	1006	0.0	1556	RS-GCF-002072695.1-NZ-CP020375.1--9
E5_1492R	RS-GCF-009913315.1-NZ-CP028205.1--7	95.427	1175	86	1006	0.0	1556	RS-GCF-009913315.1-NZ-CP028205.1--7
E5_1492R	RS-GCF-008824205.1-NZ-CP044444.1--5	95.427	1175	86	1006	0.0	1556	RS-GCF-008824205.1-NZ-CP044444.1--5
E5_1492R	RS-GCF-008802875.1-NZ-CP044349.1--7	95.427	1175	86	1006	0.0	1556	RS-GCF-008802875.1-NZ-CP044349.1--7
E5_1492R	RS-GCF-008802875.1-NZ-CP044349.1--6	95.427	1175	86	1006	0.0	1556	RS-GCF-008802875.1-NZ-CP044349.1--6
E5_1492R	RS-GCF-013348705.1-NZ-CP054714.1--9	95.427	1175	86	1006	0.0	1556	RS-GCF-013348705.1-NZ-CP054714.1--9
E5_1492R	RS-GCF-013348705.1-NZ-CP054714.1--3	95.427	1175	86	1006	0.0	1556	RS-GCF-013348705.1-NZ-CP054714.1--3
E5_1492R	RS-GCF-013348705.1-NZ-CP054714.1	95.427	1175	86	1006	0.0	1556	RS-GCF-013348705.1-NZ-CP054714.1
E5_1492R	RS-GCF-003432425.1-NZ-CP023075.1--8	95.427	1175	86	1006	0.0	1556	RS-GCF-003432425.1-NZ-CP023075.1--8
E5_1492R	RS-GCF-003432425.1-NZ-CP023075.1--6	95.427	1175	86	1006	0.0	1556	RS-GCF-003432425.1-NZ-CP023075.1--6
E5_1492R	RS-GCF-003432425.1-NZ-CP023075.1--4	95.427	1175	86	1006	0.0	1556	RS-GCF-003432425.1-NZ-CP023075.1--4
E5_1492R	RS-GCF-003432425.1-NZ-CP023075.1--3	95.427	1175	86	1006	0.0	1556	RS-GCF-003432425.1-NZ-CP023075.1--3
E5_1492R	RS-GCF-018732185.1-NZ-CP076119.1--9	95.427	1175	86	1006	0.0	1556	RS-GCF-018732185.1-NZ-CP076119.1--9
E5_1492R	RS-GCF-018861275.1-NZ-CP076408.1--5	95.427	1175	86	1006	0.0	1556	RS-GCF-018861275.1-NZ-CP076408.1--5
E5_1492R	RS-GCF-018861275.1-NZ-CP076408.1--4	95.427	1175	86	1006	0.0	1556	RS-GCF-018861275.1-NZ-CP076408.1--4
E5_1492R	RS-GCF-018866365.1-NZ-CP076450.1--9	95.427	1175	86	1006	0.0	1556	RS-GCF-018866365.1-NZ-CP076450.1--9
E5_1492R	RS-GCF-018866365.1-NZ-CP076450.1--8	95.427	1175	86	1006	0.0	1556	RS-GCF-018866365.1-NZ-CP076450.1--8
E5_1492R	RS-GCF-018866365.1-NZ-CP076450.1--7	95.427	1175	86	1006	0.0	1556	RS-GCF-018866365.1-NZ-CP076450.1--7
E5_1492R	RS-GCF-014048285.1-NZ-CP059495.1--8	95.427	1175	86	1006	0.0	1556	RS-GCF-014048285.1-NZ-CP059495.1--8
E5_1492R	RS-GCF-014048285.1-NZ-CP059495.1--3	95.427	1175	86	1006	0.0	1556	RS-GCF-014048285.1-NZ-CP059495.1--3
E5_1492R	RS-GCF-904842145.1-NZ-CAJGVG010000001.1--7	95.427	1175	86	1006	0.0	1556	RS-GCF-904842145.1-NZ-CAJGVG010000001.1--7
E5_1492R	RS-GCF-904842145.1-NZ-CAJGVG010000001.1--4	95.427	1175	86	1006	0.0	1556	RS-GCF-904842145.1-NZ-CAJGVG010000001.1--4
E5_1492R	RS-GCF-904842145.1-NZ-CAJGVG010000001.1	95.427	1175	86	1006	0.0	1556	RS-GCF-904842145.1-NZ-CAJGVG010000001.1
E5_1492R	RS-GCF-900100225.1-NZ-FNER01000016.1	95.427	1175	86	1006	0.0	1556	RS-GCF-900100225.1-NZ-FNER01000016.1
E5_1492R	RS-GCF-001639945.1-NZ-BDDG01000009.1	95.427	1175	86	1006	0.0	1556	RS-GCF-001639945.1-NZ-BDDG01000009.1
E5_1492R	RS-GCF-002844125.1-NZ-CP025308.1--6	95.427	1175	86	1006	0.0	1556	RS-GCF-002844125.1-NZ-CP025308.1--6
E5_1492R	RS-GCF-002844125.1-NZ-CP025308.1--2	95.427	1175	86	1006	0.0	1556	RS-GCF-002844125.1-NZ-CP025308.1--2
E5_1492R	RS-GCF-002844125.1-NZ-CP025308.1	95.427	1175	86	1006	0.0	1556	RS-GCF-002844125.1-NZ-CP025308.1
E5_1492R	G001687195	95.427	1175	86	1006	0.0	1556	G001687195
E5_1492R	G001587325	95.427	1175	86	1006	0.0	1556	G001587325
E5_1492R	G001461825	95.427	1175	86	1006	0.0	1556	G001461825
E5_1492R	LLZC01000010	95.427	1175	86	1006	0.0	1556	LLZC01000010
E5_1492R	AB021198	95.427	1175	86	1006	0.0	1556	AB021198
E5_1492R	RS-GCF-012648005.1-NZ-CP051464.1--10	95.337	1175	86	1008	0.0	1555	RS-GCF-012648005.1-NZ-CP051464.1--10
E5_1492R	RS-GCF-012648005.1-NZ-CP051464.1--9	95.337	1175	86	1008	0.0	1555	RS-GCF-012648005.1-NZ-CP051464.1--9
E5_1492R	RS-GCF-012648005.1-NZ-CP051464.1--5	95.337	1175	86	1008	0.0	1555	RS-GCF-012648005.1-NZ-CP051464.1--5
E5_1492R	RS-GCF-012648005.1-NZ-CP051464.1--4	95.947	1175	84	987	0.0	1555	RS-GCF-012648005.1-NZ-CP051464.1--4
E5_1492R	RS-GCF-014250375.1-NZ-CP060193.1--9	95.947	1175	84	987	0.0	1555	RS-GCF-014250375.1-NZ-CP060193.1--9
E5_1492R	RS-GCF-005160425.1-NZ-CP033205.1--10	95.423	1175	85	1005	0.0	1555	RS-GCF-005160425.1-NZ-CP033205.1--10
E5_1492R	RS-GCF-000706705.1-NZ-CP007409.1--8	95.423	1175	85	1005	0.0	1555	RS-GCF-000706705.1-NZ-CP007409.1--8
E5_1492R	RS-GCF-002796465.1-NZ-CP024897.1--7	95.347	1175	86	1010	0.0	1555	RS-GCF-002796465.1-NZ-CP024897.1--7
E5_1492R	RS-GCF-014706595.1-NZ-CP047119.1--2	95.947	1175	84	987	0.0	1555	RS-GCF-014706595.1-NZ-CP047119.1--2
E5_1492R	RS-GCF-017347625.1-NZ-AP024501.1--9	95.947	1175	84	987	0.0	1555	RS-GCF-017347625.1-NZ-AP024501.1--9
E5_1492R	RS-GCF-002327165.1-NZ-CP023431.1--2	95.947	1175	84	987	0.0	1555	RS-GCF-002327165.1-NZ-CP023431.1--2
E5_1492R	RS-GCF-002850475.1-NZ-CP021011.1--4	95.347	1175	86	1010	0.0	1555	RS-GCF-002850475.1-NZ-CP021011.1--4
E5_1492R	RS-GCF-003312895.1-NZ-CP030097.1--8	95.347	1175	86	1010	0.0	1555	RS-GCF-003312895.1-NZ-CP030097.1--8
E5_1492R	RS-GCF-009664145.1-NZ-CP041192.1	95.947	1175	84	987	0.0	1555	RS-GCF-009664145.1-NZ-CP041192.1
E5_1492R	AB021191	95.337	1175	86	1008	0.0	1555	AB021191
E5_1492R	MJ031-2-barcode61-umi49598bins-ubs-3	95.337	1175	86	1008	0.0	1555	MJ031-2-barcode61-umi49598bins-ubs-3
E5_1492R	MJ031-2-barcode61-umi29632bins-ubs-12	95.337	1175	86	1008	0.0	1555	MJ031-2-barcode61-umi29632bins-ubs-12
E5_1492R	MJ031-1-barcode30-umi32796bins-ubs-6	95.337	1175	86	1008	0.0	1555	MJ031-1-barcode30-umi32796bins-ubs-6
E5_1492R	MJ030-1-barcode25-umi52355bins-ubs-11	95.947	1175	84	987	0.0	1555	MJ030-1-barcode25-umi52355bins-ubs-11
E5_1492R	RS-GCF-003667885.1-NZ-CP033052.1--7	96.037	1175	84	984	0.0	1554	RS-GCF-003667885.1-NZ-CP033052.1--7
E5_1492R	RS-GCF-003667885.1-NZ-CP033052.1--6	96.037	1175	84	984	0.0	1554	RS-GCF-003667885.1-NZ-CP033052.1--6
E5_1492R	RS-GCF-003600775.1-NZ-NQYD01000001.1--5	96.037	1175	84	984	0.0	1554	RS-GCF-003600775.1-NZ-NQYD01000001.1--5
E5_1492R	RS-GCF-012647565.1-NZ-CP051462.1--11	95.423	1175	85	1005	0.0	1554	RS-GCF-012647565.1-NZ-CP051462.1--11
E5_1492R	RS-GCF-012647565.1-NZ-CP051462.1--9	96.037	1175	84	984	0.0	1554	RS-GCF-012647565.1-NZ-CP051462.1--9
E5_1492R	RS-GCF-003148415.1-NZ-CP029465.1--7	96.037	1175	84	984	0.0	1554	RS-GCF-003148415.1-NZ-CP029465.1--7
E5_1492R	GB-GCA-000931825.1-AJHM01000012.1	95.423	1175	85	1005	0.0	1554	GB-GCA-000931825.1-AJHM01000012.1
E5_1492R	RS-GCF-000227465.1-NC-016047.1--3	95.423	1175	85	1005	0.0	1554	RS-GCF-000227465.1-NC-016047.1--3
E5_1492R	RS-GCF-001889625.1-NZ-CP018173.1--10	95.423	1175	85	1005	0.0	1554	RS-GCF-001889625.1-NZ-CP018173.1--10
E5_1492R	RS-GCF-001889625.1-NZ-CP018173.1--2	96.037	1175	84	984	0.0	1554	RS-GCF-001889625.1-NZ-CP018173.1--2
E5_1492R	RS-GCF-000245035.1-NZ-AFSG01000003.1	95.423	1175	85	1005	0.0	1554	RS-GCF-000245035.1-NZ-AFSG01000003.1
E5_1492R	RS-GCF-000959025.1-NZ-CP011051.1--7	95.423	1175	85	1005	0.0	1554	RS-GCF-000959025.1-NZ-CP011051.1--7
E5_1492R	RS-GCF-000959025.1-NZ-CP011051.1--4	95.423	1175	85	1005	0.0	1554	RS-GCF-000959025.1-NZ-CP011051.1--4
E5_1492R	RS-GCF-002211235.1-NZ-NKAK01000016.1	95.423	1175	85	1005	0.0	1554	RS-GCF-002211235.1-NZ-NKAK01000016.1
E5_1492R	RS-GCF-009019315.1-NZ-WCWF01000118.1	96.037	1175	84	984	0.0	1554	RS-GCF-009019315.1-NZ-WCWF01000118.1
E5_1492R	RS-GCF-004101945.1-NZ-CP026010.1--9	96.037	1175	84	984	0.0	1554	RS-GCF-004101945.1-NZ-CP026010.1--9
E5_1492R	RS-GCF-004101945.1-NZ-CP026010.1--3	95.423	1175	85	1005	0.0	1554	RS-GCF-004101945.1-NZ-CP026010.1--3
E5_1492R	RS-GCF-004101945.1-NZ-CP026010.1	95.423	1175	85	1005	0.0	1554	RS-GCF-004101945.1-NZ-CP026010.1
E5_1492R	RS-GCF-002893805.1-NZ-CP025941.1--2	95.423	1175	85	1005	0.0	1554	RS-GCF-002893805.1-NZ-CP025941.1--2
E5_1492R	RS-GCF-001015095.1-NZ-CP011534.1--3	95.423	1175	85	1005	0.0	1554	RS-GCF-001015095.1-NZ-CP011534.1--3
E5_1492R	RS-GCF-001015095.1-NZ-CP011534.1--2	96.037	1175	84	984	0.0	1554	RS-GCF-001015095.1-NZ-CP011534.1--2
E5_1492R	RS-GCF-004103535.1-NZ-CP035226.1--10	95.423	1175	85	1005	0.0	1554	RS-GCF-004103535.1-NZ-CP035226.1--10
E5_1492R	RS-GCF-004103535.1-NZ-CP035226.1--8	95.423	1175	85	1005	0.0	1554	RS-GCF-004103535.1-NZ-CP035226.1--8
E5_1492R	RS-GCF-003330965.1-NZ-CP030937.1--9	95.423	1175	85	1005	0.0	1554	RS-GCF-003330965.1-NZ-CP030937.1--9
E5_1492R	RS-GCF-005160425.1-NZ-CP033205.1--7	95.423	1175	85	1005	0.0	1554	RS-GCF-005160425.1-NZ-CP033205.1--7
E5_1492R	RS-GCF-008014635.1-NZ-VPFB01000009.1	96.037	1175	84	984	0.0	1554	RS-GCF-008014635.1-NZ-VPFB01000009.1
E5_1492R	RS-GCF-015845955.1-NZ-LDIN01000018.1	96.037	1175	84	984	0.0	1554	RS-GCF-015845955.1-NZ-LDIN01000018.1
E5_1492R	RS-GCF-013285325.1-NZ-CP054177.1--10	95.423	1175	85	1005	0.0	1554	RS-GCF-013285325.1-NZ-CP054177.1--10
E5_1492R	RS-GCF-013285325.1-NZ-CP054177.1--2	96.037	1175	84	984	0.0	1554	RS-GCF-013285325.1-NZ-CP054177.1--2
E5_1492R	RS-GCF-004119835.1-NZ-CP035411.1	95.423	1175	85	1005	0.0	1554	RS-GCF-004119835.1-NZ-CP035411.1
E5_1492R	RS-GCF-012648345.1-NZ-CP051466.1--6	96.037	1175	84	984	0.0	1554	RS-GCF-012648345.1-NZ-CP051466.1--6
E5_1492R	RS-GCF-002202035.1-NZ-CP021921.1--10	95.423	1175	85	1005	0.0	1554	RS-GCF-002202035.1-NZ-CP021921.1--10
E5_1492R	RS-GCF-018454405.1-NZ-CP075344.1--7	95.423	1175	85	1005	0.0	1554	RS-GCF-018454405.1-NZ-CP075344.1--7
E5_1492R	RS-GCF-003665255.1-NZ-CP032860.1--10	95.423	1175	85	1005	0.0	1554	RS-GCF-003665255.1-NZ-CP032860.1--10
E5_1492R	RS-GCF-004101425.1-NZ-CP035164.1--8	95.423	1175	85	1005	0.0	1554	RS-GCF-004101425.1-NZ-CP035164.1--8
E5_1492R	GB-GCA-001596535.1-CP014858.1--8	95.423	1175	85	1005	0.0	1554	GB-GCA-001596535.1-CP014858.1--8
E5_1492R	RS-GCF-002216085.1-NZ-CP022287.1--3	96.037	1175	84	984	0.0	1554	RS-GCF-002216085.1-NZ-CP022287.1--3
E5_1492R	RS-GCF-003515125.1-NZ-CP032089.1--8	96.037	1175	84	984	0.0	1554	RS-GCF-003515125.1-NZ-CP032089.1--8
E5_1492R	RS-GCF-001717105.1-NZ-LYMC01000002.1--9	95.423	1175	85	1005	0.0	1554	RS-GCF-001717105.1-NZ-LYMC01000002.1--9
E5_1492R	RS-GCF-001717105.1-NZ-LYMC01000002.1--2	95.423	1175	85	1005	0.0	1554	RS-GCF-001717105.1-NZ-LYMC01000002.1--2
E5_1492R	RS-GCF-001746575.1-NZ-CP017314.1--8	96.037	1175	84	984	0.0	1554	RS-GCF-001746575.1-NZ-CP017314.1--8
E5_1492R	RS-GCF-016894165.1-NZ-CP069789.1--9	95.423	1175	85	1005	0.0	1554	RS-GCF-016894165.1-NZ-CP069789.1--9
E5_1492R	RS-GCF-016894165.1-NZ-CP069789.1--5	95.423	1175	85	1005	0.0	1554	RS-GCF-016894165.1-NZ-CP069789.1--5
E5_1492R	RS-GCF-009665145.1-NZ-CP046448.1--2	96.037	1175	84	984	0.0	1554	RS-GCF-009665145.1-NZ-CP046448.1--2
E5_1492R	RS-GCF-001604995.1-NZ-CP015004.1--7	95.423	1175	85	1005	0.0	1554	RS-GCF-001604995.1-NZ-CP015004.1--7
E5_1492R	RS-GCF-004119555.1-NZ-CP035390.1--4	96.037	1175	84	984	0.0	1554	RS-GCF-004119555.1-NZ-CP035390.1--4
